employee_id,join_date,department,role,age,gender,salary,tenure_months,performance_score,satisfaction_score,overtime_hours,trainings_attended,attrition,last_promotion_months_ago
EMP-000000,2017-03-21,IT,Manager,53,Male,922939,101.0,4.826335118934075,3.7170702723577977,29,2,0.0,6
EMP-000001,2015-06-16,HR,Mid,39,Male,453018,83.0,1.3733943306512697,2.3462448863362733,43,4,0.0,10
EMP-000002,2019-11-06,Finance,Lead,57,Male,1645760,39.0,3.3021378324885324,2.3190352583188756,3,7,1.0,4
EMP-000003,2017-03-09,Finance,Lead,37,,597689,66.0,1.9323637897167707,2.2756181957354022,39,4,1.0,17
EMP-000004,2018-08-01,HR,Senior,54,Male,641868,1.0,2.2828819051602527,1.4417770514593569,34,4,0.0,30
EMP-000005,2015-09-20,Sales,Lead,48,Male,1249647,62.0,1.3977606998353473,2.622283855667139,25,0,0.0,14
EMP-000006,2020-08-09,Sales,Lead,57,Female,1124370,88.0,2.4077396970464333,4.053861357872252,35,6,0.0,47
EMP-000007,2016-01-03,HR,Mid,38,Female,1720164,84.0,4.2794779890181385,4.074332656438907,9,4,1.0,38
EMP-000008,2018-06-25,Sales,Mid,27,Female,692057,5.0,4.526141127499592,2.1252505112946047,18,8,1.0,20
EMP-000009,2018-02-28,HR,Manager,45,Male,1599488,90.0,4.753790418624904,4.354446341758226,48,7,1.0,39
EMP-000010,2018-02-07,Finance,Manager,56,Male,471223,59.0,2.925303543442389,3.560448213045592,47,4,1.0,41
EMP-000011,2020-02-28,Finance,Junior,38,Male,767206,,4.806974313848679,4.135568418957309,13,2,1.0,44
EMP-000012,2018-12-11,IT,Manager,31,Female,541954,97.0,4.214783000287154,2.1678493807219374,46,8,1.0,43
EMP-000013,2019-06-03,Marketing,Lead,40,Male,942160,103.0,2.0179803889088888,3.8433458573901023,26,8,1.0,43
EMP-000014,2021-04-22,Marketing,,38,Male,1027556,73.0,4.143730137043431,4.82210897733794,45,6,0.0,27
EMP-000015,2015-11-12,IT,Junior,52,Female,1562658,95.0,4.675733882942492,3.064028556390676,10,9,0.0,1
EMP-000016,2020-06-15,Sales,Senior,32,Female,854562,29.0,4.710180090763093,3.811603252988344,30,9,1.0,21
EMP-000017,2016-12-17,Sales,Senior,45,Male,302088,99.0,2.9253481258126426,4.939296561051851,46,3,1.0,4
EMP-000018,2020-02-03,Operations,Junior,59,Female,1009563,98.0,4.914315588085444,2.567230994508039,6,0,0.0,3
EMP-000019,2015-05-17,Sales,Lead,36,Male,325145,56.0,2.2265078516044485,4.931718272836762,47,4,1.0,40
EMP-000020,2016-05-22,HR,Lead,59,Male,1360576,70.0,2.309341980172593,3.9179010468056457,16,9,0.0,14
EMP-000021,2018-05-20,IT,,37,Female,1598561,68.0,3.96719667387316,1.528988903861677,8,2,0.0,22
EMP-000022,2020-12-22,Marketing,Senior,49,Female,555449,82.0,4.991978471964822,2.4437058887720595,18,5,1.0,40
EMP-000023,2018-10-19,Finance,Junior,31,Female,1443379,65.0,2.542415323176527,2.1928665259033173,43,0,0.0,27
EMP-000024,2015-08-23,IT,,39,Male,325196,37.0,4.318097858967505,3.540030942824895,4,2,1.0,16
EMP-000025,2016-01-09,Marketing,Mid,56,Male,1154913,102.0,2.6137669186114305,2.726812556102173,33,0,1.0,7
EMP-000026,2020-11-13,Marketing,Mid,37,Female,339535,78.0,2.258795276766992,3.8874704983768997,6,0,0.0,39
EMP-000027,2020-07-03,Marketing,Manager,34,Male,790205,114.0,1.1603452611633034,2.403273414288374,10,6,0.0,25
EMP-000028,2019-06-10,HR,Junior,50,Male,382206,82.0,2.7372703883004172,2.0749957647027726,35,0,1.0,44
EMP-000029,2020-05-29,Sales,Lead,23,Female,1280038,6.0,1.9088994671330077,3.9477094564424835,42,2,1.0,5
EMP-000030,2016-07-26,Operations,Mid,48,Female,549050,100.0,4.981586662024634,1.3128103185355138,11,6,1.0,39
EMP-000031,2020-02-16,Marketing,Junior,35,Female,1037650,94.0,3.6752007778644713,2.229316197515657,48,0,1.0,23
EMP-000032,2016-01-12,IT,,37,Female,513282,111.0,4.318038343694113,4.47887272082577,15,1,0.0,40
EMP-000033,2016-04-12,Operations,Manager,43,Male,791688,38.0,1.026272666426785,1.6918638556348728,49,7,1.0,13
EMP-000034,2021-06-17,Sales,Senior,35,Female,1122596,60.0,4.073650238999183,3.3775682125193955,31,7,1.0,6
EMP-000035,2018-08-27,Marketing,Lead,22,Male,435625,51.0,1.639250281875158,1.9138043138886394,35,1,0.0,36
EMP-000036,2018-11-03,Sales,Lead,28,Male,1344429,9.0,2.3646134828398613,3.6125928306741195,32,8,0.0,38
EMP-000037,2021-04-17,IT,Lead,39,Male,1683806,35.0,3.1276169732184185,1.1525169337252255,33,5,1.0,40
EMP-000038,2015-09-17,Operations,Lead,55,Female,316278,34.0,3.070840273886617,4.711112689906183,10,3,1.0,18
EMP-000039,2016-05-07,Finance,Mid,56,Female,1623735,63.0,1.7104200166627113,2.4512251936455365,0,8,1.0,40
EMP-000040,2017-07-21,IT,Manager,22,Male,598159,40.0,4.375003158611975,4.530495586922047,6,3,1.0,12
EMP-000041,2017-04-15,Sales,Junior,44,Female,977724,54.0,3.1395107304007506,1.5351576294839857,34,4,0.0,29
EMP-000042,2021-09-28,IT,Manager,46,Female,912444,19.0,2.846189784607362,4.750886534529611,20,0,1.0,15
EMP-000043,2019-09-10,Sales,Mid,35,Female,1809599,39.0,1.3633217556949777,3.425627751797117,17,2,0.0,30
EMP-000044,2019-11-19,HR,Lead,55,Male,1488419,69.0,4.033761551592791,3.111897875505842,6,3,0.0,6
EMP-000045,2015-07-13,Operations,Senior,59,Male,1954862,2.0,2.5697953822466046,2.649678437135262,18,4,0.0,15
EMP-000046,2021-05-11,IT,Manager,35,Female,1545448,90.0,3.1382419489056557,3.266475866258952,20,2,0.0,29
EMP-000047,2016-01-07,Finance,Lead,29,Male,572146,65.0,2.9534813298147102,3.5500036927776004,16,7,1.0,7
EMP-000048,2018-10-19,Operations,Manager,24,Male,1611673,10.0,2.854822995003058,2.838143364570932,8,2,1.0,37
EMP-000049,2020-02-25,Finance,Senior,40,Female,1465795,79.0,4.417934713957882,30.661660722219203,43,2,1.0,45
EMP-000050,2016-02-10,HR,Mid,34,Female,1606923,82.0,2.3536378980921304,4.8301118942181205,41,7,0.0,20
EMP-000051,2019-03-16,Marketing,Senior,38,Male,354966,45.0,3.346078071151182,,49,4,0.0,37
EMP-000052,2021-08-17,HR,Junior,45,Female,1703983,100.0,4.2072415100447484,4.951895376383414,20,9,0.0,17
EMP-000053,2017-05-06,Marketing,Mid,33,Male,1554595,35.0,3.028054157532012,1.5380402820020853,33,4,0.0,6
EMP-000054,2016-08-29,Sales,Manager,58,Female,1695836,96.0,1.4013674509889338,1.5398850180340364,34,0,1.0,14
EMP-000055,2020-07-11,IT,Lead,35,Male,1721349,11.0,2.2281368793966956,1.7103100076405537,26,7,1.0,39
EMP-000056,2018-12-06,IT,Junior,23,Male,1671491,30.0,3.791263211358249,1.5998532302666826,23,0,0.0,33
EMP-000057,2015-04-15,IT,Manager,38,Male,1562833,12.0,4.532404671959625,4.135939399725283,4,3,0.0,32
EMP-000058,2021-05-16,Sales,Lead,34,Male,1468112,84.0,4.536550102111256,4.454421051587532,16,2,1.0,14
EMP-000059,2020-11-23,IT,Junior,52,Female,403363,20.0,3.1790112963132944,4.018677815394824,40,3,0.0,41
EMP-000060,2021-07-08,Sales,Junior,38,Male,365666,115.0,3.810527046188366,,5,2,0.0,11
EMP-000061,2015-04-02,Marketing,Lead,31,Female,870717,97.0,3.3037380986833607,1.7701637045464533,28,2,0.0,16
EMP-000062,2016-06-02,IT,Manager,44,Female,1844776,43.0,1.3992643117353567,4.802243687336432,11,2,1.0,10
EMP-000063,2021-05-08,Operations,Junior,30,Female,898314,16.0,4.446253202073304,2.0938345913953587,5,0,1.0,35
EMP-000064,2018-06-16,Finance,Senior,34,Female,509425,66.0,4.965540026028669,4.652927516258728,20,1,1.0,32
EMP-000065,2021-01-29,Marketing,Mid,50,Female,465457,25.0,2.4728408666007,2.0496896238381974,29,0,0.0,46
EMP-000066,2017-06-18,HR,Manager,52,Female,352487,22.0,3.166796980547953,4.099193122174761,35,2,1.0,32
EMP-000067,2020-04-10,Marketing,Junior,27,Male,1064592,36.0,3.370140816844154,1.9641716513591105,47,2,1.0,16
EMP-000068,2021-06-09,Sales,Mid,30,Male,1269676,1.0,1.9123970218768371,2.185254871583827,39,8,0.0,35
EMP-000069,2018-02-20,Operations,Lead,26,Male,575562,91.0,2.602479846945156,4.148745309149775,21,4,1.0,14
EMP-000070,2016-03-20,IT,Mid,51,Female,1960729,37.0,3.3598326358692723,3.333969250292264,8,5,1.0,36
EMP-000071,2020-09-10,Finance,Lead,29,Male,363213,18.0,1.6366176209351662,3.8543405530282837,0,3,1.0,24
EMP-000072,2019-10-21,Operations,Manager,39,Female,1226618,23.0,2.227975358403664,2.984415169193563,39,7,1.0,18
EMP-000073,2017-07-16,IT,Junior,50,Male,1789320,94.0,4.98098895159129,3.991009620782165,25,6,1.0,18
EMP-000074,2015-04-26,Finance,Lead,38,Male,302519,3.0,3.754513920699075,4.563800662176616,43,4,1.0,30
EMP-000075,2020-08-01,Operations,Lead,36,,653079,96.0,1.7155325056995103,3.113919968748126,24,2,0.0,46
EMP-000076,2017-05-27,Marketing,Mid,57,Male,1016713,80.0,3.615592484623302,1.8213343536416997,11,0,0.0,43
EMP-000077,2015-05-24,Marketing,Junior,53,Male,553485,66.0,1.5819973996960908,4.682368981493578,37,0,1.0,8
EMP-000078,2016-04-22,Marketing,Lead,51,Female,1022701,27.0,3.3451868587877938,2.7440329816912024,40,8,1.0,0
EMP-000079,2017-03-28,Marketing,Junior,51,Female,807768,,3.9367638275672907,1.752448133380712,47,2,0.0,28
EMP-000080,2018-09-28,Sales,Manager,48,Male,1633614,116.0,3.4793228272343906,2.6266118381955574,13,9,1.0,8
EMP-000081,2017-10-06,Sales,Mid,45,Male,477742,39.0,3.029685233054956,4.663403715986833,19,3,1.0,29
EMP-000082,2016-12-26,Marketing,Senior,32,Female,1396697,38.0,3.25660592479931,22.650507561755266,1,4,1.0,42
EMP-000083,2019-11-19,Finance,Lead,50,Female,960697,5.0,3.724200776280866,1.7736863937149239,29,1,1.0,4
EMP-000084,2018-03-22,HR,Senior,37,Female,838351,48.0,1.2588075329080475,3.181584677137344,10,2,1.0,4
EMP-000085,2019-07-24,HR,Senior,29,Female,1113328,98.0,4.98144620906621,2.3107951872155272,10,0,1.0,21
EMP-000086,2016-07-26,IT,Mid,39,Female,942854,,2.0604397121111,2.513440484915039,44,5,0.0,0
EMP-000087,2021-05-10,HR,Lead,31,Male,793367,16.0,3.0000668613147474,4.594819976127986,26,4,0.0,28
EMP-000088,2016-08-09,IT,Mid,36,Male,1231410,33.0,3.0298530426800085,2.243006203229569,16,2,0.0,24
EMP-000089,2018-09-16,Operations,Mid,55,Male,934890,42.0,1.9709620189025334,3.801061613652134,25,1,0.0,32
EMP-000090,2021-09-24,IT,Lead,24,Male,730789,65.0,1.0931610520111263,1.935925711159237,7,1,1.0,27
EMP-000091,2021-04-14,HR,Junior,24,Male,1255645,21.0,4.132404079859304,3.120503138578154,30,2,1.0,34
EMP-000092,2020-01-19,HR,Lead,45,Male,1471876,10.0,4.306598791140807,2.7670272963118028,12,7,1.0,9
EMP-000093,2017-08-31,HR,Junior,51,Female,735078,79.0,2.198295568482333,4.543744845523017,48,5,1.0,40
EMP-000094,2016-06-08,HR,Senior,49,Female,348812,38.0,4.751648190166921,1.3920253574357164,33,8,1.0,41
EMP-000095,2016-10-27,HR,Senior,32,Male,1302165,84.0,4.074323231138481,4.907325789394718,17,6,0.0,16
EMP-000096,2021-05-05,Sales,Manager,51,Female,1562500,103.0,2.5885169864471225,2.2566898014589025,17,5,0.0,20
EMP-000097,2020-04-18,HR,Junior,29,,807267,53.0,4.701945892416643,4.905965870379081,33,2,0.0,40
EMP-000098,2015-04-27,HR,Mid,24,Male,1314089,19.0,1.5943748841454628,4.079947516304276,47,2,0.0,18
EMP-000099,2019-11-25,HR,Manager,55,Female,1849311,37.0,4.662039941094214,2.748782143983199,35,7,1.0,10
EMP-000100,2019-07-21,Finance,Junior,42,Female,984851,104.0,1.7131422461203218,4.164066365060023,3,1,0.0,42
EMP-000101,2015-01-16,Operations,Lead,27,Female,1383093,102.0,1.5118217064046542,3.2916904502438853,7,8,0.0,45
EMP-000102,2017-04-15,Sales,Lead,25,Female,1497197,31.0,2.575571518527595,1.701524988052184,18,3,0.0,46
EMP-000103,2018-09-30,Operations,Mid,48,Female,503683,61.0,4.2836800805004405,2.5433409430861276,19,1,1.0,4
EMP-000104,2021-06-24,IT,Lead,46,Female,338683,26.0,2.519758389201883,4.505845121304388,6,4,1.0,16
EMP-000105,2021-11-01,Finance,Lead,24,Female,1765640,57.0,2.9025710696512363,4.6246141337376665,2,5,0.0,46
EMP-000106,2018-11-05,HR,Mid,50,Female,1988084,50.0,4.1996779608333705,4.098945518650444,17,3,1.0,37
EMP-000107,2021-01-10,Operations,Manager,26,Male,1660662,60.0,4.969235028887724,3.689046885182639,5,8,1.0,22
EMP-000108,2015-03-04,Operations,Mid,29,Female,1145266,22.0,1.1163165370266452,26.57522576989583,10,9,0.0,36
EMP-000109,2019-12-21,Marketing,,48,Male,572860,52.0,2.5273585588362866,3.7023941046352773,14,9,1.0,20
EMP-000110,2015-01-29,Marketing,Manager,400,Male,1256489,31.0,3.126184133875421,2.4117258082061754,1,7,0.0,20
EMP-000111,2021-05-02,IT,Lead,52,Male,357170,92.0,3.913376919385159,3.551260253259069,26,7,1.0,32
EMP-000112,2016-12-30,HR,Junior,42,Female,1277130,88.0,4.232341053224902,2.156520619729475,21,6,0.0,16
EMP-000113,2021-03-26,HR,Manager,24,Female,1696039,33.0,1.2043495634190462,4.627656444812715,19,4,1.0,42
EMP-000114,2021-01-16,HR,Lead,31,,905091,11.0,2.2472535149510247,4.183891990176077,10,7,0.0,34
EMP-000115,2019-09-15,Sales,Mid,39,Male,342826,16.0,3.154593560184353,3.926807669043993,42,1,0.0,39
EMP-000116,2019-11-02,Finance,Lead,30,Female,1723369,72.0,4.172727028747769,1.4495913332641548,23,2,1.0,12
EMP-000117,2020-01-29,Marketing,Senior,45,Female,1204291,32.0,4.435489662902023,4.764826733231187,43,0,0.0,47
EMP-000118,2015-01-18,Finance,Mid,43,Female,1012488,116.0,2.7787646739777676,3.994671264919336,21,4,1.0,25
EMP-000119,2017-12-05,Finance,Manager,46,Female,1079203,41.0,4.277169504821606,4.581612251514844,1,9,0.0,3
EMP-000120,2020-07-23,Operations,Manager,25,Male,1243626,25.0,3.3268521373343414,4.820818556107148,23,2,,22
EMP-000121,2015-02-07,Finance,Lead,59,,482823,114.0,3.763258375495486,1.4446280743281288,1,8,0.0,17
EMP-000122,2017-03-16,IT,,32,Male,1075702,38.0,4.937648428926053,4.32501577142165,32,1,0.0,2
EMP-000123,2017-02-11,IT,Senior,35,Male,1452906,25.0,2.404865540236371,3.698738289481106,15,8,1.0,36
EMP-000124,2020-08-05,Operations,Mid,38,Male,380359,84.0,1.9191876274918358,4.34315881375852,44,8,1.0,6
EMP-000125,2016-12-17,Marketing,Lead,39,Male,1345598,110.0,1.7892761039506202,,1,6,1.0,11
EMP-000126,2019-06-06,Operations,Lead,26,Male,370069,102.0,1.4827183157742305,1.4155091648317892,10,5,1.0,37
EMP-000127,2020-06-01,Sales,Manager,55,Male,1342119,87.0,2.955033939543894,2.5490433440774303,33,8,0.0,29
EMP-000128,2018-06-13,Operations,Lead,26,Male,1764943,76.0,1.401670102315793,3.041846656148732,37,0,0.0,14
EMP-000129,2017-06-05,Operations,Mid,52,Male,1547308,,4.8385987949736755,1.0262070004642005,24,0,0.0,39
EMP-000130,2021-02-11,Sales,Lead,32,Female,1117233,46.0,1.5261016624279984,3.82011399012298,10,9,0.0,7
EMP-000131,2016-04-23,HR,Senior,39,Female,1207831,11.0,1.4041145300264546,1.0438125672009733,12,-4,0.0,36
EMP-000132,2015-11-29,Finance,Manager,59,Male,1014039,100.0,2.876798029704123,4.606894113820586,11,7,1.0,19
EMP-000133,2019-02-21,Finance,Junior,59,Female,1281437,10.0,3.5344038728080696,1.1937887938070881,14,2,1.0,15
EMP-000134,2017-08-13,IT,Mid,47,Female,1187210,18.0,2.1263335428176267,3.705575606726687,40,9,0.0,19
EMP-000135,2016-09-08,Operations,Senior,53,Female,1374792,6.0,4.427507925115689,3.2820989753699483,8,6,0.0,26
EMP-000136,2021-04-04,HR,Mid,35,Male,1854765,68.0,3.2341066585250307,3.347530239705404,42,-8,0.0,6
EMP-000137,2018-06-17,IT,Mid,24,,1164243,36.0,2.4780196558341703,1.6954018259665466,47,7,0.0,36
EMP-000138,2021-09-20,Sales,Manager,56,Male,373884,65.0,1.9370841800309733,2.755869429374046,44,2,1.0,40
EMP-000139,2018-05-25,Sales,Mid,33,Male,1587909,77.0,4.192342630902129,3.6233330776330597,40,0,1.0,8
EMP-000140,2016-07-02,Finance,Senior,58,Male,1871568,83.0,3.6799807367181967,4.281102806280078,28,4,0.0,36
EMP-000141,2015-09-27,IT,Manager,33,Male,574834,56.0,4.674791399823732,2.955444673420238,33,8,1.0,12
EMP-000142,2017-09-27,Operations,Mid,35,Male,823320,50.0,4.988463992626405,2.9022623396293232,1,4,0.0,37
EMP-000143,2015-11-06,Finance,Mid,23,Male,608154,71.0,2.581020143108915,2.3830755758387245,24,7,1.0,5
EMP-000144,2018-09-25,Marketing,Mid,29,Male,1820456,4.0,1.4222032689464665,2.0729130611066093,29,5,1.0,18
EMP-000145,2016-09-29,Marketing,Manager,59,Female,1292937,57.0,3.0583288864483893,4.503064548915434,22,0,0.0,39
EMP-000146,2021-01-10,Finance,Junior,27,Female,468077,35.0,3.9588376423523806,1.2781394062962956,31,6,1.0,30
EMP-000147,2021-06-18,IT,Manager,25,Male,856766,11.0,3.975115943444998,3.6920217140401443,26,0,0.0,18
EMP-000148,2020-01-27,Operations,Manager,28,Female,1899323,65.0,1.6067775529897808,4.552756764087785,40,8,1.0,41
EMP-000149,2019-10-03,Sales,Senior,44,Female,1040621,58.0,1.6098404454355792,2.5568302701040446,44,1,0.0,4
EMP-000150,2019-09-24,Marketing,Manager,25,Female,1291238,50.0,2.844234791905624,4.3552794638738135,17,5,1.0,2
EMP-000151,2020-06-28,Sales,Mid,30,Male,529608,33.0,3.590762291486359,1.8942464397297463,21,0,0.0,23
EMP-000152,2018-05-26,Sales,Manager,34,Female,328305,69.0,1.1324863664884264,1.120977331159322,3,3,0.0,25
EMP-000153,2021-03-16,Finance,Senior,41,Male,871693,79.0,2.1155021891967705,4.820726310293119,46,3,0.0,8
EMP-000154,2015-02-07,Finance,Lead,52,Female,1470501,52.0,4.811361606340721,1.7559918092177882,14,0,1.0,1
EMP-000155,2018-08-09,HR,Lead,32,Female,309754,90.0,1.900758695538562,2.5839943913708794,7,6,0.0,31
EMP-000156,2019-03-11,Finance,Lead,22,Female,1440728,107.0,1.1954244419781959,4.519023035255877,18,6,0.0,20
EMP-000157,2017-09-19,IT,Manager,26,Female,1868907,81.0,4.8327012544119015,2.8663277604057122,6,5,1.0,20
EMP-000158,2020-12-10,Sales,Manager,29,Male,903754,85.0,4.651190228400718,3.0242701738062077,48,6,1.0,26
EMP-000159,2015-04-21,Finance,Senior,47,Male,1365656,19.0,3.611858204138054,1.6670110971344143,3,5,0.0,10
EMP-000160,2015-07-02,Marketing,Senior,35,Male,1441248,52.0,2.1141348508619036,2.2007430098046687,15,7,0.0,15
EMP-000161,2017-10-02,Finance,Manager,39,Male,475873,118.0,3.0331170725320895,4.474140724707254,23,7,1.0,3
EMP-000162,2018-07-24,Sales,Mid,53,Male,1325138,101.0,4.7895262361916044,4.465303285658695,32,0,1.0,20
EMP-000163,2019-07-29,IT,Junior,38,,1465381,6.0,2.7462084268853024,3.177463487382084,16,1,0.0,4
EMP-000164,2018-02-02,Finance,Senior,46,Female,1268504,22.0,1.9480923628655145,3.824715689260534,17,6,1.0,6
EMP-000165,2021-01-17,Sales,Manager,33,Female,1573297,5.0,3.562611732695774,3.5792423575511503,41,1,1.0,26
EMP-000166,2017-02-16,Finance,Senior,57,Female,1721543,31.0,2.7327301316943995,3.087187696930677,12,9,1.0,9
EMP-000167,2016-09-27,HR,Manager,56,Female,1803664,108.0,1.4142220520154072,2.196090871979204,0,8,,6
EMP-000168,2020-08-26,Sales,Lead,23,Female,458365,101.0,4.976152479361609,2.2225886770407626,36,3,0.0,10
EMP-000169,2020-11-03,Finance,Lead,53,,837809,46.0,2.9012027354169874,2.192891388108847,3,0,1.0,22
EMP-000170,2016-01-04,Sales,Junior,23,Female,1223312,5.0,3.3550517419136403,1.4950553108853533,20,-6,1.0,28
EMP-000171,2016-03-11,Marketing,Junior,58,Male,1292480,69.0,2.8090171296966386,1.6203435791858385,2,8,1.0,9
EMP-000172,2019-02-16,Finance,Manager,54,Male,502362,42.0,1.060465712945864,2.586954344151023,30,1,1.0,19
EMP-000173,2019-06-22,Marketing,,37,Female,1062327,117.0,3.3473030944878843,3.979870007792139,30,2,1.0,33
EMP-000174,2016-01-12,Sales,Lead,55,Female,1624384,2.0,4.728268307857622,18.387228274312,16,1,0.0,0
EMP-000175,2020-03-04,Finance,Manager,31,Male,1179009,119.0,3.489174925162769,3.7116080057748686,10,0,1.0,17
EMP-000176,2015-06-23,Operations,Senior,45,Female,777256,32.0,3.109793632181979,1.7753782651379026,32,5,1.0,13
EMP-000177,2016-10-13,Operations,Mid,48,Female,1560088,95.0,2.3645200918036813,3.248838280912358,16,1,1.0,4
EMP-000178,2021-10-10,Marketing,Lead,28,Male,1393353,69.0,3.457246338683642,1.4881722286859436,4,3,0.0,40
EMP-000179,2015-10-06,IT,Manager,26,Female,1095173,29.0,1.3952518743589524,1.681343560484088,31,6,1.0,11
EMP-000180,2017-09-08,Finance,Manager,26,Female,1236783,40.0,1.0633309716856245,4.176557214166484,41,4,0.0,30
EMP-000181,2021-03-24,IT,Mid,46,Female,1358484,21.0,2.9748609282777427,3.538723573749872,36,9,0.0,6
EMP-000182,2016-02-28,Sales,Lead,33,Female,894024,24.0,3.4206013350729543,3.449108542609728,36,9,0.0,1
EMP-000183,2015-10-15,Marketing,Manager,57,Male,1077232,90.0,3.8168675404523627,2.0997877070461324,1,5,1.0,37
EMP-000184,2020-10-18,Sales,Mid,40,Male,1144757,69.0,3.8041508319428217,1.638354146830033,15,3,0.0,33
EMP-000185,2020-05-13,Sales,Lead,51,Female,1549356,102.0,3.7278741036790772,1.633923943400759,13,3,0.0,17
EMP-000186,2017-12-08,Finance,Lead,50,Female,1592652,3.0,2.7870759055677703,2.5935292028971686,4,7,0.0,8
EMP-000187,2020-11-24,IT,Lead,51,Female,875305,79.0,2.8762856593460744,2.316285759756764,32,7,1.0,22
EMP-000188,2019-12-14,Operations,Mid,48,Female,759762,49.0,1.749464250252728,4.368316993766596,33,3,0.0,34
EMP-000189,2018-07-09,IT,Manager,58,Male,1130685,97.0,3.980911361889571,3.765451564207288,27,3,0.0,35
EMP-000190,2021-06-29,HR,Lead,41,Male,1182334,45.0,4.836528165617402,1.4015894559785949,26,8,1.0,22
EMP-000191,2017-11-13,IT,Mid,52,Male,1485833,28.0,1.7175100634642129,2.122873779851226,37,7,0.0,40
EMP-000192,2019-03-16,Sales,Senior,31,Male,1687578,76.0,4.14269808530233,3.679152970880468,31,6,1.0,42
EMP-000193,2021-05-22,Marketing,Mid,29,Female,390272,,3.289513070743521,2.3542537542948807,6,2,1.0,39
EMP-000194,2015-09-24,IT,Senior,49,Male,1559452,,2.0896196555401625,3.573862659065188,15,5,0.0,20
EMP-000195,2019-05-22,Marketing,Junior,38,Male,1794839,89.0,1.5004122644412292,3.520015705083326,35,0,,37
EMP-000196,2016-01-26,Finance,Junior,59,Female,982225,22.0,3.795918436043777,2.0725493160666923,22,4,1.0,24
EMP-000197,2015-01-01,HR,Senior,43,Male,393155,19.0,3.6984530496932213,3.8545839759772154,38,2,0.0,1
EMP-000198,2020-12-08,IT,Lead,52,Male,1322646,20.0,4.15062658828419,4.172852616124889,32,0,0.0,33
EMP-000199,2015-08-27,IT,Manager,48,Female,1182692,46.0,1.4240528474839667,4.721349129239796,37,6,1.0,45
EMP-000200,2019-08-25,Marketing,Manager,58,Female,395763,31.0,4.796815838040676,3.0673844437419673,8,5,1.0,11
EMP-000201,2018-01-22,HR,Senior,44,Female,1395149,55.0,1.5480416741208765,4.700128414431315,4,1,1.0,10
EMP-000202,2018-08-02,Operations,Senior,30,Female,1250383,25.0,4.869478917254451,2.5819044343133006,17,9,1.0,34
EMP-000203,2020-05-11,Operations,Lead,32,Female,704043,104.0,4.281705655623071,3.321660804445439,8,2,1.0,46
EMP-000204,2018-01-24,HR,Junior,52,Female,770141,96.0,4.78182633096638,4.650368792370564,20,8,1.0,16
EMP-000205,2019-06-22,Operations,Senior,44,Female,409880,91.0,3.1292996121892265,4.1328324080120815,17,2,1.0,44
EMP-000206,2018-01-04,Finance,Junior,34,Male,633577,96.0,4.152626795187279,4.39491397941031,7,4,0.0,18
EMP-000207,2020-02-08,Sales,Senior,22,Female,559167,16.0,3.563900335555231,3.584583996182422,13,9,1.0,26
EMP-000208,2018-08-05,IT,Senior,48,Male,1736629,56.0,4.199119793116158,1.9344069476571755,17,6,1.0,43
EMP-000209,2017-09-08,Marketing,Junior,47,Female,1301649,8.0,1.7429402831993994,3.2283417691560587,46,1,,21
EMP-000210,2017-01-17,IT,Mid,54,Male,822818,95.0,2.1268455066792304,3.9145469921854885,36,7,1.0,6
EMP-000211,2018-01-15,Operations,Mid,23,Female,845005,78.0,1.1512465739679505,3.8002979475732994,24,2,1.0,15
EMP-000212,2019-09-01,Marketing,Lead,28,Female,1210221,52.0,1.475535389740973,3.7712481494908805,26,8,0.0,36
EMP-000213,2018-07-30,Finance,Junior,32,Female,1619601,111.0,1.5564059113022393,2.2004584331507275,14,9,0.0,27
EMP-000214,2018-06-05,Sales,Manager,46,Male,911102,20.0,1.328727237240508,2.764334512277733,29,2,0.0,27
EMP-000215,2017-12-31,Operations,Junior,57,Female,873385,63.0,1.043079976559231,1.6218069591520496,40,1,1.0,33
EMP-000216,2021-08-29,Sales,Mid,59,Male,1259431,67.0,2.8681815117149765,1.8723821983676627,18,1,1.0,1
EMP-000217,2021-01-10,IT,Mid,25,Female,1216667,114.0,4.773662719617409,4.145738590955041,42,3,1.0,29
EMP-000218,2016-09-10,HR,Lead,41,Female,971576,34.0,1.5274665943098937,1.2360517476842015,41,6,1.0,27
EMP-000219,2016-08-10,Marketing,Mid,30,Male,1875904,43.0,4.184591856826028,4.625632100654038,31,7,1.0,9
EMP-000220,2015-10-07,Operations,Manager,37,,752987,18.0,3.6965592158693084,1.851491000854634,6,2,1.0,31
EMP-000221,2018-07-04,Operations,Junior,55,Female,1659295,21.0,2.4848878236580796,2.878578510490327,36,1,0.0,16
EMP-000222,2020-07-28,Operations,Lead,57,Male,925596,16.0,4.462756401645974,1.135555929045032,21,8,1.0,30
EMP-000223,2019-11-21,IT,Lead,26,Female,934284,101.0,4.648916010478377,14.969180158933648,6,5,0.0,42
EMP-000224,2018-05-29,Operations,Manager,430,Female,410559,74.0,1.4468553818095704,1.4003162486931893,11,8,1.0,42
EMP-000225,2018-12-22,Sales,Junior,25,Female,1952272,70.0,3.1077807441343785,2.8305185369868835,17,0,1.0,1
EMP-000226,2021-01-26,Finance,Lead,54,Male,1732801,48.0,4.819878299891915,2.853991230441212,8,4,1.0,6
EMP-000227,2018-10-24,Operations,Junior,30,Female,772827,105.0,2.867817358833647,,48,1,0.0,10
EMP-000228,2017-07-01,HR,Manager,45,Male,1755305,42.0,1.81619622211604,1.067035837564767,21,2,1.0,41
EMP-000229,2017-09-29,Marketing,Junior,47,Male,1447579,68.0,3.6288817337623076,3.8173375365917557,46,8,1.0,13
EMP-000230,2015-05-18,Marketing,Lead,49,Female,1265942,,1.7958462541116775,1.3079243881395546,14,4,1.0,8
EMP-000231,2017-08-04,IT,Lead,48,Female,758173,38.0,3.4897405523419627,1.4016766402923881,17,4,0.0,7
EMP-000232,2015-10-08,IT,Manager,59,Female,394595,61.0,4.364189382978946,,11,7,1.0,12
EMP-000233,2020-02-26,HR,Mid,49,Female,1457886,86.0,3.6029082289086922,1.6697923691705907,13,6,1.0,13
EMP-000234,2021-02-01,Operations,Mid,54,Female,1384885,8.0,2.448226588838245,4.800102112575832,22,2,,27
EMP-000235,2019-05-24,Marketing,Lead,54,Female,1525755,10.0,1.8429592655373486,2.832883596879891,14,2,1.0,44
EMP-000236,2015-07-18,Sales,,30,Male,661718,6.0,1.867855533977687,2.706664355545927,20,4,1.0,38
EMP-000237,2016-01-20,Sales,Junior,44,Female,326774,87.0,3.5158566875090353,1.6797725254885374,24,7,1.0,38
EMP-000238,2020-06-07,Marketing,Mid,34,Male,1670324,35.0,1.9733141449418556,4.030461331776477,28,9,0.0,46
EMP-000239,2019-06-18,IT,Junior,57,Female,321945,62.0,2.2925127084869388,3.719108382980751,13,5,0.0,3
EMP-000240,2021-08-26,HR,Senior,24,Male,1843463,78.0,1.6025686776470365,2.9127235264454443,23,4,1.0,12
EMP-000241,2015-06-29,IT,Senior,51,Male,1697232,53.0,4.865922179178181,3.329516023179988,36,2,0.0,34
EMP-000242,2017-10-30,Finance,Lead,33,Male,1181388,26.0,2.811880828949114,1.030512295348922,2,0,0.0,27
EMP-000243,2019-09-27,Operations,Mid,44,Female,506147,114.0,1.6172176052574843,2.812024937446313,49,3,1.0,14
EMP-000244,2020-04-15,Finance,Senior,31,Female,497516,56.0,3.713330523226673,1.3915176196677468,45,0,0.0,27
EMP-000245,2019-08-22,Operations,Mid,28,Female,346052,78.0,4.510808246899986,1.904906645975756,13,5,1.0,31
EMP-000246,2016-11-19,Finance,Mid,55,Female,1974012,29.0,2.8877338035664537,2.9781639279135796,49,4,1.0,16
EMP-000247,2021-01-29,Marketing,Lead,49,Male,1265696,56.0,4.766858319378092,2.8747676164019174,24,6,0.0,34
EMP-000248,2018-12-10,HR,Mid,53,Male,1336820,,1.7691091636324532,3.274584817254032,40,2,0.0,17
EMP-000249,2019-11-25,Operations,Manager,33,Male,1254346,100.0,3.8073146230452832,2.892654973552476,30,4,0.0,35
EMP-000250,2016-06-12,Finance,Mid,35,Female,1085412,63.0,2.873901658422767,2.007365435803014,12,7,0.0,29
EMP-000251,2020-10-31,HR,Mid,49,Male,984630,16.0,3.36589178260299,2.242430915265717,38,1,1.0,32
EMP-000252,2016-11-05,Finance,Mid,56,Male,1281691,79.0,3.16253720019373,2.2667379199473503,43,2,0.0,34
EMP-000253,2016-01-20,HR,Junior,40,Male,1145308,65.0,4.575600637663864,4.851858083394481,38,2,1.0,22
EMP-000254,2018-10-06,Marketing,Mid,39,,982146,14.0,4.172063846563606,3.9426949973544274,36,3,1.0,28
EMP-000255,2020-01-29,Finance,Lead,41,Male,1195047,75.0,3.016884772739415,,20,5,1.0,37
EMP-000256,2018-08-13,Finance,Manager,56,Female,1517426,19.0,4.104814721419816,,20,5,1.0,46
EMP-000257,2015-01-05,Finance,Junior,50,Female,1968646,49.0,4.233470166479849,4.820137259162525,14,7,0.0,37
EMP-000258,2019-06-20,Operations,Manager,23,Male,1948840,100.0,4.4581554411404545,1.6676159237611756,34,1,1.0,15
EMP-000259,2020-08-02,Sales,Manager,51,Female,1728022,62.0,4.389242236450313,1.5761924830212077,22,8,1.0,37
EMP-000260,2015-07-11,Sales,Manager,49,Male,624420,59.0,3.3674361446205605,4.030968419637292,24,8,0.0,15
EMP-000261,2019-06-14,Sales,Mid,27,Male,777446,66.0,2.928633139699909,4.070141396213083,14,4,0.0,44
EMP-000262,2015-07-02,IT,Junior,30,Female,1108603,33.0,2.3491160029260403,2.5518724748822232,36,6,0.0,29
EMP-000263,2016-11-24,Operations,Junior,23,Male,483227,103.0,4.819578651721471,1.742263960911604,28,9,0.0,8
EMP-000264,2016-07-16,Sales,Lead,58,Male,930976,15.0,4.964750760464481,1.855787591185655,48,1,1.0,37
EMP-000265,2018-01-24,HR,Junior,59,Female,946091,35.0,3.2744202154315576,2.70308774977333,13,0,0.0,7
EMP-000266,2017-09-14,IT,Manager,53,Female,1173870,1.0,3.053687614927482,2.8151079200845803,17,3,0.0,20
EMP-000267,2018-10-16,Sales,Manager,47,Male,1241084,117.0,3.327731089543308,1.028085700100466,49,4,0.0,5
EMP-000268,2017-03-12,HR,Lead,48,Female,1745522,5.0,3.9529013736019825,2.4093093460155757,14,1,1.0,25
EMP-000269,2019-08-24,Finance,Junior,42,Female,664467,115.0,3.769955115384555,3.4508031614078085,17,3,0.0,40
EMP-000270,2017-10-02,Finance,Junior,37,Female,1670339,87.0,4.995190737508436,4.572060550390409,25,3,1.0,15
EMP-000271,2018-11-04,Finance,Mid,53,Female,709917,18.0,2.7469762070299373,3.9751271224929456,16,6,0.0,0
EMP-000272,2015-04-26,Marketing,Junior,47,,537335,29.0,3.6375164246428007,3.8484110715207427,0,6,0.0,22
EMP-000273,2017-09-13,Finance,Manager,57,Male,1061145,102.0,1.6499636234574568,3.0568988190180906,15,7,0.0,34
EMP-000274,2020-05-20,Sales,Senior,40,Male,1454872,,1.0622023951221808,1.699031746294048,49,5,0.0,27
EMP-000275,2019-10-11,IT,Mid,22,Male,1048270,38.0,4.231723543405753,2.610721697559468,31,4,1.0,32
EMP-000276,2017-09-10,IT,Junior,22,Female,1401652,90.0,2.1090109927782987,4.043162580760694,23,2,0.0,24
EMP-000277,2018-06-20,HR,Mid,41,Female,1512648,10.0,4.370714603396988,1.2901511481804162,33,1,1.0,26
EMP-000278,2018-12-30,Finance,Senior,35,Female,754419,10.0,1.2248656237270712,3.4088310889357305,42,6,1.0,44
EMP-000279,2016-06-29,Marketing,Senior,41,Male,863460,80.0,2.1257682769145765,4.624469135159838,45,8,1.0,32
EMP-000280,2016-09-21,Finance,Senior,57,Female,1000679,29.0,2.31401712384699,4.125453163828312,5,9,0.0,32
EMP-000281,2019-05-27,Sales,Mid,33,Male,1862267,19.0,1.5505682754017691,35.687420307541984,29,6,1.0,35
EMP-000282,2019-03-20,Operations,Manager,38,Male,1933583,78.0,1.905198174742086,1.4642531235629006,37,3,1.0,12
EMP-000283,2021-06-04,HR,,55,Male,1970038,57.0,1.8646949310169876,4.518514094884429,44,2,0.0,33
EMP-000284,2017-08-11,Operations,Manager,36,Male,845669,93.0,3.364532849757739,1.065310592298272,26,1,1.0,1
EMP-000285,2018-12-03,IT,Junior,59,,1014077,78.0,1.0282898907444014,1.1575783969476938,21,3,1.0,41
EMP-000286,2015-06-06,Operations,Manager,42,Male,916902,92.0,2.6559722036320856,,10,7,0.0,23
EMP-000287,2020-08-09,IT,Lead,41,Male,1515385,37.0,2.4023411930712926,3.0623261805590314,31,5,0.0,7
EMP-000288,2017-08-29,Sales,Senior,36,Male,1428404,15.0,2.449747195223985,3.387860315928884,18,3,1.0,46
EMP-000289,2016-10-03,HR,Junior,43,Female,915326,101.0,3.9030937710114717,2.5753995364271516,38,9,1.0,10
EMP-000290,2017-08-28,IT,Junior,26,Female,1992293,19.0,2.932976149731712,4.252443351623484,48,3,1.0,12
EMP-000291,2017-06-22,Operations,Junior,23,Male,1685945,5.0,2.7803562333937233,1.157884876794617,44,6,1.0,27
EMP-000292,2020-02-29,Marketing,Mid,29,Female,1996146,49.0,3.2980477945123523,1.7485031065611283,30,4,0.0,28
EMP-000293,2016-12-09,IT,Senior,36,Male,1700685,66.0,3.9202512859417578,2.744774677277408,30,0,1.0,27
EMP-000294,2019-12-30,IT,Lead,59,Male,1772403,102.0,2.8142857338876426,2.7864534280673112,41,1,0.0,4
EMP-000295,2018-12-26,Finance,,34,Male,669703,51.0,3.828431821993768,4.393559461702921,19,8,,31
EMP-000296,2015-08-12,Finance,Lead,38,Female,1259425,11.0,3.3877813485922585,1.3276222839008933,5,0,0.0,2
EMP-000297,2017-01-08,Marketing,Lead,37,Male,1891181,54.0,1.009467374317151,2.5260689318720653,44,8,1.0,11
EMP-000298,2020-06-23,HR,Manager,48,Male,1382879,113.0,3.1889329106909168,1.1542508501443542,18,0,0.0,19
EMP-000299,2020-05-31,Finance,Manager,45,Female,1420229,22.0,1.6472338439516578,2.211535680894824,34,6,0.0,40
EMP-000300,2021-01-04,IT,Senior,32,Female,514584,7.0,3.9023973416513003,2.1231849267871334,19,5,1.0,42
EMP-000301,2015-11-06,Finance,Senior,33,Male,590373,56.0,4.510314734258634,3.893579657348195,43,5,1.0,33
EMP-000302,2017-03-19,Sales,Mid,49,Female,622242,40.0,2.902742093527698,1.8937550823158573,1,1,0.0,21
EMP-000303,2015-09-14,Operations,Mid,44,,1037102,36.0,4.318346727174771,2.5860564709257456,25,7,1.0,19
EMP-000304,2020-08-18,Operations,Junior,42,Female,488054,87.0,3.71817832444866,3.9180909432007764,4,6,1.0,15
EMP-000305,2017-11-23,IT,Senior,46,Male,1488158,5.0,2.691405343136097,3.0705761772803384,34,1,1.0,21
EMP-000306,2018-11-17,Sales,Manager,35,Male,956100,52.0,2.969125670180934,3.5087541578598453,22,0,0.0,17
EMP-000307,2021-07-26,Marketing,Lead,49,Male,1855543,63.0,4.229523940099313,2.8403701430988457,27,6,0.0,0
EMP-000308,2018-05-12,Sales,Lead,43,Male,724338,19.0,3.931511661268236,4.176090822086797,24,1,1.0,30
EMP-000309,2017-01-16,HR,Lead,51,Female,804352,86.0,3.8796846299142853,1.2667880928977495,35,6,0.0,19
EMP-000310,2017-04-11,Operations,Lead,29,Female,327226,115.0,4.842370532836831,3.9756548490013706,39,2,1.0,30
EMP-000311,2016-05-13,Finance,Manager,33,Male,551325,,4.132487301805776,1.5038220256985109,37,0,1.0,31
EMP-000312,2015-06-01,IT,Manager,48,Male,1591545,64.0,1.966095965187053,1.9475807439497008,26,7,0.0,5
EMP-000313,2019-02-01,Marketing,Senior,38,Male,1747773,108.0,3.4820395170629603,4.6067162749946515,10,1,1.0,6
EMP-000314,2018-05-09,Finance,Manager,22,Male,1793725,21.0,4.368773301667008,1.7001606726589253,7,5,1.0,26
EMP-000315,2016-10-26,IT,Lead,37,Female,1843998,54.0,1.9962572550957112,3.8134403963935433,49,7,1.0,0
EMP-000316,2018-05-11,Finance,Mid,48,Male,1559416,80.0,3.0468060588201955,2.1450388175143065,49,9,0.0,25
EMP-000317,2015-03-13,HR,Senior,55,Male,1768516,83.0,4.929947303977077,3.6363738761762607,30,2,1.0,12
EMP-000318,2015-03-11,Operations,Lead,35,Female,539160,119.0,2.415348249981612,1.1796150885295065,28,2,1.0,8
EMP-000319,2021-05-31,IT,Senior,51,Female,506300,88.0,2.115462732927446,3.178100896824286,25,5,0.0,22
EMP-000320,2015-11-16,Sales,Manager,30,Female,828012,25.0,2.0983608241121594,3.493583665651599,35,3,1.0,36
EMP-000321,2015-04-05,Marketing,Senior,43,Male,1353990,68.0,4.469551694584114,3.141672724401209,40,6,1.0,40
EMP-000322,2016-07-01,Operations,Manager,43,Male,1566254,38.0,2.99209925053322,3.126078812523712,26,2,1.0,3
EMP-000323,2019-03-08,HR,Junior,47,Female,1836715,84.0,4.687798778469308,1.4075743659201652,15,7,1.0,28
EMP-000324,2015-01-02,Finance,Senior,47,Male,1445514,64.0,3.7692079984262556,1.7218089061461401,3,9,0.0,25
EMP-000325,2018-07-07,IT,Lead,25,Female,1887815,66.0,2.2695958669004543,4.863878857330325,2,1,0.0,0
EMP-000326,2017-08-11,IT,Lead,50,Female,742568,91.0,2.2647217856610444,3.2796729658165313,39,7,0.0,32
EMP-000327,2017-08-03,HR,Lead,47,Male,1912694,23.0,1.4734721865502052,4.848425251327752,42,1,0.0,40
EMP-000328,2020-05-13,HR,Manager,31,Male,1672884,19.0,3.261405242210515,1.692780853231446,29,0,0.0,40
EMP-000329,2018-10-15,Operations,Mid,29,Male,993343,118.0,1.9028697065974693,3.7392335189037462,40,6,1.0,2
EMP-000330,2021-06-18,Finance,Lead,24,Male,616725,93.0,4.201362354360416,2.54854387720651,38,8,0.0,34
EMP-000331,2015-09-08,Sales,Senior,25,Male,1968447,7.0,2.301821242119378,4.639864680827474,19,8,0.0,32
EMP-000332,2017-06-21,Marketing,Mid,41,Male,1129871,31.0,3.0146476631278607,3.526273766368357,41,1,0.0,24
EMP-000333,2018-12-20,HR,Lead,34,Male,486302,45.0,1.2043935918385822,2.706180869244151,5,5,0.0,43
EMP-000334,2018-12-03,Sales,Manager,54,Male,553415,104.0,1.8186470275017657,2.3334811302493885,16,7,0.0,19
EMP-000335,2019-10-04,HR,Mid,51,Female,1745467,99.0,4.436997260290738,4.8260606284158385,42,2,1.0,40
EMP-000336,2017-12-02,Sales,Mid,47,Female,1975903,13.0,2.366138151671221,3.4623904375203858,43,1,0.0,31
EMP-000337,2015-11-17,IT,Senior,26,Male,1106858,116.0,3.057634913830797,2.5224364575844556,40,8,1.0,42
EMP-000338,2018-06-24,Operations,Manager,31,Male,1124273,1.0,1.504324968474255,1.525060686835793,29,9,1.0,40
EMP-000339,2018-06-10,Operations,Manager,40,Female,1274634,111.0,3.147135976650539,47.723673592461324,48,5,0.0,21
EMP-000340,2019-05-04,HR,,53,Female,1817138,49.0,4.801968722256699,1.862268883485465,1,4,0.0,34
EMP-000341,2020-07-11,Finance,,490,Male,824619,67.0,4.148959857589471,,16,4,1.0,13
EMP-000342,2016-06-12,HR,Lead,35,Female,710570,31.0,3.65105586034496,1.8062298402959542,25,4,0.0,8
EMP-000343,2016-11-11,HR,Senior,33,Male,1148238,26.0,1.2940966345069294,2.2806574080354887,36,4,0.0,11
EMP-000344,2020-04-26,Operations,Senior,59,Female,322119,63.0,3.471161081745188,3.858901040206432,5,9,1.0,14
EMP-000345,2018-06-20,Finance,Mid,55,Male,790338,9.0,3.3576209400077808,2.7041573796605642,27,5,0.0,6
EMP-000346,2020-04-24,IT,Senior,30,Male,546239,52.0,4.913240723937841,4.799506283825716,20,7,1.0,4
EMP-000347,2017-10-16,Operations,Manager,45,Female,977528,81.0,4.4975775565997305,,4,9,1.0,21
EMP-000348,2021-10-15,IT,Mid,55,Male,1062837,11.0,1.5874289149199585,2.202963011288124,22,0,1.0,9
EMP-000349,2016-11-11,Sales,Senior,33,Male,642705,8.0,3.9516263413249186,1.7905167729960558,33,7,1.0,10
EMP-000350,2021-08-05,Operations,Mid,31,Male,1533710,105.0,1.1058831966606166,1.0876579010669327,34,4,1.0,43
EMP-000351,2016-01-13,Finance,Junior,48,Female,1404966,76.0,4.026274577697873,2.5637571613518517,8,7,0.0,42
EMP-000352,2018-08-26,IT,Mid,56,Male,1667239,58.0,4.97111785288258,3.875738254850817,29,0,0.0,3
EMP-000353,2018-09-05,Sales,Senior,41,Female,744821,19.0,4.930724000394756,1.5494469246280484,46,1,0.0,43
EMP-000354,2019-03-28,HR,Junior,55,,887144,43.0,4.741678741519127,3.5934565642827185,28,7,0.0,4
EMP-000355,2019-09-18,IT,Senior,50,Male,1798586,94.0,4.521285302622224,,42,4,1.0,9
EMP-000356,2021-02-17,HR,Senior,24,Male,1663084,101.0,2.773318305737401,2.6026307786668488,42,9,0.0,44
EMP-000357,2021-08-31,HR,Manager,35,Female,824614,105.0,4.85080514266232,1.0454089614007547,39,3,0.0,19
EMP-000358,2018-02-28,IT,,47,Male,514945,18.0,4.433206325540909,1.6256905340935086,4,7,0.0,24
EMP-000359,2018-02-28,Sales,Manager,45,Male,1737800,12.0,2.9984592534696906,1.7025681096790795,49,9,0.0,27
EMP-000360,2020-01-14,Finance,Lead,58,Male,582450,97.0,4.901981719588112,4.389405706025355,10,4,1.0,26
EMP-000361,2019-10-28,HR,,34,Male,1524359,104.0,1.3416122188684598,2.4413861258701806,18,7,1.0,0
EMP-000362,2019-11-12,IT,Mid,52,Male,765673,23.0,1.085719067165111,1.24849591342684,15,1,0.0,33
EMP-000363,2016-03-19,Finance,Junior,31,Male,1326942,72.0,2.4873922244453297,1.5851461741567743,29,5,0.0,6
EMP-000364,2018-07-14,IT,Manager,57,Female,1172626,8.0,4.622339888631955,2.3853672404254618,0,4,0.0,21
EMP-000365,2020-03-09,HR,,41,Male,1170226,76.0,3.625811497150428,2.669381038346766,24,7,1.0,27
EMP-000366,2021-08-28,HR,Junior,49,Male,1572941,53.0,4.745827918911676,3.7680123546212263,2,1,0.0,3
EMP-000367,2018-12-29,HR,Lead,55,Male,709607,103.0,4.799011871506099,4.407200173912141,27,2,0.0,37
EMP-000368,2019-04-14,IT,Senior,57,Male,1089768,72.0,2.6676865341443188,4.444609728710917,17,3,0.0,32
EMP-000369,2019-03-29,Finance,Lead,37,Male,369770,35.0,3.3297053744972,1.3543447478988,47,9,0.0,33
EMP-000370,2019-12-27,Operations,Mid,47,Female,623355,51.0,3.2722390647037125,2.669768955865386,34,2,1.0,45
EMP-000371,2019-09-24,IT,Junior,58,Male,1272743,12.0,1.651203582185476,1.206765410233794,8,5,1.0,8
EMP-000372,2021-01-21,IT,Senior,39,Male,854171,103.0,2.614802210133833,3.1909123770195325,10,4,1.0,12
EMP-000373,2017-07-19,Sales,Junior,22,Male,739042,81.0,4.7170946650842795,2.126755538592984,7,5,1.0,6
EMP-000374,2020-05-19,Finance,Mid,39,Female,660850,114.0,4.8930240518866785,2.4944633342574782,2,7,1.0,8
EMP-000375,2017-03-04,HR,Manager,24,Female,1348276,1.0,4.974875031123691,1.1433181922866678,3,3,0.0,8
EMP-000376,2019-09-08,HR,Junior,35,Male,1114699,22.0,4.148616121894932,4.716414600456165,24,1,0.0,28
EMP-000377,2021-05-11,Operations,Lead,25,Female,1381580,8.0,1.5972825484843995,1.317485606972678,49,5,0.0,22
EMP-000378,2017-04-20,Finance,Mid,23,Female,1266066,38.0,1.4123438846419116,3.2382661207648114,8,1,1.0,15
EMP-000379,2015-02-06,Finance,Senior,24,Male,1067338,104.0,3.3367655532596476,4.722127809097561,7,9,0.0,5
EMP-000380,2018-12-12,Sales,Junior,51,Male,458776,32.0,4.711309914058823,1.3037928117929458,11,1,0.0,42
EMP-000381,2015-01-01,Operations,Junior,46,Female,845268,94.0,1.5455755581887187,3.8001919582150716,40,4,1.0,45
EMP-000382,2016-01-08,Operations,Manager,41,Female,1312647,,2.640929645566053,4.712426587061987,27,9,1.0,4
EMP-000383,2020-06-07,Sales,Lead,58,Female,1666786,106.0,2.3208381575206984,1.6831997816745359,31,0,0.0,40
EMP-000384,2019-12-06,IT,Lead,22,Male,800570,61.0,4.028781481615261,1.3803911433164053,48,7,1.0,19
EMP-000385,2015-01-06,HR,Mid,30,Female,746968,70.0,3.4043333257396635,2.925073618782305,23,0,0.0,44
EMP-000386,2016-09-13,Marketing,Manager,54,Male,1830707,8.0,3.99102599035324,1.9129408343893957,45,3,0.0,45
EMP-000387,2017-12-06,Finance,Senior,37,Male,435758,41.0,3.981626320573132,4.051971841394104,18,7,1.0,22
EMP-000388,2020-03-08,HR,Manager,34,Male,1036345,31.0,2.826308657506323,1.7240494940723523,16,3,1.0,2
EMP-000389,2015-03-14,Operations,Senior,38,Female,702370,6.0,2.349289160721453,2.459951085305295,13,9,0.0,5
EMP-000390,2016-11-01,IT,Junior,41,Female,1591343,65.0,2.9076236898913304,3.6528059404285815,28,3,1.0,47
EMP-000391,2020-03-03,Marketing,Mid,27,Male,783443,33.0,3.698804088450088,3.473196719758276,44,6,0.0,26
EMP-000392,2016-12-07,HR,Junior,43,Female,1972683,2.0,4.339459287617775,1.3840250282397601,10,6,0.0,45
EMP-000393,2016-06-09,Sales,Mid,25,Female,1393125,116.0,2.7254030748925353,3.5820264480432176,11,8,1.0,15
EMP-000394,2020-08-19,Marketing,Lead,52,Male,1736007,119.0,1.7837306498774455,4.0023914437748065,44,9,0.0,9
EMP-000395,2015-07-13,Marketing,Lead,43,Male,1600692,7.0,2.4161997149515684,1.3551658731705905,6,4,1.0,13
EMP-000396,2015-03-24,IT,Lead,51,Female,1895000,35.0,4.086399573419847,1.1826529900058271,44,6,0.0,19
EMP-000397,2020-06-22,Finance,Manager,50,Female,697190,13.0,1.5767676277599314,23.195597609807788,36,1,0.0,41
EMP-000398,2021-04-17,IT,Mid,280,Female,402927,105.0,3.913654453977812,2.2085071140777153,8,0,0.0,47
EMP-000399,2017-11-09,Marketing,Lead,25,Female,1628657,92.0,4.855078493609158,3.709658288502963,40,0,0.0,10
EMP-000400,2019-06-22,IT,Lead,22,Female,1229055,108.0,3.8766978758671717,2.3415706788636625,5,2,0.0,26
EMP-000401,2021-08-30,Operations,Mid,24,Male,1451284,58.0,1.6393715131577387,18.690317153994677,9,7,0.0,15
EMP-000402,2016-05-28,Finance,Junior,26,Male,606119,69.0,1.5302989464276067,3.8739405678134737,31,4,0.0,25
EMP-000403,2016-03-09,Operations,Junior,49,Male,595983,,3.762412696747842,2.2604980229775347,22,6,1.0,5
EMP-000404,2016-05-08,Finance,Manager,54,Female,1400249,71.0,1.6412991094266651,,19,2,0.0,9
EMP-000405,2019-07-28,Sales,Lead,51,Female,827055,45.0,1.575506873751685,3.3142265966451245,1,9,0.0,16
EMP-000406,2020-03-06,Finance,Junior,36,Male,792749,9.0,3.276378455160336,4.034473478704657,4,9,1.0,39
EMP-000407,2019-03-09,Sales,Manager,49,Male,396858,94.0,2.158935982943429,,5,7,1.0,14
EMP-000408,2019-06-28,Finance,Mid,33,Female,1276014,110.0,4.165799558227217,4.846754347323763,28,6,1.0,38
EMP-000409,2017-08-12,Sales,Manager,48,Male,1611169,51.0,1.9491295242728364,4.267191842238128,7,5,0.0,47
EMP-000410,2020-08-27,Finance,Senior,45,Female,1734336,93.0,2.0926273895989946,3.119738824288488,3,3,,18
EMP-000411,2015-11-15,IT,Manager,37,Female,1223992,25.0,4.815626945090296,3.5746203819826388,45,4,0.0,3
EMP-000412,2019-10-07,Marketing,Mid,58,Female,1711181,85.0,1.0340870215560387,,15,4,,30
EMP-000413,2020-05-12,Marketing,Junior,35,Female,1668659,12.0,3.200110377319968,3.080020723334799,4,1,1.0,6
EMP-000414,2017-04-12,Operations,Mid,56,Female,1982934,59.0,4.204701663392909,4.3433686893444206,34,7,0.0,23
EMP-000415,2020-04-22,Sales,Junior,23,Female,1270482,27.0,4.954505720491575,4.998192898746053,31,7,1.0,20
EMP-000416,2017-12-09,Operations,Mid,27,Male,1403416,27.0,4.396108714256346,2.165787695268053,12,1,0.0,21
EMP-000417,2015-10-21,HR,Manager,29,Male,675991,45.0,4.875929466030843,1.8994588620449924,6,7,0.0,40
EMP-000418,2018-08-26,Operations,Mid,28,Male,1951991,50.0,2.777547053637296,4.928412909078498,31,4,1.0,3
EMP-000419,2020-08-14,IT,Mid,54,Female,759313,1.0,2.7407465791759247,1.8491395904803984,34,6,1.0,31
EMP-000420,2019-09-04,IT,Lead,40,Male,1163859,85.0,4.928065324612981,2.455866088653286,20,0,1.0,10
EMP-000421,2020-10-07,Operations,Mid,30,Male,1673258,55.0,4.760389722987174,2.0513760802275,47,1,0.0,9
EMP-000422,2018-02-05,Sales,Lead,32,Male,541849,100.0,1.3280816690141606,3.492621758719176,26,9,1.0,18
EMP-000423,2018-12-01,Marketing,Senior,48,Female,1628104,56.0,3.9356043908664287,4.120632617540384,2,4,1.0,15
EMP-000424,2021-04-05,Sales,Manager,25,Female,850431,48.0,3.0778663573718514,2.255988482966694,24,7,0.0,30
EMP-000425,2018-10-03,Finance,Manager,28,Female,1142294,52.0,4.785534679715212,3.0617030663863676,31,4,0.0,13
EMP-000426,2018-09-16,Sales,Lead,44,Male,829546,29.0,2.876634406168146,22.095796329823543,9,8,0.0,47
EMP-000427,2020-09-20,Finance,Junior,58,Male,1054447,69.0,2.732573611883987,2.1677134924984216,29,9,1.0,21
EMP-000428,2015-11-18,Sales,Manager,23,Female,1246799,99.0,3.9502737347606334,2.550411364876025,44,1,1.0,24
EMP-000429,2019-09-14,HR,Senior,44,Male,1546088,38.0,1.1792963134543362,4.754229370467431,38,9,0.0,42
EMP-000430,2019-03-15,IT,Mid,49,Female,1939291,115.0,2.424557618717941,4.9120286147033445,6,7,0.0,37
EMP-000431,2019-07-29,HR,Junior,43,Male,749013,26.0,2.5144079172438456,3.04779693764414,15,2,0.0,43
EMP-000432,2021-07-20,Sales,Junior,48,Male,1769976,68.0,1.2728061010936993,2.0569246204587497,48,1,0.0,44
EMP-000433,2016-07-28,IT,Mid,44,Female,383208,63.0,1.660054986187352,4.5502875425231615,40,6,0.0,31
EMP-000434,2020-09-15,Operations,Junior,32,Male,1278331,114.0,2.297249797581468,2.8779677260575185,26,5,0.0,0
EMP-000435,2020-06-18,IT,Mid,51,Male,786388,60.0,3.2788711694972665,1.4048601821601516,38,0,0.0,44
EMP-000436,2017-02-11,Operations,Junior,41,Male,1639840,100.0,2.548925339402554,2.0025405634607725,15,7,0.0,12
EMP-000437,2015-10-15,IT,Manager,42,Female,553494,42.0,2.5737969545984134,1.496908903915291,11,6,1.0,21
EMP-000438,2015-05-28,Marketing,Senior,47,Male,564295,4.0,3.669809825563429,3.700788511154728,49,6,1.0,8
EMP-000439,2021-03-03,Operations,Lead,50,Male,1207164,46.0,3.1720206621368474,1.601102791732273,24,8,1.0,33
EMP-000440,2021-09-11,IT,Mid,55,Male,880283,118.0,4.987137215123718,4.28110361463676,20,5,1.0,28
EMP-000441,2017-04-13,IT,Junior,38,Female,1270918,83.0,2.6912178532361017,4.3408828927055065,10,1,1.0,35
EMP-000442,2018-10-30,Sales,Junior,35,Male,1052023,7.0,2.105248353178801,3.112138774903976,3,8,0.0,42
EMP-000443,2020-08-30,HR,Manager,57,Male,1160417,72.0,1.760424308704302,3.674281011694995,12,9,1.0,2
EMP-000444,2021-03-06,HR,Manager,41,Female,1049678,107.0,1.7150206000996122,1.3208302328467791,4,6,1.0,43
EMP-000445,2019-01-25,Marketing,Junior,50,Female,1355021,91.0,3.2463707522590908,3.400447198218991,34,0,0.0,32
EMP-000446,2016-03-03,HR,Senior,28,Male,591583,77.0,3.8620002178421458,2.6349263491066073,32,0,0.0,7
EMP-000447,2015-02-15,Marketing,Lead,38,Female,1335085,7.0,1.06901169042394,2.450632674125193,28,8,1.0,8
EMP-000448,2018-12-21,Operations,Manager,47,Male,488646,99.0,1.4940271871282813,2.278066547353229,36,0,0.0,7
EMP-000449,2015-07-17,Marketing,Manager,39,Male,330891,66.0,1.2517968723558832,2.9823152493590133,31,0,1.0,8
EMP-000450,2020-07-11,Finance,Junior,24,Male,1669274,23.0,2.7180995158992007,2.938045362892178,35,3,1.0,6
EMP-000451,2019-10-12,Operations,Lead,54,Male,1413392,78.0,3.306304865599409,3.4525686892995657,25,3,0.0,46
EMP-000452,2018-06-06,Finance,Manager,30,Male,1470997,21.0,2.201746819937992,2.957574083431838,25,5,0.0,45
EMP-000453,2016-01-06,Sales,Senior,58,Female,717339,15.0,2.1534246799412737,4.012754473540612,9,4,1.0,44
EMP-000454,2017-05-19,Operations,Mid,35,Female,1771095,28.0,2.5255810419625804,3.5492577129897005,18,3,0.0,31
EMP-000455,2015-09-05,IT,Manager,30,Male,642907,16.0,2.8824445313055373,4.170841865280672,10,7,1.0,43
EMP-000456,2020-04-04,Operations,Manager,58,Male,1977747,57.0,1.0894807604014272,3.6499100227206034,6,3,1.0,30
EMP-000457,2020-11-04,Marketing,Manager,53,Female,1943411,103.0,1.6802782444410598,4.493463493631781,29,1,0.0,12
EMP-000458,2015-11-23,HR,Manager,59,Male,1509320,24.0,4.730835716975827,1.9977700611283802,41,0,0.0,20
EMP-000459,2015-01-03,Finance,Lead,40,Male,1508793,7.0,3.8139350518471917,2.5145410321804516,24,2,1.0,8
EMP-000460,2021-07-27,IT,Junior,43,Female,1213317,87.0,1.7931251008168183,3.7899555037688724,31,3,0.0,25
EMP-000461,2016-12-20,Marketing,Mid,58,Female,306645,30.0,4.241898242452573,1.672443495131715,36,8,1.0,36
EMP-000462,2020-03-13,IT,Lead,30,Female,680422,,1.72234098714426,,30,4,0.0,8
EMP-000463,2015-02-13,Sales,Mid,53,Male,1175452,104.0,4.45929356991549,3.348373951014856,30,5,0.0,24
EMP-000464,2017-04-26,IT,,35,Male,1084367,59.0,3.729596816206857,2.691080036086016,14,0,0.0,1
EMP-000465,2015-07-04,Finance,Lead,29,Female,1387041,107.0,4.872355549478043,1.0482344826921373,18,9,1.0,37
EMP-000466,2019-06-30,IT,Mid,25,Male,667869,9.0,3.7438349892256837,1.3427525566988336,14,6,0.0,1
EMP-000467,2019-05-26,IT,Lead,33,Male,729986,34.0,1.2556543032561862,4.507778751289605,31,4,0.0,36
EMP-000468,2019-06-05,Finance,Lead,56,Male,313800,5.0,1.335656991267439,2.134504872049275,30,4,1.0,12
EMP-000469,2019-09-18,Marketing,Junior,24,Male,964946,58.0,2.855843901113051,1.2186090307011908,7,6,0.0,28
EMP-000470,2017-02-07,HR,Senior,33,Male,1488653,14.0,2.8997753399466735,4.4441391451703876,46,2,1.0,19
EMP-000471,2019-03-15,IT,Junior,36,Male,1954281,34.0,1.9121211761157206,1.2899517345140814,39,5,0.0,34
EMP-000472,2018-06-11,Marketing,Senior,56,Female,654688,16.0,3.15365238550561,2.672007894810413,31,5,1.0,47
EMP-000473,2018-05-13,Operations,Manager,56,Male,844528,11.0,3.4139054562500317,3.4825981206013417,45,0,1.0,12
EMP-000474,2020-03-19,Operations,Senior,53,Male,1005737,4.0,4.669493532103715,1.937371288013833,9,5,1.0,15
EMP-000475,2018-07-17,Finance,Senior,55,Female,692914,85.0,4.855406874137121,2.6034399445665395,35,8,0.0,32
EMP-000476,2015-04-28,IT,Lead,23,Male,484499,37.0,4.688928191107561,1.2191721295596136,13,5,1.0,25
EMP-000477,2018-12-03,Marketing,Junior,47,Female,378647,16.0,2.1151126152507005,4.957874039921879,29,9,0.0,29
EMP-000478,2017-08-27,IT,,53,Male,1539251,80.0,2.3719322104676865,1.9013248108130374,41,3,0.0,45
EMP-000479,2017-04-06,IT,Manager,55,Male,1630600,85.0,4.616108479376962,2.876828583337099,45,2,0.0,45
EMP-000480,2017-02-10,Operations,Senior,43,Female,372229,74.0,4.916726110202619,3.5379749380716596,13,5,1.0,2
EMP-000481,2017-03-14,Finance,Mid,26,Male,1708351,102.0,2.6621199982707338,2.004992612482379,37,9,1.0,12
EMP-000482,2017-11-20,IT,Senior,46,Male,1397592,68.0,2.6356360390587574,1.8704583795689986,19,0,1.0,21
EMP-000483,2019-11-09,Operations,Senior,52,Female,1610898,37.0,3.378627690944327,2.585287708070011,27,2,1.0,17
EMP-000484,2015-07-04,Marketing,Lead,29,Male,1332583,16.0,1.3643736484778803,,17,6,1.0,0
EMP-000485,2018-01-24,IT,Lead,43,Male,973135,90.0,1.971028712460932,4.2199653878007135,23,7,1.0,41
EMP-000486,2021-06-12,Sales,Manager,35,Male,1162912,9.0,4.244324475214492,4.847575215172029,13,5,0.0,44
EMP-000487,2019-08-30,Marketing,Mid,31,Female,532588,115.0,3.4959298566982397,4.528291080393194,3,5,1.0,21
EMP-000488,2017-02-11,IT,Senior,53,Female,1181728,11.0,1.6835817272602918,2.126907650364245,34,1,1.0,47
EMP-000489,2017-01-24,Finance,Lead,29,Male,1489688,24.0,1.6670430736646331,2.20958590426564,23,4,0.0,6
EMP-000490,2015-12-26,Marketing,Manager,56,Female,1740224,12.0,3.579441302776493,2.192596508150433,8,9,0.0,42
EMP-000491,2020-06-22,HR,Mid,30,Female,891625,49.0,4.4326314127912365,1.2026069820424623,22,4,0.0,46
EMP-000492,2018-01-04,Finance,Manager,56,Male,356894,16.0,3.7057941351383556,3.522632923668597,22,8,,40
EMP-000493,2019-10-18,HR,Lead,23,Male,1128787,1.0,3.894768949177398,4.06205455222986,32,9,1.0,31
EMP-000494,2015-07-08,Sales,Manager,35,Male,1420019,48.0,4.661753053784725,2.012334609717586,3,6,1.0,32
EMP-000495,2018-09-30,Marketing,Lead,23,Female,1668476,77.0,3.9218794217254853,1.2988173536834453,15,2,0.0,8
EMP-000496,2015-09-18,Sales,Lead,36,Male,1233581,65.0,1.618801751751643,1.9500809461187023,45,4,0.0,45
EMP-000497,2020-06-05,Operations,Manager,55,Female,637204,32.0,2.9088900658450827,3.2123727512183047,46,1,0.0,25
EMP-000498,2017-12-16,Sales,Manager,55,Male,1579813,94.0,2.508830057980876,3.067884694962298,35,3,1.0,35
EMP-000499,2018-04-02,HR,Lead,39,,1383778,85.0,4.614600812641955,1.4640977173266339,23,3,1.0,12
EMP-000500,2019-02-12,Sales,Junior,47,,1297145,7.0,1.2631251763114326,4.291003998703136,6,7,0.0,1
EMP-000501,2019-08-05,HR,Senior,37,Female,1819256,17.0,4.138078851712635,2.371439600815281,10,0,0.0,28
EMP-000502,2016-03-20,HR,Senior,47,Female,1817269,92.0,4.619006593195513,1.664316874556905,1,9,1.0,3
EMP-000503,2016-07-21,Finance,Manager,47,Female,1383371,110.0,4.833929461395757,3.1614711667984436,33,8,0.0,26
EMP-000504,2020-10-30,Sales,Junior,52,Female,371427,68.0,4.001092244131187,3.2926215224542044,24,9,0.0,11
EMP-000505,2021-05-08,Finance,Manager,43,Female,1708644,102.0,1.3432446032512093,3.2829632202972467,29,6,1.0,10
EMP-000506,2021-01-10,Marketing,Junior,34,Male,662816,37.0,2.529223063440897,,43,9,1.0,25
EMP-000507,2016-05-27,Sales,Lead,35,Male,1633391,34.0,3.961213639181143,1.926024185461987,6,3,,1
EMP-000508,2016-03-15,Operations,Junior,54,Male,1330383,112.0,2.7909239842239213,4.673752909041305,29,1,1.0,5
EMP-000509,2017-06-03,Finance,,25,Female,635116,31.0,3.5467117656772023,1.2839205057345575,18,1,0.0,21
EMP-000510,2018-04-30,Marketing,Junior,23,Male,728480,7.0,2.7087646152671674,4.574812231534892,37,9,0.0,41
EMP-000511,2015-03-16,Operations,Senior,53,Male,981810,75.0,3.371432141869449,3.686795820513198,48,7,0.0,45
EMP-000512,2019-07-29,Operations,Manager,33,Male,1393419,116.0,3.2158236107896876,1.2995172763418723,4,6,0.0,24
EMP-000513,2018-07-13,HR,Junior,36,Female,1082292,45.0,3.765396664054835,3.7231535812280443,39,3,0.0,1
EMP-000514,2017-07-25,Finance,Junior,48,Male,1459472,59.0,2.5649954121402585,2.0337448478786286,13,4,1.0,23
EMP-000515,2017-12-02,Operations,Manager,25,Female,344893,119.0,3.476233681730999,1.8876858802792675,12,3,0.0,43
EMP-000516,2019-08-08,Sales,Mid,50,Male,686427,86.0,3.97382116472005,1.8039567878711371,43,8,1.0,8
EMP-000517,2019-04-13,IT,Mid,39,Female,923471,116.0,3.2382002484936465,2.125665733441683,3,6,1.0,46
EMP-000518,2018-05-22,Sales,Lead,48,Male,1417477,78.0,3.637465177040433,2.5009768837135704,38,3,0.0,38
EMP-000519,2017-05-05,IT,Lead,22,Male,1330638,37.0,4.257927108976524,1.8030190570868019,17,7,0.0,5
EMP-000520,2018-07-03,Sales,Mid,510,Female,946565,14.0,3.5743303641242523,1.286284665070713,26,1,,37
EMP-000521,2017-01-11,Marketing,Senior,25,Female,1120482,32.0,3.0615867439394018,3.0555323084364314,19,7,1.0,41
EMP-000522,2017-09-10,IT,Mid,27,Female,601401,108.0,3.9081482005055554,2.663381270260488,5,2,0.0,30
EMP-000523,2019-11-26,HR,,42,Male,631628,38.0,4.9996913484433545,4.210498769540484,27,7,1.0,13
EMP-000524,2018-10-07,Marketing,Senior,45,Male,870612,1.0,1.6357442297645761,1.127640316445898,4,0,1.0,35
EMP-000525,2021-05-01,Marketing,Manager,29,Female,1727822,8.0,2.851951779317797,3.161494152239683,27,4,,28
EMP-000526,2021-09-16,IT,Manager,34,Male,1443468,96.0,2.899569930220641,2.7980458481361623,15,8,0.0,21
EMP-000527,2020-12-04,IT,Junior,25,Female,1467785,102.0,3.97916610534811,3.670903492475581,22,3,1.0,22
EMP-000528,2017-11-19,Operations,Senior,43,Male,330183,85.0,2.0895149752662583,2.1505109474529402,8,5,0.0,34
EMP-000529,2017-10-15,HR,Mid,48,Female,941017,91.0,2.707342551405155,2.528108292270331,12,6,1.0,16
EMP-000530,2021-09-16,Marketing,Senior,39,Male,1644302,89.0,4.682524234704597,,45,1,0.0,0
EMP-000531,2020-01-30,Operations,Manager,57,Male,979719,42.0,1.8706799387126138,4.290337303743901,1,6,1.0,29
EMP-000532,2017-01-23,IT,Senior,58,Male,1250577,95.0,2.4021043176454406,1.397334548205262,29,0,1.0,0
EMP-000533,2020-03-04,Operations,Junior,43,Female,792422,107.0,3.716671958742928,3.1383648702927798,12,1,0.0,36
EMP-000534,2017-10-17,Sales,Lead,28,Female,1895339,39.0,4.462187459870456,3.025825113490721,26,2,0.0,13
EMP-000535,2019-05-20,Marketing,Mid,31,Male,1398930,39.0,1.6880590767463315,2.7173475115430215,11,3,1.0,9
EMP-000536,2021-08-27,IT,Lead,28,Male,819142,64.0,2.5453457884259842,3.252004689879817,34,3,1.0,34
EMP-000537,2015-08-06,Finance,Manager,42,Male,973410,59.0,4.074127413666156,2.2614903650607614,2,0,1.0,6
EMP-000538,2018-05-16,IT,Junior,23,Female,1791201,23.0,1.8377091398020053,4.101296692619729,6,0,1.0,4
EMP-000539,2019-12-04,Sales,Manager,53,Male,391642,59.0,2.724796894778783,2.919557020700385,36,6,1.0,33
EMP-000540,2021-10-18,IT,Junior,27,Male,364006,74.0,1.995536448476264,2.775869228124435,13,7,1.0,44
EMP-000541,2018-01-31,Marketing,Senior,30,Female,814201,100.0,1.8183500606716616,3.4454690447703524,41,1,0.0,20
EMP-000542,2020-04-26,HR,Manager,31,Male,861443,58.0,2.5486829314230675,4.689806742619718,11,5,0.0,34
EMP-000543,2019-12-08,Operations,Mid,26,Male,506039,65.0,3.6613512282932974,2.22136830313895,20,9,1.0,38
EMP-000544,2018-09-26,Operations,Mid,52,Male,702344,43.0,1.2805976946848459,3.7624056509643866,46,4,1.0,45
EMP-000545,2017-10-25,HR,Mid,32,Male,1383138,42.0,2.8751603505188337,2.5538811783933943,7,1,1.0,35
EMP-000546,2020-10-25,Finance,Lead,39,Female,936456,104.0,1.1259295015328354,2.2096182223617076,12,6,1.0,28
EMP-000547,2019-06-26,Operations,Mid,23,Female,763155,36.0,1.700783352033103,4.602298665540859,4,5,0.0,15
EMP-000548,2018-07-08,Sales,Lead,22,Female,555379,1.0,3.6290930603911264,4.924942452247061,5,3,0.0,44
EMP-000549,2019-09-25,IT,Junior,52,Female,1278470,80.0,2.424847434664146,4.822764010262666,25,1,1.0,20
EMP-000550,2020-04-18,Operations,Manager,24,Male,882340,99.0,1.4685777432946208,4.662057652176943,10,7,0.0,23
EMP-000551,2020-12-09,IT,Junior,46,Male,1917021,96.0,4.344503221351574,2.720980693637468,1,3,0.0,36
EMP-000552,2021-09-22,HR,Junior,49,Female,603591,95.0,4.2044966933182515,2.1975975311209592,17,6,0.0,32
EMP-000553,2015-01-26,IT,Lead,44,Female,1396229,79.0,4.793206460287788,1.4844295331358004,2,7,1.0,27
EMP-000554,2016-07-25,Operations,Junior,37,Male,913067,116.0,2.344801416391127,4.310465297984012,31,9,0.0,14
EMP-000555,2021-10-24,Sales,Manager,22,Female,380081,86.0,3.8484093503725325,4.925417177464418,6,4,0.0,29
EMP-000556,2016-09-24,Operations,Junior,24,Male,1052684,14.0,2.7478252822943032,3.5367625423333413,32,3,1.0,14
EMP-000557,2015-09-07,HR,Junior,30,Male,1607258,21.0,3.1438324632227777,3.3768539416555323,9,6,1.0,12
EMP-000558,2015-06-20,Marketing,Junior,43,Female,1349719,114.0,3.7919675898122778,1.4195138568128973,34,5,0.0,22
EMP-000559,2018-03-11,IT,Senior,51,Female,1987553,79.0,3.232601399010454,3.868513716559792,13,8,1.0,47
EMP-000560,2021-03-23,Marketing,Lead,39,,979809,114.0,1.7937425574009325,1.026379005577561,1,9,1.0,16
EMP-000561,2018-03-31,Marketing,Manager,38,Female,1386084,74.0,3.1918557236212877,3.2734188229598606,39,7,1.0,20
EMP-000562,2020-10-24,Finance,Junior,49,Female,311566,42.0,3.559011823926479,2.7049075177865984,20,2,1.0,42
EMP-000563,2020-04-10,Sales,Senior,57,Female,1643084,82.0,3.0845711730925314,2.551838534382274,12,9,0.0,4
EMP-000564,2015-01-01,IT,Manager,58,Female,703923,105.0,2.933078666518447,3.7582961458913666,44,1,1.0,32
EMP-000565,2018-11-05,Operations,Manager,22,Female,336576,119.0,1.0829188083376051,3.0625467360015763,4,4,1.0,16
EMP-000566,2020-01-29,Marketing,Junior,51,Female,844664,22.0,3.099255397575564,2.847374047533447,45,7,0.0,7
EMP-000567,2021-08-26,Finance,Senior,29,Male,1960323,112.0,4.5892908814389575,1.0782338627172376,25,3,0.0,39
EMP-000568,2015-10-19,Finance,Manager,44,Male,766079,111.0,4.212286655563376,2.4109436455159163,38,9,1.0,22
EMP-000569,2018-05-27,Marketing,Senior,26,Male,908822,58.0,3.238282989130248,1.4875180916175141,40,6,1.0,33
EMP-000570,2020-04-10,Operations,Senior,22,Male,1036217,36.0,3.1873441031683605,,45,5,0.0,33
EMP-000571,2020-02-10,Finance,Senior,34,Female,1490624,94.0,3.75625673029635,3.745372311853698,6,1,0.0,3
EMP-000572,2017-04-13,Finance,Manager,32,Male,337342,81.0,4.9594002808556095,4.905692950387227,9,7,1.0,0
EMP-000573,2020-03-31,Operations,Junior,43,Female,1996409,102.0,1.1605124529570383,1.2579402162948936,18,4,0.0,17
EMP-000574,2016-12-09,Operations,Mid,25,Female,1139670,79.0,2.8331970593335276,1.261762701415015,9,9,1.0,44
EMP-000575,2019-06-15,Finance,Lead,37,Male,405296,99.0,3.6730308408554557,3.8858497348297867,11,5,0.0,37
EMP-000576,2019-12-22,HR,Manager,28,Male,352751,118.0,2.7987569887616917,4.338727192055366,48,8,1.0,11
EMP-000577,2018-01-30,IT,Senior,40,Male,1304655,12.0,4.549889477442177,3.5323756429449205,29,3,1.0,35
EMP-000578,2020-07-31,Operations,Senior,51,Male,594774,2.0,4.868956014036607,2.834137791769055,8,5,1.0,17
EMP-000579,2019-03-18,Sales,Lead,30,Male,1798055,23.0,3.143755916677655,2.855022912369419,35,6,0.0,34
EMP-000580,2015-08-07,IT,Manager,47,Male,1662138,4.0,2.341964811424748,1.717668399430003,7,2,0.0,46
EMP-000581,2021-06-04,Finance,Mid,50,Female,1251051,115.0,1.2775729186367357,4.036461379295417,47,3,0.0,45
EMP-000582,2019-12-10,Sales,Junior,35,Male,868833,33.0,1.8470203766018463,,44,1,1.0,15
EMP-000583,2020-05-10,HR,Lead,51,Female,1347075,98.0,4.833922348261217,2.3990872881908643,0,3,1.0,27
EMP-000584,2019-12-09,Sales,Lead,45,Female,1794220,53.0,2.1617621993869296,2.618588658056861,39,3,0.0,20
EMP-000585,2017-04-08,Finance,Manager,47,Female,1190053,85.0,2.070640877140826,3.687063334975612,32,8,1.0,33
EMP-000586,2020-01-07,Finance,Manager,38,Male,629180,103.0,3.967342547137193,3.1009893679390155,48,5,0.0,20
EMP-000587,2017-07-11,IT,Junior,41,Female,555148,42.0,3.645408453337402,2.897697068033059,6,6,1.0,29
EMP-000588,2015-01-20,Sales,Lead,40,,426597,62.0,3.120089450184011,,7,-3,1.0,9
EMP-000589,2021-09-19,Sales,Mid,59,Male,1189610,87.0,4.65977744332902,1.981245300449479,15,2,0.0,35
EMP-000590,2020-03-21,Marketing,Lead,39,Male,324381,9.0,1.1633294840283863,1.101392808034885,29,8,0.0,19
EMP-000591,2017-10-30,Marketing,Manager,51,Female,685260,9.0,1.2749057445235157,1.6862967651978717,44,4,0.0,42
EMP-000592,2016-11-05,Finance,Manager,37,Male,528933,54.0,2.347672626960847,4.45824797848188,21,7,1.0,25
EMP-000593,2020-11-10,Operations,Mid,46,Male,1774682,14.0,3.4640916029361435,,43,1,0.0,33
EMP-000594,2015-07-18,HR,Junior,53,Male,1026131,69.0,1.1264148136526315,4.398498786483739,38,8,1.0,2
EMP-000595,2019-10-26,Marketing,Manager,41,Male,868780,40.0,3.7908443716847056,2.9330575349112125,39,9,0.0,23
EMP-000596,2015-12-04,Marketing,Lead,22,Female,320205,14.0,1.447910329752383,1.9546654275382318,22,-2,0.0,36
EMP-000597,2020-08-20,Finance,Junior,23,Female,1999259,40.0,1.8870313017502034,4.827978233335454,18,3,0.0,3
EMP-000598,2019-01-06,IT,Junior,36,Male,727356,84.0,4.423120734867034,1.4175573617342225,22,2,1.0,41
EMP-000599,2019-07-17,IT,Senior,50,Female,1892670,57.0,2.570152272718986,4.499768393598117,38,3,0.0,3
EMP-000600,2020-01-13,Sales,Senior,55,Male,1602873,110.0,2.813827759644096,1.3377444478103495,24,6,0.0,29
EMP-000601,2017-06-11,HR,Junior,29,Male,1427860,98.0,3.0602963827598106,4.257878991612674,11,4,1.0,26
EMP-000602,2018-05-20,HR,Senior,49,Male,1953163,72.0,2.477296022814771,4.193692597115021,14,3,0.0,16
EMP-000603,2015-03-30,IT,Senior,26,Male,661485,32.0,1.5495748122915423,1.844634506551333,30,1,1.0,11
EMP-000604,2020-03-20,Marketing,Mid,28,Female,636289,112.0,3.273819927050736,4.002857120277631,10,6,0.0,18
EMP-000605,2015-10-28,HR,Junior,24,Male,922603,10.0,3.663734723293991,1.6364389035754985,23,5,1.0,28
EMP-000606,2015-06-06,IT,Junior,27,Female,639486,37.0,1.8702628803666506,4.700876017703503,32,0,0.0,24
EMP-000607,2020-03-13,HR,Mid,34,Female,964599,6.0,3.0193317391419767,4.362297803902871,34,6,1.0,13
EMP-000608,2017-02-17,Finance,Manager,42,Female,405213,23.0,1.3189787826977013,2.4667732360591095,1,0,1.0,17
EMP-000609,2016-11-28,Marketing,Senior,51,Female,1713216,64.0,2.3340089491191858,4.94657765966558,41,2,0.0,24
EMP-000610,2017-02-13,Finance,,53,Female,1913835,21.0,1.0945436935152881,2.6879934161103036,20,1,0.0,45
EMP-000611,2017-11-29,HR,Mid,54,Male,1684347,9.0,3.472004836241393,,7,7,0.0,16
EMP-000612,2016-09-10,Finance,Lead,27,Female,1249241,47.0,3.7063564319370284,4.566137222644646,44,7,0.0,45
EMP-000613,2016-03-16,HR,Manager,26,Female,1012156,3.0,3.2879502301454218,3.288231849494209,13,6,0.0,9
EMP-000614,2020-11-05,Sales,Mid,31,Male,1626560,68.0,4.757565701751412,3.964651873589161,43,8,1.0,46
EMP-000615,2019-11-25,Sales,Mid,55,Male,1291251,69.0,2.1314252900225132,3.0951837254588073,35,4,1.0,43
EMP-000616,2020-04-20,Sales,Lead,31,Female,335878,59.0,3.517112710189159,2.634119799668662,48,7,1.0,10
EMP-000617,2019-10-17,Sales,Lead,52,Female,1697663,78.0,1.1143397778573796,1.3521989027815522,34,6,0.0,3
EMP-000618,2018-04-16,IT,Junior,23,Male,743498,71.0,3.1879003075160153,3.954974958809419,24,8,1.0,40
EMP-000619,2021-09-07,Operations,Junior,50,Male,540392,36.0,4.467717473728362,3.8217598462481286,37,0,0.0,16
EMP-000620,2016-07-27,Operations,Mid,34,Female,584397,113.0,3.611797547313817,4.35140075421827,2,6,1.0,15
EMP-000621,2018-02-13,Sales,Lead,330,Female,1817652,11.0,4.3413659521855745,3.510551320364666,8,0,0.0,3
EMP-000622,2017-08-15,IT,Senior,42,Male,1171336,29.0,2.0316282382037025,,38,0,1.0,31
EMP-000623,2020-08-17,HR,Lead,53,Female,1611078,10.0,3.6392490653763514,1.9123753053077537,29,9,1.0,12
EMP-000624,2016-02-01,IT,Mid,55,Female,554201,34.0,3.072480438821918,4.699812802851218,15,7,0.0,13
EMP-000625,2019-09-24,HR,Manager,52,Male,991570,88.0,2.0767635582961703,1.7994536825774832,49,9,1.0,47
EMP-000626,2016-07-27,Sales,Senior,43,Female,339792,21.0,4.987404605918176,3.1840296000141857,39,4,0.0,8
EMP-000627,2016-05-04,Operations,Mid,35,Male,339180,63.0,4.5708294244425005,3.524850180449819,2,6,1.0,41
EMP-000628,2018-11-20,Finance,Senior,58,Female,1743543,115.0,2.0050560512391926,3.3126541255053783,31,9,1.0,35
EMP-000629,2015-01-12,HR,Manager,29,Male,1715968,103.0,2.9519121910704733,2.281494889642677,38,8,1.0,39
EMP-000630,2016-01-28,Operations,Lead,52,Male,1368608,84.0,4.758758178261105,1.008227157611309,33,3,1.0,7
EMP-000631,2020-02-08,Finance,Manager,48,Female,610773,,4.120063907190415,3.8143165643498484,44,1,1.0,10
EMP-000632,2019-08-24,HR,Senior,55,Male,1985472,31.0,1.500673097007605,1.2308491525464094,27,7,1.0,18
EMP-000633,2017-08-14,Operations,,55,Male,1237920,57.0,3.429120355494266,2.8820621903308736,10,4,0.0,4
EMP-000634,2018-01-19,Sales,Manager,38,Female,1727479,94.0,3.3033141391189296,2.354781603952121,38,0,0.0,39
EMP-000635,2019-08-06,Finance,Senior,31,Male,1888597,97.0,2.2412264098221857,4.727485819560014,17,1,0.0,39
EMP-000636,2018-08-30,HR,Lead,46,Male,1903337,,1.2914996346318,3.564999012101333,3,8,1.0,34
EMP-000637,2017-12-11,Operations,Manager,38,Male,1025383,82.0,2.5998321642956146,2.1623321084913125,44,9,0.0,26
EMP-000638,2016-07-14,Finance,Manager,24,Female,1524138,105.0,3.338783725176396,1.1198403600640954,41,2,0.0,26
EMP-000639,2018-10-21,Finance,Manager,44,Male,947082,65.0,2.6124155087662286,3.8624600804707936,40,6,0.0,36
EMP-000640,2015-07-11,Operations,Lead,56,Female,1389277,70.0,1.4038148364306409,3.5489819016117305,31,8,1.0,9
EMP-000641,2017-02-26,Marketing,Mid,36,Female,1011016,110.0,1.7948870667502401,4.158017305701331,38,1,1.0,19
EMP-000642,2018-08-14,IT,Lead,31,Female,941903,102.0,1.6659233258107329,1.517888287331692,7,0,1.0,33
EMP-000643,2016-07-27,IT,Lead,55,Male,1988592,36.0,1.3780361845886935,2.7423789128158678,4,1,1.0,3
EMP-000644,2015-01-01,Sales,Lead,59,Male,1565645,105.0,3.394059975832951,1.583759149253988,22,1,0.0,14
EMP-000645,2018-04-07,HR,Manager,24,Female,659661,25.0,3.4397652277875888,4.720793656209512,44,3,0.0,15
EMP-000646,2015-10-20,Finance,Lead,26,Female,809152,38.0,2.6636252409538135,4.614625470790179,1,1,1.0,45
EMP-000647,2017-08-11,Sales,Manager,46,Female,842282,46.0,3.7730269250835433,,30,6,1.0,21
EMP-000648,2021-02-28,Operations,Lead,59,Female,1881984,53.0,1.9047489498610957,1.0345237055013827,40,5,0.0,37
EMP-000649,2019-08-18,HR,Mid,47,Female,1738100,116.0,3.3124055657459817,1.9563109514167887,12,2,0.0,45
EMP-000650,2016-10-10,Operations,,47,Male,788964,60.0,4.1802213043444905,2.900683599400975,34,0,0.0,47
EMP-000651,2020-03-23,IT,Mid,35,Male,1666693,80.0,1.5551092168772431,1.1461413656584263,30,4,0.0,22
EMP-000652,2015-06-15,IT,Lead,46,Male,1157976,5.0,3.5577641968817626,4.224316647077161,1,2,0.0,28
EMP-000653,2017-11-30,Marketing,Senior,55,Male,1417127,38.0,4.141170895635495,1.0754146121375783,46,1,1.0,6
EMP-000654,2021-11-02,HR,Junior,22,Male,973237,59.0,1.9230649012215268,2.365585760696062,15,8,0.0,45
EMP-000655,2020-09-23,Operations,Manager,56,Female,1008817,51.0,4.781492786208288,1.2724658792324792,13,1,1.0,8
EMP-000656,2021-05-24,Sales,Senior,33,Female,925080,21.0,3.890117734134815,2.3663634452472255,23,7,0.0,46
EMP-000657,2016-06-22,Marketing,Mid,46,Male,750161,45.0,1.1389370265321226,,2,8,0.0,30
EMP-000658,2021-06-07,HR,Lead,57,Male,334096,100.0,4.356576760444227,2.73259176974328,49,1,1.0,12
EMP-000659,2017-05-29,Operations,Manager,23,Female,1291165,52.0,4.018870495908789,4.788399342900625,38,8,0.0,45
EMP-000660,2020-08-03,Marketing,Lead,46,,1852658,94.0,3.6055317918582297,2.304397015706146,47,0,1.0,47
EMP-000661,2015-10-09,HR,Manager,56,Female,1465699,115.0,3.528165625984111,4.9306256654679625,47,2,1.0,15
EMP-000662,2020-06-30,Marketing,Senior,39,Male,1979011,21.0,4.309401246282945,4.168471426398353,44,0,1.0,47
EMP-000663,2017-11-08,Operations,Manager,40,Female,615882,61.0,3.5296290335769895,,25,1,1.0,26
EMP-000664,2017-05-22,IT,Mid,30,Female,1237616,54.0,2.3296478301193067,2.754443219952097,30,8,1.0,30
EMP-000665,2021-05-07,IT,Mid,57,Male,1459780,23.0,4.246845858547122,3.4827326992066756,37,3,0.0,11
EMP-000666,2018-04-20,Finance,Lead,38,Male,729637,73.0,1.6450629690199303,4.162583043701559,38,3,0.0,33
EMP-000667,2020-04-13,HR,,46,Male,1999184,112.0,3.392627960563509,3.172304146679844,2,8,0.0,2
EMP-000668,2015-12-04,Operations,Junior,38,Female,1194360,94.0,2.3219812448057846,1.316711305838861,11,7,1.0,15
EMP-000669,2018-03-25,Operations,Mid,27,,1845037,59.0,2.9397936008507664,1.0218851619692582,0,7,1.0,47
EMP-000670,2018-01-19,Sales,Mid,46,Male,1287048,18.0,1.385415197202358,3.515988040608409,2,2,1.0,35
EMP-000671,2016-04-14,HR,Mid,45,Female,1513815,68.0,4.560825615976178,4.705189535493984,44,9,1.0,23
EMP-000672,2017-02-19,Finance,Manager,38,Male,360119,41.0,1.2114687172822585,2.875613249819969,36,6,1.0,40
EMP-000673,2016-04-15,IT,Senior,39,Male,782074,64.0,3.1004970024293157,4.655925388442791,49,0,1.0,3
EMP-000674,2021-09-27,HR,Manager,49,Male,1996239,1.0,2.2503753568729574,4.351070720962213,6,1,0.0,26
EMP-000675,2016-05-02,Sales,Manager,42,Male,593742,76.0,4.147903963274399,34.8314595937461,38,5,1.0,18
EMP-000676,2021-04-03,HR,Senior,27,Female,652085,81.0,1.9792515495326226,4.482756559964656,32,5,1.0,25
EMP-000677,2020-01-02,Sales,Manager,52,Male,1081868,74.0,2.2816522223517706,1.720591358387427,33,9,0.0,11
EMP-000678,2017-06-14,Operations,Mid,54,Female,1183844,80.0,4.744158833759263,3.443484637916118,3,5,0.0,47
EMP-000679,2015-03-19,Operations,Lead,33,Male,1733860,66.0,4.031376859863361,1.9663417402330228,24,5,0.0,18
EMP-000680,2017-09-18,Sales,Manager,51,Female,1101956,4.0,1.9810043426870654,3.343257190367715,10,0,1.0,11
EMP-000681,2017-04-22,Marketing,Mid,32,Male,885383,47.0,3.180192815367515,1.3840583219305986,6,1,1.0,17
EMP-000682,2016-06-13,Marketing,Manager,38,Male,1771380,37.0,3.320919477174422,2.3953174617399178,40,9,0.0,21
EMP-000683,2017-10-21,Sales,Manager,39,Male,1488413,56.0,3.5534067259395306,4.367327806125031,34,4,0.0,42
EMP-000684,2017-05-14,Operations,,35,Male,1170470,1.0,3.842811154193883,4.647289962655937,27,7,1.0,21
EMP-000685,2015-12-30,Finance,Manager,28,Male,388588,26.0,4.760766926356762,1.2823242014153684,12,3,0.0,33
EMP-000686,2016-04-03,HR,Mid,37,Male,1842908,93.0,4.992723310289301,2.0692239906164933,22,3,0.0,43
EMP-000687,2021-05-03,Operations,Mid,45,Female,939241,60.0,2.5175528627528334,2.976786701910346,39,8,0.0,30
EMP-000688,2020-08-14,IT,,38,Female,1667878,32.0,1.2971341988487746,3.1207256857532926,40,0,0.0,41
EMP-000689,2020-06-18,IT,,33,Female,1160003,61.0,1.1814061735709749,1.1653312703478544,4,3,1.0,35
EMP-000690,2020-01-08,IT,Manager,47,Female,414967,29.0,4.056473953605522,2.00897357028034,5,4,1.0,7
EMP-000691,2016-08-17,HR,Manager,25,Male,897338,80.0,3.7646709200778687,1.598352769034729,34,2,1.0,2
EMP-000692,2017-11-26,Sales,Senior,51,Female,917803,96.0,4.515684146106491,3.3176552020684893,6,1,1.0,31
EMP-000693,2020-12-12,Marketing,Manager,24,Male,1131151,15.0,4.533842981819314,4.636625768995753,38,5,1.0,39
EMP-000694,2017-01-22,Marketing,Mid,56,Male,550309,71.0,3.779634005398754,3.7977298644717936,30,5,1.0,32
EMP-000695,2016-02-10,Operations,Junior,42,Female,1898815,109.0,2.251808987871038,4.505093141592802,24,5,0.0,37
EMP-000696,2015-01-21,IT,Junior,28,Male,1686338,109.0,1.5892711143730165,1.9063576578160157,23,3,0.0,11
EMP-000697,2019-06-03,HR,Junior,46,Male,1391648,71.0,3.083326992539431,4.61755869260544,26,8,0.0,19
EMP-000698,2016-11-18,IT,Mid,56,Female,381391,51.0,2.2296109711431953,3.7297001623811874,41,1,0.0,33
EMP-000699,2020-02-24,Operations,Lead,24,Female,1518547,108.0,4.0778671890029585,4.216778303110878,11,9,1.0,24
EMP-000700,2017-10-17,IT,Lead,49,Male,1405989,33.0,3.5811301375243993,1.5138684937325073,49,1,0.0,7
EMP-000701,2020-06-03,IT,Junior,59,Male,1328661,18.0,4.301165264898551,1.8950583349723575,41,2,0.0,1
EMP-000702,2016-12-20,IT,Lead,42,Female,1289129,,3.4076559766639747,2.224429535399254,31,7,0.0,13
EMP-000703,2015-08-17,Marketing,Manager,46,,792723,91.0,4.02378818029456,4.919374992222682,7,4,1.0,27
EMP-000704,2016-12-01,Operations,Mid,53,Male,917962,58.0,4.292448091903829,2.371790475873539,5,4,0.0,35
EMP-000705,2019-11-20,Finance,Mid,37,Female,979259,,4.73041328702535,2.1271757050784506,35,5,0.0,4
EMP-000706,2017-07-20,IT,Manager,24,Female,476780,25.0,2.978938418966579,1.1108236013279993,29,6,1.0,21
EMP-000707,2019-08-10,Marketing,Manager,47,Female,1933862,66.0,3.8851702346852557,4.6653713128319065,0,3,1.0,43
EMP-000708,2021-04-26,Sales,Lead,37,Male,486194,29.0,2.2361402176581606,2.7569182454096297,40,7,1.0,43
EMP-000709,2017-12-28,Finance,Mid,32,Female,1614464,22.0,1.1189922260241731,2.421604460102789,32,8,1.0,3
EMP-000710,2017-06-15,IT,Lead,36,Female,1525222,23.0,2.5573468165043507,3.7525055113602575,17,8,0.0,30
EMP-000711,2016-07-10,Finance,Manager,58,Female,1346174,17.0,4.04488294408109,3.0235280605271746,47,0,,21
EMP-000712,2016-03-21,Operations,Junior,40,Male,1348404,112.0,4.83483380682759,2.7464573032362383,24,6,1.0,29
EMP-000713,2018-04-15,Sales,Lead,55,Male,306520,89.0,1.4401229016425292,4.02431807191461,21,3,1.0,28
EMP-000714,2017-08-12,Sales,Senior,31,Male,736330,40.0,3.2264140032140207,1.9510335219790624,47,0,1.0,22
EMP-000715,2018-04-04,Marketing,Senior,22,Male,853226,42.0,2.634605062485548,4.513160386204747,2,2,1.0,28
EMP-000716,2019-12-04,Operations,Manager,52,Male,438685,82.0,2.301283153733842,1.5728381276919716,18,1,0.0,18
EMP-000717,2016-09-14,Finance,Senior,46,Female,337812,80.0,2.2736491932360035,3.5086589853319317,43,0,1.0,3
EMP-000718,2016-08-30,IT,Junior,38,Female,1259018,64.0,3.84627387284406,2.7849709496497437,39,9,,12
EMP-000719,2015-02-20,Finance,Senior,25,Male,1552979,17.0,1.4252203755204857,2.461751319541931,38,2,0.0,30
EMP-000720,2018-10-11,Sales,Manager,36,Male,1151637,91.0,4.0846140535613324,1.440493261814264,38,4,1.0,25
EMP-000721,2016-11-25,IT,Mid,55,Female,516843,62.0,4.805968177033253,1.289335955606747,11,8,1.0,35
EMP-000722,2016-03-04,IT,Junior,34,Female,322031,95.0,4.431591768045472,4.673806756876996,46,1,0.0,5
EMP-000723,2021-05-04,IT,Manager,43,Female,718741,90.0,4.948578226903745,2.6921962375037025,26,2,0.0,1
EMP-000724,2020-02-16,Finance,Manager,55,Male,1186093,104.0,1.0570174263339829,4.32685989813769,14,3,0.0,11
EMP-000725,2020-04-25,HR,Lead,33,Male,603980,23.0,1.33452986600054,1.0497860090443965,33,8,1.0,7
EMP-000726,2015-07-11,Operations,Manager,57,Male,559428,64.0,2.1740297479028907,1.0791534140285401,3,0,,43
EMP-000727,2017-01-08,Finance,Manager,40,Female,407777,34.0,2.8784317923327967,4.821144212697455,35,2,1.0,21
EMP-000728,2015-08-20,Marketing,Senior,44,Male,1369199,7.0,1.67611774838598,1.4906964570811758,5,0,1.0,22
EMP-000729,2018-09-08,IT,Junior,22,Male,653533,90.0,1.303820326431906,4.84091530990343,25,6,1.0,17
EMP-000730,2020-11-03,Finance,Junior,33,Male,475528,39.0,1.0474139062375598,1.3663276228651182,40,3,1.0,20
EMP-000731,2015-01-01,Marketing,Junior,59,Female,658079,65.0,2.8431651871201487,1.8169562149877025,49,5,1.0,14
EMP-000732,2015-08-24,HR,Manager,48,Female,688683,30.0,4.263876681316843,2.1358420238646203,46,7,1.0,42
EMP-000733,2017-07-04,Finance,Lead,29,Female,862306,63.0,1.6992540068183195,3.944328709948987,34,5,1.0,20
EMP-000734,2021-03-01,HR,Junior,22,Female,1780487,69.0,4.910057744156266,,29,4,1.0,38
EMP-000735,2020-11-17,Operations,Junior,34,Female,668447,18.0,3.6106082218006774,1.0024342839691522,11,1,1.0,25
EMP-000736,2019-01-28,HR,Senior,40,Male,812737,82.0,1.8488735273308072,2.593227854796405,1,2,0.0,0
EMP-000737,2016-03-02,Marketing,Manager,41,Male,414176,97.0,3.5495468366149967,4.928728321532146,15,4,0.0,42
EMP-000738,2018-08-29,Finance,Lead,49,Male,1531221,86.0,3.4522218931455546,2.4377370030162515,16,4,1.0,23
EMP-000739,2019-08-19,Operations,Lead,45,Male,394499,2.0,4.4838070997155715,4.673445785737392,20,3,1.0,42
EMP-000740,2021-02-26,Sales,Junior,55,Male,1297514,118.0,4.727451546220937,4.016039326547736,38,4,,13
EMP-000741,2018-11-07,HR,Senior,54,Female,1287598,104.0,1.593332943503643,4.214943983468655,47,3,0.0,34
EMP-000742,2015-02-25,Marketing,Senior,42,Female,1487330,100.0,2.344070165477397,3.090142618439908,1,0,0.0,46
EMP-000743,2015-12-27,HR,Lead,31,Male,323948,76.0,4.960665571869777,,6,3,0.0,37
EMP-000744,2018-09-14,Operations,Senior,51,Male,577090,87.0,3.003704346026213,3.259624215376637,31,0,0.0,6
EMP-000745,2016-08-29,IT,Junior,38,Male,588381,62.0,3.33990006476831,2.1727621115074327,9,3,1.0,14
EMP-000746,2019-03-04,Sales,Manager,56,Male,1321818,80.0,4.834117746798189,3.703705063663181,10,5,0.0,30
EMP-000747,2021-03-25,Finance,Mid,37,Female,630309,116.0,4.361183928158318,3.1512669640338045,7,4,1.0,45
EMP-000748,2015-03-01,Operations,Manager,59,Female,452572,110.0,3.730271532737452,2.4516987866184756,14,7,0.0,16
EMP-000749,2017-05-20,Marketing,Mid,23,Male,756227,75.0,1.4406748189331844,3.482042044253238,13,3,1.0,15
EMP-000750,2015-07-01,Sales,Lead,30,Male,1154378,115.0,4.016931100194852,1.569460128029906,1,5,1.0,29
EMP-000751,2017-10-20,Sales,Manager,45,Female,1747341,21.0,4.415473067078343,2.0579643922321176,15,0,0.0,11
EMP-000752,2017-04-07,Marketing,Mid,33,Male,1770170,26.0,4.077572790869651,3.5221535606284884,14,1,0.0,14
EMP-000753,2016-02-15,Sales,Junior,32,Female,757458,14.0,2.34373204736993,3.9914681385383015,5,9,1.0,12
EMP-000754,2016-04-25,Finance,,28,Female,824081,38.0,1.146746220866107,3.4960151353235385,10,2,1.0,43
EMP-000755,2018-04-10,HR,Mid,23,Female,381177,92.0,1.6437754302352046,4.81146718148417,38,3,1.0,44
EMP-000756,2020-10-11,Marketing,Lead,41,Male,1846169,56.0,2.9995870818374066,,6,9,0.0,39
EMP-000757,2016-08-10,Sales,Mid,27,Female,1396991,112.0,2.4148100119771168,4.943503175447757,29,4,1.0,28
EMP-000758,2020-05-15,HR,Junior,26,,336226,21.0,3.0420401289216814,,32,9,1.0,5
EMP-000759,2018-03-10,HR,Mid,47,Male,1384634,51.0,3.192735793663609,2.1045726525128754,40,6,1.0,6
EMP-000760,2021-01-13,HR,Lead,48,Male,1472499,53.0,1.4544162957786106,3.7486379008302686,43,1,0.0,9
EMP-000761,2015-05-15,Finance,Lead,24,Female,986416,,1.6106114294257363,2.831203458136304,35,5,0.0,0
EMP-000762,2021-06-22,IT,,48,Male,477064,88.0,4.2138588244506945,3.741883553454386,19,0,1.0,47
EMP-000763,2018-04-24,Finance,Mid,56,Male,1173298,81.0,3.443814372399704,3.0614602795781907,46,5,0.0,6
EMP-000764,2021-08-04,Sales,Senior,35,Male,1734166,102.0,4.962090830663165,3.177317527592658,10,1,1.0,46
EMP-000765,2020-04-12,HR,Junior,35,Male,1340183,1.0,4.683380650216323,4.630056342954495,26,7,1.0,7
EMP-000766,2017-10-22,Sales,Senior,30,Male,1333912,30.0,3.19897298319121,3.8459120982138746,2,6,0.0,47
EMP-000767,2016-08-26,Sales,Lead,54,Male,646588,109.0,4.956508260068711,3.6385506627843083,20,2,0.0,34
EMP-000768,2021-08-31,Sales,Mid,55,Male,752223,116.0,2.7306189403914134,3.578388932076238,12,7,0.0,5
EMP-000769,2017-11-22,HR,Junior,32,Female,608128,18.0,4.764105460692171,4.507069278363938,42,8,1.0,12
EMP-000770,2017-07-14,HR,Senior,23,Male,1281500,28.0,4.099264476345372,4.291021834472455,0,0,1.0,19
EMP-000771,2015-10-11,Finance,Lead,41,Male,440506,107.0,3.1054961766971165,1.7712335236536942,37,1,0.0,35
EMP-000772,2016-11-28,IT,Manager,43,Female,1694792,97.0,1.552921472763979,3.6891742464611195,34,5,0.0,13
EMP-000773,2018-12-12,Marketing,Senior,26,Female,1527508,52.0,2.3525146431009887,3.966918037355337,14,7,0.0,33
EMP-000774,2017-08-19,Operations,Senior,24,Female,1542643,49.0,2.523161272722658,2.4927799927699295,24,1,1.0,1
EMP-000775,2016-01-23,Marketing,Junior,53,Female,861812,68.0,2.2188741664160077,1.7082793284851974,24,7,0.0,24
EMP-000776,2017-02-06,Sales,,53,Male,502696,12.0,2.1573761477045363,4.064032536310215,31,6,1.0,1
EMP-000777,2015-02-11,Sales,Senior,34,Male,1067642,109.0,2.0014880992831463,1.4065883750565953,46,3,0.0,13
EMP-000778,2018-08-24,Marketing,Lead,59,Male,1731975,85.0,1.3258755017817054,3.7494908538963916,30,7,1.0,20
EMP-000779,2019-05-03,HR,Manager,58,Male,1518491,29.0,4.903768229059985,4.0391060207471075,0,6,0.0,32
EMP-000780,2021-05-31,Finance,Mid,23,Female,1426262,60.0,4.538578946799054,2.0378025941787925,4,7,0.0,26
EMP-000781,2015-03-27,Operations,Senior,35,Female,1311200,53.0,4.988040248445437,3.354950509845928,24,8,0.0,42
EMP-000782,2021-09-20,IT,Senior,33,Male,1544541,52.0,2.44208406633155,3.412583095665698,41,5,0.0,44
EMP-000783,2018-08-03,Finance,Junior,24,Male,1049597,77.0,3.064976392392023,4.565501240912325,1,9,1.0,31
EMP-000784,2020-11-09,Finance,Lead,42,Female,1944112,84.0,1.0438995935417497,4.463888151898898,47,4,1.0,45
EMP-000785,2018-06-20,Operations,Junior,35,Male,1027967,102.0,3.207559630962583,1.4094205212809436,5,4,1.0,17
EMP-000786,2021-10-08,Operations,Manager,36,Male,1676271,95.0,4.132035327161455,2.973183093514163,4,0,1.0,36
EMP-000787,2018-07-03,Marketing,Mid,49,Female,1874074,96.0,4.675914693223054,2.5824394767496783,44,2,1.0,23
EMP-000788,2018-09-20,Sales,Senior,57,Male,1677033,66.0,3.8675064946439535,4.966225643005462,18,0,0.0,36
EMP-000789,2016-01-16,Operations,Manager,27,Female,1152250,119.0,4.166188100781932,4.366046500554167,46,7,1.0,8
EMP-000790,2019-02-22,Marketing,Manager,29,Female,602068,41.0,1.4216685626924837,4.654502444531989,42,6,1.0,10
EMP-000791,2015-02-05,HR,Junior,25,Male,1094672,90.0,3.6371408103800444,2.0907871203839954,0,5,0.0,17
EMP-000792,2020-07-17,Marketing,Manager,23,Female,327321,58.0,2.8236265947238253,4.892245053128434,1,1,1.0,39
EMP-000793,2019-06-04,Sales,Mid,35,Male,1950881,87.0,4.5761384658976905,1.653263228737205,21,4,1.0,33
EMP-000794,2019-04-02,Marketing,Lead,25,Male,305882,20.0,1.4113458575432074,1.2190638724767089,46,3,0.0,34
EMP-000795,2021-10-13,Finance,Mid,46,Female,377933,5.0,4.64060777958729,4.545878028509103,25,3,0.0,1
EMP-000796,2019-10-16,Marketing,Manager,32,Male,1285442,105.0,2.1093076793119194,1.7075335718840097,14,0,1.0,23
EMP-000797,2017-12-19,HR,Mid,36,Male,1824937,101.0,3.3789407761674237,3.3284689223155333,30,7,1.0,2
EMP-000798,2019-11-26,IT,Senior,49,Male,1918331,19.0,4.365486933582965,1.2252137465511925,22,8,1.0,12
EMP-000799,2020-11-27,Sales,Lead,34,Female,338179,83.0,3.6469251642909772,4.196132022506342,45,9,0.0,47
EMP-000800,2020-03-25,HR,Mid,44,Male,1109333,89.0,3.7941670381416595,1.3034139674473386,15,1,0.0,4
EMP-000801,2018-09-02,IT,,53,Female,1200374,94.0,2.005075626231386,3.989842046479555,39,5,0.0,45
EMP-000802,2016-08-02,HR,Junior,48,Male,1351105,110.0,1.3769175722638272,1.8060086765700079,10,2,1.0,10
EMP-000803,2021-03-02,Sales,Senior,29,Male,1089437,81.0,4.467502224800011,3.0881091809528636,1,7,1.0,41
EMP-000804,2015-04-26,Sales,Lead,40,Male,1492299,6.0,4.462781891202895,2.793168946465035,25,3,1.0,32
EMP-000805,2017-12-11,HR,Senior,47,Female,1296142,100.0,2.0585479809182043,4.704308242411678,20,3,0.0,36
EMP-000806,2021-09-22,Operations,Mid,55,Female,788371,47.0,1.0781112992260833,2.983294860815698,35,6,1.0,5
EMP-000807,2020-05-28,IT,Junior,54,Male,1881557,78.0,3.7807565827862346,1.9526484645531932,35,6,0.0,10
EMP-000808,2021-04-17,HR,,30,Female,676665,8.0,3.4345172406381304,3.888040073870114,46,2,1.0,24
EMP-000809,2018-07-13,HR,Junior,50,Male,396579,59.0,3.8281682013991034,1.9784003220998758,21,9,1.0,14
EMP-000810,2015-10-26,Operations,Junior,28,Female,759737,114.0,4.688867070687886,4.713461613516055,10,8,0.0,6
EMP-000811,2017-06-06,HR,Senior,59,,628064,31.0,2.8142400150766416,3.9050096175046547,16,7,1.0,10
EMP-000812,2021-09-19,HR,Manager,26,Female,472127,11.0,4.728886381243278,4.329108746759642,24,5,0.0,4
EMP-000813,2018-11-19,HR,Manager,26,Male,1456516,47.0,3.5163443743113563,1.051898503577816,27,1,0.0,21
EMP-000814,2020-06-07,Operations,Lead,27,Female,1166470,14.0,3.33862109250222,4.647866045815956,34,2,0.0,26
EMP-000815,2017-06-28,Marketing,Senior,54,Male,397760,41.0,3.7528200280982658,2.17995518394104,40,8,1.0,23
EMP-000816,2019-01-08,HR,Mid,43,Female,1792816,65.0,1.7685170547774214,1.5891671277133446,41,9,1.0,37
EMP-000817,2020-12-18,HR,Lead,33,Female,772362,53.0,3.466267105015396,2.132395037079223,41,4,0.0,38
EMP-000818,2020-10-19,Marketing,Lead,22,Female,752552,65.0,1.0411793413281378,1.4508960137176201,43,2,0.0,16
EMP-000819,2017-01-31,Sales,Junior,55,Male,1912903,26.0,1.72072075277611,4.086387325103191,9,7,1.0,30
EMP-000820,2021-09-01,Finance,Mid,55,Female,533463,46.0,3.670576792927256,3.6406595848078127,12,9,1.0,37
EMP-000821,2021-02-24,Operations,Junior,49,Female,1607615,103.0,3.556746539939142,2.9829663759643585,13,8,0.0,4
EMP-000822,2016-12-28,Marketing,Senior,58,,1227541,70.0,4.4226261147995025,1.740241560531862,41,2,1.0,22
EMP-000823,2019-07-22,Sales,Lead,38,Female,755491,51.0,3.2641414054539033,4.330663848638041,29,1,0.0,47
EMP-000824,2020-12-06,Finance,Lead,36,Female,424716,79.0,1.6752482684911558,3.8884988144174066,27,3,0.0,37
EMP-000825,2016-04-27,HR,Mid,32,Female,836332,93.0,4.187991236712493,4.52107855695459,2,2,1.0,1
EMP-000826,2018-04-05,Finance,Manager,55,Male,1877829,11.0,2.854988057601464,4.86345801688757,34,5,0.0,16
EMP-000827,2019-11-29,IT,Manager,47,Female,1247362,72.0,1.2698536300147478,2.3440539821527393,46,5,0.0,10
EMP-000828,2017-07-18,Operations,,39,Male,1460534,86.0,4.174192156388167,2.2279761310482153,13,5,1.0,21
EMP-000829,2017-04-21,Sales,Junior,22,Male,966039,40.0,3.257220164213842,4.538756161574465,4,3,1.0,42
EMP-000830,2021-06-20,Finance,Senior,41,Male,1433243,91.0,3.451271795009818,3.9203021154595863,26,9,1.0,44
EMP-000831,2019-07-18,Marketing,Mid,40,Male,997290,101.0,1.7835056052385534,1.8472528912844242,49,0,,46
EMP-000832,2016-04-26,Marketing,Manager,41,Male,1594752,51.0,3.885538553097402,4.793398542342354,17,3,0.0,47
EMP-000833,2020-07-04,Marketing,Junior,58,Male,1792128,63.0,1.1661619905997864,1.2687455065000215,34,3,1.0,28
EMP-000834,2016-10-14,HR,Lead,48,Male,974843,34.0,2.284383115264248,1.603309383194833,20,8,0.0,8
EMP-000835,2017-11-01,Operations,Manager,56,Female,1271947,89.0,2.0276450550782354,2.740376054177923,35,0,0.0,36
EMP-000836,2017-10-30,Finance,Manager,47,Female,642103,94.0,3.573533719431424,3.5412856878358414,4,3,0.0,1
EMP-000837,2020-10-20,Sales,Senior,27,Male,1079090,10.0,4.592383248891913,4.7917211683693814,9,8,1.0,41
EMP-000838,2020-10-16,Marketing,Manager,45,Female,1618253,92.0,2.128084116642283,2.679540642154761,34,2,1.0,36
EMP-000839,2019-04-05,Sales,Manager,59,Male,429311,116.0,3.837338673976756,1.2757957020703925,8,1,0.0,7
EMP-000840,2019-04-19,HR,Lead,40,Male,924489,6.0,4.891384281295612,2.382927091140013,18,6,1.0,39
EMP-000841,2016-11-18,Finance,Mid,53,Female,787719,20.0,3.7359882118909473,2.3483397342462387,10,1,1.0,1
EMP-000842,2019-05-06,Operations,Manager,53,Male,1067672,11.0,4.368571804140997,4.147824519073762,23,6,1.0,42
EMP-000843,2015-03-18,HR,Senior,45,Female,1010224,19.0,1.5315940775888488,1.0498675296041653,16,7,1.0,38
EMP-000844,2020-01-29,Marketing,Manager,54,Male,1310219,104.0,4.003813565724959,1.6841941259470339,27,2,1.0,18
EMP-000845,2019-04-01,IT,Senior,410,Female,808455,,3.6072645908615524,2.138183765806949,26,2,1.0,23
EMP-000846,2020-07-10,Finance,Junior,53,Female,1359707,104.0,2.8480701087561933,3.153277688512583,48,4,1.0,37
EMP-000847,2015-12-19,Finance,Manager,38,Female,429674,,2.302803019364632,2.7827919111418087,3,4,1.0,29
EMP-000848,2019-10-08,IT,Senior,22,Male,381897,112.0,3.6603572499930297,4.891068152285662,24,4,0.0,1
EMP-000849,2016-09-08,IT,,44,Female,1324931,48.0,2.463761169073322,4.973428890058778,46,7,1.0,21
EMP-000850,2018-08-12,HR,Manager,25,Female,1365854,61.0,1.5043201178031569,4.307291918709768,30,1,0.0,17
EMP-000851,2019-05-13,HR,Senior,26,Male,1024624,54.0,4.564053244902323,2.391012785720128,27,0,1.0,6
EMP-000852,2020-09-16,Marketing,Senior,39,Female,529675,40.0,1.3586496486459962,3.1144301334113256,21,5,1.0,30
EMP-000853,2016-01-18,IT,Manager,52,Female,1034864,71.0,2.205324497568656,2.81993176307099,22,2,0.0,42
EMP-000854,2020-10-04,IT,Manager,59,Male,445740,96.0,4.303133853195102,4.1368640513315516,41,9,1.0,35
EMP-000855,2021-02-11,HR,Mid,37,Female,1809044,80.0,3.451375680129604,2.7336856813603143,42,8,,30
EMP-000856,2016-12-02,Marketing,Lead,33,Male,1288473,70.0,2.413781147819069,3.3564931242280442,35,8,0.0,37
EMP-000857,2015-02-23,HR,Manager,31,Female,1477134,69.0,1.0629214536488405,3.370259560939677,45,6,1.0,22
EMP-000858,2021-07-21,Finance,Senior,40,Male,717342,52.0,2.170506990345198,48.36818954327853,28,3,0.0,46
EMP-000859,2015-07-18,Operations,Mid,47,Male,764909,7.0,2.8670484065077453,2.09601287739731,1,7,1.0,13
EMP-000860,2015-12-13,Operations,Mid,53,Female,681714,89.0,4.583534211795503,1.6009201439711163,25,5,1.0,22
EMP-000861,2020-11-25,Finance,Mid,54,Male,1409581,60.0,2.868437532207993,4.119071738609527,17,9,1.0,31
EMP-000862,2016-06-26,Operations,Lead,58,Male,610196,114.0,3.4075546122389535,2.554806348291632,47,1,1.0,27
EMP-000863,2018-01-04,Sales,Manager,58,Male,1054765,9.0,1.8292015776193833,2.403235643544469,10,9,0.0,38
EMP-000864,2019-01-11,HR,Manager,47,Male,1575532,101.0,1.53234575888595,1.6900557508394272,24,3,0.0,44
EMP-000865,2017-08-04,HR,Mid,47,Male,493177,69.0,1.0713279273348277,1.7560490516951983,48,8,1.0,13
EMP-000866,2021-03-13,IT,Mid,53,Female,1955055,55.0,3.0391344250887338,2.212487815167505,47,3,1.0,38
EMP-000867,2015-04-12,Marketing,Mid,32,Female,878528,,4.9534730783831105,3.71024912661507,1,7,0.0,0
EMP-000868,2021-06-14,Finance,Senior,45,Male,602223,95.0,3.371613429378879,1.2666257513672932,7,6,0.0,35
EMP-000869,2020-02-15,Marketing,Lead,28,,1159715,3.0,2.81631666075685,3.3753916352990916,47,0,1.0,16
EMP-000870,2020-11-07,Operations,Lead,25,Male,1533167,56.0,4.7806591184143326,1.0654266458324155,42,4,0.0,35
EMP-000871,2017-10-08,HR,Lead,23,Male,823806,41.0,1.3203096798552956,1.113112924066776,24,6,0.0,4
EMP-000872,2016-07-03,Marketing,Junior,45,Female,1913116,69.0,4.469972744280183,4.6869896546504,4,4,1.0,44
EMP-000873,2018-12-12,Finance,Lead,51,Male,380813,81.0,2.0622564904725285,4.979027257966052,38,6,1.0,34
EMP-000874,2021-03-19,Marketing,Mid,56,Female,849384,61.0,3.496550074057564,2.442757488785796,47,6,1.0,3
EMP-000875,2016-02-10,Marketing,Junior,49,Male,1324218,25.0,2.9105498531241785,3.288574339726525,43,8,0.0,0
EMP-000876,2015-11-06,Operations,Lead,30,Female,1638938,,4.274208045105423,2.5171729324919734,17,6,0.0,34
EMP-000877,2016-09-17,Finance,Senior,53,Female,1181198,109.0,1.7785992863087476,2.0397403039873283,6,2,1.0,6
EMP-000878,2015-10-25,Marketing,Lead,27,Female,494257,,2.210850403009668,2.974693641163123,8,6,0.0,38
EMP-000879,2020-01-26,Marketing,,28,Male,1511932,93.0,4.753081286736957,3.3594750483066935,16,1,1.0,30
EMP-000880,2018-06-08,Marketing,Senior,39,Female,856642,75.0,1.3240816729241867,3.8366643454508442,49,8,1.0,27
EMP-000881,2019-10-13,Finance,Lead,31,Male,478280,8.0,2.949063459245324,4.595100887220156,36,3,0.0,38
EMP-000882,2016-03-14,Marketing,Mid,38,,1820409,95.0,4.048973578097806,4.231992738294862,26,3,0.0,19
EMP-000883,2018-11-12,Operations,Junior,56,Female,1396675,83.0,4.545531359598316,2.7571336896312078,29,0,1.0,32
EMP-000884,2020-08-03,HR,Senior,34,Male,676184,40.0,4.411958073313777,3.3249792515350034,21,7,0.0,31
EMP-000885,2018-01-16,IT,Junior,55,Female,582802,11.0,2.215057212969162,1.8457749471218579,29,9,0.0,47
EMP-000886,2020-01-07,IT,Junior,57,Male,1855350,15.0,4.198397466151286,2.883915129566638,31,2,0.0,46
EMP-000887,2016-02-29,Finance,Senior,23,,812823,109.0,4.4404182696158685,4.237401164321377,20,4,0.0,43
EMP-000888,2020-09-20,HR,Manager,31,Female,1506488,72.0,1.175600573085441,2.714716660056191,37,0,1.0,18
EMP-000889,2019-06-11,HR,Mid,50,Female,1271366,113.0,2.4033344741492764,2.8677146978155466,14,9,1.0,46
EMP-000890,2019-03-15,Finance,Manager,59,Male,1385976,6.0,2.9685506646697353,3.3279288739502992,15,8,0.0,31
EMP-000891,2020-05-12,Finance,Lead,37,Female,1516150,51.0,3.2418566825540585,4.766247936444994,43,9,0.0,1
EMP-000892,2018-12-23,Sales,Manager,35,Male,1074388,76.0,4.966576773802505,2.583286636773565,34,8,0.0,45
EMP-000893,2019-11-12,IT,Junior,48,Female,857139,49.0,3.448339854932052,2.4411073334589717,42,4,0.0,29
EMP-000894,2017-08-03,Operations,Senior,26,Female,757298,24.0,3.6361416374995206,2.3555416931483806,0,8,1.0,22
EMP-000895,2017-04-11,IT,Manager,38,Female,554805,106.0,3.9354233645675123,1.7235246996055609,45,7,1.0,36
EMP-000896,2020-07-19,Marketing,Senior,55,Male,1164228,13.0,1.8302076768586146,2.6847441816970443,32,6,0.0,44
EMP-000897,2019-08-29,Sales,Mid,370,Female,1370196,115.0,2.7015654630557377,2.518858345057896,44,5,1.0,39
EMP-000898,2015-11-05,IT,Senior,55,Male,1306561,118.0,1.254154017828108,4.17553769452846,48,1,0.0,3
EMP-000899,2015-01-07,IT,Senior,42,Male,603907,34.0,3.8318506272423836,2.253683544206239,33,9,1.0,24
EMP-000900,2016-01-18,IT,Manager,48,Female,792052,101.0,2.8262356459769777,2.5391318591965675,15,3,1.0,1
EMP-000901,2021-09-20,HR,Junior,38,Male,1977814,94.0,3.7606058824234125,1.4767333976945936,19,2,0.0,37
EMP-000902,2020-04-04,Finance,Manager,55,Female,1104447,58.0,2.812867135417847,2.771498621960642,21,1,1.0,20
EMP-000903,2020-08-09,IT,Manager,36,Male,1540976,116.0,1.6071292215870705,4.519453354376581,24,0,0.0,18
EMP-000904,2020-10-03,Operations,Mid,49,Male,1540484,72.0,1.3000286624755106,3.1255394024095184,24,4,1.0,17
EMP-000905,2016-05-14,Finance,Manager,37,Female,615528,31.0,4.688948921327551,4.763357588335824,35,7,1.0,12
EMP-000906,2018-08-26,HR,Junior,29,Male,1982702,70.0,2.294782285233105,3.108455938199888,41,5,0.0,7
EMP-000907,2020-10-19,Operations,Manager,52,Male,1639110,119.0,4.575812065552665,1.4886692861954236,12,1,0.0,0
EMP-000908,2018-01-29,IT,Lead,48,Female,1940671,107.0,4.467407070265809,2.5376763771788187,22,0,0.0,26
EMP-000909,2018-08-09,IT,Manager,30,Male,478865,112.0,1.3792595779795405,1.2783960830477232,21,0,0.0,32
EMP-000910,2016-05-05,Marketing,Junior,37,Male,601975,98.0,2.535434386619729,2.649452992589402,36,8,0.0,25
EMP-000911,2015-05-06,IT,Mid,40,Female,1542226,99.0,1.524756297767016,4.97495176546426,47,2,,29
EMP-000912,2015-03-11,Sales,Mid,43,Female,372631,16.0,4.522029186717047,3.700698046583913,0,2,0.0,13
EMP-000913,2017-02-27,HR,Junior,27,Female,900712,99.0,3.698851391159142,1.7284210654844863,12,2,0.0,24
EMP-000914,2021-01-09,Marketing,Junior,45,Male,1718478,87.0,2.873078175152167,2.7869883264690896,10,9,0.0,41
EMP-000915,2020-08-16,Sales,Junior,43,Female,1168918,11.0,1.6442827432836866,1.3385780146643387,11,5,1.0,1
EMP-000916,2020-07-25,HR,Junior,51,Male,1802418,115.0,1.869123910683696,2.195929744325475,21,9,0.0,11
EMP-000917,2018-12-12,Operations,Mid,45,Male,1788066,105.0,2.1855159481806905,3.149714996766767,26,8,0.0,40
EMP-000918,2016-03-22,Finance,Mid,44,Male,1431232,99.0,2.086803493593094,4.149829222539793,7,5,0.0,14
EMP-000919,2016-07-24,Operations,Senior,32,Male,1814090,112.0,2.2564306350523062,2.4304783780566046,42,7,1.0,17
EMP-000920,2018-02-01,HR,Manager,44,Male,597135,30.0,1.927085098199775,4.762847254182726,42,9,1.0,2
EMP-000921,2019-11-30,Operations,Junior,51,,392690,84.0,4.502091659643055,3.950674582667692,26,9,1.0,36
EMP-000922,2018-04-26,Marketing,Mid,34,Female,1605542,45.0,3.840211811185224,1.7214632860925336,32,6,0.0,27
EMP-000923,2015-04-13,Operations,Mid,31,Female,1981591,39.0,1.236093064834761,4.5111064469887046,25,8,0.0,15
EMP-000924,2019-03-01,Finance,Junior,55,Female,708554,101.0,1.1437954235300904,1.6087758498160545,9,0,1.0,17
EMP-000925,2015-08-06,IT,Manager,28,Male,1435222,56.0,2.6762871874721843,1.2208578919209048,40,4,1.0,16
EMP-000926,2016-07-17,Sales,Junior,43,Male,408407,108.0,3.8473145425173847,3.763448709007176,42,1,1.0,29
EMP-000927,2021-03-23,Marketing,Mid,27,Female,1623867,106.0,1.3249613292084135,,10,5,1.0,8
EMP-000928,2021-05-03,Marketing,Lead,37,Male,1150218,,4.24105446195074,2.418711349121429,26,1,0.0,27
EMP-000929,2016-06-19,Operations,Lead,30,Female,1669373,53.0,3.4167348227169856,3.2575071260999677,47,5,0.0,26
EMP-000930,2018-04-03,Sales,Manager,49,Male,635041,54.0,3.891942667565266,2.060294415880269,15,5,1.0,46
EMP-000931,2016-02-06,IT,Senior,42,Male,1292953,95.0,1.3979316195214215,1.0645877354764073,2,6,0.0,35
EMP-000932,2016-10-23,Marketing,Manager,45,Female,337228,97.0,4.728986881182411,2.6568717241964763,47,9,1.0,14
EMP-000933,2020-09-12,Operations,Lead,58,Male,1224779,78.0,4.813037503074948,1.173698791479517,49,3,0.0,4
EMP-000934,2015-05-04,Marketing,Junior,57,Female,1944758,11.0,2.6778958315739976,4.55581666939247,11,2,0.0,30
EMP-000935,2021-09-17,HR,Mid,53,Female,1009044,75.0,2.910676071579529,2.553486931380494,8,7,1.0,42
EMP-000936,2021-04-01,IT,Mid,28,Male,1170396,95.0,3.874349676218866,3.98133577830816,19,6,0.0,1
EMP-000937,2017-08-12,Marketing,Mid,55,Male,326430,89.0,3.3957994563363516,4.0911325652298896,19,6,1.0,34
EMP-000938,2015-01-14,Operations,Lead,38,Male,863941,90.0,1.5298189585826787,2.609138194126702,3,7,0.0,22
EMP-000939,2021-09-29,Sales,Junior,54,Male,328383,63.0,3.591876268224296,45.364113482554984,16,0,0.0,25
EMP-000940,2021-07-20,Sales,,50,Male,1748907,3.0,2.8883177024806184,2.30207831592213,9,5,1.0,0
EMP-000941,2018-02-14,Operations,,23,Female,702703,53.0,4.840454543848731,1.138504766272035,45,4,1.0,42
EMP-000942,2021-10-16,Sales,Lead,36,Female,712880,83.0,3.9131220475462136,3.633608047305671,33,7,0.0,25
EMP-000943,2018-05-01,Sales,Mid,34,Male,510145,45.0,2.293641586929086,2.9372873641905417,2,2,1.0,33
EMP-000944,2021-05-14,Sales,Manager,58,Male,1630567,36.0,2.7877587254656313,4.476155935321191,35,2,0.0,39
EMP-000945,2017-12-28,IT,Senior,56,Male,1691817,89.0,3.1972898574615343,3.3374165926285673,20,8,1.0,31
EMP-000946,2021-08-05,Sales,Senior,540,Male,1561148,92.0,1.3357223708434525,3.3723922824592267,24,-4,1.0,6
EMP-000947,2020-05-13,Sales,Lead,27,Female,1645553,92.0,3.4203424134927096,3.728635260053227,4,0,1.0,39
EMP-000948,2016-09-18,Marketing,Lead,51,Female,1095145,34.0,1.0131282483915571,4.459165923504571,21,1,0.0,15
EMP-000949,2015-08-24,Operations,Mid,24,Male,1948973,80.0,2.297642767589587,4.9508189144165105,21,8,1.0,20
EMP-000950,2020-05-25,Finance,,49,Male,1436732,34.0,2.840254302580833,4.907770771313697,47,8,0.0,25
EMP-000951,2019-03-26,HR,Lead,30,Female,1437324,76.0,2.772251066672777,2.1250523683993117,48,7,1.0,33
EMP-000952,2021-01-04,Operations,Manager,50,Female,1963516,76.0,4.3023820653708515,2.7114328551206897,13,0,1.0,28
EMP-000953,2015-01-08,Operations,Manager,39,Male,1130694,94.0,1.9499268532188583,1.2523654286494388,46,1,0.0,14
EMP-000954,2019-10-04,Operations,Senior,57,Male,1759443,36.0,2.268461882493538,3.188145517356637,46,5,1.0,26
EMP-000955,2020-06-21,HR,Junior,57,Female,1485267,,2.223003196863021,4.54923266545722,25,1,0.0,46
EMP-000956,2020-12-20,HR,Manager,44,Male,1782882,70.0,3.48291100972176,2.8595874641279653,23,3,0.0,16
EMP-000957,2017-08-08,IT,Senior,51,Female,1660089,36.0,2.7447287256769433,1.048343442643421,33,9,0.0,0
EMP-000958,2015-02-05,Marketing,Senior,56,Female,860315,71.0,2.780689156681665,3.637080957391817,48,0,0.0,13
EMP-000959,2016-03-20,HR,Junior,25,Female,1638944,91.0,1.7995511841721115,3.5419878527720816,17,7,1.0,9
EMP-000960,2020-06-01,Finance,Manager,22,Male,841102,103.0,1.215488343775403,3.860125678357236,14,7,0.0,47
EMP-000961,2018-03-09,IT,Senior,35,Male,413783,32.0,2.3179592922328673,4.453186943348077,23,4,0.0,33
EMP-000962,2016-03-26,Sales,Mid,56,Female,984833,107.0,4.352921886147568,2.1880578974878664,1,3,1.0,2
EMP-000963,2018-02-14,Sales,Junior,30,Male,381275,54.0,2.0121097136908026,2.3675353924333566,21,4,0.0,11
EMP-000964,2016-11-30,HR,Lead,50,Female,541212,64.0,3.097791281936815,1.3623950379516718,17,7,1.0,42
EMP-000965,2017-01-12,IT,Junior,58,Female,1775234,60.0,2.7149918432566547,1.0086008928500618,48,9,0.0,3
EMP-000966,2015-12-21,Operations,Manager,31,Male,880894,29.0,4.590248196588545,1.0703150942513795,31,2,0.0,4
EMP-000967,2016-05-27,Sales,Mid,58,Female,1587090,1.0,1.3728528415060626,1.3176225914655069,34,2,1.0,12
EMP-000968,2017-03-21,HR,Junior,44,Male,1677658,26.0,1.2169274199469817,1.3153494227885836,37,5,1.0,45
EMP-000969,2017-09-15,Operations,Junior,25,Male,1025889,23.0,3.7693475924799507,3.1606831548920824,35,5,0.0,39
EMP-000970,2017-12-16,Operations,Manager,30,Male,1493987,113.0,1.660105742037259,2.021268382817736,21,5,0.0,13
EMP-000971,2018-09-16,Operations,Lead,41,Female,888172,5.0,1.4977908949319065,3.930373044943958,16,9,1.0,6
EMP-000972,2016-01-05,Marketing,Lead,26,Female,656440,24.0,3.8471189901235854,2.3212058737952326,46,4,1.0,40
EMP-000973,2021-08-22,Finance,Senior,57,Male,405146,97.0,4.0027966310413845,3.711823919494898,12,0,0.0,27
EMP-000974,2021-03-16,IT,Junior,50,Female,1043624,111.0,1.2552085804924618,4.413877434586038,29,8,0.0,16
EMP-000975,2017-04-13,Marketing,Junior,37,Female,1029347,70.0,2.6356533201650905,3.1463824321425546,10,8,1.0,6
EMP-000976,2018-10-02,Operations,Mid,30,Female,1817793,110.0,3.879227792954651,,2,3,1.0,8
EMP-000977,2017-11-13,Finance,Junior,24,Female,1150732,84.0,2.9619558930086987,2.71777577721293,36,4,1.0,8
EMP-000978,2020-06-23,IT,Mid,31,Male,1512332,105.0,4.868437266936557,3.487603011561899,34,1,1.0,45
EMP-000979,2015-12-09,Sales,Mid,54,Male,650737,104.0,2.6518123073426567,4.180376082543658,42,1,1.0,18
EMP-000980,2018-12-04,IT,Senior,55,Female,1635030,58.0,1.485477101336159,4.65162889886349,28,8,1.0,3
EMP-000981,2019-10-13,IT,Manager,56,Male,658528,119.0,4.496341704692073,1.1608168717764462,36,1,0.0,44
EMP-000982,2019-07-11,IT,Senior,29,Female,348460,55.0,2.487193349518491,3.5446403835652336,35,3,0.0,47
EMP-000983,2018-02-03,HR,Senior,49,Female,1727207,97.0,1.3436415519492741,4.96407646626357,22,6,0.0,35
EMP-000984,2021-01-02,Marketing,Manager,45,Female,1779362,17.0,3.1720868917090077,4.725036408139006,18,7,1.0,6
EMP-000985,2021-06-25,Operations,Junior,57,Male,1637628,96.0,2.5717892210654543,1.184218418760178,33,5,1.0,44
EMP-000986,2020-05-22,Sales,Senior,41,Female,1834023,21.0,1.279568161119336,1.0456290970645084,41,7,1.0,5
EMP-000987,2016-02-21,IT,Manager,55,Male,1867012,35.0,2.1608524881976967,4.306325644161774,36,2,1.0,43
EMP-000988,2015-04-04,Marketing,Lead,44,Female,1554868,53.0,3.7521609547851535,3.919571903198612,7,2,0.0,34
EMP-000989,2016-10-31,IT,Junior,27,Female,1269496,16.0,3.3823657469634734,2.6329169489483335,43,7,0.0,31
EMP-000990,2020-05-12,Finance,Mid,30,Female,996275,9.0,4.981702616990933,3.0943489381290674,1,2,1.0,22
EMP-000991,2021-03-11,Operations,Manager,35,Female,1891970,31.0,3.4030999669365296,2.905552544245166,31,1,0.0,41
EMP-000992,2020-07-17,Sales,Mid,22,Female,673609,88.0,3.9371452890109184,4.797767703776927,34,6,1.0,30
EMP-000993,2021-06-27,IT,Lead,37,Male,1544872,114.0,3.2495975913929502,3.364847136333007,0,2,1.0,14
EMP-000994,2021-08-25,Sales,Junior,50,Male,974246,25.0,1.0151847551370214,4.907450129102214,6,7,1.0,3
EMP-000995,2019-04-03,HR,Senior,29,Male,1257372,12.0,4.4098310193992605,1.1537956598693704,49,9,0.0,47
EMP-000996,2017-11-10,HR,Lead,31,,1715683,111.0,1.1107370686506925,1.2685703001076916,3,0,0.0,36
EMP-000997,2016-10-23,HR,Mid,23,Female,626166,83.0,1.968183642091354,1.2433754204498082,33,6,1.0,44
EMP-000998,2018-05-06,IT,Senior,34,Female,1356753,103.0,4.213789390336973,2.2098984193183604,47,1,0.0,31
EMP-000999,2017-08-05,Operations,Lead,32,Female,1843411,104.0,3.9896425739056087,1.5836916440169722,47,9,1.0,22
EMP-001000,2015-02-04,HR,Junior,37,,1896251,113.0,4.040836733588172,3.6087974834510694,23,5,0.0,28
EMP-001001,2021-02-02,Operations,Manager,37,Male,1111985,8.0,2.1743484976943535,2.0893263387988434,2,7,0.0,22
EMP-001002,2020-12-26,Sales,Mid,33,Male,466948,60.0,1.184110083224477,3.2213946300051957,22,3,0.0,32
EMP-001003,2015-06-20,Sales,Senior,54,Female,1790301,104.0,3.735051667144112,2.6876335801333457,46,5,0.0,15
EMP-001004,2020-12-29,Operations,Mid,52,Male,1301989,15.0,2.230194323317831,4.531615612103868,0,6,0.0,45
EMP-001005,2017-03-07,Marketing,Lead,54,Female,1227392,109.0,3.6078304361487343,1.2629862538346837,47,4,0.0,0
EMP-001006,2016-01-12,Marketing,Lead,48,Female,1983100,96.0,3.7720480392553504,4.428639111898795,25,5,1.0,28
EMP-001007,2018-08-28,HR,Manager,55,Male,1600838,44.0,1.035068529513231,1.270482160981039,3,8,1.0,35
EMP-001008,2018-10-28,Sales,Mid,58,Female,889413,83.0,2.3787729047325454,2.9723662746622224,35,4,0.0,44
EMP-001009,2017-08-21,Sales,Manager,22,Male,1487276,94.0,1.6405268750858002,4.3208115000692935,14,0,1.0,12
EMP-001010,2018-06-11,IT,Lead,48,Male,1485697,10.0,3.1356039878247475,4.919984779718774,30,7,0.0,44
EMP-001011,2020-06-03,Sales,Mid,38,Female,1868755,65.0,1.7212372158042997,4.288465092626945,33,3,0.0,15
EMP-001012,2020-05-25,Operations,Senior,58,Female,860225,61.0,1.1469218840684672,3.3733645673040953,26,0,1.0,6
EMP-001013,2020-04-26,Sales,Lead,29,Male,1413846,9.0,1.7290705510672995,3.7723483165799454,26,7,1.0,21
EMP-001014,2015-08-07,Operations,Junior,57,Female,433948,92.0,1.1655599930364375,4.175683957795823,27,2,0.0,8
EMP-001015,2018-10-22,Finance,Manager,26,Female,407406,22.0,4.589908351125482,2.9955993035650184,17,6,0.0,4
EMP-001016,2019-01-08,Operations,Lead,47,Female,457306,59.0,3.814731963849921,2.9850317534160826,47,7,,27
EMP-001017,2020-12-13,Sales,Mid,22,Female,1332634,73.0,2.10711570275594,4.1128155291335275,29,-3,,9
EMP-001018,2018-03-05,Operations,Junior,27,Female,1239804,75.0,3.058059366505248,4.293293757779887,39,3,0.0,18
EMP-001019,2020-06-16,IT,Junior,59,Female,973862,58.0,1.7246543594487278,4.313430402927628,18,8,1.0,16
EMP-001020,2021-10-30,Operations,Junior,57,Male,1088721,3.0,4.114121781980035,30.078033690732656,44,2,1.0,28
EMP-001021,2021-02-07,HR,Mid,35,Male,1269928,92.0,3.581747652911613,3.605087784826936,27,2,0.0,47
EMP-001022,2021-02-05,Marketing,Mid,42,Female,1278608,73.0,1.416405142661251,3.45138539248177,26,5,1.0,3
EMP-001023,2017-01-15,HR,Mid,36,Male,1959746,61.0,1.2221854873336557,1.0581907760388738,42,6,,39
EMP-001024,2020-09-25,Marketing,Mid,53,Female,737605,3.0,1.273970351627709,4.620327617031833,10,0,1.0,43
EMP-001025,2017-02-26,Marketing,Senior,36,Female,1264643,46.0,2.2149420403297104,3.3562758717913477,5,5,1.0,29
EMP-001026,2015-05-28,Operations,Junior,47,Female,1141565,89.0,4.760174062336189,2.5869384308963674,29,1,1.0,6
EMP-001027,2017-06-29,Finance,Lead,38,Female,806807,110.0,3.1340139441513486,3.2294443901667345,15,7,0.0,33
EMP-001028,2015-09-14,Marketing,Mid,43,Female,1749604,96.0,3.341906664197339,2.7377898340189852,46,4,0.0,45
EMP-001029,2020-03-12,HR,Senior,38,Female,1797891,4.0,2.4779035222741705,1.9402326008078266,36,8,0.0,47
EMP-001030,2021-01-15,Finance,Mid,34,Male,1841729,107.0,3.936495774007988,4.986839936408037,46,1,1.0,4
EMP-001031,2018-02-25,Operations,Lead,22,Male,989057,104.0,1.2819527428065038,4.026423321716613,38,0,0.0,7
EMP-001032,2017-09-02,Finance,Manager,52,Female,449655,5.0,2.4034693887595213,2.1558763088564423,31,8,1.0,16
EMP-001033,2017-04-30,Marketing,Junior,45,Female,1544175,20.0,2.3776207538606804,1.7942350981204584,2,1,1.0,4
EMP-001034,2021-01-11,HR,Lead,51,Male,1926074,59.0,1.2478958325298795,1.4201969589951484,48,2,1.0,18
EMP-001035,2021-09-15,Operations,Manager,27,Male,1959317,72.0,1.098954012109152,3.1125571856328325,44,0,1.0,46
EMP-001036,2016-05-14,Marketing,Mid,43,Female,479006,96.0,4.640249493993157,1.9041785818138033,28,9,,24
EMP-001037,2015-12-14,Operations,Senior,47,Female,1052224,87.0,1.3053701022186894,2.748252095168293,47,4,1.0,26
EMP-001038,2016-02-14,Sales,Mid,48,Female,1964388,90.0,3.6116684423127827,4.460492317049004,27,1,0.0,6
EMP-001039,2017-04-09,Operations,Mid,31,Female,880546,76.0,4.375133626494039,,39,1,1.0,35
EMP-001040,2018-11-13,HR,Junior,50,Male,758628,100.0,1.5057772576473947,2.6382710869061143,39,3,0.0,31
EMP-001041,2020-05-12,Marketing,Manager,53,Female,799966,66.0,4.883569068094763,1.234835275815755,7,8,1.0,6
EMP-001042,2018-03-17,Finance,Senior,23,Female,305977,103.0,2.089422982368867,2.1305357193583343,34,6,1.0,22
EMP-001043,2019-05-09,HR,Lead,36,Female,609552,32.0,1.7748038695683652,4.589045160013862,8,7,1.0,12
EMP-001044,2020-06-23,Finance,Lead,25,Female,1665066,83.0,2.2016294447089484,3.9253961576638225,27,6,0.0,38
EMP-001045,2019-06-22,IT,,24,Male,538995,15.0,3.8594372926692797,1.1196542577919844,30,9,1.0,34
EMP-001046,2017-11-26,Finance,Manager,45,Male,522855,73.0,1.179130589978493,3.602222142332184,12,1,0.0,19
EMP-001047,2020-11-25,Sales,Junior,36,Female,1543372,92.0,3.0930656273224812,4.625463670366097,49,2,1.0,24
EMP-001048,2020-10-09,HR,Mid,24,Male,978082,41.0,4.224685500911006,1.8058477365249725,33,7,0.0,40
EMP-001049,2019-05-21,IT,Manager,46,Male,316444,18.0,2.93894156203243,3.0605047772690948,4,1,1.0,7
EMP-001050,2015-12-13,HR,Mid,37,Male,881075,62.0,2.737020315806063,2.4408304435587023,5,2,1.0,4
EMP-001051,2017-04-06,Sales,Senior,25,Male,1583425,15.0,2.1053540170367597,1.8023017021756136,29,5,0.0,47
EMP-001052,2020-08-30,HR,Senior,57,Male,313286,84.0,3.3632319623914007,4.411536364554756,49,1,1.0,4
EMP-001053,2018-03-10,IT,Lead,45,Female,1112240,7.0,2.4221426082694113,3.819703607262344,2,4,0.0,14
EMP-001054,2018-07-05,Sales,Mid,420,Male,1254185,45.0,4.489191556758667,1.1362742709361595,18,5,0.0,41
EMP-001055,2017-12-20,Finance,Manager,42,Female,1633121,51.0,4.147391971641109,1.5317763766898689,7,4,1.0,11
EMP-001056,2021-04-10,IT,Mid,50,Male,969116,68.0,2.5084764453202997,3.313143279232807,40,2,0.0,30
EMP-001057,2016-07-06,HR,Mid,39,Male,1618930,118.0,2.4320701537961757,3.7740512105992563,0,1,0.0,27
EMP-001058,2019-07-06,Marketing,Manager,35,Male,482252,107.0,2.6497459998857575,1.9752801592033244,0,6,0.0,23
EMP-001059,2015-03-30,IT,Mid,54,Male,900336,5.0,1.929656183818441,4.820815220165845,36,3,1.0,16
EMP-001060,2019-03-01,HR,Mid,23,Female,1551983,38.0,2.398127122513678,3.900713741711393,31,9,0.0,44
EMP-001061,2019-02-22,Sales,Senior,41,Male,1900698,92.0,4.826443002531706,3.844346274581132,32,1,1.0,37
EMP-001062,2020-10-23,Marketing,Lead,43,Male,1525698,112.0,4.098410645872629,4.293315730495607,21,2,0.0,7
EMP-001063,2019-09-02,IT,Lead,57,Male,820180,100.0,4.022357365785468,2.554701074895386,10,4,1.0,23
EMP-001064,2018-12-18,IT,Mid,48,Male,592325,13.0,3.52456217926149,3.2894015130248575,22,5,1.0,2
EMP-001065,2016-04-24,Operations,,49,Female,1235514,117.0,4.7457072907991655,2.859413084583504,28,9,,32
EMP-001066,2019-04-28,Finance,Senior,40,Female,507040,17.0,2.668990429620783,3.7572816515159517,34,8,1.0,6
EMP-001067,2015-07-12,IT,Manager,44,Female,1837502,118.0,1.6561680500642448,1.4341359944430234,18,8,1.0,28
EMP-001068,2016-05-14,Sales,Senior,39,Female,1057649,102.0,2.5919314451704145,1.0120594478327356,6,2,0.0,28
EMP-001069,2016-01-09,Sales,Manager,57,Female,832549,2.0,1.2223688158541668,3.7960126112964336,16,9,0.0,42
EMP-001070,2017-05-30,Marketing,Senior,32,Male,924129,54.0,2.167165385628397,1.9985726230632777,16,9,0.0,26
EMP-001071,2015-10-20,HR,Lead,55,Male,539066,1.0,3.127846364385643,3.7448443935742266,17,6,0.0,2
EMP-001072,2015-12-07,Marketing,Lead,46,,565689,66.0,3.1351916359458505,2.4008512444287455,9,8,1.0,27
EMP-001073,2017-09-17,Operations,Junior,34,Female,531323,52.0,1.0190440556461722,3.1019103274883886,35,3,1.0,1
EMP-001074,2021-02-24,Finance,Manager,30,Female,841319,37.0,2.8226325453872327,1.6165005830385364,29,3,0.0,1
EMP-001075,2016-04-20,Operations,Manager,53,Female,1650368,,3.524892538838588,4.462126700427626,24,5,1.0,19
EMP-001076,2015-09-16,Sales,Lead,47,Male,343284,6.0,4.112854149688307,2.4166657600696038,31,3,1.0,9
EMP-001077,2015-01-08,Finance,Manager,45,Male,674793,98.0,2.910432023721663,1.33163595526569,28,8,0.0,30
EMP-001078,2021-05-11,Finance,Manager,34,Female,1783386,116.0,2.8699170979700246,4.703531757555266,2,0,1.0,31
EMP-001079,2015-04-15,Marketing,Manager,58,Male,701361,63.0,2.694021923350798,1.4140294052545572,21,0,0.0,13
EMP-001080,2019-01-08,Finance,Lead,33,Male,563731,,2.293099749551734,1.0074121585597884,10,7,0.0,25
EMP-001081,2018-07-16,Operations,Lead,22,Male,1650666,34.0,3.597630568314308,3.8519854946982672,49,4,1.0,6
EMP-001082,2018-09-29,Finance,Manager,55,Male,1097586,16.0,3.3994847280231912,2.8447502385179924,32,8,0.0,34
EMP-001083,2016-08-28,Operations,Senior,37,Male,1745525,6.0,2.2231518741485456,1.220477534431458,2,6,1.0,11
EMP-001084,2018-01-27,IT,Mid,34,Female,944942,19.0,1.8466629624512696,1.2242249635831381,7,4,0.0,27
EMP-001085,2021-07-22,Marketing,Manager,30,Male,654052,107.0,2.6460048948411683,3.6606752297964427,40,7,0.0,35
EMP-001086,2018-04-01,Marketing,Mid,30,Male,1159978,,2.8292794688544416,4.95682174783168,1,6,0.0,22
EMP-001087,2016-08-16,Marketing,Lead,46,Female,900466,43.0,4.3764913253131095,2.8996156630768115,48,8,0.0,7
EMP-001088,2015-10-02,IT,Manager,55,Male,1648475,109.0,2.8802100527209666,2.350793233380935,11,9,0.0,36
EMP-001089,2019-04-22,IT,Senior,52,Female,815572,62.0,3.670256917611576,2.5199182150131367,15,-2,1.0,24
EMP-001090,2019-03-03,Finance,Junior,39,Male,366537,46.0,2.298739152204321,2.2567814450692345,45,3,1.0,36
EMP-001091,2019-05-06,Finance,Lead,53,Female,1055506,67.0,1.195448437140341,2.895170959830534,4,6,1.0,11
EMP-001092,2017-06-07,Sales,Manager,28,Female,1687822,23.0,4.866013936672763,2.00197999776804,20,9,0.0,32
EMP-001093,2016-12-17,HR,Mid,59,Male,589156,24.0,3.721533495942848,4.00410221120244,4,5,0.0,36
EMP-001094,2016-01-03,Marketing,Manager,49,Female,1171429,8.0,1.9584657372693948,4.115604940228475,2,2,0.0,7
EMP-001095,2021-01-27,Sales,Junior,40,Female,1750061,93.0,4.460130965473251,1.2026809678879067,28,0,0.0,30
EMP-001096,2018-08-12,Sales,Mid,57,Female,1112107,68.0,3.4108843533262316,4.585026174457935,30,0,0.0,10
EMP-001097,2015-10-15,IT,Senior,50,Female,405612,65.0,3.953091027617632,1.6336277362573268,49,2,1.0,9
EMP-001098,2017-06-25,IT,,56,Female,1030141,68.0,3.638436501251059,4.373239851096875,4,5,0.0,38
EMP-001099,2020-10-01,Marketing,Junior,50,Female,1252217,21.0,2.3604883461562842,4.283301092035558,4,3,1.0,11
EMP-001100,2020-08-03,Marketing,Lead,510,Female,921114,56.0,2.819674343895877,4.4895385348759005,45,9,1.0,0
EMP-001101,2018-06-28,Sales,Manager,59,Female,631325,98.0,4.707962177003616,1.0620571914932304,24,1,1.0,44
EMP-001102,2019-07-05,IT,Lead,44,Female,826748,73.0,1.194420574374826,4.555403889651874,46,3,0.0,33
EMP-001103,2021-04-08,Sales,Lead,58,Female,1540976,52.0,3.9244161027680144,3.3092320446769263,41,6,1.0,41
EMP-001104,2016-01-25,Operations,Lead,29,Male,1592874,22.0,1.4680996399357293,1.5625716479821365,20,1,1.0,22
EMP-001105,2016-11-13,Operations,Mid,56,Female,1553973,84.0,4.27683621179396,4.115874483935723,3,0,0.0,27
EMP-001106,2017-04-04,Sales,Lead,45,,1798236,85.0,1.1331823642853762,3.0483779959301764,18,2,0.0,47
EMP-001107,2021-01-21,Marketing,Lead,23,Female,1536721,23.0,1.2330869307776369,1.0881048517526075,1,6,0.0,10
EMP-001108,2015-02-06,Sales,Manager,34,Male,1674370,74.0,1.7131945690803883,3.0504333741338665,4,1,1.0,5
EMP-001109,2015-04-01,Marketing,Mid,29,Female,1614806,31.0,2.8072710956160085,4.394882305220033,42,3,1.0,5
EMP-001110,2018-02-09,IT,Mid,40,Female,899754,110.0,1.5531177837669627,3.3321659129966013,41,5,1.0,35
EMP-001111,2018-04-26,Finance,Junior,34,Female,1985738,24.0,2.44962134682835,1.6657168431154181,23,7,0.0,20
EMP-001112,2015-12-14,IT,Lead,54,Male,556305,119.0,4.378339317755593,1.4818028858259513,5,5,0.0,8
EMP-001113,2015-04-01,Marketing,Manager,26,Female,1307752,87.0,4.836953857241378,1.4955369009025703,15,4,0.0,38
EMP-001114,2015-05-27,IT,Manager,23,Male,710373,71.0,2.146603856787323,4.1199773859884345,4,3,0.0,47
EMP-001115,2017-01-11,Marketing,Junior,25,Male,318313,33.0,4.341559065963526,1.158513931363966,23,2,1.0,28
EMP-001116,2019-09-29,Marketing,Senior,23,Female,329303,44.0,2.896748668593976,2.384341002197337,19,2,1.0,3
EMP-001117,2016-11-09,IT,Mid,43,Male,1510339,108.0,2.7464253602125313,3.2177002101034478,17,1,,19
EMP-001118,2016-04-12,Operations,Manager,53,Female,1011902,,1.5128887744483839,2.1060312796525156,38,6,0.0,18
EMP-001119,2015-03-14,Finance,Senior,28,Male,498577,111.0,3.6390466654817124,2.6134396026472015,32,1,1.0,9
EMP-001120,2015-12-13,Finance,Lead,39,Male,1902388,28.0,3.9305184753680744,4.320650742905455,25,8,1.0,20
EMP-001121,2021-09-03,Operations,Senior,42,Male,1316835,35.0,1.278352361942226,2.4445456450430476,25,2,0.0,37
EMP-001122,2020-01-15,IT,Lead,32,Female,478887,2.0,1.144790322520624,4.286418445908277,48,1,0.0,17
EMP-001123,2016-06-02,HR,Junior,29,Male,942522,41.0,2.4041164632661762,1.9332063035355063,41,1,1.0,40
EMP-001124,2019-10-23,HR,Junior,38,Female,961731,85.0,1.2016710190339692,4.860467115317602,29,1,,3
EMP-001125,2018-03-28,Finance,Lead,22,,1269422,28.0,4.732778153718787,2.824187819638148,47,2,0.0,30
EMP-001126,2016-09-12,Operations,Lead,51,Male,935815,67.0,4.161139615889551,3.2387263559449813,12,7,1.0,7
EMP-001127,2021-09-13,Marketing,Senior,45,Female,1361233,88.0,2.966671929521975,2.407402622290948,13,6,1.0,21
EMP-001128,2019-08-31,HR,Manager,34,Male,1067273,68.0,3.1788781200077767,3.6315413078131695,42,2,1.0,10
EMP-001129,2017-06-12,Sales,,26,Female,1738709,112.0,1.3870012605056297,,23,9,1.0,28
EMP-001130,2019-01-19,HR,Manager,34,Male,631904,77.0,4.46061535029423,3.651663721315651,45,8,1.0,4
EMP-001131,2015-11-25,Operations,Manager,46,Male,1337691,30.0,4.6475401509927305,4.485712845489338,2,1,1.0,37
EMP-001132,2015-09-22,Operations,Senior,24,Female,1564416,21.0,4.540892009472544,2.4321187334550753,42,1,0.0,24
EMP-001133,2021-05-18,HR,Mid,28,Female,1538902,74.0,1.2892995073783746,3.355762184303101,7,8,0.0,41
EMP-001134,2021-08-19,Operations,Senior,58,Male,586286,28.0,1.9244716636589514,1.6043855922751602,47,3,0.0,12
EMP-001135,2016-08-15,Finance,Junior,57,Male,868361,75.0,2.284491466674731,2.441260004976716,14,8,1.0,3
EMP-001136,2019-07-22,Sales,Mid,36,Female,1833619,48.0,1.1716670603077293,1.3679039096124956,34,0,,30
EMP-001137,2017-12-21,Marketing,Lead,49,Female,1945869,76.0,3.7053127172523332,44.27530200865101,48,6,1.0,16
EMP-001138,2017-07-04,Sales,Manager,32,Male,1687892,81.0,2.697610853356297,4.045849741654855,7,7,1.0,46
EMP-001139,2016-03-28,Finance,Senior,440,,1949191,101.0,4.88743519009526,2.1954219010576987,22,9,1.0,3
EMP-001140,2018-04-14,IT,Mid,56,Male,1746536,76.0,1.0165528649334878,4.204129741802809,42,2,1.0,31
EMP-001141,2019-09-24,Sales,,58,Female,678575,73.0,2.2980105889641984,3.049142891549358,16,6,1.0,34
EMP-001142,2017-05-02,Finance,Mid,23,Male,1861862,3.0,2.1812774054862243,3.865024468467168,5,9,0.0,8
EMP-001143,2019-08-13,Finance,Mid,37,Female,1832126,2.0,4.897820081823047,4.947563741627666,35,2,1.0,36
EMP-001144,2017-09-03,Operations,Mid,24,Male,1743930,49.0,1.499707307206405,4.780078172585268,33,7,0.0,16
EMP-001145,2020-08-05,HR,Manager,29,Female,1399480,110.0,2.552696255381427,4.209252999526247,11,6,0.0,17
EMP-001146,2021-10-18,Marketing,Junior,32,Female,1479997,77.0,1.807921170264363,2.4729486114016375,19,8,1.0,38
EMP-001147,2018-11-10,HR,Mid,43,Female,1862021,29.0,1.2285657606909877,2.6545785328997114,44,7,0.0,28
EMP-001148,2015-11-27,IT,Lead,43,,1430057,38.0,3.5467597372906643,4.778120076768801,46,7,1.0,27
EMP-001149,2016-12-14,IT,Manager,31,Male,1792146,94.0,4.728926241504753,1.7490671195510759,22,1,0.0,25
EMP-001150,2016-02-11,Finance,Senior,37,Female,411098,84.0,1.4596923716086279,4.35188129498943,27,5,1.0,9
EMP-001151,2015-08-10,HR,Lead,54,Female,1226198,67.0,4.569100467058169,,3,6,1.0,6
EMP-001152,2015-10-19,IT,Senior,46,Female,1427196,85.0,3.7222708883307374,4.301566114667445,1,2,0.0,8
EMP-001153,2016-09-11,Sales,Mid,52,Female,993238,7.0,3.2603546764937343,2.9886120660406377,20,0,0.0,14
EMP-001154,2017-09-02,Marketing,Junior,32,Female,750096,45.0,1.1447861586752701,3.0097635873328126,14,5,1.0,13
EMP-001155,2017-02-19,HR,Manager,47,Female,1579890,,1.2962404758066377,1.5525573187531259,28,2,0.0,29
EMP-001156,2020-08-04,HR,Junior,39,Female,1573546,16.0,3.735607911263026,1.881697275171943,33,1,1.0,11
EMP-001157,2018-07-06,Operations,Mid,45,Female,1118859,25.0,1.4842607369933747,4.344891738468313,25,5,1.0,33
EMP-001158,2018-03-07,Marketing,Senior,39,Male,583868,110.0,4.3162598513276,1.253486696490056,34,3,1.0,30
EMP-001159,2020-04-16,HR,Junior,39,Male,1807669,31.0,3.204913313761134,2.4989335955072134,38,8,0.0,4
EMP-001160,2021-04-15,Sales,,45,Male,1465862,1.0,1.5279851034793723,2.6284596357229315,29,0,0.0,11
EMP-001161,2018-03-15,Sales,Manager,27,Female,1191395,59.0,4.293067205041954,4.914379091058333,16,7,0.0,2
EMP-001162,2021-10-28,HR,Mid,23,Male,1695697,64.0,4.561473359177612,3.703502095984475,8,8,1.0,18
EMP-001163,2016-03-24,Sales,Mid,31,Male,940934,39.0,4.328657912072947,4.630683748196423,22,3,0.0,32
EMP-001164,2016-02-21,HR,Manager,59,Female,1348246,11.0,3.69996129322405,2.0781015544339856,14,7,0.0,43
EMP-001165,2019-11-30,Finance,Lead,22,Female,1897970,20.0,1.3007585192308557,2.8112740719771767,21,0,,45
EMP-001166,2015-12-21,IT,Lead,24,Female,1489038,17.0,2.6162486928949193,3.9360480813111427,19,5,1.0,13
EMP-001167,2016-02-08,Sales,Junior,53,Female,1234104,36.0,1.0473925423567314,3.716058765846592,42,3,0.0,31
EMP-001168,2016-09-12,HR,Lead,34,Male,1974434,62.0,3.1473841363855914,4.4533435227556915,18,2,1.0,1
EMP-001169,2020-05-14,HR,Junior,27,Female,776293,27.0,3.7495772014812614,2.2444871649275013,16,9,0.0,10
EMP-001170,2020-08-23,HR,Junior,26,Male,1429873,14.0,2.5423970919117247,3.7112377799619267,44,8,1.0,29
EMP-001171,2018-07-15,Marketing,Senior,34,Female,1688788,67.0,3.370331953061405,2.3703729857304294,44,2,1.0,5
EMP-001172,2021-10-30,IT,Junior,47,Male,1128516,28.0,3.6568796781683486,1.633808446822353,32,9,1.0,44
EMP-001173,2018-07-27,Sales,Manager,33,Female,1469381,72.0,2.988778632161088,3.9159263216012596,43,1,0.0,45
EMP-001174,2020-08-21,Operations,Lead,38,Male,1305329,53.0,2.449341852080298,1.1035891958651853,29,6,0.0,18
EMP-001175,2020-03-27,Sales,Mid,28,Male,769965,35.0,3.6724230828573345,4.337460710785136,30,0,1.0,19
EMP-001176,2015-12-22,IT,Manager,25,Female,1099105,98.0,2.015239865638775,4.562791566629063,0,5,,23
EMP-001177,2019-01-30,Sales,Manager,57,Female,1761749,36.0,3.6173316380060427,1.720073132731435,32,9,0.0,41
EMP-001178,2017-10-25,Marketing,Lead,26,Male,1427903,42.0,3.430114171894561,1.226153172223492,38,6,1.0,24
EMP-001179,2018-10-03,HR,Mid,39,Male,912520,42.0,4.451003218018297,,11,2,,6
EMP-001180,2015-05-11,IT,Lead,37,,1683130,70.0,3.4007479334846984,1.1279756745998006,13,3,1.0,6
EMP-001181,2018-09-11,Marketing,Lead,42,Female,1865048,86.0,4.444257726038985,1.3352800127675133,9,0,0.0,24
EMP-001182,2016-12-10,IT,Mid,48,Male,1552227,49.0,4.752940783527827,2.4590416694101607,32,7,1.0,24
EMP-001183,2021-10-11,Sales,Lead,57,Female,1334127,74.0,4.262372242244783,3.0394509632097684,34,9,0.0,30
EMP-001184,2019-04-24,IT,Lead,31,Male,1038012,90.0,4.923848749634223,3.075441495718027,13,6,1.0,47
EMP-001185,2018-09-25,HR,Lead,25,Male,1263048,,2.436808601210185,1.5222393132278125,0,0,0.0,23
EMP-001186,2015-10-02,Operations,Senior,40,Female,470315,81.0,1.3327885796643089,3.7195377674236765,47,2,1.0,47
EMP-001187,2018-04-30,Finance,Junior,54,Female,527776,111.0,2.086601514654382,2.1390414023631155,2,1,0.0,47
EMP-001188,2015-06-08,Finance,Mid,27,Female,1042831,113.0,4.1706780905750325,1.5545090127292354,26,9,0.0,22
EMP-001189,2018-11-22,Finance,Junior,30,,1988920,30.0,2.1777448418565455,3.7316146355805144,25,3,1.0,39
EMP-001190,2019-06-04,Operations,Junior,22,Female,866415,31.0,4.526789175596712,4.090344319189761,41,4,0.0,7
EMP-001191,2019-01-03,Marketing,Lead,59,Male,364113,72.0,3.415250780791097,3.4476562021404953,18,8,1.0,20
EMP-001192,2017-04-03,Marketing,Manager,41,Male,1991308,108.0,2.841275520719571,4.291921432804507,19,9,0.0,44
EMP-001193,2016-01-03,Operations,Manager,36,Female,1283510,39.0,1.326802015180054,1.7877365149644362,24,0,0.0,40
EMP-001194,2016-09-26,Operations,Manager,41,,1515441,7.0,2.822917686429378,1.8134708147701164,13,8,0.0,34
EMP-001195,2017-11-01,IT,Junior,23,Male,816404,55.0,3.0300571567670898,4.902997630981973,13,6,0.0,18
EMP-001196,2018-08-29,Marketing,Manager,35,Female,1968379,104.0,2.054331976071069,,30,2,0.0,1
EMP-001197,2021-03-05,Marketing,Mid,34,Male,1854272,51.0,1.7480852584131399,3.7920195337416644,21,3,0.0,18
EMP-001198,2018-03-23,Operations,Manager,36,Male,1125619,60.0,1.868709049621725,3.548906122767751,42,8,1.0,34
EMP-001199,2016-11-24,Sales,Lead,25,Female,1697203,88.0,2.8558131550078913,3.113310624260631,2,8,0.0,30
EMP-001200,2016-11-03,IT,Manager,49,Female,771421,25.0,4.243064687668799,3.5722671841836813,3,1,0.0,40
EMP-001201,2015-10-20,Marketing,Junior,45,Female,1259557,91.0,1.7377570957988313,2.9265980156187954,21,0,0.0,44
EMP-001202,2015-07-12,HR,Junior,25,Female,945604,101.0,3.8629554513028737,2.746888191961455,8,3,1.0,47
EMP-001203,2021-03-30,Sales,Manager,26,Female,310525,56.0,1.3217835312024593,3.0431707888408828,31,7,1.0,7
EMP-001204,2017-02-19,IT,Junior,41,Male,1328174,91.0,2.993336465330711,1.065385944996521,3,3,0.0,22
EMP-001205,2019-10-20,Finance,Mid,43,Female,1649749,77.0,3.440451793905049,4.995946109623308,1,1,1.0,24
EMP-001206,2018-06-17,Finance,Manager,36,Female,890811,103.0,4.467315678967118,1.8492767760120543,26,8,0.0,8
EMP-001207,2019-04-22,Finance,Lead,42,Female,1142114,11.0,3.1455194391044046,2.8851937869085025,42,2,0.0,19
EMP-001208,2016-08-19,Finance,Mid,32,,1421719,83.0,2.986992131332728,4.031968292047793,4,4,0.0,47
EMP-001209,2019-11-14,Finance,Manager,50,Male,1316942,49.0,2.5273474939329756,1.9063352757374687,26,2,0.0,40
EMP-001210,2017-04-18,IT,Manager,50,Male,956440,37.0,2.0516779363846127,1.8835255334798005,2,2,0.0,25
EMP-001211,2020-05-24,HR,Lead,53,Female,1269217,81.0,4.175903567429776,2.004647236020599,1,1,1.0,0
EMP-001212,2017-03-12,Operations,Manager,22,Male,975256,118.0,3.6635865314056435,2.497606810066125,47,6,,32
EMP-001213,2016-08-21,IT,Lead,33,Female,1874115,81.0,4.611642834735645,3.3242586385868926,14,5,0.0,33
EMP-001214,2015-12-04,Marketing,Lead,40,Male,1697637,57.0,3.1244542001729334,4.545777541736395,25,9,1.0,42
EMP-001215,2018-09-04,Sales,Junior,41,Female,615869,98.0,2.452259823996453,1.802769051220908,39,5,0.0,2
EMP-001216,2019-09-11,IT,Junior,43,Male,878013,77.0,3.380697072892538,3.0712359140950474,36,5,1.0,8
EMP-001217,2017-12-04,HR,Lead,52,Female,1127709,109.0,2.913519916579205,3.8329798890038558,6,4,1.0,39
EMP-001218,2016-06-05,HR,Junior,51,Female,545616,102.0,4.368022889613235,2.7313127069326635,17,9,1.0,28
EMP-001219,2020-05-11,HR,Lead,22,Male,1799002,53.0,2.1464508890971827,2.0071001767974446,44,1,0.0,40
EMP-001220,2015-02-18,Sales,Mid,50,Male,1246016,14.0,1.2554515003714108,2.2567747642332003,21,8,1.0,6
EMP-001221,2021-04-04,IT,Junior,40,Male,963794,117.0,4.240279077258183,3.16552080569113,28,4,1.0,31
EMP-001222,2019-10-23,Operations,Senior,54,Male,687528,42.0,1.9343622772458575,2.657731420348558,21,3,1.0,1
EMP-001223,2017-03-27,Operations,Manager,31,Female,1899474,100.0,2.7939124699907456,2.2705461495890695,1,5,1.0,40
EMP-001224,2015-07-30,Sales,Senior,36,Female,1505024,,2.265885974360267,4.3916392392957615,37,8,1.0,2
EMP-001225,2015-06-26,IT,Senior,57,Female,586460,49.0,4.41656342463429,4.409016715551419,4,1,1.0,32
EMP-001226,2018-06-08,Operations,Senior,45,Male,1985442,59.0,2.386930339255288,2.647896275965876,33,5,1.0,44
EMP-001227,2018-08-12,IT,Junior,50,Male,658913,81.0,1.3488245635832046,2.472750064522298,47,3,,13
EMP-001228,2020-11-01,Sales,Mid,36,Female,861243,37.0,4.3922323084040915,4.1080120402964955,32,9,1.0,42
EMP-001229,2020-03-30,IT,Manager,520,Female,743303,82.0,2.0379276862855504,1.22822037260074,6,5,1.0,6
EMP-001230,2016-10-14,HR,Manager,42,Male,949144,59.0,2.712921491867771,3.929885320620996,36,1,1.0,31
EMP-001231,2015-09-27,Finance,Mid,34,Male,1545711,110.0,1.767578704337522,4.600073975969083,46,1,1.0,46
EMP-001232,2020-04-11,Sales,Junior,58,Male,327502,50.0,3.978435722087593,2.604108581640075,17,5,1.0,3
EMP-001233,2015-08-29,Sales,Manager,59,Male,1559780,91.0,1.9290489380422082,3.796982888940406,39,4,1.0,13
EMP-001234,2019-06-28,HR,Junior,44,Female,649209,58.0,2.55397356757879,1.444541587685329,17,4,1.0,34
EMP-001235,2018-06-13,Finance,Senior,49,Female,1148797,8.0,2.81228488177628,3.9024440258157553,46,2,0.0,44
EMP-001236,2018-02-09,IT,Lead,29,Female,635770,49.0,3.263681890189657,2.2524892043989007,46,2,0.0,25
EMP-001237,2021-06-14,HR,Mid,46,Female,935613,32.0,4.099793722672228,3.6968367141409093,37,4,0.0,7
EMP-001238,2016-01-19,Finance,Manager,27,Male,700780,105.0,2.1434817407160356,2.0951583841630494,46,4,1.0,36
EMP-001239,2015-05-19,IT,Manager,23,Female,693599,79.0,2.092417102886209,1.1781672975550572,42,5,1.0,24
EMP-001240,2020-06-26,Operations,Lead,42,Female,498998,35.0,2.92832060378209,1.3543152794963635,15,1,0.0,46
EMP-001241,2021-09-06,HR,Manager,44,Male,1864163,91.0,4.945023692262795,2.8948738288410323,10,3,,39
EMP-001242,2016-04-28,Marketing,Lead,48,Male,1490911,93.0,4.322435283078198,1.1524274985603493,41,9,0.0,31
EMP-001243,2020-08-05,HR,Junior,28,Male,358269,75.0,4.447902648480436,2.5214244890932798,48,3,0.0,22
EMP-001244,2020-08-06,IT,Senior,28,Male,1617363,111.0,3.9774253112611286,1.004477781317929,12,3,0.0,0
EMP-001245,2019-04-12,Sales,Manager,31,Male,1558915,64.0,2.09344934851334,4.183718272162086,8,2,0.0,7
EMP-001246,2019-11-19,Marketing,Manager,44,Female,1117251,,3.181201164218108,3.755706445755137,18,9,1.0,28
EMP-001247,2015-06-23,IT,Mid,59,Male,1782122,11.0,2.0045930108451078,4.017806434451925,11,7,1.0,30
EMP-001248,2020-12-28,Marketing,Manager,22,Male,1272492,31.0,1.6649546183693142,2.0709769950753114,11,0,1.0,31
EMP-001249,2018-06-25,Finance,Junior,50,Male,867604,87.0,2.5647789840419626,4.224665303411759,32,6,0.0,41
EMP-001250,2017-01-07,Marketing,Junior,52,Male,395730,32.0,3.6374049417200247,4.215901652432063,0,2,1.0,19
EMP-001251,2015-03-08,IT,Mid,57,,488534,45.0,1.651735484863242,4.544531606448482,48,9,1.0,6
EMP-001252,2016-11-24,Marketing,Junior,35,Female,1871606,78.0,2.818605648324911,4.98372829471333,13,5,0.0,19
EMP-001253,2018-07-08,HR,Mid,35,Male,1771679,55.0,1.0478715751905332,3.7489118115868805,1,6,1.0,30
EMP-001254,2018-12-24,Operations,Lead,34,Male,550431,24.0,3.4464847215909415,3.727772341585711,19,9,0.0,10
EMP-001255,2015-09-28,HR,Senior,25,Male,1203576,81.0,1.3000324729978225,3.313385730653164,22,9,0.0,20
EMP-001256,2020-02-16,HR,Mid,38,Female,1868422,3.0,2.5141006998422966,4.818787600829284,31,4,1.0,6
EMP-001257,2015-04-10,Operations,Mid,28,Female,837977,55.0,4.05844166903902,2.187829338033716,16,6,0.0,19
EMP-001258,2018-10-05,IT,Lead,46,Male,636632,107.0,4.9151283728189465,2.5242506869069574,23,9,1.0,3
EMP-001259,2020-06-07,HR,Mid,44,Female,386944,4.0,2.2567334806585717,3.1068365140255905,23,1,0.0,14
EMP-001260,2015-07-25,Sales,Senior,40,Male,1444345,38.0,3.590040525702864,3.776577365804948,46,9,0.0,12
EMP-001261,2017-02-13,HR,Senior,31,Male,1066103,8.0,2.5947050547130512,4.4064288690828315,40,5,0.0,31
EMP-001262,2021-07-05,IT,Manager,47,,453298,44.0,1.8975616166452398,3.1133737842281137,14,2,0.0,25
EMP-001263,2018-08-09,Sales,Lead,36,Female,777461,68.0,4.245382377137272,4.51717062386288,25,6,0.0,17
EMP-001264,2021-03-07,Sales,Mid,25,Male,1787849,90.0,4.687761844567248,4.326022406662116,19,0,0.0,26
EMP-001265,2019-11-01,HR,Manager,40,Male,1123919,61.0,3.9831589019489373,2.1109622095729685,34,2,1.0,26
EMP-001266,2017-11-19,Finance,Senior,58,Male,1274891,32.0,1.5733872434678635,4.486243554671117,34,9,0.0,13
EMP-001267,2019-06-27,Marketing,Lead,43,Male,1503555,101.0,1.6804932772279106,2.6745241729815485,21,1,1.0,23
EMP-001268,2018-05-06,Marketing,Mid,46,Male,935523,102.0,4.99119069390232,2.247407231989938,8,5,0.0,38
EMP-001269,2019-02-11,Marketing,Junior,34,Male,1420523,97.0,2.310865630998783,3.9650147693050046,11,8,1.0,1
EMP-001270,2017-08-24,Operations,Senior,56,Male,833906,2.0,2.167830858215366,2.6866427063632825,2,5,1.0,3
EMP-001271,2019-04-12,Operations,Senior,44,Male,1543455,24.0,1.5008357125765346,4.3561147154745,35,6,1.0,16
EMP-001272,2016-02-27,Sales,Mid,48,Male,410958,90.0,3.4544590100817216,,5,2,0.0,47
EMP-001273,2019-11-04,Sales,Lead,23,Female,1317189,42.0,3.453093814440114,1.8219622332094372,17,0,1.0,29
EMP-001274,2018-05-01,Marketing,Senior,43,Male,937328,8.0,3.2108865828808164,4.841239340432438,43,8,0.0,15
EMP-001275,2018-06-09,Operations,Junior,37,Female,1577035,62.0,3.1757165430460024,2.2943484446572704,23,7,1.0,45
EMP-001276,2020-06-23,IT,,30,Male,1814622,81.0,4.123337615124608,2.5930959156047435,44,5,1.0,43
EMP-001277,2016-05-25,Marketing,Manager,45,Female,1056044,33.0,1.5963601568127577,4.245822115976756,22,4,1.0,16
EMP-001278,2019-09-05,Operations,Lead,33,Male,1303085,94.0,3.5436762014368086,1.7372073038277045,32,6,1.0,23
EMP-001279,2017-04-13,Finance,Manager,51,,424731,23.0,4.354264665243804,1.0200466795669172,42,7,0.0,30
EMP-001280,2020-06-13,Sales,Lead,44,,702755,22.0,2.5693953399032874,2.322591665173596,20,7,1.0,33
EMP-001281,2021-01-03,Finance,Lead,48,Male,1912159,65.0,2.9473891856437233,1.8255469492472036,20,4,0.0,7
EMP-001282,2020-02-22,IT,Junior,44,Male,947732,53.0,1.8098998388520897,4.656320292939364,22,5,1.0,26
EMP-001283,2015-10-31,Marketing,Senior,26,Female,1859750,75.0,2.854704472959532,2.42150358750063,45,6,0.0,46
EMP-001284,2020-12-06,Operations,Lead,56,Male,558151,64.0,2.4113839215102524,2.0759878196002695,28,5,0.0,43
EMP-001285,2018-07-28,Operations,Mid,45,Female,1327077,81.0,2.4074347148625677,1.9421843190822887,14,9,0.0,14
EMP-001286,2016-03-18,Operations,Lead,58,Female,1851484,2.0,2.5234036266329865,3.1365071843839725,5,6,0.0,20
EMP-001287,2019-10-26,Sales,Junior,53,Male,1823546,46.0,2.023627061003731,2.902057437435134,20,2,0.0,13
EMP-001288,2015-11-26,Sales,Lead,38,Male,1094435,35.0,3.75667909200067,4.848361874998833,23,7,1.0,20
EMP-001289,2019-03-02,IT,Manager,31,Male,1941406,88.0,4.261363571094785,2.0999989535545924,35,9,0.0,25
EMP-001290,2015-06-09,Finance,Mid,44,Female,1246592,,2.098317036944438,4.732346923582613,7,7,1.0,7
EMP-001291,2021-09-18,HR,Junior,47,Male,1339168,93.0,2.3754784098525445,3.8420236665779575,15,2,1.0,30
EMP-001292,2017-10-30,Marketing,Junior,37,Female,1270447,100.0,1.7568662218096103,4.499927756124506,44,5,0.0,36
EMP-001293,2019-12-30,Sales,Manager,56,Male,1256425,116.0,4.911574627655725,3.9814713494752487,18,4,0.0,7
EMP-001294,2018-10-15,Sales,Senior,32,Female,1319669,24.0,3.433830753356088,3.730186803163414,40,8,1.0,24
EMP-001295,2018-02-08,IT,Junior,54,Male,1773407,83.0,2.1518871582504286,1.567889221170958,45,9,0.0,40
EMP-001296,2020-12-18,Marketing,Mid,53,Female,505471,33.0,1.5551404366539634,3.541619778320401,44,3,1.0,9
EMP-001297,2018-12-01,Sales,Senior,45,Female,385795,56.0,2.008504384778939,1.1124223974757173,23,3,1.0,22
EMP-001298,2017-06-08,Marketing,Senior,49,Female,1845573,30.0,3.2616043942565733,3.3475426412036886,36,-3,0.0,35
EMP-001299,2018-06-01,IT,Lead,29,Female,1543903,19.0,4.10828638347281,3.8668902537720182,35,0,1.0,17
EMP-001300,2018-12-25,Sales,Manager,52,Male,1841352,54.0,1.9400906144717776,2.4052433234274755,19,1,1.0,6
EMP-001301,2020-03-29,Operations,Junior,54,,1759185,5.0,2.6028903630419653,1.2847703235085026,26,3,0.0,20
EMP-001302,2020-04-13,Finance,Junior,47,Female,869189,8.0,1.904915129869313,4.45584722962101,24,1,1.0,40
EMP-001303,2019-09-14,Marketing,Senior,24,Male,1733189,90.0,2.9603193616407677,4.2312160187709225,45,3,,37
EMP-001304,2018-12-13,Marketing,Junior,45,Male,1669920,74.0,3.7594412227419576,2.753038100285941,33,1,1.0,31
EMP-001305,2015-02-20,HR,Mid,22,Male,336989,68.0,4.974088524013328,4.998463214493039,27,6,1.0,39
EMP-001306,2020-12-31,HR,Junior,28,Female,1732847,26.0,4.592493134085658,4.3978917228632,27,9,1.0,12
EMP-001307,2021-05-15,Finance,Lead,37,Male,1428065,69.0,1.5310546379141843,1.4841722711624485,2,6,1.0,34
EMP-001308,2020-04-20,Finance,Lead,46,Female,1993597,,1.8423550944732425,4.261982386517747,46,5,1.0,16
EMP-001309,2020-11-04,Operations,,50,,1111935,18.0,1.265251458009844,2.4146262257466264,28,4,0.0,46
EMP-001310,2017-03-22,Sales,Mid,35,Male,831953,60.0,2.4700291088376964,2.7098371438152746,44,5,0.0,28
EMP-001311,2020-04-13,Sales,Junior,47,Male,676805,76.0,3.247916050730879,3.8224433607451243,25,0,1.0,8
EMP-001312,2016-02-11,Finance,Manager,31,Female,1181553,82.0,2.462538416897965,3.089765148076053,28,0,1.0,3
EMP-001313,2016-08-06,Operations,,52,Female,1253109,94.0,4.2132464850338005,1.3940507315051645,4,6,0.0,10
EMP-001314,2020-09-14,Finance,Senior,24,Female,1297350,74.0,4.253594853946913,3.739208107446332,18,4,0.0,40
EMP-001315,2021-07-02,Operations,Junior,54,Female,1278983,33.0,1.3317365871397966,3.133164679704197,29,0,0.0,5
EMP-001316,2021-09-17,Finance,Junior,29,Male,430622,65.0,2.5322036018189733,1.214982249486709,41,-7,1.0,0
EMP-001317,2016-03-23,Sales,Junior,26,Male,942527,69.0,2.1907291413501966,4.6255185705085236,27,6,1.0,26
EMP-001318,2021-05-23,HR,Manager,33,Female,300677,75.0,4.408964761637492,2.245415951491638,17,2,1.0,33
EMP-001319,2020-11-20,HR,Mid,41,Female,759826,79.0,2.80394534934455,3.7513855234764875,36,0,0.0,34
EMP-001320,2020-11-24,HR,Mid,35,Female,1382969,101.0,3.4576284993600677,4.9475809238921595,4,6,1.0,13
EMP-001321,2015-09-18,Sales,Manager,44,Male,1568294,87.0,2.768320320762634,1.3973378006720862,45,4,1.0,4
EMP-001322,2021-01-26,Finance,Manager,33,Male,832770,5.0,4.529736851733961,2.497534136729108,45,6,1.0,7
EMP-001323,2017-10-02,Operations,Lead,430,Female,1231382,98.0,4.421567448993533,4.119873133693321,13,3,0.0,6
EMP-001324,2017-07-27,Operations,Senior,53,Female,700399,91.0,4.499412898645192,1.147702856376994,46,1,0.0,40
EMP-001325,2018-07-03,IT,Junior,55,Male,1070246,13.0,3.6868823729816245,1.1774358167143513,3,6,0.0,18
EMP-001326,2019-09-02,HR,Lead,48,Male,1509689,19.0,1.8297163844668236,3.4946610192497127,8,7,1.0,17
EMP-001327,2019-02-15,Sales,Junior,44,Male,1868956,71.0,1.4227355347185906,1.252204950814701,24,8,1.0,11
EMP-001328,2015-03-31,HR,Junior,22,Male,1592509,39.0,1.3636862036562785,3.042168957058862,15,6,1.0,10
EMP-001329,2019-12-21,HR,Junior,38,Male,321093,7.0,2.435795391103055,2.2260239740775596,27,7,0.0,2
EMP-001330,2018-02-03,Sales,Mid,47,Male,379695,31.0,4.002539900683125,1.280735516028296,39,9,0.0,0
EMP-001331,2016-08-07,Finance,Mid,46,Male,1658610,62.0,4.04554857842568,3.3773115749210545,25,9,1.0,7
EMP-001332,2016-09-23,HR,Senior,31,Female,321074,49.0,3.3058627776028073,1.5313662150474703,4,1,0.0,5
EMP-001333,2017-10-13,Operations,Lead,23,Female,1787353,107.0,3.0066564208623947,4.552745832146069,38,2,0.0,34
EMP-001334,2019-02-14,Finance,Senior,42,Female,1583123,98.0,4.575537726641273,3.20847876944712,17,9,0.0,33
EMP-001335,2020-11-15,IT,Manager,58,Male,1326593,25.0,2.7478828779857882,1.5747296334027885,48,0,0.0,8
EMP-001336,2021-02-08,Sales,Mid,25,Female,1310299,78.0,2.415766727996466,4.874439274145901,27,8,1.0,6
EMP-001337,2019-07-06,Sales,Senior,32,Male,1257839,99.0,2.803110675757293,2.947691765045041,23,3,0.0,31
EMP-001338,2017-08-25,IT,Lead,22,Female,861932,85.0,3.4641957356736395,3.8238556944366695,47,5,1.0,19
EMP-001339,2021-02-01,Finance,Manager,38,Male,345495,48.0,3.8861839034116303,1.552341353760628,9,1,0.0,31
EMP-001340,2020-11-16,Operations,Manager,30,Male,1774930,23.0,4.292046003565031,3.3081052273873928,38,8,,43
EMP-001341,2017-07-18,Marketing,Mid,52,Male,898770,100.0,3.082311682585933,1.3059364635513995,39,3,0.0,35
EMP-001342,2019-08-26,Sales,Junior,56,Female,1551349,26.0,4.759230492031189,4.286300313036826,22,1,1.0,34
EMP-001343,2020-02-05,Finance,Junior,25,Female,408216,12.0,3.5266861001441527,3.992018951212321,30,7,0.0,38
EMP-001344,2015-04-25,Operations,Junior,25,Male,1783944,71.0,4.4332119229409015,4.552634361906511,38,9,0.0,36
EMP-001345,2016-12-18,IT,Mid,23,Female,866463,94.0,3.5540839478652613,3.885313650522355,46,1,1.0,46
EMP-001346,2018-02-08,Marketing,Manager,37,Male,1303665,111.0,2.1672445712273913,3.0247249778459087,46,1,0.0,29
EMP-001347,2016-12-07,Sales,Mid,50,Female,1140262,119.0,2.8809320402982674,2.3309894170525025,39,4,1.0,23
EMP-001348,2019-06-02,Sales,Mid,35,Male,1507810,90.0,1.5172700498116365,4.113840965172804,1,0,0.0,46
EMP-001349,2018-11-14,HR,,45,Male,1510587,84.0,4.734638634502057,1.9710189596858672,28,2,1.0,6
EMP-001350,2019-04-24,Finance,Junior,55,Male,539801,97.0,1.9007326406059,4.709273031683227,41,9,0.0,45
EMP-001351,2016-04-26,Finance,Mid,51,Female,1677850,35.0,1.8983356940475238,4.2732893406197725,4,0,1.0,17
EMP-001352,2020-02-23,IT,Lead,24,Male,412532,43.0,2.82550102479691,1.2121183166871332,46,1,1.0,30
EMP-001353,2017-11-18,Operations,Senior,52,Male,685600,31.0,2.350438664161241,2.377259549623114,15,8,1.0,10
EMP-001354,2018-08-16,Sales,Manager,40,Male,1071353,85.0,2.478814745998834,1.4656307920088243,1,8,0.0,43
EMP-001355,2017-08-26,Operations,Senior,41,Male,962049,64.0,3.699013120992416,2.313836800797877,43,8,1.0,4
EMP-001356,2020-06-06,IT,Manager,39,Male,437235,36.0,2.8718121019915666,3.071490084799153,20,7,0.0,13
EMP-001357,2017-08-25,Sales,Mid,38,Male,671276,103.0,1.414951687444185,4.401415263761638,27,1,,47
EMP-001358,2018-11-15,HR,Lead,56,Female,1050270,95.0,4.866994406019501,3.769822557719099,17,8,0.0,25
EMP-001359,2020-03-17,HR,Lead,23,Male,330128,111.0,1.7204881195505943,4.173745623836954,40,6,,20
EMP-001360,2020-03-05,Operations,Mid,55,Male,1372310,46.0,1.9571604184380909,1.1031318687258165,47,1,0.0,37
EMP-001361,2017-12-21,IT,Mid,33,Female,1027451,110.0,3.860637370987627,1.2452782788686747,21,7,1.0,19
EMP-001362,2015-02-28,Marketing,Junior,22,Male,1059711,99.0,1.7090721752518983,3.9617465464739907,42,8,0.0,17
EMP-001363,2021-05-03,Marketing,Junior,28,Female,917076,55.0,4.470862931424824,3.8309934806426282,47,1,0.0,17
EMP-001364,2019-03-22,Operations,Manager,53,Male,487365,5.0,1.464400687637022,2.342125646058394,15,0,0.0,9
EMP-001365,2015-04-02,Marketing,Lead,28,Female,916479,110.0,1.6935728147654627,4.894012577182246,17,3,0.0,14
EMP-001366,2016-09-28,Operations,Senior,54,Female,784950,49.0,1.0378857244741115,4.273807542605134,22,8,1.0,42
EMP-001367,2016-05-16,Marketing,Lead,42,Male,1537165,42.0,4.602505880042159,4.600388898268262,15,3,0.0,10
EMP-001368,2017-12-10,IT,Lead,44,Male,970743,63.0,3.178330550695755,1.029613048800309,41,6,1.0,12
EMP-001369,2017-06-05,Sales,Junior,52,Male,1403751,107.0,4.414729222146635,2.8128408634326605,34,5,1.0,11
EMP-001370,2015-10-27,Sales,Junior,58,Female,593686,88.0,3.126041125018277,2.7947250082669397,7,9,0.0,7
EMP-001371,2019-07-11,Operations,Junior,50,Female,511844,35.0,3.404951443123062,1.4898378686685954,35,-6,1.0,6
EMP-001372,2015-02-15,Operations,Lead,22,Female,1314653,12.0,1.7136927223775147,4.2695014576284525,43,0,0.0,24
EMP-001373,2021-07-15,Finance,Lead,27,Male,1106405,,4.982746996344105,4.98385363914041,40,2,1.0,45
EMP-001374,2018-01-01,IT,Junior,33,Female,1630660,83.0,1.5522480740086428,2.802210386730193,29,1,1.0,29
EMP-001375,2016-12-23,Finance,,40,Female,1685804,105.0,3.2364758979157195,3.711523214789803,5,1,0.0,7
EMP-001376,2021-02-24,IT,Manager,28,Male,1809611,36.0,1.3683910785678788,4.42628818968169,12,7,0.0,6
EMP-001377,2017-02-13,IT,Junior,41,Male,1949955,99.0,3.190397648981381,2.6795759180273726,24,1,0.0,10
EMP-001378,2015-08-09,Marketing,Senior,59,Female,1420636,83.0,1.0173423503194554,22.494400271064695,24,7,1.0,2
EMP-001379,2018-10-23,HR,Junior,24,Male,1098455,11.0,2.3704225817963867,4.755509140362989,42,2,1.0,32
EMP-001380,2016-08-03,IT,Senior,41,Male,1448735,93.0,3.34038617534671,2.6439010884716208,14,6,0.0,11
EMP-001381,2016-04-11,Finance,Mid,43,Female,1975142,2.0,1.1937619621948103,1.2650331899886051,33,2,1.0,46
EMP-001382,2017-12-09,Sales,Manager,32,Female,416298,24.0,1.150616362660696,4.790735576520576,21,3,1.0,41
EMP-001383,2021-04-27,IT,Junior,45,Male,1415740,69.0,2.479834661484742,4.7205156174562255,34,1,0.0,18
EMP-001384,2018-02-12,HR,Lead,42,Male,1256344,54.0,2.274504080703755,4.481902397312387,22,4,0.0,22
EMP-001385,2019-03-23,Operations,Junior,54,Male,552597,67.0,1.4242725414512645,4.946690310524284,47,8,0.0,10
EMP-001386,2017-03-28,Marketing,Manager,46,Male,792017,46.0,1.2023593642218855,1.7530211168039913,8,2,0.0,16
EMP-001387,2019-07-31,Finance,Lead,24,Male,531930,44.0,4.114548572791966,2.772272552497985,19,-6,1.0,12
EMP-001388,2021-01-30,HR,Senior,45,Female,655553,57.0,1.8778906278296006,4.117309623473304,40,8,0.0,25
EMP-001389,2018-10-15,Operations,Junior,42,Female,614004,27.0,4.454535109555313,4.060816244142466,15,1,0.0,4
EMP-001390,2021-04-19,HR,Junior,27,Male,1702587,119.0,4.554271099696012,3.5737836359950657,40,0,0.0,17
EMP-001391,2021-10-05,Marketing,Senior,31,Female,1776282,43.0,4.77382902581112,4.2023398950090805,15,9,0.0,15
EMP-001392,2018-08-19,Operations,Manager,51,Male,657185,23.0,4.5861416296583055,3.105034440589603,20,6,0.0,13
EMP-001393,2018-02-19,HR,Senior,53,Male,1808266,64.0,2.3139840012156645,1.1315839168713024,36,2,0.0,15
EMP-001394,2020-06-30,Sales,Junior,41,Male,823504,78.0,4.869510922003764,,37,1,1.0,9
EMP-001395,2021-01-09,Finance,Senior,29,Male,779891,1.0,2.645889958033214,1.9975991559472819,24,3,,19
EMP-001396,2015-03-26,IT,Manager,48,Male,1279284,99.0,1.4778149410502555,1.8844767473581396,40,2,0.0,17
EMP-001397,2020-08-20,HR,,22,Female,1984237,100.0,4.015932107971871,2.3469478581098366,36,7,0.0,29
EMP-001398,2017-01-02,Operations,Mid,53,Female,747027,83.0,3.6758182714255794,2.2359570319751167,8,8,,27
EMP-001399,2017-05-02,IT,Manager,30,Male,1535152,95.0,3.097473943395412,2.7818659832033026,6,6,1.0,44
EMP-001400,2018-11-12,Operations,Lead,29,Male,775785,81.0,2.1761920326762487,,16,5,1.0,29
EMP-001401,2016-07-26,Finance,Mid,29,Female,1763809,26.0,1.5717996761760546,1.4238764761191502,45,6,1.0,35
EMP-001402,2016-07-29,Sales,Manager,44,Female,938404,56.0,2.047369680765906,4.514975312429328,45,6,1.0,11
EMP-001403,2016-11-24,IT,Lead,33,Male,321236,103.0,1.5611401728840075,3.2820045731495324,31,9,0.0,34
EMP-001404,2017-01-05,Sales,Manager,44,Female,1550144,4.0,4.811912486647397,2.67535408533254,33,1,0.0,11
EMP-001405,2020-05-29,Marketing,Junior,43,Female,406880,80.0,2.042313836354066,1.682996032229923,0,5,1.0,22
EMP-001406,2016-06-27,Sales,Senior,45,Female,1234993,13.0,1.6755659335283863,1.8946247759318449,9,0,1.0,9
EMP-001407,2019-08-16,Sales,Senior,33,Male,1658221,6.0,3.3642894395550065,3.4268895275226567,45,3,1.0,30
EMP-001408,2019-03-21,IT,Manager,59,Male,1420335,118.0,3.150897213051004,4.644544920828325,41,7,1.0,35
EMP-001409,2015-09-08,Marketing,Mid,57,Male,1396988,54.0,1.3007060065585612,3.0058893771481943,9,9,0.0,23
EMP-001410,2017-01-21,Marketing,Lead,26,Female,1469283,109.0,1.3702247762205895,1.8565830859707693,49,0,0.0,7
EMP-001411,2016-10-16,Sales,Manager,41,Female,621151,73.0,3.9547301618395454,1.0021566659663481,4,0,0.0,18
EMP-001412,2018-03-30,Finance,Senior,29,Male,1578690,117.0,1.2217310444338638,4.079048973264603,41,6,1.0,10
EMP-001413,2019-11-24,Sales,,32,Male,607731,75.0,4.167507120576667,2.1338523947641366,0,1,1.0,40
EMP-001414,2016-06-11,Marketing,Mid,29,Female,1481219,79.0,2.1110098993639514,2.8892524870707477,26,8,1.0,12
EMP-001415,2017-03-05,Sales,Senior,33,Male,975876,7.0,1.720474291508686,2.403330908245912,27,5,1.0,24
EMP-001416,2020-05-10,Sales,Lead,41,Female,1366179,7.0,1.9895581973675927,4.666388542965898,44,3,1.0,31
EMP-001417,2019-02-07,Sales,Manager,25,Male,1751075,104.0,1.0546636031394985,3.4331491164008954,41,7,1.0,18
EMP-001418,2016-09-28,Sales,Junior,55,Female,1568274,115.0,1.7019888441587647,4.025640189963931,29,7,0.0,34
EMP-001419,2017-11-05,Sales,Senior,30,Male,1931220,118.0,3.274871807212754,1.6884250573516844,43,9,1.0,18
EMP-001420,2017-02-24,Sales,Manager,58,,745986,22.0,1.3921782186679783,4.983922853425339,21,8,0.0,19
EMP-001421,2016-10-17,HR,Mid,34,Female,483199,1.0,3.973714455839484,3.508754230288566,4,7,1.0,45
EMP-001422,2018-02-23,Marketing,Lead,55,Male,1711465,33.0,4.82370821777386,2.4207039257801934,3,1,0.0,29
EMP-001423,2020-07-17,Operations,Mid,58,Male,1298222,38.0,3.7696652573529,2.9654919853770134,14,5,1.0,27
EMP-001424,2020-05-02,HR,Manager,56,Male,1349168,89.0,2.9518971364928155,2.982205447992891,28,6,0.0,45
EMP-001425,2021-07-17,IT,Lead,50,Female,427920,107.0,1.581247102999118,3.1783856773707573,19,4,0.0,24
EMP-001426,2020-11-29,Marketing,Junior,56,Female,420273,22.0,4.117319836390042,2.0275367120210666,10,1,1.0,33
EMP-001427,2015-02-06,HR,Lead,53,Male,999898,54.0,3.1008330120184713,3.8435551789956897,13,8,0.0,19
EMP-001428,2020-07-29,Marketing,Manager,31,Female,787384,68.0,3.9897358481953344,4.017873457040402,24,7,0.0,46
EMP-001429,2018-06-22,HR,Mid,23,Male,1127031,114.0,1.5872192084192012,3.1416442146086943,7,5,0.0,5
EMP-001430,2015-10-21,Marketing,Senior,57,Female,1647597,53.0,3.2139285939832463,1.862422129161732,10,2,1.0,29
EMP-001431,2020-06-09,Finance,Manager,47,Male,424137,91.0,1.597964063249845,2.521463397647173,42,9,0.0,7
EMP-001432,2017-03-18,HR,Senior,44,Male,1384254,70.0,4.930309271281489,1.0874710165158894,0,1,0.0,17
EMP-001433,2016-11-03,IT,Junior,24,Female,827145,88.0,4.636008012867382,3.590662131994259,29,6,0.0,0
EMP-001434,2021-10-21,Marketing,Mid,57,Male,1147711,73.0,2.6882409849236284,3.8379592877234945,30,7,0.0,5
EMP-001435,2017-07-27,Marketing,Mid,38,Female,1992450,27.0,2.0476959694338395,4.972203988781875,15,9,1.0,4
EMP-001436,2018-03-12,Sales,Manager,49,Female,1520089,49.0,1.6275328062604935,2.540921291907587,7,8,,3
EMP-001437,2015-02-06,IT,Lead,28,Female,579663,40.0,3.342635947320821,1.3437842979045898,23,0,0.0,29
EMP-001438,2021-04-08,Operations,Senior,32,Female,1985390,11.0,4.107978486577869,1.3865961015984238,18,5,0.0,7
EMP-001439,2019-10-31,Sales,Manager,54,Female,779571,115.0,4.445778128303461,4.916814360569354,3,5,1.0,35
EMP-001440,2015-08-07,IT,Senior,58,Female,400784,115.0,4.151818926382605,2.3784185540235923,48,5,1.0,17
EMP-001441,2019-04-27,Marketing,Manager,52,Male,1380184,20.0,1.9459906844993533,3.0477759456793465,47,6,1.0,42
EMP-001442,2018-12-02,HR,Senior,52,Female,666195,40.0,2.641220872913226,1.8286202817338553,32,1,1.0,34
EMP-001443,2018-05-29,Operations,Junior,32,Female,439639,67.0,1.9692693120550668,3.7572993231241933,25,6,0.0,36
EMP-001444,2017-04-09,HR,Mid,33,Female,714689,65.0,2.92471180084678,3.952110758075366,3,2,0.0,10
EMP-001445,2016-05-22,Finance,Junior,50,Male,705875,17.0,1.2127853195750773,2.2623452858355155,14,5,0.0,36
EMP-001446,2021-08-30,IT,Junior,41,Female,541668,57.0,3.3144921419017117,2.8989509494183405,14,5,1.0,8
EMP-001447,2015-06-30,Finance,Manager,42,Female,1367276,62.0,1.9448720396702321,4.02675466718576,38,6,0.0,4
EMP-001448,2019-08-16,Finance,senior,22,Female,399729,74.0,1.7018176747726588,3.4161351903305137,45,2,0.0,35
EMP-001449,2021-01-09,Finance,Junior,27,Male,979966,107.0,1.3400589596231467,3.5596318070384134,1,5,1.0,41
EMP-001450,2020-07-20,IT,,50,Female,1225962,69.0,1.9311172138369437,3.0263779300295988,12,0,1.0,25
EMP-001451,2021-10-29,Marketing,Lead,51,Female,1432326,75.0,2.1459190866519013,3.6750036795422973,26,1,1.0,16
EMP-001452,2019-08-13,IT,Mid,28,Female,341897,20.0,1.8103519434663053,4.582803792780483,48,8,1.0,39
EMP-001453,2020-04-30,IT,Senior,49,Female,634902,46.0,1.6375646658634295,1.0658686281691745,11,8,0.0,5
EMP-001454,2015-01-14,Sales,Junior,43,Female,1852156,72.0,2.330216452072045,4.857450184808226,23,6,0.0,36
EMP-001455,2017-02-16,Sales,Lead,27,Female,1550012,39.0,3.3201543190334193,2.899141236080052,43,7,,47
EMP-001456,2016-06-22,HR,Junior,31,Female,652878,48.0,1.0864247908650895,2.8681300397599268,36,8,1.0,17
EMP-001457,2016-09-16,IT,Junior,45,Male,1300004,3.0,4.8908828681268535,1.0769003465717466,0,4,0.0,12
EMP-001458,2020-03-30,Finance,Mid,42,Female,1524752,13.0,1.3399153561303434,2.2889207382541477,17,1,0.0,14
EMP-001459,2016-07-12,Sales,Manager,58,Female,752072,65.0,3.8666701010451097,4.910904225225045,40,4,1.0,46
EMP-001460,2016-08-17,Marketing,Junior,41,Male,1598083,92.0,2.673932800006158,3.798519261714611,44,4,0.0,30
EMP-001461,2017-08-30,Operations,Senior,59,Male,665845,83.0,3.998124871157343,2.182183325402664,25,8,1.0,45
EMP-001462,2017-08-24,HR,Mid,55,Male,949128,73.0,2.580873820344448,1.6433071297710526,24,8,0.0,24
EMP-001463,2017-03-29,HR,Manager,22,Male,891572,5.0,4.457833355271457,2.2738940891860846,13,2,0.0,10
EMP-001464,2021-08-12,Marketing,Mid,26,Male,1108987,38.0,2.302288088705794,4.481550986657534,7,4,1.0,42
EMP-001465,2021-01-21,Finance,Junior,38,Female,1219032,39.0,4.883455537867755,3.1210827690007132,48,4,0.0,0
EMP-001466,2020-09-15,HR,Lead,51,Female,1845338,70.0,2.4121595012195702,4.538222094415612,0,2,,19
EMP-001467,2015-09-01,HR,Junior,41,Female,1785304,64.0,2.4557553433797317,3.898918127327303,36,1,0.0,28
EMP-001468,2020-02-27,Marketing,Senior,27,Male,1554355,49.0,4.651145260559094,4.1047899623223305,36,7,1.0,28
EMP-001469,2021-02-27,Operations,Junior,23,Female,1316009,103.0,4.276729887701006,3.438152170160302,21,6,1.0,6
EMP-001470,2020-06-15,Finance,Senior,35,,1907048,93.0,2.7211508531935307,2.098333821177821,13,2,0.0,34
EMP-001471,2021-03-08,Finance,Junior,44,,1571509,69.0,4.4724538701927194,1.6329814544689563,2,7,1.0,27
EMP-001472,2019-03-27,HR,Mid,54,Male,1792972,114.0,3.947445924053007,4.8845814941839345,8,0,0.0,24
EMP-001473,2016-08-09,Sales,Lead,31,Male,935149,107.0,3.9501183783500715,3.838990165670228,16,5,1.0,2
EMP-001474,2016-03-07,Sales,Manager,30,Male,1237105,89.0,3.5409949149375164,2.2186338514196016,22,6,0.0,4
EMP-001475,2021-07-24,Finance,Lead,57,Female,1041701,95.0,1.742864161015298,1.241503964204525,15,6,0.0,23
EMP-001476,2017-10-14,Finance,Mid,23,Male,1062531,39.0,4.281594803303387,2.704175415957739,40,8,0.0,29
EMP-001477,2016-09-29,Finance,Manager,46,Female,1732050,25.0,4.75694464049341,,17,7,0.0,28
EMP-001478,2018-10-09,HR,Senior,28,Female,1855929,66.0,1.318929516029899,1.0515004766570333,26,2,0.0,40
EMP-001479,2020-12-21,Finance,Mid,56,Male,694134,72.0,1.5537011879325475,4.568624609473131,33,1,0.0,38
EMP-001480,2015-05-12,Sales,Manager,26,Female,1460942,38.0,3.9283370300828926,3.6758043127939377,12,8,1.0,45
EMP-001481,2017-10-15,Finance,Senior,27,Male,485717,96.0,1.7382284947844973,1.1131845050651883,23,6,1.0,21
EMP-001482,2016-03-06,HR,Mid,53,Male,862133,96.0,2.068711951141424,3.1460027783292572,36,8,0.0,44
EMP-001483,2017-06-21,Operations,Manager,34,Male,1939250,94.0,3.3435836370611924,1.3061909109321967,35,5,0.0,17
EMP-001484,2018-01-26,Finance,Mid,49,Male,1127896,11.0,1.0687684110521696,2.8687614812940687,34,4,1.0,34
EMP-001485,2016-07-07,IT,Junior,27,Male,1099991,113.0,2.224473431632419,2.2404132566773596,38,4,0.0,9
EMP-001486,2015-07-04,Sales,Lead,47,Female,692546,26.0,2.72484914892316,2.74261464066807,0,6,1.0,36
EMP-001487,2017-02-15,IT,Mid,33,Male,1082477,93.0,4.173982107456039,3.378204916383078,34,8,0.0,40
EMP-001488,2020-03-10,HR,Manager,54,Female,570365,89.0,1.0222827321264067,2.396277734124182,5,5,0.0,8
EMP-001489,2017-01-12,Operations,Lead,53,Female,554151,31.0,1.964629608960192,4.653842077941569,42,1,1.0,17
EMP-001490,2021-03-21,Sales,Lead,42,Male,1163758,50.0,4.190163440875227,4.3093080692634835,12,7,0.0,40
EMP-001491,2020-01-22,Operations,Lead,43,Male,1743203,37.0,2.5173092843374807,30.994933239987695,3,0,0.0,7
EMP-001492,2021-06-08,IT,Senior,48,Female,1827366,50.0,2.933169072968385,3.137673124369172,10,4,1.0,10
EMP-001493,2019-06-12,Finance,Mid,49,Female,800251,25.0,2.913524046273703,4.681073712666809,3,9,0.0,18
EMP-001494,2021-02-22,Operations,Mid,25,Male,947475,117.0,4.574120943883316,1.3455892366591113,12,0,,20
EMP-001495,2021-05-13,Marketing,Manager,35,Male,733966,43.0,1.4773627714301245,2.4554108423276193,27,4,0.0,42
EMP-001496,2020-05-22,Marketing,Mid,57,Male,942772,50.0,4.049245333765054,4.702902779583846,31,1,1.0,31
EMP-001497,2017-04-26,Sales,Manager,46,Male,1151564,44.0,1.6872651889729675,1.0664783511617895,19,5,1.0,21
EMP-001498,2016-10-23,Operations,Senior,33,Female,748628,2.0,1.7175080205587934,4.900105601294391,42,9,1.0,33
EMP-001499,2021-08-27,Marketing,Mid,51,Female,350316,,3.766569808216907,2.710322744259545,4,5,1.0,13
EMP-001500,2020-02-03,Operations,Senior,54,Male,1561044,103.0,2.587887454301155,1.2627901613977346,14,7,1.0,23
EMP-001501,2015-11-25,Marketing,Junior,53,Male,1783792,76.0,1.0452359712124273,2.766581701677235,31,3,1.0,25
EMP-001502,2016-09-30,IT,Manager,22,Female,413437,101.0,3.3628186787479777,3.9008380849708675,1,2,0.0,32
EMP-001503,2017-09-20,IT,Manager,47,,1672553,42.0,3.9307791911126873,2.3326852131541016,33,0,1.0,34
EMP-001504,2017-11-03,Marketing,Senior,42,Female,1478366,63.0,1.370456106793859,2.703834770941683,16,1,1.0,16
EMP-001505,2021-05-17,HR,Mid,39,Male,1698874,20.0,1.016204210646082,2.2255125231132173,30,1,1.0,22
EMP-001506,2015-07-03,HR,Senior,49,Female,674078,98.0,1.7764802121408403,3.7656202906549545,32,5,0.0,6
EMP-001507,2021-06-13,Marketing,Manager,56,Male,605021,98.0,2.666122971958882,4.0927119798978175,26,4,0.0,4
EMP-001508,2016-10-24,HR,Junior,53,Male,1699401,93.0,3.191692345635822,2.754257238180187,4,3,0.0,13
EMP-001509,2017-04-01,Sales,Junior,56,Male,1707728,23.0,4.960965175493652,1.6736028181541318,33,7,1.0,26
EMP-001510,2016-10-03,IT,Junior,39,Male,787384,51.0,1.0031197145032484,4.779357069746069,17,9,0.0,38
EMP-001511,2019-04-22,Sales,Mid,45,Male,836601,54.0,4.200818813014534,3.4874505804293117,49,2,1.0,6
EMP-001512,2016-07-22,Marketing,Senior,35,Male,1443290,37.0,2.938506982631384,4.1359824956120645,3,4,1.0,46
EMP-001513,2018-03-08,HR,Senior,30,Female,1353127,72.0,2.6056700824409944,,1,1,1.0,24
EMP-001514,2017-09-26,Sales,Manager,31,Male,1740566,55.0,3.573047338276557,4.702036475294392,8,5,0.0,4
EMP-001515,2020-08-31,Marketing,Lead,57,Female,719459,90.0,1.1309711719862663,4.839658178858695,23,3,0.0,15
EMP-001516,2015-09-06,Finance,Junior,59,Female,337900,19.0,1.4538827756570045,3.3860019674329838,20,4,1.0,39
EMP-001517,2019-11-22,IT,Lead,28,Female,1899713,24.0,3.989107033028365,1.0531573653437825,18,5,0.0,44
EMP-001518,2021-06-28,Operations,Mid,39,Male,1372506,50.0,4.805085674061213,4.393474576892435,16,4,0.0,44
EMP-001519,2015-09-05,HR,Manager,56,Male,1266288,97.0,4.047533700612882,2.629425623307448,41,4,1.0,2
EMP-001520,2015-10-31,IT,Manager,39,Male,700112,81.0,3.5719423010890967,2.645079202872169,48,7,1.0,21
EMP-001521,2018-08-20,HR,Mid,44,Female,804464,68.0,1.4598589258061456,2.8720097297981946,30,7,0.0,37
EMP-001522,2018-09-05,IT,Mid,25,Male,1151036,,2.870803994700173,1.3391886420694301,22,0,0.0,32
EMP-001523,2016-04-14,Sales,Junior,55,Male,579655,62.0,2.5561209903752324,4.164286252710231,1,2,1.0,36
EMP-001524,2016-01-12,Sales,Junior,22,Male,1891358,5.0,2.3006986768267876,3.222759609307939,32,7,0.0,26
EMP-001525,2019-05-24,Sales,Lead,47,Male,1048409,119.0,1.0633144524181501,4.929209235996012,11,4,0.0,17
EMP-001526,2019-04-17,IT,Mid,29,Male,1075433,51.0,4.412456025241091,3.706061916066033,25,2,,14
EMP-001527,2018-09-05,IT,Lead,56,Male,874628,10.0,2.3447628965641814,3.227238343055782,1,1,0.0,16
EMP-001528,2018-04-27,Marketing,Lead,47,Female,1543449,30.0,4.338400001269672,1.442706677061075,13,3,0.0,17
EMP-001529,2018-11-20,HR,Manager,51,Male,1907880,5.0,1.388845113150985,1.0859273647061318,14,0,1.0,4
EMP-001530,2015-07-18,Marketing,Mid,27,Male,1337600,27.0,2.6049843484013904,,13,4,0.0,31
EMP-001531,2016-10-25,Operations,Manager,42,Female,1853972,,3.2384537763194583,1.3599921476730072,34,6,1.0,18
EMP-001532,2018-04-26,IT,Mid,26,Female,579249,57.0,3.1136199670641145,4.463122687532144,16,1,0.0,11
EMP-001533,2015-12-02,HR,Senior,36,Male,1659688,66.0,4.906754877970005,1.6817496419212472,33,2,1.0,47
EMP-001534,2015-11-05,Operations,Senior,37,Male,1571473,38.0,3.40970526286907,4.029108598827323,44,9,1.0,36
EMP-001535,2018-06-15,Marketing,Senior,26,Male,1301786,115.0,3.063857858479589,3.46545588110146,42,2,1.0,40
EMP-001536,2021-07-11,IT,Lead,37,Male,1662759,53.0,4.886195508002926,4.779929605677763,13,5,1.0,13
EMP-001537,2020-08-01,Finance,Senior,49,Female,874415,109.0,2.454032695742723,3.7009890415359683,10,1,1.0,28
EMP-001538,2016-12-12,IT,Mid,26,Male,466766,22.0,1.3331645634485039,4.584452991494498,41,2,1.0,12
EMP-001539,2016-10-28,HR,Senior,32,Male,736713,35.0,3.6532587845802356,1.926147659424612,35,4,0.0,44
EMP-001540,2020-03-19,Finance,Junior,27,Male,1680320,117.0,2.8450734547492846,3.3827152627821975,30,2,,42
EMP-001541,2017-11-19,Marketing,Lead,55,Male,468087,93.0,3.9943015662377164,2.736784385393514,2,9,0.0,33
EMP-001542,2016-12-22,Sales,Senior,46,Female,1741043,119.0,4.804567821221935,2.5402389535874192,39,7,0.0,16
EMP-001543,2019-11-13,Sales,Senior,22,Male,1864165,53.0,4.042382038431297,1.0064452624006277,18,5,1.0,17
EMP-001544,2019-08-03,Marketing,,49,Male,1835635,116.0,1.4180125004566984,2.960183893441579,33,8,1.0,29
EMP-001545,2020-10-24,Finance,Manager,34,,803576,28.0,2.9548524733933563,2.0992843517548057,30,1,0.0,42
EMP-001546,2018-04-23,HR,Junior,33,Male,1946524,91.0,3.1803518223232943,4.801394379602499,30,2,1.0,39
EMP-001547,2020-05-06,Operations,Manager,40,Male,1350586,95.0,2.6862041890530866,3.47205953222581,29,9,1.0,18
EMP-001548,2019-03-21,Operations,SENIOR,28,Female,1511806,34.0,2.7422263006160086,,28,0,0.0,38
EMP-001549,2021-06-20,Sales,Lead,32,Male,768230,79.0,1.029161656985301,2.7694294100478274,12,3,0.0,14
EMP-001550,2017-09-30,Operations,Mid,39,Female,1780999,5.0,1.9759235209615373,3.944952297680046,35,2,0.0,43
EMP-001551,2018-02-20,Sales,Lead,30,Female,1061053,25.0,3.5908153078790908,2.876644785861775,29,2,1.0,10
EMP-001552,2015-07-27,IT,Manager,28,Male,1133975,71.0,4.626835342936685,3.5028547784987416,19,2,1.0,29
EMP-001553,2015-04-21,IT,Manager,26,Male,627108,80.0,1.9159663935392177,,44,7,1.0,1
EMP-001554,2015-11-02,Marketing,Junior,43,Male,417111,5.0,3.5975246982926397,2.863304370147336,40,0,1.0,40
EMP-001555,2015-02-23,HR,Manager,48,Female,1645845,4.0,4.96187682750521,4.291454466783737,44,9,1.0,18
EMP-001556,2020-03-27,Operations,Junior,25,Male,1045825,1.0,2.4463183952340777,2.260423275670136,35,3,0.0,11
EMP-001557,2021-04-09,Marketing,Manager,42,Male,361197,46.0,1.5072647002275552,1.8820023024609966,14,7,0.0,42
EMP-001558,2015-08-15,Sales,Junior,54,Male,1027860,34.0,1.870485332152351,4.066681801231498,41,4,1.0,23
EMP-001559,2018-06-25,HR,Senior,50,Male,1298692,,4.548955549929245,3.0871449121550576,29,9,0.0,25
EMP-001560,2017-03-01,Finance,Mid,38,Female,1261806,107.0,3.210002880370649,1.4310177941480635,7,8,1.0,9
EMP-001561,2021-01-08,Finance,Senior,26,Male,1050229,46.0,1.6000216953812911,2.471640273492681,12,2,1.0,20
EMP-001562,2018-05-28,HR,Senior,22,Female,1672083,75.0,3.56176573294103,2.7484886276535323,30,9,0.0,46
EMP-001563,2021-06-30,Operations,Mid,400,Male,1412132,11.0,4.07803841937667,3.4707682128744533,26,3,0.0,7
EMP-001564,2015-01-19,Operations,Mid,48,Female,1726740,78.0,1.4262536464425284,1.6722663668423086,5,8,1.0,37
EMP-001565,2020-08-23,Operations,Lead,48,Male,1630710,77.0,1.3241702973277656,4.536043348000973,31,3,1.0,9
EMP-001566,2016-07-08,Finance,Senior,40,Female,1480413,119.0,3.0605701389150743,1.9117711866112868,24,8,0.0,26
EMP-001567,2021-04-06,Finance,Manager,24,Female,1671463,29.0,2.3858872543455534,2.471166128040895,5,8,1.0,3
EMP-001568,2018-08-13,HR,Junior,42,Female,493499,2.0,2.487929638140604,3.141391119113874,42,1,1.0,33
EMP-001569,2020-11-20,Sales,Manager,50,Female,1583962,85.0,4.360407973064729,2.3198406476494453,34,0,0.0,45
EMP-001570,2021-04-29,IT,Manager,46,Female,1622676,6.0,3.927890378863231,4.315540666643447,10,2,1.0,15
EMP-001571,2017-09-24,HR,Mid,27,Female,1066276,76.0,2.9658248373237885,3.784665782038819,44,3,0.0,8
EMP-001572,2016-03-06,HR,,47,Female,1911016,109.0,1.3162093244674566,2.2602446872342155,10,7,1.0,28
EMP-001573,2016-08-10,Operations,Manager,35,Male,1052353,49.0,4.645429136516011,1.2121618066651934,31,8,1.0,26
EMP-001574,2017-10-18,Sales,Manager,26,Male,1827864,98.0,1.082796426327957,3.2243138711808976,20,7,0.0,24
EMP-001575,2016-01-10,Sales,,33,Female,732820,22.0,1.3514803315566821,4.505125549462214,44,1,0.0,45
EMP-001576,2017-10-28,Operations,Manager,57,Male,1301956,102.0,2.9016919218793222,2.9185518872862977,4,9,1.0,9
EMP-001577,2021-03-09,Marketing,Lead,46,Female,1962871,14.0,1.065570191950064,1.5755253638839442,8,7,0.0,18
EMP-001578,2019-04-20,Sales,Lead,43,Female,658851,78.0,4.988132634444948,2.6000247478700675,24,7,0.0,18
EMP-001579,2016-11-21,Operations,Senior,48,Female,1354225,41.0,1.7632191156785675,1.5501167337374082,49,9,1.0,44
EMP-001580,2019-04-03,Sales,Lead,41,Male,1393930,2.0,3.6202568586869743,3.609016580450187,24,9,,27
EMP-001581,2016-09-22,IT,Manager,58,Female,1849024,67.0,4.256527152002001,1.7665299876361291,11,1,0.0,5
EMP-001582,2017-06-10,Finance,Lead,49,Male,1106511,,1.6764152402504275,1.6282829431802655,21,8,1.0,38
EMP-001583,2019-06-18,HR,Manager,40,Male,848077,52.0,2.7718137112459056,2.9541599165192776,6,1,1.0,20
EMP-001584,2021-02-02,Sales,Mid,34,Female,1694907,108.0,4.154921623158405,1.1005810653876629,41,2,1.0,40
EMP-001585,2018-09-25,Operations,Senior,38,Male,999057,96.0,3.270542287450611,2.823100564473979,9,5,1.0,41
EMP-001586,2015-08-09,Sales,Lead,24,Female,1543296,34.0,2.027613501809373,3.151844815286639,27,5,1.0,5
EMP-001587,2020-09-05,HR,Junior,47,Male,1168124,67.0,3.6934350471343023,2.2789147579082014,24,0,1.0,32
EMP-001588,2016-12-28,Marketing,Lead,59,Female,1279676,116.0,4.765638630569207,3.056801742392324,16,3,0.0,11
EMP-001589,2019-09-28,IT,Senior,36,Male,809276,111.0,3.154214377885108,2.274550100672071,15,1,1.0,13
EMP-001590,2017-07-21,Marketing,Senior,51,Male,1033162,98.0,3.7177713668438193,3.9563772290105352,31,1,,10
EMP-001591,2017-08-16,HR,Lead,27,Male,668797,16.0,3.314551213838027,1.5060015226955752,4,4,0.0,44
EMP-001592,2021-07-09,Finance,Lead,31,Male,466013,77.0,2.7354950170731516,2.281298100555007,36,0,1.0,9
EMP-001593,2021-04-20,IT,Manager,45,Male,1183957,74.0,1.3754201846293896,4.1657441604843655,26,0,0.0,35
EMP-001594,2021-08-16,IT,Junior,46,Female,1290018,7.0,1.3653857647823489,3.9181374851447526,14,3,1.0,15
EMP-001595,2016-08-27,Finance,Manager,42,Female,1621695,,3.81851522780641,1.771809891101443,27,6,1.0,21
EMP-001596,2020-11-01,Operations,Manager,26,Female,1497380,77.0,1.3988920770492412,2.19549528195067,34,1,1.0,13
EMP-001597,2018-06-27,Finance,Senior,41,Female,436568,41.0,2.4687023972681303,3.2646551030759565,47,8,0.0,20
EMP-001598,2019-10-25,HR,Mid,48,Male,1873138,61.0,4.217963331032527,2.7067900436108543,16,6,1.0,20
EMP-001599,2015-04-15,Marketing,Mid,28,Female,1579358,41.0,1.0433329056957232,4.840237191478424,27,0,0.0,44
EMP-001600,2016-05-26,IT,Junior,38,Female,355111,56.0,4.9053468458212315,3.6276041873365896,34,9,1.0,12
EMP-001601,2015-01-27,Marketing,Mid,37,Male,1427677,3.0,2.1515507502639135,3.7253391028257887,27,4,1.0,16
EMP-001602,2016-05-22,Sales,Mid,30,Female,1672310,59.0,1.2762635072206616,1.1104842823758836,39,3,0.0,11
EMP-001603,2021-07-26,Operations,Manager,49,Male,915372,95.0,3.437779702664628,1.747493426299354,22,9,1.0,13
EMP-001604,2018-02-10,HR,Manager,51,Male,394786,17.0,4.552028015843322,1.3421784402838814,28,0,1.0,32
EMP-001605,2021-07-20,IT,Mid,56,Male,337128,28.0,3.5658741947071357,1.9103571498349385,29,8,0.0,43
EMP-001606,2019-11-06,Marketing,Mid,27,Male,1058268,38.0,2.2909762698839495,4.744004537144559,31,1,1.0,47
EMP-001607,2020-12-03,Finance,Mid,50,Male,312461,2.0,3.6887942236405373,1.9616869470651142,49,-9,1.0,1
EMP-001608,2016-10-04,Operations,Manager,44,Female,1555524,,2.7606666142774365,2.6064831850319994,23,9,1.0,38
EMP-001609,2015-07-12,Marketing,Senior,48,,1182399,88.0,3.6972820528580996,4.151156559156961,21,6,0.0,44
EMP-001610,2021-01-17,HR,Junior,42,Female,1975139,45.0,1.2144501112835648,3.4034774718553567,48,8,1.0,1
EMP-001611,2019-08-29,Sales,Lead,54,Female,793167,33.0,4.088766014211007,4.942192695886195,25,3,1.0,20
EMP-001612,2017-03-03,IT,Junior,29,Female,890785,,1.0538740219223954,4.87783538017332,21,6,0.0,21
EMP-001613,2019-11-07,IT,Mid,24,Female,1518590,99.0,1.9847064302773068,2.10713602227866,44,9,0.0,7
EMP-001614,2018-10-20,Finance,Manager,40,Female,1283051,46.0,1.0050738447111458,37.07290142226529,6,4,0.0,42
EMP-001615,2019-11-01,Marketing,,35,Female,1803960,106.0,2.027849140824233,2.4533896368772616,25,6,0.0,36
EMP-001616,2015-09-19,Marketing,Manager,45,Female,1301708,41.0,1.1094629050095755,2.5609855455579926,30,6,1.0,38
EMP-001617,2016-02-02,Finance,Manager,32,Female,1202297,39.0,2.537029483070619,1.1238719760540627,7,8,1.0,10
EMP-001618,2016-03-21,HR,Manager,51,Female,1739168,116.0,2.50634268097298,1.614043343169521,5,9,1.0,26
EMP-001619,2020-08-25,Sales,Lead,28,Female,1246472,56.0,3.1459104435951875,1.2786151970452138,10,8,1.0,39
EMP-001620,2015-07-28,Marketing,Manager,27,Male,334025,15.0,4.289324582168929,2.4982671220034445,47,9,1.0,36
EMP-001621,2016-08-02,IT,Manager,26,Male,891922,86.0,1.139912987416929,4.011363006423955,22,2,0.0,43
EMP-001622,2020-09-11,Sales,Manager,33,Female,1012675,19.0,1.8545990024860126,3.800172997284415,14,4,0.0,27
EMP-001623,2021-07-13,Operations,Lead,48,Female,1344875,9.0,1.19307330629386,1.4109342369615834,6,5,1.0,33
EMP-001624,2018-09-22,HR,Mid,45,Male,509133,101.0,2.4547193806036147,4.1332389418395294,47,2,0.0,43
EMP-001625,2020-03-23,Finance,Mid,23,Male,912432,,2.4223136751481,4.3189717011466655,7,8,0.0,7
EMP-001626,2020-05-09,Operations,Manager,52,Male,1478033,6.0,2.3184346500513633,2.620166144936279,1,7,0.0,10
EMP-001627,2021-02-28,Operations,Mid,25,Male,745821,73.0,3.1649454994497925,2.001382108386397,35,2,1.0,15
EMP-001628,2020-02-18,Finance,Mid,41,,613833,111.0,3.0804490572296097,2.333200791082299,5,3,0.0,25
EMP-001629,2020-05-30,Sales,Lead,55,Female,1589695,33.0,3.5523832172141727,3.742396175773244,45,7,0.0,7
EMP-001630,2021-05-04,HR,Mid,26,Female,1293021,43.0,4.960505426847648,2.278001478130585,31,4,0.0,16
EMP-001631,2015-04-25,Finance,Manager,22,Male,1933343,52.0,4.408263906290933,1.3116182624641821,8,1,1.0,38
EMP-001632,2020-11-23,Sales,Manager,26,Male,1608185,41.0,3.7971425024688017,4.218695943731198,34,6,1.0,15
EMP-001633,2017-02-12,Finance,Lead,38,Female,1208130,102.0,2.2066819188067965,3.177349648543891,38,6,1.0,18
EMP-001634,2021-07-03,Finance,Senior,24,Female,1035113,62.0,2.2280000931772457,1.8052422132981158,48,1,0.0,33
EMP-001635,2021-10-30,IT,Lead,29,Male,647593,97.0,2.7945641551661993,2.1962312604657312,28,6,0.0,26
EMP-001636,2015-09-15,Finance,Senior,45,Male,812201,41.0,2.8094379745562796,4.398645981639354,21,1,0.0,4
EMP-001637,2018-12-14,IT,Lead,44,Male,1361973,92.0,3.802385531168036,3.2129471343640046,15,1,1.0,19
EMP-001638,2017-02-07,HR,Lead,40,Male,500917,61.0,3.5213693754866844,4.930130355866726,38,9,1.0,45
EMP-001639,2016-10-22,Finance,Senior,44,Male,579564,99.0,4.569752812689473,3.0839716205359804,27,0,0.0,33
EMP-001640,2018-04-13,Finance,Mid,55,Female,1102393,81.0,1.6580646479118233,2.234333221843685,12,0,0.0,13
EMP-001641,2016-01-05,Finance,Lead,30,Female,971364,29.0,1.7635844018100535,4.34562045915858,49,6,0.0,37
EMP-001642,2020-04-08,Sales,Junior,46,,1302457,2.0,1.3644673841573378,3.0530907444811333,20,9,1.0,29
EMP-001643,2015-12-16,Operations,Junior,35,Female,1506980,5.0,1.5184493290170442,4.796520269325018,18,1,1.0,39
EMP-001644,2015-09-10,HR,Senior,37,Male,1764410,32.0,2.8401032552019196,2.127556039002725,2,9,0.0,42
EMP-001645,2019-10-25,Marketing,Mid,29,,820708,,3.232868856587583,2.868131303803302,11,1,0.0,9
EMP-001646,2018-08-22,Marketing,Mid,39,Female,1921168,42.0,2.8950704096171314,3.2731034154018595,20,0,1.0,44
EMP-001647,2019-10-10,Sales,Senior,35,Male,1838868,31.0,3.730295100158649,1.0909563767440291,42,9,1.0,37
EMP-001648,2015-09-09,IT,Mid,53,Female,615120,21.0,1.1868470921853351,1.3306499409234074,8,1,1.0,14
EMP-001649,2015-08-28,Finance,Manager,48,Male,1780816,96.0,3.1044332998797843,4.912042956944521,40,5,0.0,8
EMP-001650,2016-07-06,HR,Mid,46,Female,921131,5.0,3.5219167199667356,2.248217984540343,17,7,,24
EMP-001651,2016-04-22,Finance,Mid,26,Female,1898370,15.0,4.531136782280889,1.3794101775682392,28,3,0.0,18
EMP-001652,2015-09-01,Operations,Manager,26,Female,340388,,2.981025281484024,4.320394109157769,31,3,1.0,7
EMP-001653,2019-05-17,Operations,Senior,25,Female,1437154,90.0,2.8260775549399244,3.733018156368962,34,1,1.0,4
EMP-001654,2018-02-06,HR,Junior,43,Female,327875,60.0,2.4010191391988487,4.12537617208765,1,8,1.0,47
EMP-001655,2018-08-27,IT,Lead,25,Female,478896,68.0,2.39203671102505,2.1656204291465255,31,4,1.0,32
EMP-001656,2020-12-22,HR,Lead,42,Female,1922789,9.0,1.887258351062643,1.6258623715139362,40,1,1.0,23
EMP-001657,2020-06-05,Finance,Mid,31,Female,696256,93.0,3.8867162258908428,2.1372092664160616,1,6,0.0,22
EMP-001658,2016-02-01,IT,Lead,30,Female,1942078,63.0,3.9978447563534325,1.6855702365180405,11,7,0.0,37
EMP-001659,2016-09-13,Sales,,37,Male,852044,72.0,4.088671871960846,1.3443269266437068,18,2,1.0,29
EMP-001660,2019-04-16,Operations,Lead,46,Male,1028799,59.0,1.983804962934332,2.6348188911698136,14,0,0.0,44
EMP-001661,2021-01-11,IT,Lead,41,Female,982455,114.0,4.553709926852035,2.925171411758392,16,9,1.0,35
EMP-001662,2018-06-05,Sales,Junior,54,Female,391550,103.0,1.7580826371695277,2.095554965879525,28,1,0.0,41
EMP-001663,2015-04-05,Sales,Lead,46,Female,1735671,55.0,3.4620777899233888,3.1748833331340056,5,5,1.0,37
EMP-001664,2015-09-08,Sales,Mid,54,Female,560110,20.0,1.1628907358278866,1.8246248006816748,25,4,1.0,44
EMP-001665,2016-12-15,IT,Mid,52,Female,1156255,20.0,3.432670414388279,4.8188742645335765,48,0,1.0,9
EMP-001666,2016-10-23,HR,Junior,36,Male,1454696,113.0,3.3132872432030513,4.823113312674346,40,2,0.0,18
EMP-001667,2016-10-01,HR,Manager,37,Male,436113,105.0,1.8942009813188991,3.9848659804871294,3,9,1.0,16
EMP-001668,2017-02-19,Sales,Senior,24,Male,1689983,116.0,3.5321194055644316,3.2677503047743293,15,5,,22
EMP-001669,2018-07-10,Finance,Manager,40,Female,910488,55.0,4.957511896411457,3.298086703853223,13,9,1.0,1
EMP-001670,2017-02-02,HR,Mid,25,Male,1836912,,1.6049597897265486,2.2860583139212065,39,5,0.0,4
EMP-001671,2018-09-01,Operations,Junior,39,Female,617208,4.0,2.627099367690264,,20,4,1.0,33
EMP-001672,2020-04-30,Operations,Manager,44,Male,1705437,85.0,2.339182812459075,4.793069935771808,12,4,1.0,1
EMP-001673,2019-04-04,Sales,Senior,47,Male,1704874,55.0,4.389353783228909,3.9832415246490136,47,7,1.0,11
EMP-001674,2019-07-26,Operations,Lead,23,Male,1129708,107.0,1.2471080715371685,1.7604414471461798,17,6,0.0,23
EMP-001675,2015-10-13,Sales,Manager,37,Male,404519,55.0,2.5519567282132933,2.189651019695224,7,0,0.0,39
EMP-001676,2018-04-23,IT,Manager,57,Male,804048,84.0,1.321246314564207,4.324542807168676,7,3,1.0,9
EMP-001677,2018-09-28,Marketing,Junior,52,Male,724360,92.0,4.711957154526836,,43,2,1.0,28
EMP-001678,2017-03-13,Finance,Senior,36,Female,1139668,33.0,2.836249466573854,1.0324740828387498,45,2,1.0,6
EMP-001679,2021-05-06,Finance,Manager,32,Male,1183569,97.0,4.043325365112427,4.989443475748077,44,6,0.0,24
EMP-001680,2021-06-29,Operations,Senior,53,Female,334802,45.0,2.510886357047183,1.876950888571781,15,6,0.0,24
EMP-001681,2019-12-04,Operations,Manager,31,Female,1227411,64.0,3.941909557415537,3.2887280905552734,21,9,0.0,39
EMP-001682,2020-09-16,Operations,Mid,55,Female,1919040,105.0,1.7363161170797645,2.8457051566424245,23,2,0.0,38
EMP-001683,2020-08-19,IT,Lead,39,Male,526014,86.0,1.6438654008886529,1.4535928699221645,11,3,1.0,27
EMP-001684,2019-01-18,Finance,Junior,31,Female,1995441,,2.119495974817982,2.3103667074693823,45,9,0.0,2
EMP-001685,2019-10-13,Finance,Mid,50,Male,352602,104.0,1.313335113130159,3.1395989726194196,44,9,0.0,34
EMP-001686,2020-08-08,Marketing,Junior,45,Female,1270435,42.0,3.215378150530961,3.70056557862993,46,5,1.0,2
EMP-001687,2019-01-09,Finance,Manager,32,Male,1697489,,1.9078210743163995,4.9536757176991895,41,8,0.0,25
EMP-001688,2015-03-08,Sales,Junior,53,Male,924864,18.0,2.6826222294825204,3.906215456716623,45,7,0.0,14
EMP-001689,2018-03-04,Marketing,Manager,56,Male,1954657,99.0,3.847443361499617,1.5184477779771575,41,9,0.0,17
EMP-001690,2019-07-02,Marketing,Junior,23,Female,526943,59.0,1.6117492112009892,4.638603909773351,11,1,1.0,29
EMP-001691,2019-06-05,Sales,Lead,30,Male,936285,98.0,1.6231986354096057,2.989621506536491,49,3,1.0,7
EMP-001692,2020-01-25,Sales,Manager,32,Male,353588,103.0,4.509070990361291,2.0821085521876572,43,9,0.0,17
EMP-001693,2016-06-04,Operations,Lead,42,Male,1825024,118.0,1.9656020547134552,1.857796923784984,20,4,1.0,18
EMP-001694,2017-06-21,Operations,Manager,55,Female,453005,111.0,2.595103598391026,3.1503867081453647,23,0,,26
EMP-001695,2019-11-18,Marketing,Junior,52,Female,774104,76.0,3.036617991505683,1.800030822036816,34,4,1.0,42
EMP-001696,2019-11-18,Finance,Senior,45,Female,1896087,116.0,4.426676331130157,3.8467002973512106,33,4,0.0,37
EMP-001697,2018-06-09,HR,,23,Male,337136,106.0,1.08683882056367,1.5661276825580015,32,3,1.0,46
EMP-001698,2015-03-06,Marketing,Mid,32,Female,1238243,40.0,4.93982506434211,4.410170672854097,32,6,1.0,44
EMP-001699,2019-10-24,Sales,Manager,31,Male,390083,21.0,4.498512661639385,2.3343912406259073,49,6,0.0,7
EMP-001700,2020-11-09,Marketing,Lead,42,Male,469027,34.0,2.975750605195138,4.148709202822815,45,5,0.0,24
EMP-001701,2016-05-16,HR,Senior,53,Male,1809216,3.0,2.775999110631344,1.2089925391663123,7,9,1.0,36
EMP-001702,2020-08-11,IT,Junior,27,Female,1660448,32.0,4.326635537496953,4.064862344265053,8,4,0.0,1
EMP-001703,2016-01-09,Marketing,Manager,47,Female,739499,42.0,3.938485277666656,2.675378901296292,7,8,0.0,32
EMP-001704,2017-06-27,Finance,Junior,32,Male,1467022,24.0,3.2143487185480484,4.905270232994413,3,6,1.0,38
EMP-001705,2019-06-08,IT,Senior,54,Male,480524,34.0,1.4076449800301423,4.173945327539599,45,2,1.0,4
EMP-001706,2020-03-29,Operations,Junior,54,Female,1543890,37.0,1.1559155290961995,2.0243366869598076,41,3,0.0,46
EMP-001707,2017-08-08,IT,Manager,44,Male,352270,60.0,4.539071275608817,1.6922382779055072,27,5,1.0,29
EMP-001708,2017-04-24,Finance,Lead,45,Male,1344376,14.0,2.700070214631473,1.7525669163306614,21,4,1.0,9
EMP-001709,2016-09-17,HR,Mid,35,Female,1596236,60.0,3.5170340572880128,4.936471351031184,20,6,1.0,23
EMP-001710,2016-07-21,IT,Junior,52,Male,556071,65.0,3.185965149088315,4.037338844253787,20,1,1.0,33
EMP-001711,2021-06-04,Finance,Mid,38,Male,1932516,83.0,1.6185752438606364,2.920090654935775,48,9,0.0,43
EMP-001712,2016-04-30,IT,Senior,35,Male,1697621,47.0,1.4696981263941424,4.254076967796168,24,5,0.0,2
EMP-001713,2021-11-03,Sales,Manager,57,Male,1153855,112.0,2.709719140885199,4.54080891781799,27,4,0.0,4
EMP-001714,2017-01-11,Marketing,Manager,47,Female,361088,107.0,2.8708619525205354,3.9692426931201963,35,-7,0.0,29
EMP-001715,2016-09-25,Sales,Lead,34,Female,1384411,,3.009236142485039,,16,1,1.0,42
EMP-001716,2018-07-17,Operations,Senior,50,Male,1488906,106.0,1.691854591993617,2.712306043700649,11,4,0.0,8
EMP-001717,2021-01-04,Finance,Junior,53,Male,1780651,117.0,4.012365681566042,2.8093905779822435,33,5,,43
EMP-001718,2021-04-16,Marketing,Lead,49,Male,803000,21.0,1.202141832290804,2.885520785001266,44,2,0.0,31
EMP-001719,2019-01-26,Marketing,Lead,50,Male,1675565,70.0,4.838705662308861,3.6911140927001527,14,2,0.0,41
EMP-001720,2018-02-09,HR,Lead,29,Female,1314093,36.0,2.0421579293750174,4.996317603104741,6,6,1.0,32
EMP-001721,2018-06-26,IT,Junior,25,Female,1490816,46.0,1.9508553295609938,2.2012778235222368,25,2,0.0,16
EMP-001722,2018-07-26,HR,,58,Male,949278,23.0,3.6508721533900337,2.052324997355542,21,8,,21
EMP-001723,2017-11-18,Sales,Lead,43,Female,731109,77.0,4.970791480997902,4.869255997749784,33,5,1.0,2
EMP-001724,2015-10-14,Sales,Lead,43,,1438510,77.0,3.9130422584353934,4.271813368366214,32,8,1.0,28
EMP-001725,2020-12-04,IT,Lead,56,Female,1169773,85.0,2.6088390909108665,4.4280969343948415,7,-2,0.0,5
EMP-001726,2020-12-23,Sales,Lead,32,Female,300928,104.0,1.1147109780758724,1.309565497822982,6,9,1.0,5
EMP-001727,2016-05-03,Finance,Junior,38,Female,1716286,32.0,3.2175210512748076,,25,-4,1.0,38
EMP-001728,2017-10-07,Finance,Senior,33,Male,1324554,32.0,4.500151203375049,3.549429951101234,30,0,1.0,47
EMP-001729,2016-04-03,IT,Junior,32,Male,349733,99.0,1.2422795539961422,1.0520638569245553,20,2,1.0,16
EMP-001730,2021-08-14,Operations,Senior,46,Male,329597,11.0,2.0417595595638285,1.8502718581434303,21,0,0.0,31
EMP-001731,2015-01-27,Operations,Junior,46,Male,1269883,116.0,4.518512594086815,4.160511270029821,9,9,1.0,13
EMP-001732,2015-04-20,Finance,Manager,50,Male,1513908,23.0,1.5195251289421998,1.5758156826937726,39,8,1.0,15
EMP-001733,2018-01-19,HR,Senior,28,Female,838165,10.0,1.6120976908463316,4.99631876927644,29,1,1.0,11
EMP-001734,2020-03-29,Marketing,Junior,42,Male,1340618,44.0,4.653036335468348,2.392585057740735,47,2,1.0,31
EMP-001735,2019-10-12,Marketing,Manager,26,Female,1014023,95.0,1.6897883829446099,3.396029563379057,33,1,,44
EMP-001736,2018-03-30,Operations,Junior,28,Female,1854564,24.0,4.530249226386259,4.350101637172168,38,9,0.0,44
EMP-001737,2017-07-02,Sales,Senior,59,Male,1867021,20.0,1.5249257354462342,1.0048353197562108,1,4,1.0,44
EMP-001738,2016-12-06,Marketing,Mid,55,Female,860917,83.0,3.91700616558298,4.718626512429745,14,7,0.0,28
EMP-001739,2021-06-01,HR,Lead,54,Male,1710236,4.0,4.438114468223937,3.5986114518580874,23,1,1.0,10
EMP-001740,2020-09-02,Marketing,Senior,27,Female,926537,82.0,2.172399508076081,3.817109654058592,9,7,1.0,7
EMP-001741,2017-12-05,Marketing,Senior,39,Female,1343512,63.0,2.881103029050963,4.131723627181838,34,6,1.0,12
EMP-001742,2018-02-13,HR,Lead,55,Male,825973,31.0,3.382043598831634,1.197229987135104,45,9,0.0,40
EMP-001743,2019-01-08,IT,Junior,44,Female,1014429,,2.2646188111328365,4.162074452852755,30,5,1.0,28
EMP-001744,2018-10-11,Sales,Junior,23,Male,844628,98.0,3.1740261145496156,1.2047057148840552,29,8,1.0,2
EMP-001745,2017-09-23,Operations,Manager,37,Female,969014,20.0,1.7281894954752048,3.9316906396744837,35,7,0.0,25
EMP-001746,2018-12-11,HR,Senior,44,Male,1937445,32.0,4.907354361963062,2.925682557439351,31,5,1.0,23
EMP-001747,2015-06-27,Operations,Senior,28,Female,1720322,49.0,4.847225142622134,3.636425450809931,30,1,0.0,46
EMP-001748,2016-03-31,IT,Junior,58,Male,856904,3.0,4.373673943722565,3.1295924351985818,43,1,0.0,46
EMP-001749,2021-05-22,Marketing,Junior,34,Male,1610058,45.0,3.322005624588576,4.817744254700278,45,8,1.0,43
EMP-001750,2018-08-01,Operations,,46,Female,358714,26.0,1.0163594515879741,3.8816848498893815,2,6,1.0,4
EMP-001751,2018-03-08,Operations,Lead,37,Male,345719,51.0,2.370794906163787,2.139938499643164,40,0,0.0,47
EMP-001752,2019-09-14,IT,Mid,28,Female,1523430,91.0,4.878836372614046,2.344261226088896,6,2,1.0,28
EMP-001753,2017-08-19,IT,Senior,27,Male,924739,30.0,1.3256632710353173,4.951550836381328,12,8,1.0,32
EMP-001754,2018-10-22,IT,Manager,34,Female,972273,115.0,2.6114682068312627,1.5968965621623274,6,5,0.0,46
EMP-001755,2021-01-26,HR,Mid,45,Male,595490,108.0,1.0195046700499226,2.3672160129565802,44,7,0.0,6
EMP-001756,2015-06-11,HR,Mid,35,Female,1450335,54.0,4.656913315871803,2.439970243106248,27,7,0.0,37
EMP-001757,2017-12-04,Finance,Senior,31,Female,319168,12.0,2.0216148246350323,2.1437530639934694,15,1,0.0,24
EMP-001758,2019-02-26,Marketing,Junior,54,Male,431816,105.0,3.1974056769529704,3.2421117244062767,37,6,1.0,6
EMP-001759,2015-04-29,HR,Lead,37,Male,1617478,77.0,3.9977207173888174,4.125497413940144,10,2,0.0,6
EMP-001760,2018-03-21,Finance,Senior,55,Female,427465,53.0,3.714152889272376,3.7153992381641374,25,9,1.0,44
EMP-001761,2018-09-17,HR,Lead,28,Male,965499,57.0,3.796138330757458,1.616655178850467,24,9,1.0,39
EMP-001762,2020-02-03,Marketing,Senior,28,Male,839093,54.0,4.07273944675859,3.709147066199275,26,7,1.0,37
EMP-001763,2019-08-10,Sales,Manager,30,Male,1477048,71.0,2.0005854271022696,3.2303998161784158,23,3,0.0,16
EMP-001764,2017-01-09,Sales,Manager,45,Female,643413,34.0,2.6048088534094185,4.991897982932727,16,8,1.0,19
EMP-001765,2018-06-01,Finance,Mid,47,Female,1949577,116.0,3.686015402058491,2.1959464159030504,21,0,0.0,17
EMP-001766,2021-08-22,Finance,Senior,41,Male,1814311,32.0,2.1288875578751334,,18,3,1.0,46
EMP-001767,2020-07-02,Finance,Mid,33,Male,1957398,51.0,2.859001217110404,2.410732477135182,18,4,0.0,36
EMP-001768,2018-08-04,HR,Junior,31,Male,1166354,106.0,3.9932652383848386,3.81027523263426,0,1,1.0,46
EMP-001769,2019-04-27,IT,Senior,32,Male,507238,1.0,1.9391039248053916,3.7409262763946036,14,1,0.0,46
EMP-001770,2018-09-23,Finance,Mid,34,Male,1964717,74.0,1.8796963984706023,4.1032452370056856,13,8,0.0,29
EMP-001771,2021-11-05,Marketing,Manager,28,Male,936037,,4.197164528603475,3.310526107646286,5,4,0.0,30
EMP-001772,2015-07-04,HR,Senior,42,Female,1088155,42.0,1.0858453074631562,,7,9,0.0,26
EMP-001773,2019-06-11,Sales,Lead,28,Female,1429129,45.0,3.0480216602031778,4.925037470088469,13,2,1.0,46
EMP-001774,2018-08-03,Marketing,Manager,33,Female,695835,86.0,1.2495425647734253,4.778259094335256,48,7,0.0,36
EMP-001775,2020-10-21,HR,Lead,26,Female,1693635,5.0,1.7913717957253708,2.087364820002446,33,1,1.0,12
EMP-001776,2015-03-05,Operations,Mid,59,Female,1673474,7.0,4.2961013527752865,2.397494661546579,28,3,1.0,25
EMP-001777,2020-06-19,IT,Junior,59,Male,907470,67.0,1.92352941805186,2.6635133443996084,17,6,0.0,15
EMP-001778,2020-10-19,Sales,Manager,59,Female,1705777,57.0,4.260413969366324,2.894676625754041,28,4,0.0,25
EMP-001779,2019-09-25,Marketing,Manager,33,Male,889771,112.0,3.8747896527681434,1.717087985979139,12,3,0.0,39
EMP-001780,2015-06-19,Sales,Junior,43,Female,953715,50.0,1.2005087615775172,4.753103978929778,23,3,0.0,9
EMP-001781,2015-03-28,Marketing,Lead,59,Female,1131292,98.0,3.2882045716197936,2.247416345375912,17,7,1.0,11
EMP-001782,2021-03-24,Sales,Senior,45,Male,1419764,23.0,3.027220942110753,4.501999846900802,8,9,1.0,10
EMP-001783,2016-10-07,IT,Lead,46,Female,519218,40.0,1.1034551872024543,3.2671818225725877,12,3,1.0,1
EMP-001784,2017-10-12,HR,Senior,50,Female,738022,110.0,4.459552792829161,1.383049475130921,46,7,1.0,47
EMP-001785,2018-08-07,IT,Manager,24,Male,552717,,4.612037786628371,4.904343082200635,31,0,1.0,47
EMP-001786,2017-04-03,Operations,Junior,28,Male,711095,8.0,3.045558145370594,2.9717524763255634,6,7,0.0,18
EMP-001787,2021-10-01,HR,Junior,44,Female,1036384,55.0,2.21917880906734,1.1268876310906535,20,9,1.0,46
EMP-001788,2016-10-05,HR,Senior,36,Male,1806992,100.0,1.2376968017169747,1.4567948732191063,38,7,0.0,38
EMP-001789,2020-11-29,Finance,,29,Male,1314331,94.0,1.8786560543462176,3.1691333766927614,11,1,1.0,39
EMP-001790,2018-12-21,Sales,Mid,49,Female,1972314,116.0,3.0713202136945,,28,4,1.0,31
EMP-001791,2016-04-09,Operations, Senior ,51,Female,1695549,16.0,2.1186526134972743,2.8261164912459757,35,7,1.0,22
EMP-001792,2016-05-30,Sales,Mid,58,Female,326137,39.0,1.7296892463368794,4.6103180385450635,0,6,1.0,15
EMP-001793,2016-06-26,Finance,Manager,54,Male,1375832,68.0,3.26097517373316,3.8429354330245813,15,7,0.0,9
EMP-001794,2016-12-10,IT,Manager,53,Male,1474208,63.0,3.324809166455369,4.192009686096984,16,0,0.0,17
EMP-001795,2016-06-10,IT,Manager,48,Male,1676583,114.0,4.866715732552303,3.000967968206995,44,7,1.0,10
EMP-001796,2021-01-31,Marketing,Mid,46,Female,1836080,87.0,3.4467415668163532,1.0119099168712067,29,6,1.0,10
EMP-001797,2017-02-18,Finance,Mid,23,Female,562197,43.0,2.007733441567834,4.225148236804442,17,3,1.0,38
EMP-001798,2016-02-06,Finance,Junior,28,Female,734061,,1.3910473625579867,2.4395291956427587,13,0,0.0,42
EMP-001799,2019-09-23,Operations,Senior,41,Male,1904245,41.0,2.9050068937987366,3.5676480818156096,49,7,,6
EMP-001800,2016-12-11,Sales,Lead,42,Male,959120,61.0,3.0828369462336345,2.7707296509846038,8,0,1.0,22
EMP-001801,2018-03-20,Sales,Senior,36,Male,1306558,23.0,3.651495270030425,2.2295247875483453,12,4,0.0,36
EMP-001802,2021-04-30,Finance,Senior,56,,1782687,74.0,4.058290527009501,2.053308618358289,2,7,0.0,32
EMP-001803,2020-05-25,HR,Lead,52,Female,1569167,92.0,4.6891037935240645,1.534329351430674,20,9,0.0,28
EMP-001804,2021-03-15,Sales,Manager,57,Female,458852,66.0,3.900441970792921,1.5811108149416828,0,7,0.0,3
EMP-001805,2017-04-22,Sales,Lead,39,Female,1754923,30.0,2.193922740044556,4.941210404871874,38,2,1.0,32
EMP-001806,2018-04-24,Marketing,Manager,25,Male,1729988,12.0,1.070310818477378,1.2548832638201235,39,2,0.0,7
EMP-001807,2018-07-24,Finance,Mid,36,Female,1798582,90.0,3.945150145067114,1.4773129124086624,23,5,,6
EMP-001808,2018-09-06,Marketing,Lead,23,Female,1856838,119.0,3.5198519516887594,2.674796438964471,31,5,1.0,11
EMP-001809,2019-04-27,Finance,Senior,22,Male,505740,18.0,4.152530279413096,2.8392418864344866,48,9,1.0,21
EMP-001810,2021-10-18,Operations,Lead,37,Female,1701199,24.0,4.0879170264227636,4.2281410472390855,44,5,1.0,0
EMP-001811,2018-02-17,HR,Mid,28,Male,1237999,75.0,2.6394555589219344,3.387654111591593,36,9,0.0,11
EMP-001812,2019-02-21,Sales,Mid,28,Female,805681,50.0,2.5851265335097287,2.8592380139615146,34,5,1.0,7
EMP-001813,2019-06-14,Finance,Junior,39,Male,488696,107.0,3.096951503237272,3.7878459808995286,27,6,0.0,47
EMP-001814,2017-06-15,Operations,Manager,36,Male,1325366,67.0,4.746152326639709,1.3702638835020733,34,0,0.0,7
EMP-001815,2019-02-06,Marketing,Mid,44,Female,1958412,24.0,4.695629375640446,2.7277208706326976,7,0,0.0,20
EMP-001816,2016-05-30,HR,Manager,45,Female,587399,46.0,4.287180527941108,1.9609172046619614,49,7,1.0,4
EMP-001817,2015-07-09,Sales,Junior,55,Female,993722,64.0,2.3678995658233277,4.298217702420455,4,6,1.0,10
EMP-001818,2020-07-13,HR,Senior,50,Female,1800837,,3.5020815260090963,1.4266345421702624,14,2,0.0,12
EMP-001819,2017-03-06,HR,Junior,58,Female,1249692,48.0,1.7496059097861631,1.253042683509471,21,8,1.0,25
EMP-001820,2016-08-03,Operations,Manager,57,Male,805293,75.0,4.278163555259059,1.7537165854422403,27,6,0.0,44
EMP-001821,2019-07-12,Finance,Junior,23,Male,548461,78.0,4.400889040553922,3.186908452595863,34,3,1.0,20
EMP-001822,2020-04-12,IT,Senior,29,Female,1464389,45.0,4.281166864026979,1.6599007351800652,44,0,1.0,24
EMP-001823,2015-08-31,Finance,Mid,22,Male,868352,80.0,1.3065609343290063,2.8737769367564203,16,2,1.0,13
EMP-001824,2016-09-24,Marketing,Mid,25,Male,1265849,73.0,3.780380492807306,2.19060689715201,11,5,0.0,15
EMP-001825,2017-12-14,IT,Senior,23,Male,312485,98.0,4.866680581821849,1.2961610968229293,32,7,0.0,31
EMP-001826,2019-01-27,HR,Senior,43,Male,465069,81.0,4.89055175457686,4.771677208574648,36,5,0.0,34
EMP-001827,2021-01-01,Marketing,Mid,39,Female,1222312,23.0,1.807860567929115,2.7727238936505785,4,8,0.0,13
EMP-001828,2020-12-29,IT,Senior,57,Female,679623,10.0,3.279843060749269,1.0514040052344469,15,2,0.0,38
EMP-001829,2019-01-15,Operations,Lead,59,Female,1789624,46.0,3.9722772023042823,4.527400644159865,16,5,0.0,11
EMP-001830,2017-12-19,Operations,Senior,41,Female,1058732,67.0,1.0322805270452018,1.0537852465702922,29,2,1.0,27
EMP-001831,2019-10-30,HR,Lead,56,Male,631143,75.0,3.9858748308571714,2.747296966892465,28,6,0.0,46
EMP-001832,2019-07-30,Marketing,Senior,44,,1746551,,4.390385563441226,3.027739695805069,39,5,1.0,4
EMP-001833,2015-01-02,Finance,Mid,23,Male,886352,39.0,3.9277542615165784,2.8104167886779075,22,1,0.0,42
EMP-001834,2019-02-21,IT,Junior,40,Male,1997686,33.0,4.657635197820712,1.1071345375046442,47,0,0.0,12
EMP-001835,2019-06-11,Finance,senior,35,Male,525770,101.0,3.9689413870059793,3.395477811224122,49,6,1.0,5
EMP-001836,2016-04-05,Operations,Lead,32,Female,895541,71.0,3.657979169094947,3.51090613803578,39,3,0.0,47
EMP-001837,2019-06-11,Sales,Manager,49,Male,1104407,6.0,3.3885629601372442,3.040989970319522,33,4,1.0,24
EMP-001838,2021-04-14,HR,Mid,38,Male,1982795,54.0,3.553659545162555,4.231660104084345,41,4,0.0,8
EMP-001839,2020-12-30,HR,Mid,22,Female,426069,,1.9357298035775914,3.8018291456959337,21,7,0.0,44
EMP-001840,2017-09-11,Operations,Senior,26,Female,1715271,30.0,1.0575031215683346,3.8340627036385113,30,0,0.0,36
EMP-001841,2015-04-01,HR,Manager,52,Female,674638,84.0,4.269190552281913,1.5176473292471173,36,2,1.0,17
EMP-001842,2019-10-06,Marketing,Senior,46,Female,539341,70.0,2.588809841606217,1.8835780579255346,36,4,1.0,43
EMP-001843,2018-09-08,HR,Lead,23,Female,421930,20.0,4.035828320444848,1.9077607092457587,0,7,1.0,43
EMP-001844,2020-08-24,Finance,Junior,22,Female,1997318,111.0,1.0877406775120968,4.604068384043149,46,0,0.0,5
EMP-001845,2015-08-27,Operations,Manager,22,Male,691098,33.0,3.4169892673319175,3.156652956477753,7,2,0.0,7
EMP-001846,2021-08-09,Marketing,Mid,25,Female,1854540,9.0,3.5148057769937218,2.205162587281083,49,6,,41
EMP-001847,2017-04-30,Finance,Junior,38,Male,1859094,73.0,1.7220898021790223,2.5305581419035335,45,1,0.0,28
EMP-001848,2015-12-22,Marketing,Senior,39,Male,713791,26.0,1.8422237364926182,2.0195075469959622,1,1,1.0,43
EMP-001849,2018-06-27,IT,Lead,40,Female,1677088,56.0,3.703307523712225,2.413360188195032,44,2,,30
EMP-001850,2019-03-11,Finance,Senior,45,Male,471654,49.0,4.014641999294636,2.612705850558109,24,1,1.0,45
EMP-001851,2016-01-03,Sales,Lead,22,Male,1298884,31.0,1.8210161209668847,1.4612384854199094,30,9,1.0,14
EMP-001852,2021-09-22,HR,Lead,58,Male,1273269,108.0,3.2390661718111375,34.89798709348087,37,4,1.0,17
EMP-001853,2016-08-08,HR,Lead,22,Female,690220,105.0,2.675938336418573,1.6517951055325697,6,6,1.0,37
EMP-001854,2019-10-08,Finance,Manager,48,Male,1811774,86.0,1.8839752606633247,1.3192144201267864,27,9,0.0,2
EMP-001855,2020-04-06,Operations,Manager,49,Male,1268775,81.0,4.05451655124957,1.5823435444919736,18,4,1.0,15
EMP-001856,2015-06-21,Sales,Senior,33,Male,1755202,22.0,3.9628785147872465,2.8696227260313814,46,0,1.0,43
EMP-001857,2019-08-04,HR,Lead,29,Female,456526,54.0,1.5680465012540736,4.491729222838643,6,4,1.0,1
EMP-001858,2017-08-09,Operations,Senior,53,Male,1414341,41.0,2.148239213719506,2.460418130359414,44,-4,0.0,14
EMP-001859,2018-03-05,Sales,Senior,56,Male,374971,33.0,2.157304761544404,2.638082730205257,18,8,1.0,7
EMP-001860,2015-11-18,Finance,Senior,28,Female,1637814,101.0,1.551713737693627,4.444154584869093,32,1,0.0,1
EMP-001861,2019-02-09,Sales,Senior,35,Female,1279641,5.0,2.8634118261344415,2.714188257190118,32,5,1.0,5
EMP-001862,2020-03-31,Finance,Manager,53,Male,791772,33.0,3.5935850154893516,3.697966672142439,10,7,0.0,3
EMP-001863,2017-02-23,Sales,Manager,30,Male,444306,34.0,4.755435705097481,1.1998808545688675,14,7,1.0,36
EMP-001864,2021-08-13,Marketing,Junior,33,Male,1390484,96.0,4.084076908001751,3.1198327503978733,49,0,0.0,32
EMP-001865,2017-12-10,Finance,Manager,43,Male,758705,102.0,2.8909027508022476,4.839772612082932,16,2,1.0,14
EMP-001866,2017-02-15,Marketing,Junior,26,Male,1080333,1.0,2.821819727744766,,34,5,1.0,32
EMP-001867,2016-02-23,Sales,Senior,54,Female,1748848,46.0,2.083626402156203,,2,2,1.0,6
EMP-001868,2016-08-10,Marketing,Junior,31,Female,489107,92.0,2.620652249349346,2.162115340751033,10,1,1.0,45
EMP-001869,2017-04-29,Sales,Lead,28,Female,1215192,12.0,2.311936742247453,3.3080775008810552,23,3,1.0,37
EMP-001870,2021-05-18,HR,Lead,49,Male,495130,89.0,3.6141605325737074,38.37374931213054,11,8,1.0,30
EMP-001871,2017-11-01,IT,Junior,46,Female,1783710,75.0,4.746475750242588,3.040907322612066,11,0,1.0,3
EMP-001872,2018-08-26,Operations,Lead,58,Female,520421,13.0,4.336248977831431,2.7061930616445586,11,8,1.0,20
EMP-001873,2020-03-07,Finance,Junior,58,Male,1096861,6.0,3.2501822242922382,4.542806323550868,48,6,1.0,3
EMP-001874,2017-07-03,Sales,Manager,43,Female,1199005,91.0,4.028498350071829,1.3281469260838699,23,4,1.0,19
EMP-001875,2016-01-22,HR,Junior,55,Female,1860290,48.0,4.554147739260896,1.3437372435287953,42,5,0.0,33
EMP-001876,2021-02-20,Sales,Senior,37,Male,614301,16.0,4.769852205732308,1.188037398232328,15,4,1.0,0
EMP-001877,2019-04-05,IT,Mid,44,Female,1768628,86.0,4.632391489082937,1.4742373618960602,13,7,,46
EMP-001878,2021-04-09,HR,Junior,48,Female,1651493,70.0,2.233192933243692,1.8531772542563125,13,2,0.0,37
EMP-001879,2019-09-28,Sales,Lead,35,Male,1594179,117.0,1.3016514124880358,4.221118971600063,37,8,1.0,37
EMP-001880,2021-08-26,IT,Junior,27,Female,313124,114.0,2.827397454775467,2.9672061039108795,12,9,1.0,18
EMP-001881,2020-07-16,Sales,Mid,28,Female,739615,1.0,2.836444338631218,3.3558334175257714,25,7,1.0,46
EMP-001882,2016-08-31,HR,Lead,30,Female,681151,28.0,4.935489054544991,2.010287394237165,20,6,0.0,16
EMP-001883,2019-08-03,Finance,Junior,46,Male,359744,62.0,4.154063992804334,1.3349569940368826,49,8,0.0,20
EMP-001884,2016-03-29,Finance,Lead,45,Male,1601197,113.0,4.317932936719794,3.4631358940434893,46,0,0.0,29
EMP-001885,2016-10-30,IT,Lead,23,Female,1366592,58.0,1.2346607771406566,1.242392383462788,5,5,0.0,0
EMP-001886,2020-02-24,IT,Manager,33,Female,1762690,15.0,3.9511605856798457,1.4771213099261504,12,2,0.0,37
EMP-001887,2018-12-01,HR,Junior,54,Male,447344,87.0,2.657026101882462,1.1298770518730423,12,9,0.0,7
EMP-001888,2020-09-21,IT,Manager,57,Male,930440,32.0,1.556263605914947,4.92760674820712,29,8,1.0,12
EMP-001889,2017-10-31,Sales,Mid,37,Male,1688438,114.0,3.53096740076759,3.2428766153777038,18,7,1.0,11
EMP-001890,2018-01-19,IT,Senior,30,Male,1207637,84.0,4.359005217842997,1.717681668453562,19,7,0.0,32
EMP-001891,2021-05-16,HR,Mid,36,Male,480510,30.0,3.0045189826493477,2.415057751898182,38,6,1.0,13
EMP-001892,2020-08-09,Operations,Lead,30,Male,325769,94.0,4.289740732934285,2.137416672908861,49,8,1.0,32
EMP-001893,2015-12-11,HR,Mid,48,Female,1443010,59.0,4.838429542642526,4.360633753237639,10,1,0.0,20
EMP-001894,2017-03-06,Operations,Manager,43,Male,1550355,76.0,3.78034105086042,3.3370910466558406,48,3,1.0,28
EMP-001895,2020-03-31,Marketing,Senior,46,Male,949157,31.0,1.6553778784363038,4.786126678187431,31,3,1.0,45
EMP-001896,2019-04-21,Sales,Lead,37,Female,671583,50.0,2.5714373677540077,,4,7,0.0,14
EMP-001897,2017-11-18,IT,Mid,41,,613564,42.0,4.912147333539801,,29,5,0.0,45
EMP-001898,2018-01-05,HR,Senior,31,Female,732826,47.0,1.4572807503595482,2.750317556481366,25,1,1.0,43
EMP-001899,2020-10-27,Marketing,Junior,36,Female,473855,92.0,1.5775804422891264,1.7054316733593282,23,3,0.0,22
EMP-001900,2018-01-25,Operations,Senior,53,Female,1094681,69.0,4.969747712046734,1.0037007388172157,38,2,0.0,7
EMP-001901,2021-08-01,IT,Mid,29,Male,886026,54.0,4.349219370423581,2.478672300887353,12,4,1.0,24
EMP-001902,2016-06-18,HR,Lead,32,Female,1188121,86.0,4.612410610901865,2.453728725200011,21,1,1.0,45
EMP-001903,2019-01-24,IT,Manager,35,Female,497348,29.0,2.21313079636246,2.6179445139164375,12,4,1.0,40
EMP-001904,2016-10-13,Sales,Lead,38,Male,461006,2.0,2.85847802156494,4.379955466344837,2,8,1.0,27
EMP-001905,2018-05-17,Finance,Manager,30,Female,1265162,63.0,3.772688472016142,3.105538758316686,32,8,1.0,23
EMP-001906,2018-04-06,Sales,Manager,25,Female,1258592,3.0,1.6723618437953252,,3,2,0.0,6
EMP-001907,2020-01-25,IT,Lead,54,Male,1763991,103.0,1.5172147945781838,1.6461100133341868,21,8,1.0,5
EMP-001908,2016-07-12,IT,Lead,350,Female,597196,75.0,4.719017314935375,4.9821922681369895,11,8,0.0,23
EMP-001909,2018-01-05,IT,Lead,24,Female,364602,99.0,4.503021225234745,1.5041742272539373,26,8,1.0,24
EMP-001910,2021-06-15,Operations,Mid,29,Female,430604,92.0,1.6172645528696177,3.520128462272883,12,6,0.0,4
EMP-001911,2017-03-02,Operations,Senior,52,Female,1297199,51.0,3.9477814436928225,2.79371271535338,27,9,0.0,43
EMP-001912,2015-12-05,IT,Mid,46,Male,740568,94.0,3.3504811727427084,3.8570529766870565,44,6,1.0,5
EMP-001913,2021-11-05,HR,Senior,48,Female,1508297,77.0,2.0741794992179527,2.8988960060242355,26,1,0.0,3
EMP-001914,2015-06-04,IT,Senior,43,Female,1729970,,2.259862470105281,1.5575624257319358,28,9,0.0,25
EMP-001915,2016-10-17,Operations,Manager,47,Male,1354059,102.0,2.1170078362331872,3.733598346073449,37,9,1.0,45
EMP-001916,2017-06-25,Marketing,Junior,45,Male,1606332,107.0,4.470001510036258,1.5970388420187165,13,0,1.0,20
EMP-001917,2019-01-08,HR,Mid,48,Female,1679071,42.0,1.506337584366257,,19,3,1.0,7
EMP-001918,2015-10-16,Marketing,Junior,31,Male,323349,8.0,2.0920591516182876,16.87708163105624,41,5,1.0,2
EMP-001919,2021-01-23,Marketing,Junior,25,Male,1215976,104.0,2.1499305162301092,4.068074416258323,15,2,0.0,5
EMP-001920,2016-07-06,Finance,Junior,33,Female,1084258,91.0,4.476931237851225,2.9114597683669374,24,6,1.0,23
EMP-001921,2016-04-10,IT,Mid,43,Female,1363689,5.0,2.759655257572405,1.4038003361752702,20,1,1.0,14
EMP-001922,2017-12-16,Sales,Senior,34,,1657540,18.0,3.286801138910949,4.88194977515778,31,5,1.0,8
EMP-001923,2019-10-07,Operations,Mid,58,Male,713886,94.0,2.954673290323217,2.7673187975619413,49,2,1.0,32
EMP-001924,2015-10-07,Finance,Mid,25,Male,886717,67.0,2.29211409623624,2.159004074528586,49,1,1.0,25
EMP-001925,2020-09-07,Marketing,Manager,46,Male,782208,20.0,2.0823788907189837,4.233344178373992,49,3,0.0,25
EMP-001926,2019-05-07,Finance,Lead,55,Female,1181982,24.0,4.590502100878991,2.3860318541820615,28,9,1.0,41
EMP-001927,2018-10-05,IT,Senior,40,Female,1913370,52.0,3.914668988883367,4.7437184785779305,18,9,1.0,6
EMP-001928,2015-06-06,Sales,Senior,24,Female,510482,34.0,3.6920846266750122,1.611896750584315,44,8,0.0,38
EMP-001929,2017-11-24,Sales,Lead,35,Male,369903,29.0,2.9687769774393233,4.6736240135774345,25,8,0.0,8
EMP-001930,2015-06-03,Operations,Senior,26,Female,917980,61.0,4.713140132915166,2.5313724812530105,2,1,1.0,7
EMP-001931,2016-05-30,IT,Lead,32,Male,1098593,72.0,2.54468534348851,1.1433770170978406,25,3,0.0,41
EMP-001932,2016-01-05,Sales,,47,Male,558090,96.0,2.0220011057881027,2.4304372083423185,26,0,0.0,6
EMP-001933,2018-10-07,Sales,Senior,34,Male,1243401,71.0,3.9542891404490295,2.568015988760283,32,6,1.0,9
EMP-001934,2015-02-03,Operations,Junior,49,Female,476162,102.0,4.968616865987359,4.92577774337432,19,8,1.0,8
EMP-001935,2019-03-04,Marketing,Lead,46,Female,1845146,81.0,2.780648880220929,2.900296530159381,16,6,0.0,37
EMP-001936,2015-08-24,HR,Lead,25,Male,1604862,43.0,3.7616727252373514,2.292435722639965,41,2,0.0,23
EMP-001937,2016-06-09,HR,Manager,51,Male,1076686,63.0,1.841339479192988,4.083802111847246,33,0,0.0,32
EMP-001938,2020-07-26,Finance,Junior,29,Male,1326280,53.0,4.218908756905487,2.351348298711329,24,6,0.0,15
EMP-001939,2020-02-09,Marketing,Lead,54,Female,1786497,50.0,2.8942561699432985,1.7854097851684356,45,0,0.0,32
EMP-001940,2017-05-19,Operations,Mid,27,Female,1575605,112.0,4.896730876339227,1.3680568952709438,29,4,0.0,37
EMP-001941,2021-06-01,Operations,Manager,39,Male,1092023,105.0,4.415009774189718,1.5537284104668996,39,7,0.0,0
EMP-001942,2018-04-27,Operations,Lead,41,Male,767099,10.0,1.584016562557614,2.7449603253132406,26,2,1.0,32
EMP-001943,2015-02-09,Operations,Senior,25,Male,1241083,63.0,2.642739991349248,4.358751185303063,1,4,1.0,2
EMP-001944,2019-01-12,Sales,Junior,26,Female,462018,47.0,3.762773611431021,2.834772114661196,38,6,0.0,15
EMP-001945,2015-03-29,Operations,Senior,38,Female,1986020,77.0,1.454155080898115,2.2829880616187634,11,9,0.0,23
EMP-001946,2018-08-25,IT,Lead,50,Male,580700,47.0,3.0651505134952477,1.8364575951902857,6,7,0.0,7
EMP-001947,2020-09-16,IT,Mid,24,Female,1332450,,3.3236602598356346,3.1842696821964114,39,3,1.0,34
EMP-001948,2018-10-28,HR,Manager,50,Male,358727,87.0,4.583270843101615,3.7613230281207546,15,8,0.0,41
EMP-001949,2018-06-01,Operations,Manager,59,Male,558620,90.0,4.519722264784358,1.3222330223496463,8,3,0.0,25
EMP-001950,2015-03-28,IT,Senior,42,Female,897589,89.0,1.9826528632229246,1.3484669487687713,32,1,0.0,7
EMP-001951,2017-05-11,Sales,Senior,56,Female,1264672,22.0,3.99059883684346,1.1598452177893264,25,7,,30
EMP-001952,2021-02-23,Finance,Lead,57,Female,312142,112.0,1.5794782516508543,4.672145887757184,12,4,1.0,42
EMP-001953,2017-05-30,Finance,Junior,22,Female,1472773,27.0,4.800331835105439,3.060846312518482,1,1,0.0,45
EMP-001954,2015-08-01,Finance,,56,Male,1072950,1.0,3.4361594584358968,1.1216886602297147,49,9,1.0,27
EMP-001955,2015-01-22,Sales,Senior,50,Female,1526725,23.0,2.3302825458897365,1.4050820361916019,10,7,1.0,3
EMP-001956,2019-11-13,Sales,Lead,34,Male,1518822,17.0,4.646788832026136,3.582717271245174,31,8,0.0,24
EMP-001957,2017-09-29,Marketing,Junior,36,Male,1806020,84.0,1.9168569339092296,4.739809466007621,29,2,0.0,33
EMP-001958,2020-10-10,HR,Senior,32,Female,1918291,77.0,2.903288250834766,1.1237142734798806,8,3,0.0,34
EMP-001959,2017-05-03,HR,Lead,43,Female,1089917,72.0,1.5325371486080255,3.3365269464213427,26,4,1.0,43
EMP-001960,2015-12-17,Marketing,Lead,46,Male,378982,65.0,4.469006298531082,,9,3,0.0,41
EMP-001961,2017-11-12,Operations,Lead,58,Male,1648899,116.0,2.2132651106626207,3.888029155721961,10,6,0.0,21
EMP-001962,2016-01-13,Operations,Manager,24,Female,322600,88.0,1.3787974530380636,3.9906761158162025,47,7,0.0,23
EMP-001963,2018-07-25,IT,Mid,56,Female,762023,10.0,1.3976605584838757,1.8289194264133113,4,3,0.0,18
EMP-001964,2020-07-24,Sales,Lead,29,Male,1595756,8.0,2.213780720974115,3.216676888235933,30,9,0.0,34
EMP-001965,2016-06-16,Sales,Manager,37,Male,881181,23.0,3.5214077307700458,1.557199955789434,40,4,1.0,36
EMP-001966,2017-07-31,Finance,Lead,45,Male,599026,12.0,4.508062060924413,1.8350570998664049,6,5,0.0,4
EMP-001967,2017-09-14,Marketing,Senior,38,Male,613958,74.0,3.9129989832623004,3.0425136263027697,0,0,1.0,43
EMP-001968,2015-12-12,Operations,Lead,31,Female,1490764,34.0,4.413168254542329,2.7521053401448485,45,9,0.0,5
EMP-001969,2018-09-18,Finance,Manager,29,Male,479319,28.0,4.4413993948788555,4.931509845894526,47,9,1.0,5
EMP-001970,2016-11-02,IT,Manager,44,Male,466615,89.0,2.742936583358281,1.9113742705586354,13,2,1.0,29
EMP-001971,2021-08-04,IT,Lead,58,Male,1737189,32.0,1.1363360017852218,2.1773367841189457,41,7,1.0,12
EMP-001972,2017-07-07,Marketing,Manager,48,Female,1526490,92.0,1.1622591139167633,4.585972866444386,30,7,1.0,46
EMP-001973,2020-02-23,Operations,Mid,24,Male,384523,68.0,2.0349804232627324,4.471139583507329,25,5,0.0,6
EMP-001974,2017-05-20,Finance,Mid,29,Female,1970465,32.0,3.5841207136769437,1.2548759079521066,4,8,0.0,22
EMP-001975,2015-11-23,IT,Senior,48,Female,1234346,11.0,3.092776899034409,2.493153003176846,41,6,1.0,41
EMP-001976,2018-04-06,HR,,28,Female,1776775,94.0,1.5033520273332956,3.1352378174919306,30,6,1.0,33
EMP-001977,2021-11-03,Marketing,Mid,22,Male,706508,83.0,4.535205132646386,4.20595887755719,41,4,1.0,40
EMP-001978,2018-09-19,Marketing,Senior,57,Male,706811,113.0,1.6496395831122586,1.6523400033880074,17,0,1.0,22
EMP-001979,2020-12-20,Marketing,Manager,51,Male,705962,97.0,3.554471713068209,3.9134097142924014,3,6,1.0,47
EMP-001980,2018-08-08,Finance,Senior,22,Female,1790189,100.0,4.401241976034379,2.3218520519116845,49,9,0.0,34
EMP-001981,2016-12-26,Sales,Senior,51,Male,1201508,62.0,1.5368626817244002,3.8191602083252985,43,2,0.0,44
EMP-001982,2017-06-24,Finance,Senior,24,Female,1245968,9.0,4.233578363716109,2.1156822348066173,21,8,0.0,36
EMP-001983,2015-07-08,HR,Lead,23,Male,1223961,47.0,2.5923847456438804,1.0968688434087959,18,2,1.0,14
EMP-001984,2015-07-28,Finance,Mid,40,Male,553625,107.0,1.7306881052472267,2.349648307065112,22,6,1.0,16
EMP-001985,2019-03-24,Sales,Mid,37,Female,735457,3.0,3.4777705508068695,2.2667669770116285,34,9,0.0,23
EMP-001986,2017-11-17,Marketing,Senior,42,Female,1893411,82.0,4.53008103555227,3.2362726535005626,5,3,0.0,11
EMP-001987,2017-11-27,IT,,30,Male,410964,37.0,3.0691266903835883,1.3895819949644679,34,5,0.0,16
EMP-001988,2020-12-02,Sales,Senior,23,Female,924483,118.0,4.735653204016326,4.967915253350302,7,1,1.0,47
EMP-001989,2016-02-21,Finance,Mid,41,Female,1453712,3.0,3.8126012664067828,4.349238383753689,25,9,0.0,26
EMP-001990,2019-03-13,IT,Manager,32,Male,1675298,59.0,1.0462348182865537,4.255781623116958,8,5,1.0,13
EMP-001991,2019-11-01,Operations,Senior,55,Female,503039,60.0,4.9377401328867006,1.6100554205023978,17,4,0.0,6
EMP-001992,2021-02-04,Marketing,Mid,39,Male,1532692,62.0,3.7254689744725025,4.358165796730213,33,0,1.0,39
EMP-001993,2018-02-06,Operations,Manager,46,Male,548148,45.0,1.0844998887356336,2.335910300978873,47,4,1.0,16
EMP-001994,2016-10-27,HR,Senior,35,Female,415723,47.0,4.140850743338195,1.6412717639989967,4,6,1.0,0
EMP-001995,2019-02-23,Finance,Manager,48,Male,402639,40.0,1.3236869415402666,3.0168411262716406,18,5,1.0,28
EMP-001996,2021-10-30,Marketing,Mid,26,Male,563765,84.0,2.091558075805408,1.9639412116559902,6,8,0.0,20
EMP-001997,2020-04-02,Sales,Manager,45,Male,1683519,108.0,4.198746341695948,2.115614513546986,12,1,1.0,31
EMP-001998,2018-06-17,Operations,Mid,44,Female,454785,82.0,4.667760492173224,3.578907797343641,30,9,0.0,0
EMP-001999,2019-05-04,HR,Lead,44,,324717,31.0,4.475401917320793,3.4509243271308248,23,5,0.0,28
EMP-002000,2021-02-02,Finance,Junior,23,Male,1122868,,2.2110573597906855,4.02505656858265,12,0,0.0,23
EMP-002001,2019-12-26,Marketing,Senior,54,Male,893897,104.0,1.952232057900297,1.4699233525235895,17,8,0.0,46
EMP-002002,2017-02-24,Finance,Lead,31,Male,1315322,79.0,1.9818889965022581,,26,5,0.0,3
EMP-002003,2019-08-14,Sales,Mid,59,Male,1059931,,1.414860409436916,4.453705291438959,22,3,0.0,13
EMP-002004,2019-03-29,HR,Manager,40,Male,1884566,62.0,1.105620863301548,3.199015216001676,23,9,1.0,10
EMP-002005,2021-05-02,Marketing,Mid,49,Male,1733273,30.0,1.0650375475438847,1.1694459285953909,1,3,0.0,18
EMP-002006,2021-06-02,IT,Manager,54,Female,809172,,3.023204184622142,3.5105177884528107,7,7,1.0,8
EMP-002007,2019-01-20,Marketing,Lead,59,Male,676623,14.0,1.8614168512988822,3.666399357360997,43,7,1.0,29
EMP-002008,2017-09-19,HR,Senior,46,Male,583314,10.0,2.950033564473989,1.7803536006743612,37,7,0.0,8
EMP-002009,2019-05-18,IT,Manager,27,Female,1029191,92.0,4.01146902039237,3.410665610362314,17,4,1.0,41
EMP-002010,2016-06-16,Sales,Junior,37,Female,307837,30.0,1.6374184424559766,4.857754242599077,31,1,0.0,0
EMP-002011,2015-04-23,HR,Manager,22,Female,1102963,36.0,3.194495993969748,4.435673229802245,11,5,1.0,25
EMP-002012,2017-10-21,HR,Senior,32,Female,1710501,5.0,3.5430227136026344,2.4239605621553912,0,4,0.0,34
EMP-002013,2016-12-06,Finance,Lead,41,Male,902689,31.0,4.639034830169836,4.20908361854333,19,5,1.0,41
EMP-002014,2016-03-12,Operations,Junior,33,Male,406690,26.0,2.0962412588874204,2.995206851635032,9,8,,25
EMP-002015,2016-03-05,Operations,Mid,28,Female,1602792,6.0,2.7902628351810677,1.0938144542893267,5,7,0.0,5
EMP-002016,2017-06-10,Operations,Junior,23,Female,1127037,26.0,4.590260963426651,3.111890786063731,49,8,0.0,43
EMP-002017,2016-08-14,IT,Lead,37,Male,1118736,113.0,2.0729509655478084,2.4551279444294423,11,4,1.0,42
EMP-002018,2020-12-23,IT,Junior,49,Female,932843,56.0,2.0765896821579646,4.8516104241902,44,2,0.0,30
EMP-002019,2017-07-28,Operations,Mid,36,Female,1627737,34.0,1.1083857604320535,2.5758720338858976,8,9,0.0,9
EMP-002020,2017-07-16,Finance,Lead,34,Male,911084,67.0,4.089298622071723,1.7980557706537033,33,0,0.0,29
EMP-002021,2017-04-27,Finance,Mid,39,Female,764410,53.0,1.9883540032170255,4.691592721462731,11,8,1.0,14
EMP-002022,2016-12-13,Finance,Manager,36,Female,304875,119.0,3.4594758802107792,1.6527349290288798,4,0,0.0,37
EMP-002023,2017-02-24,Sales,Mid,29,,1714185,9.0,1.7119276511649137,2.7838247858855745,13,7,1.0,32
EMP-002024,2017-07-21,Sales,Senior,49,,367164,112.0,1.8558196561542055,,1,9,0.0,32
EMP-002025,2016-08-09,Sales,Lead,54,Female,1312269,50.0,2.3004739698586993,2.2257525323954823,3,0,0.0,29
EMP-002026,2019-03-02,IT,Senior,54,Female,552416,104.0,1.2245855934321659,1.5695339284309577,39,7,0.0,14
EMP-002027,2021-05-17,Finance,Mid,57,Female,305076,50.0,1.7037250865889813,4.490097944472147,28,8,1.0,25
EMP-002028,2021-06-19,IT,Mid,52,Female,1852214,92.0,2.359829855878142,3.1329125795026993,17,5,1.0,17
EMP-002029,2016-04-10,Marketing,Lead,37,Male,1469251,,3.6639587506697313,2.676473479454871,48,2,0.0,28
EMP-002030,2017-09-17,Marketing,Senior,51,,1788219,67.0,3.0605748520829126,2.6127096157495617,31,4,0.0,43
EMP-002031,2017-05-03,Marketing,Junior,39,Female,831930,92.0,1.8755330621776958,,22,1,1.0,35
EMP-002032,2020-08-08,Marketing,Junior,40,Male,1800547,83.0,2.641467369779712,3.700319526341525,34,2,0.0,26
EMP-002033,2018-09-27,Operations,Lead,45,Female,1414414,109.0,2.7294811646677917,4.0516507506707855,36,4,1.0,34
EMP-002034,2017-03-16,Finance,Mid,44,Male,1374508,106.0,2.3742813243938556,4.44428301467865,5,2,0.0,31
EMP-002035,2018-11-14,IT,Senior,22,Female,1194525,75.0,1.6199403314833725,3.0031086613206663,12,8,1.0,8
EMP-002036,2018-06-08,Marketing,Mid,31,Female,1452174,6.0,3.0560986742906238,3.2152012464940247,35,8,0.0,24
EMP-002037,2019-06-28,Sales,Senior,58,Female,512852,62.0,3.1854442966014003,1.2136558122536703,23,9,0.0,20
EMP-002038,2018-09-05,Sales,Lead,46,Male,1995900,54.0,2.537355622952199,4.831483321819813,23,3,1.0,38
EMP-002039,2017-03-25,Finance,Manager,56,Male,749396,97.0,2.7378145301268964,3.7412378797545442,10,1,1.0,22
EMP-002040,2016-12-05,HR,Mid,32,Female,1488952,92.0,1.7157220619307227,2.6678476164694165,27,2,1.0,29
EMP-002041,2015-08-01,Sales,Junior,54,Female,947489,26.0,1.5005504758969188,4.018697712420071,13,5,1.0,23
EMP-002042,2020-08-02,Marketing,Manager,46,Male,1397095,59.0,4.389266653022562,2.6999766666222365,9,4,1.0,17
EMP-002043,2017-01-18,Marketing,Junior,29,Male,1195249,23.0,1.0803101541619866,4.713145987594213,49,4,0.0,25
EMP-002044,2016-05-31,Sales,Lead,52,,352653,107.0,2.2809896156170275,47.10019384331184,11,4,1.0,29
EMP-002045,2020-08-11,Sales,Lead,45,Male,795711,114.0,4.383404756068201,4.647199351230961,18,0,1.0,6
EMP-002046,2015-10-05,Marketing,Mid,47,,935112,68.0,1.335546347006042,4.421419174800997,6,0,0.0,30
EMP-002047,2020-04-11,HR,Junior,39,Female,434277,54.0,2.8388956907969907,2.8446735692693688,46,2,1.0,39
EMP-002048,2015-05-03,IT,Manager,42,Male,1265995,99.0,1.6536587265685814,1.5028909824104768,45,2,0.0,44
EMP-002049,2021-02-15,Operations,Lead,50,Male,1783150,100.0,2.39145036998064,4.198588176622767,49,4,1.0,40
EMP-002050,2018-12-25,IT,Junior,48,Female,1153549,76.0,2.4220064020599006,1.7170625859268638,25,1,0.0,5
EMP-002051,2017-10-29,Operations,Junior,43,Female,1744522,69.0,3.703010560471575,4.072295659131294,46,5,1.0,19
EMP-002052,2018-05-25,Marketing,Manager,40,Female,541301,,2.8406486300559846,4.831147913714976,43,6,1.0,17
EMP-002053,2015-03-27,Finance,Manager,48,Female,382012,,1.9230633256367948,3.42825532793541,27,7,0.0,27
EMP-002054,2016-05-12,HR,Manager,54,Female,693481,51.0,2.411508111042549,4.788076836151727,24,1,1.0,30
EMP-002055,2019-03-13,HR,Lead,43,Female,480548,119.0,2.2333532260104594,1.4953413573647212,26,7,0.0,34
EMP-002056,2019-11-28,Sales,senior,22,Female,1816671,84.0,3.591172113798752,2.694113901590655,19,2,1.0,33
EMP-002057,2020-08-17,Marketing,,53,Male,521268,35.0,1.230186897237827,2.801375611200489,28,8,0.0,40
EMP-002058,2017-12-18,Sales,Mid,29,Male,1235762,20.0,1.7148368960131002,2.238927521415676,20,0,1.0,35
EMP-002059,2015-08-31,HR,Manager,28,,1980561,48.0,4.384909327752315,1.8925852734740838,8,4,1.0,1
EMP-002060,2020-10-01,Marketing,Manager,35,Female,928014,112.0,3.7963692044163793,4.457046779268726,23,5,1.0,18
EMP-002061,2020-02-23,Marketing,Lead,51,Female,825329,75.0,2.1541670116578517,,38,2,0.0,18
EMP-002062,2020-04-06,HR,Mid,52,Male,496210,7.0,1.766616199869956,4.9996052945407605,41,1,1.0,5
EMP-002063,2019-02-27,Marketing,Mid,25,Female,1062508,10.0,1.5453022271314056,1.6860728738211526,36,9,,14
EMP-002064,2019-11-14,Operations,Lead,56,Male,1496132,99.0,3.027245017413109,3.2844355161719223,12,9,0.0,45
EMP-002065,2018-01-13,Marketing,Mid,28,Male,1384787,10.0,4.095628933554609,2.4651909923642643,32,7,0.0,32
EMP-002066,2016-03-16,HR,Mid,27,Female,328120,87.0,1.4658715026609612,1.1043791775583114,19,0,0.0,43
EMP-002067,2017-07-31,Marketing,Mid,26,Female,1116784,70.0,1.7784530624020212,4.774552522396897,5,4,0.0,24
EMP-002068,2019-05-20,Sales,Junior,32,Male,327932,47.0,3.251690820127823,3.77810939062933,4,4,1.0,23
EMP-002069,2021-01-13,Finance,Senior,340,Male,774498,22.0,4.599997356299285,4.683134118146452,45,2,,38
EMP-002070,2021-04-28,HR,Lead,32,Female,1019025,94.0,2.825733206221995,4.801055476571513,3,2,0.0,9
EMP-002071,2015-09-29,Finance,Senior,43,Female,777698,40.0,1.5653782354462655,1.1096087888224901,38,6,1.0,22
EMP-002072,2021-03-29,Marketing,Lead,45,Male,821143,56.0,2.763397188872744,4.711994747342137,14,3,1.0,0
EMP-002073,2017-02-20,IT,Lead,42,Male,1398991,83.0,1.0980032136339637,3.8138468145607316,7,3,1.0,45
EMP-002074,2019-09-12,Marketing,Lead,31,Female,1817314,94.0,2.805009737409478,1.6360455812985841,36,7,1.0,23
EMP-002075,2019-08-05,Marketing,Junior,22,Male,1665294,87.0,1.0674793470612842,1.1752257268596766,13,1,0.0,7
EMP-002076,2016-12-17,Operations,Lead,37,Male,1924479,45.0,1.7797020713469416,2.4526465442869587,14,2,0.0,24
EMP-002077,2017-09-11,Finance,Manager,46,Male,321013,,4.986109258634355,1.3015307191576588,11,9,0.0,14
EMP-002078,2016-03-20,Marketing,Mid,41,Female,926806,85.0,4.446607644752891,3.970366044320729,22,6,0.0,39
EMP-002079,2020-03-11,Operations,Junior,28,Female,1633371,41.0,2.5621956303974254,4.930106319824798,11,9,1.0,5
EMP-002080,2019-01-16,IT,Senior,39,Female,1916902,35.0,2.1965637579739,3.5200046631788133,3,-4,0.0,4
EMP-002081,2020-01-26,Operations,Mid,33,Female,1626390,35.0,4.175502562329773,4.093856887953066,2,4,1.0,26
EMP-002082,2021-02-26,IT,Manager,40,Male,529838,99.0,3.7620706788794447,1.8278541896810698,1,0,1.0,0
EMP-002083,2018-11-27,Operations,Manager,31,Female,1657900,59.0,1.7655667322845368,4.796838561228608,35,3,0.0,35
EMP-002084,2019-01-23,Finance,Junior,35,Female,932486,3.0,1.9118807655698546,4.018028043650917,29,2,1.0,32
EMP-002085,2015-02-23,Marketing,,27,Female,1369079,71.0,4.238751312750905,2.996189834205003,43,5,0.0,47
EMP-002086,2019-05-05,Sales,Junior,32,Male,1112104,20.0,3.495802623016314,3.9550429993096685,19,5,1.0,19
EMP-002087,2019-09-06,HR,Mid,31,Female,337049,71.0,3.407384654937638,1.307999582127139,42,8,1.0,6
EMP-002088,2015-09-11,Marketing,Mid,54,Male,912562,16.0,1.6050616686798862,2.7374715811714445,2,8,0.0,4
EMP-002089,2016-06-27,Marketing,Senior,24,Male,1667316,118.0,1.5361955409294024,2.4507040593845133,24,2,1.0,44
EMP-002090,2015-07-10,Operations,Senior,47,Female,1438113,90.0,3.85691064369697,1.029903476725326,49,2,0.0,30
EMP-002091,2020-06-23,Sales,Manager,25,Male,1897976,20.0,2.9963025385225057,3.570629750970857,44,6,1.0,45
EMP-002092,2020-06-13,IT,Mid,42,Female,1605637,20.0,4.090842730121566,3.554222395304547,1,3,0.0,32
EMP-002093,2016-03-26,Finance,Senior,49,Female,838353,79.0,3.265889789585451,4.056672550045652,30,5,0.0,10
EMP-002094,2016-12-01,HR,Mid,48,Male,1841282,41.0,3.1999642260853727,2.320093714274018,28,8,1.0,47
EMP-002095,2015-07-07,IT,Mid,23,Male,317133,39.0,4.033939115853726,4.667892801370358,49,4,1.0,0
EMP-002096,2019-07-31,Finance,Mid,57,Female,1344702,10.0,1.2358935693951802,2.425170347307832,17,3,1.0,32
EMP-002097,2019-04-19,Marketing,Junior,38,Female,1972481,67.0,2.234752948386111,4.0719803722794286,27,9,1.0,2
EMP-002098,2019-06-18,Marketing,Senior,26,Female,710957,101.0,1.2914236228511409,4.782261874350468,19,8,0.0,5
EMP-002099,2015-07-05,IT,Manager,33,Female,1900372,70.0,2.9449974494593603,3.534984954796332,8,0,1.0,14
EMP-002100,2021-05-26,Sales,Junior,24,Female,1043787,3.0,3.751289074680978,1.6570646372663598,46,8,0.0,0
EMP-002101,2016-12-23,IT,Manager,30,Male,1724459,17.0,1.3545454987710994,3.348436267080525,48,1,0.0,8
EMP-002102,2019-05-22,Sales,Manager,23,Male,398782,89.0,1.1714877394453045,4.7600370742251235,47,3,1.0,30
EMP-002103,2016-06-07,HR,Mid,36,Male,994729,69.0,2.1998919093895353,3.734126541294684,0,8,0.0,8
EMP-002104,2021-06-20,Marketing,Junior,52,Male,1103385,28.0,4.229114464415359,3.5021252206746443,18,6,1.0,39
EMP-002105,2020-06-12,IT,Manager,48,,1152851,4.0,2.4906355405611977,4.488525925789127,24,6,0.0,24
EMP-002106,2021-09-25,Sales,Junior,38,Male,1906284,42.0,2.4056723081605242,3.061904014463803,31,5,0.0,43
EMP-002107,2015-03-03,Sales,Senior,28,Female,1274480,56.0,3.4811739458718773,,8,7,1.0,22
EMP-002108,2015-10-08,Sales,Lead,30,Female,1821912,116.0,4.889929335820956,3.000539954418805,14,9,1.0,21
EMP-002109,2021-03-10,Operations,Senior,35,Male,987071,103.0,4.4515667061022635,3.426010977761232,12,5,0.0,19
EMP-002110,2015-09-09,IT,Senior,53,Female,1106790,111.0,4.586518634423384,3.417355256698847,36,4,1.0,7
EMP-002111,2015-06-13,HR,Junior,26,Male,1464241,84.0,4.83906869512207,3.0287097535059546,23,0,0.0,32
EMP-002112,2021-03-29,Finance,Lead,29,Female,1275156,113.0,2.5880736882965434,1.9783710063452817,38,5,1.0,16
EMP-002113,2021-01-16,IT,Junior,36,Male,956254,27.0,2.493367598178163,,9,1,0.0,23
EMP-002114,2015-07-27,HR,,29,Male,1957829,62.0,1.0683929227940059,2.3292646025698924,9,0,0.0,36
EMP-002115,2019-01-23,Operations,Junior,43,Male,1425028,82.0,3.241448712378638,3.4581797330007156,9,9,0.0,39
EMP-002116,2020-09-24,Sales,Junior,55,Male,1036471,34.0,1.9374927395661818,1.0840987252924,23,8,1.0,31
EMP-002117,2020-11-18,Sales,Junior,51,Female,897754,119.0,4.834409245717424,3.143375498930674,30,1,0.0,1
EMP-002118,2015-06-14,Finance,Manager,42,Female,817295,23.0,1.4524532459376758,3.422999268424461,49,4,1.0,27
EMP-002119,2017-01-21,IT,,45,Female,1011716,5.0,1.3881750015738237,2.084317454766823,30,7,0.0,12
EMP-002120,2020-07-02,Sales,Lead,37,Male,1416644,32.0,1.451776145668715,1.7809380002446469,1,6,0.0,39
EMP-002121,2016-10-15,Operations,,30,Female,434008,81.0,3.6769994214068533,4.778298829431069,4,2,0.0,3
EMP-002122,2016-10-02,Marketing,Mid,58,Female,375836,113.0,4.792257991903273,3.5934971126723454,40,1,1.0,14
EMP-002123,2021-10-25,IT,Senior,40,Male,1782848,71.0,3.5547325393702613,3.5922165760755504,25,0,1.0,6
EMP-002124,2021-05-26,Finance,Junior,42,Female,1978148,73.0,1.57177488972274,4.188748866473157,35,3,,15
EMP-002125,2019-11-12,Marketing,Lead,45,Male,1722847,107.0,4.006850745858376,3.035020831886419,26,7,1.0,36
EMP-002126,2018-07-27,IT,Junior,37,Male,1416711,61.0,1.347908478258681,2.559823729629776,0,9,0.0,37
EMP-002127,2019-03-27,Sales,Manager,53,Female,1949102,103.0,2.9623323568664452,1.1269229560061902,14,6,0.0,24
EMP-002128,2019-03-22,Marketing,Mid,35,Female,1052653,11.0,3.6047076361937527,3.650620455263212,42,9,1.0,28
EMP-002129,2020-06-16,IT,Manager,34,Female,1817849,109.0,4.188665588644139,35.72472787834207,29,0,1.0,30
EMP-002130,2021-06-09,Finance,Mid,44,Male,1353478,26.0,3.4917253881043564,4.260022327735224,32,3,0.0,27
EMP-002131,2018-03-25,Marketing,Lead,41,Male,1522924,60.0,4.483372339364278,2.9414805024851605,6,3,1.0,38
EMP-002132,2016-07-25,HR,Senior,48,Male,858111,23.0,3.769815252254914,1.7550080467150302,30,0,1.0,27
EMP-002133,2018-10-06,Finance,Lead,29,Female,508305,89.0,2.5443104836126706,2.003890281490617,46,8,0.0,28
EMP-002134,2019-11-30,Operations,Junior,23,Male,1725964,7.0,4.711373520069969,3.6482062605649137,35,1,0.0,34
EMP-002135,2020-09-30,Finance,Mid,58,Female,1702803,35.0,3.5769741575834577,2.1518059032288104,5,7,0.0,5
EMP-002136,2017-05-30,Sales,Senior,26,Female,927202,108.0,3.4626135817157984,3.309721265891169,7,0,0.0,22
EMP-002137,2019-06-30,Sales,Manager,22,Female,364897,12.0,4.695853326262269,1.1977490104092108,11,3,1.0,43
EMP-002138,2021-01-18,Sales,Mid,27,Female,1279611,92.0,4.7484610476672096,4.029218497963653,24,1,1.0,4
EMP-002139,2020-10-11,Marketing,Lead,27,Female,1462420,65.0,1.4138334967906716,2.910865630709328,41,5,1.0,17
EMP-002140,2021-06-08,Sales,Mid,44,Female,824696,22.0,2.2911791916192454,4.635133283148422,19,9,1.0,1
EMP-002141,2016-01-31,Finance,Junior,32,Male,1017698,18.0,2.9767242174521353,4.882694258835038,0,4,0.0,46
EMP-002142,2017-11-15,HR,Lead,59,Male,1420035,67.0,1.8886855567712932,4.6454571087401275,4,7,0.0,1
EMP-002143,2021-02-19,Marketing,Manager,57,Male,1556579,82.0,2.3795847513401838,1.421386755555222,15,7,1.0,12
EMP-002144,2016-04-07,Finance,Manager,22,Male,989167,21.0,4.0007437421609,4.464348261957221,49,0,0.0,21
EMP-002145,2017-07-23,Marketing,Mid,41,Female,608160,58.0,3.0796959680382434,3.33166582878684,28,0,1.0,32
EMP-002146,2018-07-24,Marketing,Mid,38,Female,530604,105.0,1.8215578028119999,4.585324343189233,37,4,1.0,20
EMP-002147,2015-09-28,HR,Mid,50,Female,1827601,117.0,4.643045712637058,3.5177326731176546,24,4,1.0,9
EMP-002148,2017-07-28,Operations,Lead,41,Female,1935609,21.0,2.9968531011065114,1.505192761916986,5,1,1.0,40
EMP-002149,2016-06-20,Finance,Junior,55,Male,1494475,71.0,2.8099507783324627,4.064322757891858,46,1,1.0,44
EMP-002150,2020-03-02,Operations,Manager,38,Male,1121043,119.0,2.605644764777293,4.197339825446626,28,3,0.0,0
EMP-002151,2016-06-05,Operations,Mid,51,Male,1062853,77.0,2.6045024694719174,3.2073482159661793,26,4,1.0,2
EMP-002152,2015-05-29,IT,Mid,47,Male,1171685,59.0,4.405652127738998,4.757552192833936,45,5,0.0,5
EMP-002153,2016-07-01,IT,Senior,42,Male,1737104,118.0,4.374305117741083,2.1891193267031688,2,5,0.0,20
EMP-002154,2019-01-21,Marketing,Lead,24,Female,1556522,33.0,2.5053499435256033,1.9736477559198913,1,9,0.0,44
EMP-002155,2020-07-28,IT,Lead,41,Female,1971322,115.0,2.013644976526222,1.7586487327018188,28,2,1.0,5
EMP-002156,2017-04-30,Marketing,Lead,30,Male,1389146,36.0,1.3245650963805935,2.461556257679423,43,5,1.0,31
EMP-002157,2016-12-18,Marketing,Senior,31,Male,1878414,112.0,4.778741833666848,3.555239169823863,2,5,1.0,42
EMP-002158,2020-06-04,Operations,Senior,52,Female,628509,70.0,4.587095646432628,2.1430057155238385,29,0,,16
EMP-002159,2021-09-06,Finance,Manager,29,Male,1854336,107.0,2.5402975422491703,3.1138398315167506,38,1,0.0,19
EMP-002160,2017-03-29,Sales,Mid,22,Female,1788744,78.0,4.489836315175106,3.3339959812005606,46,9,1.0,41
EMP-002161,2017-05-20,Finance,Senior,22,Female,1131776,28.0,2.886185085124737,2.631499558865734,4,1,1.0,34
EMP-002162,2019-12-05,Operations,Junior,36,Female,517457,106.0,4.774032294864568,1.9931426940118864,15,5,1.0,39
EMP-002163,2019-08-24,Marketing,Manager,48,Male,1406889,33.0,2.669540042929757,3.4164671453465028,6,6,1.0,21
EMP-002164,2020-08-04,Operations,Junior,57,Female,351444,21.0,1.1444844845616315,,25,5,,40
EMP-002165,2021-06-10,Marketing,Senior,25,Male,1138049,104.0,1.2278862210426076,3.6714938288313475,7,8,0.0,14
EMP-002166,2021-05-29,Marketing,Manager,25,Female,1397159,47.0,3.610169806832708,4.584715700177627,12,6,0.0,44
EMP-002167,2021-01-20,Marketing,Lead,41,Male,670825,117.0,2.4552673945608503,2.860630618636016,6,6,1.0,18
EMP-002168,2018-03-31,Marketing,Junior,44,Male,720505,28.0,2.6730491757985617,,9,7,0.0,34
EMP-002169,2018-11-19,IT,Senior,26,Female,694350,77.0,2.3426911014897605,3.3129451964236747,19,7,0.0,16
EMP-002170,2016-08-30,Sales,Senior,22,Female,887007,111.0,3.4079853866862124,2.934124883119932,10,9,0.0,10
EMP-002171,2019-05-14,Marketing,Mid,35,Male,1378456,73.0,3.4119068763261704,4.351580826842601,47,4,0.0,20
EMP-002172,2020-07-02,Sales,Junior,59,Female,1900437,69.0,3.5020109919734117,4.998037311957084,26,0,1.0,3
EMP-002173,2018-12-08,Finance,Senior,28,Male,1822029,104.0,4.31605571557944,2.6800711320572055,21,7,0.0,37
EMP-002174,2021-01-06,Operations,Junior,41,Female,703059,86.0,3.760338352097611,3.7795970891869635,12,7,0.0,12
EMP-002175,2019-08-27,Marketing,Lead,29,Male,1250729,114.0,1.4079717441425492,1.1611797056642144,17,9,1.0,38
EMP-002176,2018-02-07,Finance,Junior,25,Male,1837068,51.0,3.1507389382089146,22.14493247067745,25,9,0.0,38
EMP-002177,2020-02-29,Finance,Manager,52,Male,573858,37.0,4.548986363124633,1.8631206198005081,9,4,0.0,36
EMP-002178,2020-03-24,Marketing,,43,Male,1909562,37.0,2.0534531696195204,1.679454139241141,5,5,0.0,1
EMP-002179,2017-01-13,Operations,Manager,57,Female,610251,101.0,3.029206074717963,4.42801110393682,31,9,0.0,18
EMP-002180,2017-08-25,Finance,Lead,25,Male,1093846,1.0,2.752112297897861,3.829945296338982,42,8,1.0,6
EMP-002181,2021-07-30,Operations,Manager,50,Female,762137,62.0,2.113842174163585,4.549526324456682,14,3,1.0,33
EMP-002182,2019-11-18,IT,Junior,24,Male,867987,70.0,1.5172021504541098,1.2275320498356286,48,7,0.0,45
EMP-002183,2016-04-08,IT,Mid,48,Male,1601720,,2.108940431238739,3.2527008662677703,9,4,0.0,17
EMP-002184,2021-06-01,Operations,Mid,34,Male,1382347,67.0,3.5492927673361656,4.867251110537546,14,2,0.0,40
EMP-002185,2019-02-04,Operations,Mid,32,Male,1857476,57.0,3.196695258891293,,26,6,1.0,25
EMP-002186,2018-12-30,Finance,Lead,45,Female,1397411,95.0,4.980552591447559,3.905326869553992,40,6,0.0,27
EMP-002187,2016-02-11,HR,Senior,43,Male,524363,44.0,2.375716374776793,2.4325403755751007,23,7,0.0,19
EMP-002188,2019-11-01,Operations,Junior,30,Male,1196910,50.0,3.383777601202933,2.3816199242401344,0,9,1.0,25
EMP-002189,2015-03-29,Operations,,28,Female,788644,55.0,2.265849909807317,4.685193815727694,29,0,0.0,1
EMP-002190,2021-09-17,Finance,Junior,560,Female,1878219,14.0,2.9522770609404567,2.787579600123313,17,4,0.0,41
EMP-002191,2019-01-20,Finance,Senior,34,Male,840455,16.0,3.66047180879228,2.6795415581189843,32,4,1.0,40
EMP-002192,2019-10-22,HR,Senior,42,Female,1983780,56.0,1.689605463936871,3.488197275592894,29,2,0.0,11
EMP-002193,2021-07-15,HR,Manager,59,Male,1908524,45.0,4.9690382819451715,3.201433344241876,16,0,1.0,25
EMP-002194,2018-10-03,Marketing,Mid,39,Male,518228,48.0,1.1101013442798884,1.903873541276015,6,9,1.0,0
EMP-002195,2015-06-13,Finance,Manager,26,Male,940385,28.0,1.954761593074413,1.319140857296198,17,4,1.0,42
EMP-002196,2015-10-06,Operations,Mid,34,Male,1236158,85.0,1.513562100156399,2.745193318850414,1,9,0.0,5
EMP-002197,2021-02-06,IT,Lead,52,Male,1687160,117.0,2.199385512639383,3.037338906567501,12,8,1.0,10
EMP-002198,2016-08-11,Operations,Senior,53,Female,1067474,68.0,1.4153929582241944,4.6392915835503015,10,8,0.0,14
EMP-002199,2015-01-16,Marketing,Junior,24,Male,1525645,90.0,1.940612552057266,1.0381038923926496,28,2,0.0,0
EMP-002200,2018-12-09,Operations,Lead,54,Male,1448185,17.0,2.4807749058299797,2.599860980596307,31,1,1.0,20
EMP-002201,2015-11-22,Operations,Mid,43,Female,1301990,13.0,1.112545001757419,3.345198132395704,36,9,0.0,45
EMP-002202,2021-06-09,Marketing,Mid,26,Female,709835,10.0,2.2399967230269797,2.6749605841985984,46,9,1.0,1
EMP-002203,2016-07-28,HR,Lead,40,Male,471042,43.0,2.088067917098118,1.749333865107893,13,5,1.0,43
EMP-002204,2016-11-28,Marketing,Lead,59,Male,775583,118.0,1.5963184543614117,2.2064743174358172,2,3,0.0,41
EMP-002205,2021-05-12,Marketing,Lead,37,Male,793788,67.0,4.1962653106977506,3.6409741459426885,10,5,0.0,13
EMP-002206,2018-07-01,IT,Junior,29,Male,903645,107.0,3.376627428000744,4.763256330167401,19,8,1.0,16
EMP-002207,2017-03-14,Finance,Lead,38,Male,572922,33.0,3.1916016335124633,2.6350287899522056,10,7,1.0,41
EMP-002208,2015-02-22,IT,Manager,59,Female,1730342,8.0,4.755442855852282,2.513373614183175,46,3,1.0,16
EMP-002209,2016-06-03,HR,Mid,29,Female,1270179,102.0,3.712172320890962,3.361696215695711,10,6,1.0,4
EMP-002210,2021-03-26,HR,Manager,35,Female,1384655,3.0,1.6124378270543809,3.633764640762415,3,7,0.0,10
EMP-002211,2019-03-30,HR,Junior,33,Female,1278686,45.0,4.88866456106004,2.8826668999572127,5,4,1.0,16
EMP-002212,2017-11-28,Sales,Lead,33,Female,1517553,100.0,1.3170845507504123,2.979154240823255,16,8,0.0,12
EMP-002213,2017-10-05,HR,Senior,30,Female,1934707,102.0,4.03441808238891,4.563964864819743,29,7,0.0,8
EMP-002214,2017-02-22,IT,Junior,29,Female,1308448,14.0,2.328203594144276,,35,1,1.0,34
EMP-002215,2017-09-25,Finance,Senior,44,Female,1567117,76.0,1.19003819657024,1.8713689778164277,30,5,1.0,27
EMP-002216,2016-07-14,HR,Manager,57,Male,386219,64.0,1.389752894411318,1.0167234610755331,30,9,0.0,2
EMP-002217,2021-10-18,Operations,Mid,47,Female,461429,6.0,2.5127913846910706,1.5321195478747383,2,0,0.0,1
EMP-002218,2019-01-25,Marketing,Lead,50,Male,1499087,111.0,3.5157204495201997,,16,8,1.0,22
EMP-002219,2019-04-20,Operations,Mid,24,Male,1548105,52.0,2.825723198425587,3.033464707870957,13,3,0.0,11
EMP-002220,2015-05-06,IT,Manager,28,Female,406643,36.0,2.6002456543667942,2.2926637755523465,47,6,0.0,12
EMP-002221,2021-06-29,Sales,Senior,43,Male,1877656,57.0,3.7629241079088214,3.421639622644377,47,8,0.0,35
EMP-002222,2018-07-04,IT,Manager,38,Female,1893960,61.0,1.4068993178801228,1.2479276403623474,43,8,1.0,31
EMP-002223,2021-09-02,Finance,Junior,59,Male,1402789,116.0,2.9686038948575204,1.2214569120998258,22,1,0.0,12
EMP-002224,2021-02-09,Operations,Lead,310,Female,1769850,50.0,3.7360253248976703,3.5228555672382935,17,4,1.0,40
EMP-002225,2015-03-25,Finance,Lead,50,Male,615497,83.0,3.2636752514946203,1.1892697586327547,33,7,1.0,35
EMP-002226,2019-10-22,Marketing,Junior,59,Female,1722182,87.0,1.2944443418856952,1.6336457342734572,11,7,1.0,33
EMP-002227,2021-06-24,Finance,Mid,58,Male,643506,108.0,3.6016397010747703,1.2881125993466762,4,2,1.0,29
EMP-002228,2017-05-14,Finance,Manager,26,Female,1825145,62.0,1.5526794905142105,4.948063127937948,47,5,0.0,27
EMP-002229,2015-09-05,Operations,Junior,28,Male,1453089,34.0,3.446838094162786,1.2845819055162662,43,8,1.0,7
EMP-002230,2017-10-09,Sales,Manager,51,Female,462297,48.0,3.8859678053377267,2.051631818602757,24,0,0.0,37
EMP-002231,2019-06-18,Marketing,,42,Female,1957419,58.0,2.7591705651014005,1.82343742680286,10,0,0.0,33
EMP-002232,2019-02-05,IT,Mid,29,Male,1741893,52.0,1.6248171790809947,4.6575872100343645,42,9,1.0,29
EMP-002233,2021-09-06,Finance,Lead,57,Male,1218084,31.0,2.5621625677507818,4.458342087996458,46,8,1.0,23
EMP-002234,2021-07-12,IT,Senior,59,Female,515481,4.0,1.9215827184393701,1.2381505412211866,40,8,1.0,14
EMP-002235,2016-03-04,Finance,Mid,50,Female,1096014,96.0,3.168078913809469,,28,8,1.0,36
EMP-002236,2019-03-20,Sales,Junior,35,Female,1088484,,3.8498953416852473,3.379839840542432,24,2,0.0,18
EMP-002237,2021-07-18,Sales,Junior,57,Female,643131,29.0,2.8472256022353655,2.044087706288389,0,1,0.0,9
EMP-002238,2018-01-30,IT,Lead,53,Female,816761,108.0,1.3980822381621172,3.4238600832180657,17,0,1.0,35
EMP-002239,2021-07-18,Marketing,Manager,34,Male,475311,30.0,1.846115337768727,4.832189626937642,30,8,1.0,20
EMP-002240,2019-12-16,Sales,Lead,30,Male,495723,,2.1755034046913644,3.8355269386550326,3,3,1.0,10
EMP-002241,2015-03-12,Marketing,Senior,52,Female,977451,21.0,4.349430132635501,1.4512904204278305,1,7,0.0,37
EMP-002242,2015-05-08,IT,Manager,50,Female,1515427,111.0,1.887161917827438,3.9292458011310334,21,6,1.0,7
EMP-002243,2020-11-17,HR,Lead,39,Female,452915,119.0,2.548883011135224,4.451071705308474,38,2,1.0,43
EMP-002244,2021-07-13,Sales,Mid,25,Female,544172,109.0,2.5649047496370563,2.1131478739316645,26,1,1.0,18
EMP-002245,2017-04-23,HR,Senior,23,Female,1996044,76.0,4.697803404055467,2.550654156052865,27,6,1.0,13
EMP-002246,2015-03-18,IT,Senior,27,Female,852101,92.0,3.474297229583988,4.941746607421511,44,7,0.0,10
EMP-002247,2019-05-20,IT,Lead,42,Female,1456287,101.0,3.2306396909695105,3.6408129871813895,12,7,0.0,42
EMP-002248,2019-08-05,Sales,Lead,35,Male,387010,,4.5578322122517605,4.496200832379825,26,0,1.0,34
EMP-002249,2019-02-16,Sales,Junior,36,Female,1469058,40.0,3.8652255092651577,1.9157108384481951,14,6,1.0,45
EMP-002250,2017-07-31,Marketing,Lead,23,Female,776663,113.0,4.167483985106858,2.617357639790323,16,6,1.0,36
EMP-002251,2020-02-18,Operations,Junior,30,Female,1051503,69.0,4.995535097480426,4.5956499705239295,42,5,0.0,32
EMP-002252,2016-03-23,Sales,Junior,48,Male,1497327,66.0,4.794942179458174,1.9414779946195373,32,7,0.0,23
EMP-002253,2020-10-30,IT,Manager,37,,1101595,76.0,2.9612047187101767,2.720799871463553,34,5,1.0,12
EMP-002254,2021-08-02,IT,Lead,38,Female,730868,73.0,4.337161225650174,1.0218103041901974,25,8,0.0,12
EMP-002255,2018-01-12,Sales,Senior,27,Male,355977,78.0,3.7390152023942114,2.986730867541548,41,9,1.0,35
EMP-002256,2018-11-20,Sales,Manager,49,Female,1516537,49.0,4.448702486868918,2.9827852624822957,3,5,1.0,28
EMP-002257,2016-04-03,HR,Mid,41,,1923308,109.0,1.6464061264507395,1.008785896271331,28,1,1.0,4
EMP-002258,2015-09-19,Sales,Senior,49,Female,1504946,93.0,4.66963212914292,1.2894259824164958,2,-6,0.0,19
EMP-002259,2017-12-04,IT,Lead,38,Female,1420530,105.0,4.599735847787407,3.1591984417267978,42,4,0.0,2
EMP-002260,2015-07-20,Finance,Mid,27,Female,677289,76.0,3.3015880772497574,1.4370375121912309,6,2,1.0,38
EMP-002261,2020-04-01,Finance,Junior,42,Male,1195340,113.0,1.2147969064071975,1.7418737286974673,38,3,1.0,0
EMP-002262,2019-02-11,Sales,Senior,35,Female,505175,85.0,4.054204650723772,4.886780922050461,27,5,0.0,7
EMP-002263,2019-11-26,HR,Lead,33,Male,1013705,49.0,2.383885199371041,3.3179216850307025,8,8,0.0,23
EMP-002264,2019-07-20,IT,Junior,41,Male,719027,29.0,4.887094575878044,4.946189331600976,42,6,1.0,34
EMP-002265,2021-10-24,HR,Manager,56,Female,1024921,96.0,1.006031058979076,2.8688994886286068,21,5,1.0,6
EMP-002266,2017-07-26,Operations,Manager,37,Female,693795,96.0,1.9536172843567159,3.9851158437202105,13,7,0.0,25
EMP-002267,2015-12-17,IT,Junior,41,Male,633045,74.0,2.8962179575927762,4.429160476043483,44,3,0.0,43
EMP-002268,2020-08-04,IT,Lead,27,Female,625678,38.0,2.342655555687257,4.103531222230263,39,1,0.0,18
EMP-002269,2018-08-08,HR,Manager,55,Male,1095139,81.0,3.8265750364841176,1.5760660401908777,32,8,1.0,11
EMP-002270,2016-07-05,Marketing,Manager,43,Female,318162,47.0,3.9027850593857925,1.7694095755539894,42,0,1.0,45
EMP-002271,2018-03-09,IT,Lead,51,Male,1233936,18.0,4.898468758486327,2.5986052861071367,45,9,0.0,45
EMP-002272,2016-02-29,Marketing,,58,Female,1600365,80.0,1.914326189745832,1.8306381519275319,22,1,1.0,46
EMP-002273,2020-10-10,Operations,Lead,44,Male,341850,111.0,1.5079840477165232,4.567226894119342,11,9,1.0,45
EMP-002274,2016-05-12,Marketing,Mid,43,Male,964936,11.0,4.623539994070388,4.5898929726614845,2,1,1.0,5
EMP-002275,2015-07-05,Operations,Senior,23,Female,503700,15.0,2.29471136437366,,40,1,1.0,42
EMP-002276,2019-11-13,Operations,Junior,59,Female,629009,56.0,1.7777602537976405,1.0286691009046782,39,1,1.0,19
EMP-002277,2017-04-25,IT,Manager,27,,912390,100.0,4.900808367387521,4.094827049420973,5,3,,25
EMP-002278,2021-05-26,Sales,Senior,33,Female,1776894,22.0,2.65145077375045,4.035542671594683,14,9,0.0,27
EMP-002279,2018-09-16,IT,Junior,27,Male,1746580,33.0,2.036931834569212,2.826348087301631,42,5,1.0,12
EMP-002280,2016-11-20,Finance,Junior,52,Female,1625796,106.0,3.5522272844132963,1.0234320787752926,40,9,1.0,21
EMP-002281,2015-09-07,Finance,Lead,54,Male,1541933,110.0,3.884824505114445,4.745014714708516,49,3,1.0,24
EMP-002282,2018-01-30,IT,Manager,36,Male,1462898,7.0,2.457410170601474,2.9176597942845865,38,9,0.0,22
EMP-002283,2020-08-28,IT,Lead,59,Female,1402662,40.0,3.857741274263971,1.4410642936947258,42,8,1.0,0
EMP-002284,2018-06-29,HR,Senior,54,Male,1136416,89.0,1.9225176726026714,3.9517535528973617,47,0,1.0,38
EMP-002285,2021-07-04,Marketing,Lead,26,Female,1406233,41.0,3.4688323525402143,4.465793792576517,11,9,0.0,13
EMP-002286,2015-11-12,Operations,Mid,25,Female,1613825,114.0,4.924081204799682,3.62712868640375,11,7,0.0,24
EMP-002287,2015-05-01,IT,Senior,32,Male,331557,110.0,1.8235159091433428,2.1003783084907637,45,1,1.0,4
EMP-002288,2017-11-17,HR,Lead,52,Female,347153,21.0,3.7353546274212475,1.037727984518634,24,3,0.0,18
EMP-002289,2018-08-04,Operations,Lead,30,Male,605471,116.0,2.3515227334241953,1.1168525217823495,28,3,1.0,44
EMP-002290,2017-05-28,IT,Manager,33,Female,513183,107.0,4.799829983765583,3.2003875161318063,46,2,0.0,17
EMP-002291,2021-07-13,IT,Senior,55,Male,1505100,74.0,2.2065027557405648,1.620598524941458,18,7,1.0,14
EMP-002292,2015-05-21,HR,Senior,31,Male,1620818,49.0,3.3673496514257724,29.046524871254135,3,0,1.0,20
EMP-002293,2021-10-25,Finance,Lead,25,Male,1992960,32.0,1.5897670178062056,,5,7,1.0,9
EMP-002294,2016-05-17,Marketing,Senior,24,Female,332067,71.0,3.518311084503288,3.8619237463575824,40,3,1.0,13
EMP-002295,2016-05-15,Sales,Lead,36,Female,804388,66.0,2.511645982698808,1.125244635552173,15,9,0.0,6
EMP-002296,2017-03-30,Sales,Manager,28,Female,1420922,73.0,2.198423005072296,1.9010236346372862,42,1,1.0,8
EMP-002297,2016-07-31,HR,Mid,34,Male,492252,112.0,3.0680564555503143,2.8914221203756694,21,9,0.0,1
EMP-002298,2017-01-01,Operations,Lead,24,Male,1965526,17.0,2.007807545316841,3.5822881430996154,5,4,1.0,33
EMP-002299,2020-12-08,Sales,Lead,31,Female,1492073,31.0,4.465400480436097,3.4920727900405635,36,3,1.0,35
EMP-002300,2021-01-23,Sales,Manager,58,Male,1549047,104.0,1.4616163058995397,2.906648903587388,12,8,0.0,33
EMP-002301,2021-01-23,Sales,Junior,31,Male,1729353,45.0,1.2650631136857107,2.5530042162306157,31,0,0.0,36
EMP-002302,2021-04-06,Marketing,Lead,31,Male,730437,28.0,2.306577562582962,4.32739524639618,11,1,0.0,2
EMP-002303,2016-02-18,Operations,Senior,55,Female,1703977,29.0,3.131062140389602,4.701683707731345,1,8,0.0,2
EMP-002304,2018-12-15,Marketing,Senior,45,Male,834554,70.0,2.391496108696351,2.6815481859127113,12,6,0.0,36
EMP-002305,2017-11-19,Marketing,Mid,47,Male,620503,85.0,4.501639675776616,2.8454036060951964,24,3,1.0,13
EMP-002306,2020-01-29,Finance,Senior,320,Female,906023,92.0,4.430859530821104,2.620399324620573,12,9,1.0,7
EMP-002307,2021-09-09,HR,Manager,29,Female,984526,26.0,4.592566428296457,3.0439026961484505,1,3,1.0,25
EMP-002308,2020-11-02,Finance,Lead,30,Female,1592169,80.0,4.444905379288816,1.7315472626352677,30,0,0.0,19
EMP-002309,2017-02-19,Sales,Manager,27,Female,826338,16.0,3.073205928432037,3.470375854384961,37,0,0.0,7
EMP-002310,2021-05-20,IT,,27,Female,822163,53.0,3.946692598565924,4.510633173929447,35,8,0.0,11
EMP-002311,2015-09-26,HR,Junior,26,Female,1570190,97.0,1.8430973854318111,4.930501123703644,2,9,1.0,9
EMP-002312,2020-07-06,HR,Manager,57,,976103,48.0,4.3779461958810995,2.7680225864774886,16,0,0.0,13
EMP-002313,2020-12-04,HR,Lead,37,Female,806941,59.0,1.5794205492388627,3.0129735478022095,9,9,0.0,32
EMP-002314,2016-03-01,IT,Manager,29,Female,1657454,93.0,1.9812548846791516,1.934780227964716,31,8,0.0,29
EMP-002315,2017-10-10,Sales,Mid,33,,1492588,101.0,3.4000284159613376,3.4549928832691963,1,8,1.0,22
EMP-002316,2020-02-26,Finance,Senior,23,Female,567613,52.0,2.303348108353406,2.077460003670487,19,6,0.0,29
EMP-002317,2015-08-04,IT,Manager,43,Female,1786947,53.0,4.974004460157512,4.102364706959557,37,7,0.0,29
EMP-002318,2017-01-15,Marketing,Mid,57,Female,1381011,54.0,2.0932046310597094,4.286398161915796,20,6,1.0,30
EMP-002319,2016-12-06,Operations,Lead,25,Male,1514536,23.0,4.101112885675363,2.258164200548549,34,2,0.0,20
EMP-002320,2020-09-21,Sales,Mid,23,Female,1381298,40.0,3.437418935310205,3.4984447864114174,46,2,1.0,28
EMP-002321,2017-11-18,Operations,Senior,53,Female,999725,119.0,1.3936803791441328,4.062320517387092,27,6,1.0,1
EMP-002322,2017-03-04,HR,Lead,41,Male,1915000,48.0,3.5375147162755622,2.436804570959454,40,7,1.0,33
EMP-002323,2016-08-02,IT,Manager,23,Female,320554,42.0,1.5307368985710648,3.5238827535507924,5,2,0.0,44
EMP-002324,2016-02-22,Finance,Senior,53,Female,1413455,29.0,2.7180051811256543,2.4716029939531734,15,0,0.0,8
EMP-002325,2017-05-17,Sales,Junior,39,Female,581166,14.0,1.3731757459492897,,7,7,1.0,37
EMP-002326,2017-01-25,Marketing,Senior,52,Female,583151,95.0,4.1317068775616,2.793890286575374,8,8,1.0,1
EMP-002327,2020-07-21,Operations,Junior,33,Female,570642,46.0,4.116866729477362,,20,3,1.0,46
EMP-002328,2017-09-04,Operations,Senior,30,Male,913951,111.0,4.597203401155925,2.917054995982852,41,3,1.0,34
EMP-002329,2017-01-09,HR,Mid,49,Male,844666,96.0,1.3640203454953252,2.739986663946868,40,1,1.0,11
EMP-002330,2019-12-04,HR,Manager,51,Male,753238,73.0,2.909918242145523,1.2271712329133115,27,4,1.0,19
EMP-002331,2016-06-18,IT,Mid,41,Female,1692412,16.0,2.1139438768414975,1.1391130551340507,25,8,1.0,6
EMP-002332,2017-01-28,HR,Lead,34,Female,664451,10.0,3.745570545358629,3.3088441726075173,17,4,1.0,29
EMP-002333,2015-10-02,HR,Junior,44,Male,1453827,13.0,2.570750924345022,2.6050957164248207,32,1,0.0,38
EMP-002334,2017-03-12,Sales,Lead,45,Female,693586,,3.5683875053332543,4.976874207909869,37,7,0.0,42
EMP-002335,2019-03-11,Marketing,Senior,38,Female,306508,91.0,2.023657563035735,3.702283225706575,9,2,1.0,19
EMP-002336,2018-12-01,Marketing,Lead,48,Female,500312,70.0,2.3805129613257616,2.543335670802875,24,0,1.0,47
EMP-002337,2021-10-30,Sales,Mid,25,Male,1401769,44.0,4.174745426163833,4.478844202834925,7,8,1.0,28
EMP-002338,2015-06-03,Operations,Junior,52,Male,1534345,110.0,1.3476228154760834,4.1816881847452745,13,3,0.0,45
EMP-002339,2017-04-23,Operations,Lead,29,Female,354644,36.0,2.8101323647754226,3.9380825411954006,25,3,0.0,22
EMP-002340,2017-12-12,Sales,Senior,37,Female,673360,119.0,4.136510303298231,3.90578581592292,23,0,0.0,16
EMP-002341,2015-10-01,Finance,Senior,35,Male,894001,70.0,4.025789434969921,3.3153696667158914,2,7,0.0,34
EMP-002342,2015-04-06,Sales,Senior,43,Female,530226,103.0,3.581449890170491,1.1943158874100184,24,2,0.0,38
EMP-002343,2018-09-26,IT,Senior,26,Female,1649637,39.0,3.776011423622087,1.3993634069772671,8,3,0.0,37
EMP-002344,2017-12-02,Finance,Senior,59,Male,1467792,62.0,1.5107549847604815,1.054352515128814,21,1,1.0,16
EMP-002345,2016-09-30,IT,Lead,25,Male,1879689,70.0,1.255606282712888,3.0217577350536637,33,7,1.0,43
EMP-002346,2016-11-21,Marketing,Mid,35,Female,687251,18.0,3.207060248944682,1.1052565678888047,43,1,0.0,31
EMP-002347,2021-09-10,HR,Lead,57,Female,760321,46.0,2.52161770953114,1.329263545474467,38,7,1.0,31
EMP-002348,2015-11-15,Operations,Junior,54,Male,561039,93.0,2.3161019729066963,1.592511178005644,17,3,0.0,16
EMP-002349,2017-07-02,Finance,Junior,45,Male,1624711,57.0,2.707168515338503,2.0331609690814703,34,5,0.0,25
EMP-002350,2021-03-11,Marketing,Manager,43,Female,1108053,117.0,2.155739356511129,4.124652443987857,18,8,0.0,21
EMP-002351,2016-08-19,Finance,Junior,44,Male,1482794,50.0,4.452469559523754,4.8970349879100326,38,7,0.0,46
EMP-002352,2017-10-20,Operations,Mid,44,Female,1875779,116.0,2.9223293218340967,3.903113789934755,9,9,1.0,45
EMP-002353,2020-12-29,Marketing,Mid,55,Male,385104,87.0,3.493625725800661,,22,2,1.0,27
EMP-002354,2019-01-07,Sales,Manager,24,Male,1224639,88.0,4.329371595107107,3.0705754636679607,19,9,0.0,14
EMP-002355,2015-05-11,Operations,Junior,48,Male,1974914,71.0,2.878437868982468,2.3427663523409628,20,7,1.0,29
EMP-002356,2015-03-07,Sales,Junior,57,Male,1422667,109.0,1.754959187181127,4.1511418501184245,24,1,1.0,41
EMP-002357,2019-04-22,Sales,Lead,54,Female,383032,111.0,3.2311705646437203,3.1965000881484076,13,1,1.0,12
EMP-002358,2015-03-23,Sales,Mid,41,Female,1775412,104.0,1.0692125503386722,4.589302385535321,1,9,1.0,27
EMP-002359,2017-08-16,Finance,,30,,1538724,111.0,1.9208154673107658,2.099340236182661,23,0,0.0,46
EMP-002360,2015-10-29,Sales,Manager,47,Male,1900328,89.0,1.554946606491109,4.471014267261202,5,4,0.0,5
EMP-002361,2020-12-23,IT,Junior,56,Male,1601381,14.0,1.328202760996629,1.6507712849386178,19,4,1.0,28
EMP-002362,2017-12-21,IT,Mid,44,Female,1226464,16.0,1.6285459973630343,4.914853004527611,40,0,1.0,29
EMP-002363,2015-07-16,Marketing,Manager,59,Female,717052,8.0,1.7761485497970466,4.136675041945105,47,2,0.0,25
EMP-002364,2015-11-21,Sales,Mid,36,Female,1990223,45.0,2.1987307180286986,1.492901539449523,41,4,1.0,21
EMP-002365,2018-10-22,Marketing,Junior,36,Male,465976,108.0,4.678558570413191,4.8722036286604915,24,2,1.0,5
EMP-002366,2019-10-11,Sales,Junior,57,Male,305739,21.0,1.9335194114648737,,48,0,1.0,1
EMP-002367,2015-05-16,Marketing,Lead,43,Male,475853,55.0,3.8846632590189842,4.333202824636476,30,2,,9
EMP-002368,2015-04-28,Operations,Manager,46,Male,643538,29.0,3.772030085792019,4.5424445532199975,23,0,1.0,11
EMP-002369,2019-02-21,Sales,Junior,56,Female,631199,28.0,4.373404604732307,1.4487959924708886,44,4,0.0,16
EMP-002370,2018-10-04,IT,Lead,56,Male,571426,106.0,1.3457565518831256,1.4122386446344533,33,9,0.0,17
EMP-002371,2019-10-27,Finance,Manager,49,Male,1509365,107.0,2.735659849627906,3.6513954036541745,23,8,0.0,1
EMP-002372,2018-01-07,Finance,Junior,48,Male,1004289,38.0,3.465670195027871,2.0887785693501435,13,9,1.0,20
EMP-002373,2018-08-08,IT,Senior,41,Female,1580770,108.0,4.538199481151171,1.7141648541532164,37,6,0.0,31
EMP-002374,2015-10-24,Finance,Junior,57,,1592579,58.0,1.0713362542702534,3.7476144862424454,39,4,1.0,15
EMP-002375,2019-10-22,Sales,Junior,23,Male,1599163,15.0,2.4255733667944543,3.8625626044806243,24,6,1.0,5
EMP-002376,2019-01-23,Marketing,Manager,41,Female,1740697,113.0,1.4903327142489307,1.1044263995497197,26,3,1.0,25
EMP-002377,2016-06-05,HR,Mid,41,Male,377159,32.0,1.921928813759597,4.346514546250564,44,4,0.0,39
EMP-002378,2018-06-28,IT,Junior,28,Male,1556341,6.0,1.0522921328082915,3.6957531735530402,24,2,1.0,28
EMP-002379,2021-07-11,Marketing,Senior,25,Male,1164808,5.0,2.9146726857904497,4.0310915073910145,4,4,1.0,15
EMP-002380,2020-04-10,Operations,Mid,57,Female,766363,55.0,2.4731104261634793,4.0336238625825676,32,4,0.0,5
EMP-002381,2019-04-05,HR,Senior,53,Male,574587,107.0,2.7920672581780708,4.971829842156032,40,8,1.0,18
EMP-002382,2016-09-03,Marketing,Senior,46,Male,583856,18.0,2.4876858279979546,1.4666546398275924,12,5,0.0,46
EMP-002383,2018-07-26,HR,Junior,44,Male,1581250,108.0,2.283159977204763,18.93766492369599,16,7,0.0,41
EMP-002384,2018-10-17,IT,Senior,29,Female,309755,76.0,2.5104974802690125,2.650797798090982,41,5,0.0,0
EMP-002385,2019-02-13,Operations,Senior,57,Female,1736869,32.0,3.1840536143870684,4.836447117314689,48,7,1.0,33
EMP-002386,2018-09-09,Finance,Lead,44,Male,714626,40.0,1.8116804195440688,1.354485523845415,1,5,1.0,44
EMP-002387,2020-01-02,IT,Senior,42,Male,513350,50.0,1.6410272823214616,4.026436286949229,44,3,,1
EMP-002388,2017-09-30,Finance,Lead,47,Male,817120,55.0,1.6221438801602575,1.205210783666363,37,1,0.0,27
EMP-002389,2019-08-30,Sales,Senior,32,Female,462461,,1.7816890851071832,1.4186054990432604,2,2,0.0,8
EMP-002390,2016-01-06,Marketing,Mid,48,Female,1151992,18.0,3.0682757622254053,4.994440967992064,1,6,0.0,40
EMP-002391,2017-10-12,Sales,Senior,29,Female,513523,103.0,2.9459093533649776,4.455732162225132,35,8,1.0,26
EMP-002392,2018-08-20,Sales,Junior,50,Male,335553,19.0,2.545922017298439,2.2391764878954614,42,7,1.0,37
EMP-002393,2016-09-22,Operations,Mid,38,Male,926228,91.0,3.2786231276739444,1.8496643726123119,20,0,1.0,10
EMP-002394,2017-12-14,Sales,Senior,47,Female,959487,67.0,1.686345078537733,3.550646063309493,8,7,0.0,33
EMP-002395,2020-11-06,Finance,Mid,58,Female,1497839,29.0,2.06928676985001,3.2260781206341984,17,6,0.0,8
EMP-002396,2016-03-30,Finance,Manager,22,Male,658154,52.0,3.5197729407749714,4.2265881992781775,38,7,1.0,39
EMP-002397,2017-07-20,Marketing,Senior,24,Female,1939056,41.0,1.004861367581976,1.9841942249425646,34,4,0.0,12
EMP-002398,2019-12-31,Operations,Manager,43,Female,1469580,1.0,3.400806041439671,4.7124955682403185,45,8,1.0,25
EMP-002399,2018-10-05,Finance,,38,Male,570016,86.0,2.196793590058015,4.901879532082523,33,4,0.0,46
EMP-002400,2018-01-26,HR,Mid,57,Female,368631,64.0,2.4191233359999202,,26,4,0.0,16
EMP-002401,2020-08-06,Sales,Junior,59,Male,1923628,57.0,4.169806433322615,1.498979247113331,43,7,1.0,29
EMP-002402,2020-01-22,Operations,Manager,32,Male,1993594,106.0,1.0970492112773114,2.2111811905685212,48,9,0.0,25
EMP-002403,2020-01-31,Finance,Junior,57,Female,1172262,,1.1297068503695589,4.144610482336557,11,2,1.0,45
EMP-002404,2017-11-18,IT,Lead,55,Male,705899,47.0,3.8635090283690494,3.094758214522254,29,7,0.0,42
EMP-002405,2017-02-01,HR,Lead,48,Female,1973022,31.0,1.311321392780504,1.9747956602102654,14,9,0.0,23
EMP-002406,2019-11-13,Marketing,Junior,42,Male,1391512,119.0,3.612611852786197,3.670649255598095,34,1,1.0,22
EMP-002407,2018-09-17,HR,Mid,27,Male,604235,58.0,2.064977931493359,2.7752739366072525,32,4,0.0,42
EMP-002408,2020-11-20,Finance,Senior,51,Male,1064905,41.0,3.4148029561169926,3.1940971499404585,46,0,1.0,31
EMP-002409,2020-01-16,Operations,Senior,25,Female,544889,79.0,1.5988643779352185,1.0276886039008781,12,1,1.0,18
EMP-002410,2018-05-16,Finance,,31,Male,673809,75.0,2.0248100998256766,2.667833710008286,3,8,1.0,0
EMP-002411,2017-04-10,IT,Junior,45,Male,321391,98.0,2.64033325940011,4.3322613814523745,17,0,1.0,25
EMP-002412,2020-10-22,IT,Lead,23,Female,1485981,,4.4418986881180516,1.1453961684825762,26,3,0.0,9
EMP-002413,2020-04-19,Operations,Lead,37,Female,1442077,105.0,4.020521533504371,3.4228357964531475,13,2,0.0,34
EMP-002414,2020-12-20,Sales,Lead,43,Male,913954,57.0,1.782972553922074,3.8247292643019732,7,2,0.0,35
EMP-002415,2015-01-16,Operations,Lead,51,Female,1124204,48.0,1.7564190905418453,4.644123990573515,6,8,0.0,15
EMP-002416,2015-08-17,HR,Lead,25,Male,1413824,,3.5515879061583955,2.809783038387661,9,4,0.0,21
EMP-002417,2015-01-05,Sales,Lead,29,Female,510499,62.0,3.068976848207115,4.419457574929452,27,6,0.0,47
EMP-002418,2015-03-05,Sales,Lead,52,Female,1083661,9.0,2.7283217682107312,1.896330850562728,22,4,0.0,41
EMP-002419,2020-03-01,HR,Senior,53,Male,1629033,6.0,1.7669953774409293,1.9914642369186417,41,3,0.0,8
EMP-002420,2018-04-23,IT,Senior,38,Male,1245508,42.0,1.6761443662711706,4.480661114417559,33,3,0.0,39
EMP-002421,2018-08-04,Finance,Manager,24,Male,1688685,32.0,2.2127741613419714,1.1611972972434557,9,8,0.0,24
EMP-002422,2021-09-04,Sales,Senior,42,Female,969547,57.0,1.1804323172708875,1.228534169694798,49,1,1.0,32
EMP-002423,2021-03-18,Finance,Senior,53,Male,1261341,55.0,2.6552671120589233,4.209053198165307,10,7,1.0,5
EMP-002424,2020-10-21,Operations,Mid,50,Male,337164,108.0,4.510300993033171,4.105891853576371,10,3,0.0,21
EMP-002425,2015-03-23,IT,Junior,41,Male,1732552,11.0,2.2716396599164006,1.82732174606473,22,8,1.0,4
EMP-002426,2020-12-22,IT,Junior,55,Female,1042118,119.0,4.438330540280306,1.6059286162006994,6,4,0.0,37
EMP-002427,2020-07-24,Operations,Manager,31,Male,1480192,53.0,3.4101276023155234,2.04984921519574,7,7,1.0,38
EMP-002428,2020-08-10,HR,Mid,30,Female,1334131,114.0,2.571771042255082,2.450437682189673,10,1,1.0,29
EMP-002429,2019-01-11,IT,Senior,32,Female,1351739,49.0,1.8575266829747967,,27,7,1.0,11
EMP-002430,2019-10-20,Finance,Manager,57,Male,734700,119.0,3.5855167822331087,4.834802714083103,17,0,0.0,27
EMP-002431,2016-01-05,Operations,Junior,44,Male,978014,46.0,1.1387673266164042,3.492873343854022,17,8,1.0,7
EMP-002432,2016-03-16,HR,Junior,56,Male,976907,110.0,1.9599079011273548,3.679425565545257,4,6,1.0,19
EMP-002433,2016-11-08,Finance,Lead,29,Female,1742422,70.0,3.580896525054694,1.686395973397997,22,5,0.0,36
EMP-002434,2020-01-18,Operations,Lead,34,Female,1029962,54.0,4.74563648686464,2.443730116965023,30,8,1.0,34
EMP-002435,2017-07-15,IT,Lead,52,,1162634,82.0,2.2541734286517716,2.082624242864201,40,2,1.0,7
EMP-002436,2019-08-17,Marketing,Mid,54,Male,1208937,61.0,3.1983002153577202,3.881549338730712,41,2,0.0,18
EMP-002437,2015-12-29,HR,Junior,53,Female,1218576,38.0,3.2499981654736447,1.8706302182466374,46,3,0.0,29
EMP-002438,2017-01-26,IT,Senior,58,Female,792744,94.0,2.2135932858908927,,3,0,1.0,43
EMP-002439,2017-06-16,Finance,Lead,45,Female,1085278,80.0,3.580929805554647,3.785901547508542,3,2,1.0,42
EMP-002440,2020-05-16,Marketing,Lead,36,Male,518791,55.0,1.1168140450093427,3.215758980849194,0,1,1.0,35
EMP-002441,2016-05-02,Sales,Manager,43,Male,1085152,22.0,1.837058080110452,4.61810243147516,29,6,1.0,5
EMP-002442,2019-03-09,Sales,Lead,40,Male,1414680,93.0,1.9092366912252579,1.390359193084194,10,6,0.0,5
EMP-002443,2015-03-08,Sales,Lead,50,Female,844361,62.0,3.938648563629143,1.997073126400923,14,-4,0.0,7
EMP-002444,2021-09-14,Operations,Manager,50,Male,1436112,88.0,2.3135424662965702,2.93740471414882,4,6,0.0,30
EMP-002445,2019-10-27,Finance,Senior,54,Male,890217,111.0,1.247779634962447,4.113366570002231,6,0,1.0,1
EMP-002446,2017-11-21,Sales,Lead,35,Male,1334672,50.0,3.557900513810408,17.26797767790869,31,3,1.0,7
EMP-002447,2018-07-20,Marketing,Lead,25,Female,1805773,,3.751778227780012,3.6269884494623965,5,8,0.0,42
EMP-002448,2015-05-28,Sales,Lead,36,Female,1718365,84.0,1.293224074145984,,47,1,1.0,37
EMP-002449,2015-07-17,Sales,,43,Male,301961,12.0,2.9561348786714006,3.6994880651582727,15,6,1.0,39
EMP-002450,2020-01-18,Sales,Mid,39,Male,1237171,86.0,2.7887818333108165,2.731848129224983,48,4,1.0,18
EMP-002451,2020-03-26,Finance,Junior,22,Male,440339,26.0,3.2780150142449336,1.0214564363591694,5,7,1.0,37
EMP-002452,2020-08-05,IT,Junior,55,Male,1352435,34.0,1.1759557956273907,2.8374671907215445,34,6,0.0,44
EMP-002453,2018-01-16,Sales,Junior,56,Male,327905,112.0,3.790979591062731,1.6254728658580166,24,8,,13
EMP-002454,2019-05-09,IT,Lead,23,Female,1552087,47.0,2.2286123475821698,2.8480602613899832,8,2,0.0,42
EMP-002455,2018-09-07,Operations,Lead,49,Female,644868,62.0,2.627459977916334,4.790607486516945,34,5,,45
EMP-002456,2018-09-24,Finance,Senior,41,Female,1918304,55.0,1.8851847202582452,1.1345960763692173,38,4,1.0,2
EMP-002457,2016-01-18,Finance,Lead,23,Female,1778257,87.0,4.579804856120971,3.7004927144415745,32,7,0.0,42
EMP-002458,2020-06-26,Operations,Senior,48,Male,1230043,13.0,4.822810365547246,27.192259750250226,10,0,0.0,4
EMP-002459,2018-08-08,Sales,Junior,53,Male,968097,78.0,2.157828864082549,4.616792113007726,21,7,0.0,18
EMP-002460,2015-01-20,Operations,Manager,22,Female,1932415,68.0,1.3155647335899245,1.3069451796415943,30,3,1.0,7
EMP-002461,2019-02-19,Operations,Manager,50,Male,1334674,87.0,4.203544047697498,1.899623356846425,25,2,1.0,35
EMP-002462,2015-04-07,Marketing,Junior,410,Male,1573541,25.0,3.752801188176436,4.821542965934373,46,5,0.0,7
EMP-002463,2016-04-17,Sales,Junior,26,Female,1005028,4.0,3.365367030911131,3.074758177330112,16,4,0.0,15
EMP-002464,2018-12-12,IT,Lead,35,Female,451970,16.0,3.7460955159639395,1.258409157178681,10,8,1.0,41
EMP-002465,2020-04-25,Marketing,Junior,38,Male,931906,6.0,3.6667827965048057,4.878777507225446,36,8,0.0,15
EMP-002466,2016-05-03,Finance,Mid,26,Female,1653117,115.0,4.66134508793314,2.5896811601421295,47,0,1.0,41
EMP-002467,2021-07-11,Finance,Mid,59,Female,638067,19.0,2.1889514935897956,1.0297390995891287,33,3,1.0,15
EMP-002468,2017-01-10,Sales,Junior,46,Male,411124,113.0,2.0225228581445216,4.94922912588033,28,2,1.0,21
EMP-002469,2017-08-16,Finance,Mid,51,Male,550134,37.0,1.0313500523115189,1.1200807781095503,21,3,1.0,15
EMP-002470,2019-11-23,HR,Mid,22,Female,537205,9.0,4.879576069262994,3.2290735088093534,1,7,0.0,2
EMP-002471,2015-07-26,Sales,Senior,41,Female,723893,100.0,1.1864976920432633,4.790453322635348,0,1,,24
EMP-002472,2018-06-24,Operations,,54,Male,1203902,53.0,3.4938047043513074,1.6296798472631036,32,4,0.0,47
EMP-002473,2016-07-24,IT,Mid,23,Male,1982914,68.0,3.7600442779989813,1.0985158081424191,14,5,1.0,14
EMP-002474,2017-09-22,Finance,Manager,34,Male,375454,52.0,2.4583930862393357,1.0134776041840499,12,6,1.0,10
EMP-002475,2015-05-05,IT,Senior,48,Female,585929,57.0,3.4794106431453966,1.8081988998838399,49,0,0.0,0
EMP-002476,2018-10-12,Sales,Mid,30,Female,1868452,106.0,1.2539868367530085,1.8389472640778548,7,7,1.0,27
EMP-002477,2017-11-01,Finance,Mid,31,Male,1983149,78.0,1.5697862608797926,1.5653109007505286,1,5,0.0,27
EMP-002478,2018-09-14,Finance,Lead,59,Male,1654069,,1.985716829694427,2.739753662991468,45,7,1.0,45
EMP-002479,2020-06-19,HR,Lead,53,Female,1833033,115.0,4.569717243746462,3.895563979136917,32,6,0.0,5
EMP-002480,2017-01-12,HR,Manager,38,Female,1040819,69.0,3.5474476425390478,2.1979278636370068,49,0,1.0,10
EMP-002481,2019-12-15,HR,Senior,39,Male,1769294,28.0,4.875164126792184,3.6807213821151485,20,2,1.0,23
EMP-002482,2018-03-22,Finance,Mid,26,Female,1211065,103.0,3.68193334939649,3.3634919071595246,49,0,1.0,45
EMP-002483,2015-01-26,Sales,Junior,30,Female,1692062,119.0,4.577565774816103,3.9690931832815513,17,8,0.0,25
EMP-002484,2018-02-19,Operations,Manager,30,Male,1071722,111.0,1.3911569942415714,2.7226681550447256,33,9,0.0,10
EMP-002485,2017-06-11,IT,Mid,34,Female,1908967,17.0,2.705518993415892,1.614921724448101,21,2,1.0,27
EMP-002486,2018-07-05,HR,Mid,59,Female,676808,26.0,4.557697571957608,1.0097656893416032,35,0,0.0,5
EMP-002487,2019-07-07,Operations,Lead,33,Female,319445,10.0,4.724093017810787,4.975864732605654,23,6,0.0,44
EMP-002488,2019-11-11,IT,Senior,58,Female,1099059,20.0,1.1766983112139706,3.595601991817543,45,0,1.0,8
EMP-002489,2017-08-20,Operations,Manager,53,Female,1652590,46.0,1.7525389052145872,1.6340284734789656,24,9,1.0,46
EMP-002490,2018-03-03,Finance,Mid,53,Female,1150798,8.0,1.9120401502405984,2.571360411760354,16,6,1.0,38
EMP-002491,2018-09-18,Operations,Manager,36,Male,1619944,101.0,4.933488660787107,1.5759520270555578,6,4,1.0,46
EMP-002492,2020-12-31,Finance,Mid,56,Male,931895,57.0,4.760577226610529,1.823481849226912,6,0,0.0,16
EMP-002493,2020-05-20,Finance,Manager,58,Female,1442457,110.0,1.0573891309203711,4.277348510059372,1,6,0.0,34
EMP-002494,2020-03-31,Finance,Senior,50,Male,798117,9.0,1.8756241434918333,4.093891661754441,41,5,0.0,8
EMP-002495,2020-07-04,Sales,,26,Female,970812,106.0,4.0060825046126585,1.2810017483268377,34,3,0.0,29
EMP-002496,2017-12-18,Marketing,Senior,22,Male,1040748,24.0,1.9779977495926797,,49,3,0.0,34
EMP-002497,2015-02-02,Sales,Senior,36,Male,1876101,64.0,1.7313657977273254,3.9598062178310247,44,1,0.0,10
EMP-002498,2020-11-27,IT,Senior,39,Female,1353238,,4.954699404982747,1.059488938584563,26,6,0.0,38
EMP-002499,2020-02-17,IT,Senior,56,Male,400994,104.0,4.341835950465293,1.2045154140744474,1,2,1.0,2
EMP-002500,2015-01-16,Operations,Lead,28,Male,1396736,89.0,1.3241297354089379,4.615409765798518,27,4,0.0,27
EMP-002501,2021-01-26,Finance,Senior,22,Female,1346583,43.0,3.576792211179073,4.674379461947029,6,0,1.0,46
EMP-002502,2020-01-27,HR,Junior,55,Female,392190,116.0,4.719584112253021,2.6598773566957123,11,6,1.0,6
EMP-002503,2019-04-08,Marketing,Manager,30,Male,424458,91.0,4.955302486019718,2.3898791968869535,40,-1,0.0,23
EMP-002504,2018-01-31,Operations,Senior,56,Female,577273,45.0,1.9565066793636672,3.685871306763608,24,2,1.0,0
EMP-002505,2017-02-20,Finance,Junior,39,Male,1444418,50.0,2.228596980306024,1.2167240453872097,24,7,1.0,13
EMP-002506,2016-11-10,HR,Junior,26,Female,1846688,12.0,2.024461664748843,1.855628806959106,11,1,0.0,8
EMP-002507,2020-01-24,IT,Senior,36,Male,596323,1.0,1.6184585220106054,3.680042730472154,0,7,1.0,3
EMP-002508,2019-02-20,IT,Junior,56,Female,530291,69.0,2.4845057441196294,3.742315917786594,18,4,0.0,28
EMP-002509,2020-01-10,Operations,Junior,57,Female,1882956,29.0,4.074658442234448,4.850253426609527,23,1,0.0,5
EMP-002510,2016-09-09,Marketing,Senior,42,Female,835389,41.0,2.4884025975801074,2.985786393399095,24,3,0.0,21
EMP-002511,2017-01-25,IT,Junior,37,Male,1553691,100.0,2.276318135318449,1.4525763667285219,17,2,0.0,22
EMP-002512,2017-05-15,Sales,Mid,310,Male,779618,41.0,1.072554265192799,1.8044707851401123,5,8,1.0,47
EMP-002513,2016-10-30,HR,Manager,31,Male,1562505,75.0,2.1547076464739456,2.0805539434943165,41,9,0.0,33
EMP-002514,2020-01-19,Sales,Senior,55,Female,1311618,11.0,3.585848080235157,1.1597911822252431,37,1,1.0,0
EMP-002515,2015-03-06,Operations,Mid,53,Female,483569,46.0,2.2334988781587786,1.4017719884763888,12,1,0.0,26
EMP-002516,2021-04-26,Marketing,Lead,28,Male,497429,117.0,4.993473528562141,1.9925789727282797,20,7,,2
EMP-002517,2018-01-27,Sales,Junior,32,Male,1004720,3.0,4.052911377758999,1.5683866280562642,28,4,0.0,46
EMP-002518,2016-01-06,Finance,Junior,26,Female,1092515,89.0,1.3650291648337198,3.3166310224689872,30,2,0.0,6
EMP-002519,2018-08-26,Operations,Senior,27,Female,684540,31.0,4.78893283991807,2.0176572975019536,16,5,0.0,13
EMP-002520,2015-01-27,Operations,Lead,57,,1900313,21.0,2.4838300453150213,1.832508055787987,28,8,0.0,23
EMP-002521,2016-10-18,Operations,Senior,44,Male,1817126,71.0,2.5861893536305693,3.288391713509406,29,4,1.0,21
EMP-002522,2016-03-17,Marketing,Manager,42,Male,659653,42.0,4.915463710117228,3.6636355139820735,26,1,1.0,38
EMP-002523,2020-08-11,HR,Lead,50,Male,1164403,108.0,1.0675352930650868,2.7481618128275147,29,7,0.0,15
EMP-002524,2020-06-14,Operations,Manager,27,Male,703738,57.0,2.6531095718195132,1.4422900687607334,41,3,0.0,47
EMP-002525,2015-07-12,Operations,,26,Female,1981123,42.0,3.140361315679332,4.863334469679696,49,9,0.0,36
EMP-002526,2015-02-11,Operations,Mid,51,Female,1439122,17.0,4.2390078418894515,4.936081778043669,49,9,0.0,12
EMP-002527,2015-07-05,Marketing,Lead,30,Female,973701,107.0,3.516583029455796,3.6744840129582075,24,4,0.0,7
EMP-002528,2017-09-04,Finance,Mid,45,Female,1017141,78.0,4.886358597552267,1.409543432943876,36,3,0.0,33
EMP-002529,2016-03-18,Operations,Manager,36,Female,1971025,63.0,2.3840509573582436,3.93774652899205,10,8,0.0,31
EMP-002530,2020-08-04,IT,Junior,22,Male,1567360,5.0,3.3866429486224883,3.5747596982255407,14,5,0.0,34
EMP-002531,2019-09-21,IT,Senior,37,Female,1019150,114.0,2.2738512744443375,1.0094573974842023,7,4,1.0,18
EMP-002532,2015-04-05,Finance,Mid,38,Male,1009468,100.0,4.123741084120363,4.73343905312723,22,4,1.0,46
EMP-002533,2020-10-13,Marketing,Manager,27,Male,1878558,50.0,1.2409857534557718,3.407416111577692,49,3,0.0,39
EMP-002534,2020-02-21,HR,Lead,36,Male,1320780,119.0,3.874863577112559,3.7367895140559297,32,2,1.0,3
EMP-002535,2016-11-25,Finance,Manager,37,Female,521616,113.0,1.0125260631677517,4.0507170872641804,41,2,1.0,16
EMP-002536,2017-12-22,HR,Senior,53,Male,1962666,92.0,1.454627916692619,1.3313228914489814,35,9,0.0,21
EMP-002537,2020-12-10,Marketing,Mid,53,Male,1453944,83.0,1.7973195755804658,2.744157522721251,2,8,0.0,6
EMP-002538,2016-11-27,Sales,Manager,42,Female,1110192,2.0,1.6529543151773063,4.712754447636327,14,1,1.0,29
EMP-002539,2015-05-04,Operations,Senior,29,Male,363634,17.0,2.659962526549141,1.1414113765251797,8,8,1.0,18
EMP-002540,2017-03-19,Finance,Senior,42,,1154827,114.0,1.7047759884960878,2.8841013990373883,5,7,,39
EMP-002541,2021-01-10,IT,Mid,55,Male,1914156,66.0,3.5370526629208094,1.2234289762025914,9,1,0.0,36
EMP-002542,2015-10-17,Operations,Manager,34,Male,1171466,115.0,4.551489803403779,3.5001430753234724,17,6,1.0,41
EMP-002543,2016-09-21,IT,Junior,54,Male,657446,35.0,1.4839187569647612,1.305240841827846,3,1,1.0,40
EMP-002544,2021-05-21,HR,Mid,52,Male,1593650,75.0,1.0055165595051245,3.582566272145404,28,1,1.0,24
EMP-002545,2020-09-25,Marketing,Mid,54,Female,359141,50.0,4.610949958379695,2.8956672030334247,4,1,,44
EMP-002546,2018-04-02,Marketing,Manager,56,Female,396098,115.0,1.2295997821040028,2.5760775853022553,37,4,0.0,38
EMP-002547,2021-02-05,Finance,Junior,40,Female,714037,98.0,1.161705776306396,3.166737932650087,33,6,0.0,25
EMP-002548,2021-06-18,Sales,Mid,57,Male,1628405,73.0,2.4879837249695917,3.229010400832606,18,2,,20
EMP-002549,2018-03-04,Finance,Lead,29,Male,1121432,5.0,4.691947450818878,4.903460923024713,15,9,1.0,31
EMP-002550,2018-01-21,Operations,Mid,26,Male,441302,60.0,2.019602733495534,1.9164529978782423,31,5,0.0,34
EMP-002551,2019-07-04,Marketing,Mid,43,Female,1473222,84.0,3.731426573781481,1.9626305868624847,44,1,0.0,32
EMP-002552,2020-06-28,HR,Junior,56,Male,330091,7.0,4.030910883358128,4.927540159009725,35,7,1.0,5
EMP-002553,2016-10-23,IT,Manager,25,Male,498482,80.0,1.9894594846007663,1.9090913261621112,12,7,1.0,12
EMP-002554,2015-07-10,IT,Mid,42,Male,766856,47.0,1.8286350297626708,3.0707726438249043,8,5,1.0,42
EMP-002555,2016-03-13,Marketing,Manager,49,,1203169,80.0,2.7213417879157,1.3982591547391183,4,5,0.0,44
EMP-002556,2021-06-24,IT,Senior,28,Male,473069,14.0,1.0973685006435252,1.280312975744967,0,6,0.0,10
EMP-002557,2016-08-17,Marketing,Manager,42,Male,1897402,79.0,2.95521345887386,3.0122366238321963,37,1,,8
EMP-002558,2019-12-26,Sales,Mid,34,Female,756975,100.0,1.6258902155425696,4.336504940275111,38,6,0.0,25
EMP-002559,2017-05-04,Sales,Senior,45,Female,941951,68.0,2.945329205053395,3.055305245261081,38,2,0.0,45
EMP-002560,2019-10-19,HR,Manager,41,Female,741002,118.0,1.3178480350554849,,5,1,0.0,46
EMP-002561,2015-06-27,Sales,Senior,23,Female,1823674,99.0,3.1099127165552227,34.32164355754939,17,6,0.0,41
EMP-002562,2020-05-08,Sales,Lead,57,Male,853489,62.0,4.052013204065882,3.833159417985785,18,1,1.0,37
EMP-002563,2021-07-11,Marketing,Junior,25,Female,1307659,4.0,4.19343179365078,3.5946195625300374,36,6,0.0,38
EMP-002564,2017-11-30,HR,Mid,45,Female,1629912,53.0,4.067484722288862,4.515853799321781,47,8,0.0,40
EMP-002565,2021-04-04,Operations,Lead,40,Female,307480,91.0,4.095758045292092,4.041798818319846,43,0,1.0,8
EMP-002566,2016-01-21,Finance,Manager,23,Female,1743139,116.0,3.8341033892433933,4.056436539666688,1,9,,25
EMP-002567,2020-06-20,Marketing,Mid,57,Male,668697,73.0,3.434220205454121,1.209895991824375,32,1,1.0,12
EMP-002568,2015-03-06,Operations,Senior,56,Male,945427,69.0,1.4101283568913012,2.1343985282021345,11,0,0.0,6
EMP-002569,2021-10-30,Finance,,34,Female,545342,28.0,2.932423472679791,3.915371697789011,37,7,1.0,9
EMP-002570,2015-06-08,HR,Senior,26,Female,332652,45.0,1.0684330597022864,1.5932001380182377,17,5,0.0,21
EMP-002571,2018-08-16,Finance,Lead,29,Female,1537760,33.0,2.29365142276238,3.6891691247051885,37,3,1.0,8
EMP-002572,2019-04-28,IT,Mid,41,Male,1466862,45.0,3.25854421092462,2.644228527050975,1,3,1.0,6
EMP-002573,2017-01-15,HR,Junior,30,Female,1833914,54.0,2.9895892190807247,3.8663466403842914,4,5,1.0,4
EMP-002574,2018-01-11,HR,Junior,56,Male,1760524,4.0,2.947618946685582,3.116817469780593,21,1,0.0,9
EMP-002575,2019-10-24,Marketing,,27,Male,687380,89.0,2.851782118594656,1.6454868460886267,42,9,0.0,42
EMP-002576,2017-03-13,Sales,Manager,36,Male,1521735,4.0,3.519784887488915,1.085426690674756,48,4,0.0,20
EMP-002577,2018-10-21,Sales,Junior,56,Female,1210136,89.0,2.157772749395714,,38,7,0.0,5
EMP-002578,2017-03-20,HR,Mid,29,Female,1778470,109.0,1.7064946644552696,,31,5,0.0,43
EMP-002579,2019-12-10,Sales,Junior,40,Male,1417922,107.0,3.2480412211850425,2.8808098576366925,34,4,1.0,13
EMP-002580,2016-06-02,Finance,Junior,47,Female,1881331,58.0,3.8330334360067355,4.37225023494937,17,5,0.0,31
EMP-002581,2017-01-11,Sales,Lead,32,Female,700487,52.0,4.73353398240773,2.502658445257697,15,6,0.0,4
EMP-002582,2020-01-11,Operations,Lead,44,Male,1582350,86.0,4.306548151736264,1.4702927102593955,20,4,0.0,13
EMP-002583,2017-04-13,IT,Junior,42,Male,609398,32.0,3.8722060135676464,1.8208823596206636,11,0,0.0,8
EMP-002584,2016-12-30,Operations,Manager,46,Male,966706,67.0,1.3261011384268562,4.62041995323994,47,4,1.0,14
EMP-002585,2018-08-16,HR,Senior,38,Male,839458,11.0,4.961993053817485,2.8033604679538655,27,0,0.0,9
EMP-002586,2021-05-01,IT,Senior,28,Male,1068831,67.0,3.440250389545088,4.476038123595972,42,8,1.0,5
EMP-002587,2020-02-13,Marketing,Senior,32,Male,545436,80.0,3.161543296903833,4.030807838823444,48,0,0.0,0
EMP-002588,2018-10-21,Operations,Junior,39,Female,439787,113.0,4.662965671655559,4.887777953320697,28,3,1.0,34
EMP-002589,2016-11-29,Finance,Junior,28,Male,1065679,45.0,1.6544060578340747,1.8029907324601222,6,8,1.0,33
EMP-002590,2021-07-30,IT,,41,Male,1528120,30.0,3.0676418743299587,2.8672693470331905,0,2,1.0,22
EMP-002591,2015-08-17,Finance,Manager,56,Male,811026,2.0,2.6904952385490537,1.4411707153037727,44,5,0.0,18
EMP-002592,2017-11-18,Finance,Senior,58,Male,1840535,64.0,3.764964954915984,3.297673838985845,39,5,1.0,3
EMP-002593,2020-02-07,Sales,Junior,32,Male,877487,32.0,2.658250441069703,3.59807414596002,32,2,0.0,41
EMP-002594,2019-06-21,Operations,Manager,51,Female,467559,95.0,1.2379531580844865,2.9750423305641553,24,9,1.0,27
EMP-002595,2015-03-27,HR,Mid,32,Female,1105726,22.0,3.7837635466499027,36.69802643991983,19,6,1.0,31
EMP-002596,2018-05-16,Operations,Mid,40,Female,1612400,96.0,1.5139600911463007,2.506355278018476,2,8,1.0,3
EMP-002597,2018-12-21,Operations,Junior,41,Female,1046273,68.0,2.563642429755847,4.214896362357824,35,0,1.0,28
EMP-002598,2021-04-05,HR,Lead,32,Female,1051053,,1.2972601811781974,1.4175362879034021,27,9,0.0,31
EMP-002599,2018-12-09,Sales,Mid,47,Male,1514828,94.0,3.3109553130343397,2.2375431837572717,47,9,1.0,2
EMP-002600,2019-12-31,Operations,Senior,33,Male,1207169,16.0,4.016051957915824,4.320350168354387,48,7,0.0,10
EMP-002601,2018-07-14,Operations,Manager,33,Male,515551,10.0,2.319015085687179,4.905078125668506,32,6,0.0,11
EMP-002602,2016-07-11,Sales,Lead,37,Female,1549287,12.0,1.9654884333585754,3.006600053010719,42,9,0.0,30
EMP-002603,2016-03-24,Finance,Lead,40,Male,1532372,100.0,1.4163349508643717,2.5848691048683365,28,6,1.0,38
EMP-002604,2016-04-24,Sales,Lead,37,Male,1539374,34.0,2.1651050506655083,4.168570118649912,23,9,1.0,11
EMP-002605,2015-02-01,HR,Senior,57,Female,1438400,23.0,3.8234141150503516,3.3567925407994186,8,7,1.0,38
EMP-002606,2015-09-28,Sales,Senior,40,Female,1664314,12.0,4.952651806077135,3.664412225453855,1,8,1.0,33
EMP-002607,2017-07-07,Operations,,28,Female,493949,25.0,4.91718566171866,49.667233123064904,23,9,0.0,13
EMP-002608,2016-08-20,Sales,Junior,32,Female,418588,43.0,2.5402237496801363,,7,6,1.0,18
EMP-002609,2021-08-25,HR,Manager,22,Female,1595002,23.0,1.4826711625019326,1.7684744130417238,22,7,0.0,25
EMP-002610,2021-05-30,Sales,Lead,44,Female,391043,69.0,2.986460844189483,3.4605404897684537,37,1,1.0,0
EMP-002611,2015-10-27,Marketing,Senior,26,,1867186,80.0,2.5888861272876897,2.322341860303202,1,4,1.0,20
EMP-002612,2019-09-26,HR,Senior,58,Female,606377,36.0,2.76953135292783,4.9760542040673785,19,2,1.0,45
EMP-002613,2020-09-04,HR,Lead,54,Female,1734211,33.0,4.457264108020958,1.9899049751238747,5,6,0.0,15
EMP-002614,2017-03-07,HR,Junior,35,Male,1900761,114.0,2.4687293126263645,1.1323398008978613,15,8,1.0,33
EMP-002615,2019-04-30,IT,Lead,59,Male,1517561,36.0,3.6887116185657396,1.5478916297214003,34,3,1.0,5
EMP-002616,2020-04-15,IT,Junior,53,Female,1762858,87.0,2.1790435471468204,1.9553986308348517,32,3,0.0,45
EMP-002617,2015-04-15,Marketing,Senior,27,Female,1938875,115.0,1.837349815697848,3.1484269138250194,18,5,1.0,4
EMP-002618,2018-01-22,HR,Mid,24,Female,1031921,54.0,1.281220086443572,4.377672858426268,44,3,1.0,7
EMP-002619,2016-05-23,Sales,Mid,38,Female,781634,5.0,4.040986189140334,1.0338115326706738,47,2,0.0,40
EMP-002620,2019-01-02,HR,Mid,28,Female,1355084,12.0,2.6465794314520825,1.6436403390605743,15,5,0.0,14
EMP-002621,2015-05-21,Finance,Manager,41,Female,1906674,56.0,4.645987555737502,1.5239773773856178,7,4,0.0,13
EMP-002622,2019-08-03,Finance,Junior,59,Male,1951531,96.0,4.690561179694143,2.24147549660154,43,7,0.0,32
EMP-002623,2018-01-03,HR,Lead,54,Female,822109,60.0,1.2357169975049764,1.664807047269961,4,3,0.0,16
EMP-002624,2020-12-14,IT,Junior,46,Female,896648,111.0,2.203214871932036,4.34636868134156,31,3,1.0,16
EMP-002625,2016-02-13,Sales,Manager,35,Male,491982,25.0,4.958024876174914,4.8709914296795915,17,0,0.0,13
EMP-002626,2021-04-12,Marketing,Mid,46,Female,1199864,72.0,3.9857940115385997,4.214724521716582,40,0,0.0,20
EMP-002627,2018-08-10,IT,Senior,58,Male,1207864,90.0,1.5293214699943873,1.820661217141093,21,0,1.0,24
EMP-002628,2019-11-19,Finance,Senior,24,Female,1057666,14.0,2.9270811073780525,1.3450821443641399,19,1,1.0,32
EMP-002629,2016-07-01,HR,Junior,24,Male,393623,37.0,1.558306067203337,4.100377346039516,40,4,1.0,28
EMP-002630,2019-11-01,Operations,Mid,45,Male,1256139,86.0,4.446927241228502,2.6671694816128118,13,2,1.0,20
EMP-002631,2020-12-07,Finance,Lead,35,Female,1530585,85.0,2.9501707724482182,3.1866679677098486,15,9,0.0,23
EMP-002632,2020-06-10,Finance,Senior,57,Female,535680,75.0,2.8652522172421833,2.613118126462483,30,8,1.0,6
EMP-002633,2016-02-22,HR,Lead,41,Female,882780,59.0,3.5979215147992534,1.2996403339747533,29,4,1.0,40
EMP-002634,2019-01-05,Marketing,Manager,40,Male,1233953,36.0,2.0998461117199403,3.2749753548764744,4,3,1.0,11
EMP-002635,2016-04-21,Marketing,Manager,24,Male,400928,105.0,3.357822697905372,4.122530439430154,27,2,0.0,36
EMP-002636,2017-04-11,HR,Mid,41,Male,1645455,108.0,2.8130755038491815,4.021910707086237,47,7,1.0,37
EMP-002637,2020-05-24,Marketing,Junior,49,Male,1203586,81.0,4.357390772314043,,41,8,1.0,43
EMP-002638,2021-05-13,IT,Manager,28,Male,1443095,11.0,1.2851284621182146,2.858178051581335,30,7,1.0,12
EMP-002639,2018-03-25,HR,Senior,45,Male,1892881,78.0,1.0879738431453738,1.2154972032007567,9,-6,0.0,30
EMP-002640,2017-05-29,Marketing,Senior,33,Male,1910112,48.0,4.540662533941298,2.4338652329254717,8,9,1.0,39
EMP-002641,2020-03-18,Marketing,Manager,43,Male,1227683,45.0,2.4125240859436614,3.498275699966226,39,4,0.0,10
EMP-002642,2019-02-18,Finance,Manager,46,Male,1159120,47.0,2.3558098401871495,3.968873469037397,32,1,1.0,22
EMP-002643,2017-10-09,IT,Lead,42,Male,1654456,66.0,2.3481498638223313,4.382538269571798,42,9,1.0,40
EMP-002644,2016-08-22,Marketing,Lead,23,Female,1580572,100.0,2.1801227723977035,4.040922558377679,40,9,0.0,5
EMP-002645,2020-08-13,HR,,22,Male,651482,92.0,4.350477406713848,2.8853539519572444,43,4,0.0,3
EMP-002646,2019-10-18,IT,Lead,26,Female,1782934,30.0,2.7563759244602934,,23,8,0.0,21
EMP-002647,2019-04-04,HR,Manager,59,Female,1093275,14.0,4.6732894699200695,3.619307772082999,6,9,0.0,43
EMP-002648,2015-10-08,Marketing,Manager,32,Female,1685739,91.0,1.8597813139459456,4.28718976508924,33,0,0.0,13
EMP-002649,2016-10-26,Operations,Lead,44,Male,1984265,30.0,4.8220059132268425,1.5473346297737751,16,6,0.0,31
EMP-002650,2016-10-31,Finance,Lead,48,Male,1595640,53.0,2.7737033623285883,4.015184206950618,45,0,,14
EMP-002651,2018-09-19,Finance,Lead,37,Male,893313,75.0,3.7421270850276653,3.5964058822972356,45,5,,43
EMP-002652,2015-09-12,Finance,Senior,51,Female,1861227,53.0,3.678617757622435,1.0217205401960379,15,5,1.0,8
EMP-002653,2019-01-09,Finance,Mid,57,Male,1368731,73.0,2.3755147289744563,2.7194356022086827,45,1,0.0,17
EMP-002654,2015-02-06,HR,Senior,44,Male,583788,8.0,2.5461941074060914,3.133824995075161,42,1,0.0,20
EMP-002655,2019-05-30,IT,Lead,52,Male,467426,84.0,3.9720149499394117,4.280489669707908,21,9,0.0,21
EMP-002656,2020-09-02,Marketing,Mid,22,Male,1180349,76.0,3.148708861137218,2.9150765454173517,16,1,1.0,41
EMP-002657,2016-06-08,Operations,Mid,56,Female,568505,17.0,2.820215386025087,4.506758739573451,33,6,1.0,8
EMP-002658,2017-05-25,Sales,Senior,30,Female,977762,93.0,4.29331714336768,3.0636622829151476,19,3,0.0,28
EMP-002659,2018-10-21,Operations,,42,Male,353860,58.0,2.264977231039781,3.571079358662606,0,4,0.0,4
EMP-002660,2019-06-28,Marketing,Mid,45,Female,1940440,4.0,1.6326494582755324,2.1447945674630544,38,6,0.0,33
EMP-002661,2016-06-28,IT,Lead,22,Male,422804,101.0,2.0305616655347163,3.31641993327215,6,6,1.0,23
EMP-002662,2021-01-22,HR,Manager,29,Male,1475436,36.0,1.2370420535254234,1.3080128573554806,4,8,0.0,9
EMP-002663,2019-09-24,HR,Junior,37,Male,681999,77.0,4.207362263320743,3.487675913766465,41,4,0.0,3
EMP-002664,2019-05-14,Sales,Manager,32,Female,1972477,6.0,1.233322378193967,4.951665647007161,36,2,1.0,20
EMP-002665,2018-06-13,HR,Junior,41,Male,346239,3.0,2.083476922895342,2.2279312874868062,0,6,0.0,22
EMP-002666,2021-07-20,Finance,Mid,52,Female,1762959,55.0,3.1575223498535414,4.938200778384772,39,7,0.0,30
EMP-002667,2016-02-07,Finance,Senior,44,Female,1221485,109.0,3.992885875830415,1.8443886988678488,38,9,0.0,35
EMP-002668,2019-04-18,Operations,Senior,53,Female,955055,,3.10142770931669,2.308099708070327,11,9,1.0,9
EMP-002669,2018-01-20,Finance,Mid,58,,1885736,58.0,1.4233912641902675,2.1438153273428817,36,8,1.0,36
EMP-002670,2020-05-20,Sales,Junior,47,Female,547112,111.0,2.4358337350971624,3.5350884381597996,40,9,1.0,26
EMP-002671,2016-12-31,Sales,,53,Female,884872,53.0,3.5066092249486682,2.279045592430595,41,1,0.0,31
EMP-002672,2020-09-06,Marketing,Mid,45,Female,1848648,,3.7495647355242046,3.8699047723462696,35,3,0.0,0
EMP-002673,2017-05-17,Finance,Lead,22,Female,540480,29.0,2.700185965912805,2.303428008379682,19,7,0.0,11
EMP-002674,2017-04-25,Finance,Manager,34,Female,1004277,68.0,4.737776490700917,4.979254776242174,5,8,0.0,32
EMP-002675,2019-03-21,Operations,Junior,35,Female,537745,90.0,3.4221194344294625,3.0288113753139743,45,4,1.0,24
EMP-002676,2020-01-26,IT,Mid,32,,1342941,43.0,1.4474827004860522,4.231354261209665,2,5,,45
EMP-002677,2018-08-28,HR,Manager,43,Male,1668157,2.0,1.9501163419172691,4.09301869542036,21,1,0.0,26
EMP-002678,2017-02-18,Finance,Lead,35,Male,358371,27.0,4.950591276231019,4.88880116247868,4,2,1.0,6
EMP-002679,2021-08-31,Sales,Manager,45,Male,1466195,4.0,1.4368696579220859,3.4255005523420916,45,6,1.0,34
EMP-002680,2017-06-23,Marketing,Lead,27,Male,965468,19.0,2.392671377530326,3.6320167772182694,33,5,0.0,23
EMP-002681,2020-01-20,Finance,Senior,48,Female,1649569,82.0,1.0554898015345757,1.8638694656001835,39,0,1.0,32
EMP-002682,2017-08-29,Operations,,57,Male,917554,87.0,4.885665525886696,3.5704099390152533,29,5,1.0,30
EMP-002683,2017-09-06,IT,Manager,53,Male,1313437,85.0,1.9804524941643975,2.349985141843252,47,5,1.0,30
EMP-002684,2015-07-20,IT,Manager,30,Male,506124,15.0,4.792901076025342,4.459019470703128,30,7,0.0,33
EMP-002685,2019-01-12,IT,,48,Female,1296610,117.0,2.239245761227931,3.90606694038397,42,1,0.0,21
EMP-002686,2019-04-22,Finance,Lead,25,Male,1311083,49.0,3.965391503048581,2.8445023345871365,39,4,0.0,12
EMP-002687,2020-10-18,Operations,Mid,29,Female,970062,119.0,4.41797192605712,3.637700540204965,15,8,,26
EMP-002688,2021-02-02,HR,Manager,22,Male,1279741,117.0,4.509286168281296,3.2065120563157032,11,5,1.0,44
EMP-002689,2019-08-28,Finance,Junior,26,Female,658313,6.0,2.0275091790134963,4.048338069781227,31,8,0.0,15
EMP-002690,2017-10-14,Sales,Mid,59,Female,1969874,41.0,3.294277762968566,1.5461047043940415,40,9,1.0,1
EMP-002691,2021-07-30,HR,Manager,59,Female,1400275,59.0,2.4245040519595347,1.46946564187814,41,2,0.0,38
EMP-002692,2018-12-19,IT,Junior,42,Male,1774725,1.0,1.7145075586452796,2.604606312473525,17,6,0.0,7
EMP-002693,2021-02-15,Finance,Lead,51,Female,1470901,,4.701237299342555,3.4505238972601457,15,7,0.0,21
EMP-002694,2019-11-13,Finance,Mid,25,Female,898134,119.0,2.674088488666332,4.071068291253199,17,6,0.0,27
EMP-002695,2015-09-13,Sales,Manager,30,Male,1344742,33.0,1.0241923721127368,4.5690128330051,24,3,0.0,10
EMP-002696,2018-12-21,HR,Manager,53,Female,1457822,75.0,3.191191906582867,1.686488320565203,35,7,0.0,18
EMP-002697,2018-01-14,Sales,Lead,46,Female,1283724,59.0,4.929441467965141,1.3401145926844622,1,6,1.0,44
EMP-002698,2016-09-20,IT,Senior,56,Male,1130519,31.0,1.8610040677520825,4.282555017398597,26,0,0.0,35
EMP-002699,2021-05-03,Sales,Lead,26,Male,1420130,,1.098843037330803,2.0263806144625787,18,0,0.0,29
EMP-002700,2015-01-20,Finance,Lead,30,Female,1709632,35.0,2.836942165452603,4.927665785773522,8,2,0.0,37
EMP-002701,2021-09-08,Marketing,Junior,39,,477044,75.0,1.6416499081520968,1.1736323938812587,38,0,0.0,0
EMP-002702,2018-04-02,Sales,Mid,25,Male,1851298,110.0,4.020140351350662,3.861988986182651,39,7,0.0,6
EMP-002703,2020-07-20,Operations,Senior,29,Male,1568644,1.0,4.31911373714421,1.5594476488507412,46,2,1.0,14
EMP-002704,2021-10-19,Operations,Manager,40,Female,578781,72.0,2.306329207546038,4.882783298665831,29,-4,1.0,22
EMP-002705,2015-07-12,HR,Manager,40,Male,1254900,89.0,4.5108793777498555,2.4638040698972876,47,0,0.0,3
EMP-002706,2017-03-18,Operations,Mid,27,Female,1669854,21.0,4.169827477416843,4.112877800455156,17,9,1.0,18
EMP-002707,2016-04-30,Sales,Manager,37,Female,1905199,114.0,1.0893440135169055,4.154335268352974,14,4,1.0,7
EMP-002708,2017-07-03,IT,Lead,24,Male,693642,93.0,1.2842049057344398,4.273305440926547,44,0,1.0,25
EMP-002709,2017-09-03,Finance,Manager,43,Female,1054089,,1.3195454684126986,3.6012398774722754,30,8,0.0,35
EMP-002710,2015-07-17,HR,Lead,51,Female,1315527,1.0,3.7963340712066667,2.885263158037559,25,0,1.0,32
EMP-002711,2020-04-30,HR,Junior,47,Female,722941,36.0,2.2931773725232336,1.929309003099286,6,0,1.0,5
EMP-002712,2021-10-09,Finance,Senior,54,Male,1575460,105.0,3.7818202821946287,2.900615902826237,34,0,1.0,5
EMP-002713,2020-09-05,Sales,Lead,40,Male,1272347,99.0,4.917598372591344,2.8015093950547447,5,6,0.0,33
EMP-002714,2017-06-18,Operations,Junior,51,Female,1828970,4.0,3.6335155137819353,2.516640709871092,4,3,1.0,7
EMP-002715,2019-03-31,Operations,Manager,39,Female,883332,62.0,3.1841685212514665,2.4386529584638823,3,5,0.0,25
EMP-002716,2016-09-09,Operations,Senior,24,Male,752112,105.0,3.117898716903123,2.639925403715008,25,7,1.0,30
EMP-002717,2020-06-01,Finance,Manager,30,Male,499058,60.0,3.440638210466697,2.729214678324362,15,7,0.0,23
EMP-002718,2018-08-15,HR,Lead,32,Female,828885,50.0,1.2338845382440145,3.5061120898360616,40,4,0.0,41
EMP-002719,2016-07-11,IT,Manager,44,Male,1048997,24.0,3.7048173445730823,3.524560992068037,33,-6,0.0,20
EMP-002720,2017-11-25,Finance,Mid,40,Female,411612,93.0,3.099960053088593,,42,4,1.0,36
EMP-002721,2020-05-20,Marketing,Senior,39,Male,1195266,27.0,3.5701706168303473,3.077633246561473,35,4,1.0,29
EMP-002722,2019-08-01,Sales,Manager,23,Male,1458259,,2.4499477676361012,3.7567955519360434,32,8,1.0,14
EMP-002723,2016-10-14,Operations,Lead,23,Female,695158,106.0,4.101540610464433,3.978727788163669,18,5,1.0,6
EMP-002724,2018-11-22,IT,Manager,45,Female,325782,65.0,1.1525015261672484,3.0110322987126628,45,7,1.0,19
EMP-002725,2017-09-06,Operations,Mid,28,Male,980166,77.0,3.9873292991878166,4.536841314676413,2,6,1.0,12
EMP-002726,2018-02-07,Sales,Senior,55,Male,1545593,105.0,4.015986780258553,2.30811651512405,17,6,0.0,5
EMP-002727,2015-03-26,Marketing,Mid,51,Male,1887601,36.0,3.601141731133595,1.4419730345533983,26,1,1.0,44
EMP-002728,2015-08-10,Finance,Mid,59,Female,401622,34.0,2.0881949315090607,3.372851489454847,9,9,0.0,17
EMP-002729,2016-01-26,Marketing,Senior,52,Male,1678717,88.0,2.920084268593408,2.609755803663082,14,2,0.0,4
EMP-002730,2020-08-13,Marketing,,34,Male,536322,16.0,1.2929068589539274,3.284340991834916,37,5,0.0,17
EMP-002731,2019-08-31,Finance,Mid,39,Female,378677,116.0,4.125271254512839,1.8721962480707655,22,0,1.0,28
EMP-002732,2017-09-26,Sales,Manager,59,Male,1762598,108.0,1.2370919875031916,3.4467174914792422,46,6,0.0,38
EMP-002733,2021-09-19,Marketing,Lead,49,Male,1408713,11.0,4.12190993207874,3.689321676022504,33,7,1.0,23
EMP-002734,2021-07-07,Finance,Mid,43,Male,687346,46.0,1.3714650361642926,3.0661050552516564,14,8,0.0,23
EMP-002735,2018-01-28,Finance,Senior,41,Male,1245582,10.0,1.159715813731978,1.679354621493311,7,8,0.0,47
EMP-002736,2015-11-11,Sales,Manager,31,Female,1219116,116.0,2.4098998363806734,4.319578452691042,26,0,0.0,27
EMP-002737,2015-06-20,IT,Junior,52,,1400399,74.0,4.592965669704695,1.7205926096927446,22,7,1.0,27
EMP-002738,2017-12-20,Sales,Senior,55,Male,1292245,110.0,4.413935797832824,2.5921557290507304,33,4,0.0,13
EMP-002739,2021-10-17,Sales,Lead,59,Male,1915929,49.0,2.2287367426439126,2.5538204568500484,27,6,0.0,36
EMP-002740,2018-10-10,Sales,Mid,23,Female,1170708,94.0,1.5398117644652811,1.458863609597461,6,1,0.0,40
EMP-002741,2018-05-06,Finance,Junior,37,Male,559486,44.0,4.461132602474297,2.4365902113382756,20,6,0.0,41
EMP-002742,2015-10-10,IT,Junior,45,Female,617713,94.0,3.4742830100518636,1.5235111606541243,31,6,0.0,42
EMP-002743,2019-02-23,Operations,Manager,36,Male,1971456,64.0,4.9352510054317555,1.210450712625315,38,4,0.0,31
EMP-002744,2020-09-30,IT,Senior,46,Female,856417,95.0,2.7251267136750648,4.2887048909914265,19,1,1.0,25
EMP-002745,2015-09-27,Marketing,Junior,53,,476039,,2.545116872922109,1.2155078242147783,5,7,1.0,5
EMP-002746,2018-12-22,Marketing,Senior,23,Female,978830,7.0,2.0748283286859026,,3,9,0.0,39
EMP-002747,2019-08-16,IT,Junior,37,Male,1078308,83.0,1.1144236594592516,1.3422750758250541,0,1,1.0,1
EMP-002748,2015-10-24,IT,Mid,43,Female,1823136,46.0,1.0743059773257397,4.639114327729525,31,9,1.0,23
EMP-002749,2016-06-06,Operations,Lead,58,Female,691631,12.0,1.8602178948042907,4.790866125911135,0,8,0.0,7
EMP-002750,2019-08-24,Operations,Lead,40,Male,1567032,63.0,4.295804493320295,3.7444121493459326,48,6,0.0,3
EMP-002751,2018-10-27,HR,Junior,35,Male,1947540,74.0,3.897788059914377,2.830294958937206,32,4,,6
EMP-002752,2021-05-12,Marketing,,36,Male,949657,81.0,2.919820766690369,3.137595939502317,2,3,1.0,7
EMP-002753,2017-01-02,IT,Senior,43,Female,1164142,45.0,3.4612102406235294,2.356684391389,28,2,1.0,44
EMP-002754,2021-09-17,IT,Manager,49,Male,1108153,32.0,1.3322736518813398,3.4446642350064987,44,9,0.0,20
EMP-002755,2016-06-14,Marketing,Mid,48,Female,585370,110.0,1.3966734610778624,2.782439117180695,15,1,0.0,10
EMP-002756,2019-10-18,IT,Junior,27,Male,1312358,26.0,1.5932909369786281,1.1824546533556912,44,6,1.0,12
EMP-002757,2020-07-24,Operations,Junior,55,Female,1680419,118.0,1.8296956586757385,1.5291883175281775,5,1,0.0,6
EMP-002758,2015-07-16,Marketing,Lead,50,Female,483846,94.0,1.9790082281973436,,23,7,0.0,5
EMP-002759,2015-08-17,HR,Mid,58,Male,888958,77.0,3.5218519813564324,3.3114597963068393,8,5,0.0,2
EMP-002760,2016-04-09,Finance,Lead,49,Male,1857005,87.0,4.917060468783287,2.952911931367586,20,4,1.0,45
EMP-002761,2015-01-16,HR,Junior,37,Female,708080,55.0,4.699200025315266,3.9986266356940496,7,6,0.0,39
EMP-002762,2020-02-07,Sales,Manager,22,Female,1307829,97.0,4.342285659893325,1.901667642860318,32,6,0.0,14
EMP-002763,2019-09-14,Finance,Manager,55,Female,1936524,53.0,1.4960570239577873,3.9757449279508124,16,6,0.0,47
EMP-002764,2017-03-13,Marketing,Mid,43,Female,818902,112.0,4.744300482084179,3.0823505873594823,2,9,1.0,15
EMP-002765,2017-04-10,Sales,Manager,29,Female,1713102,33.0,1.3283289653028816,1.1683949025723095,23,3,,20
EMP-002766,2016-06-27,IT,Senior,43,Male,882896,19.0,1.2165571671988857,1.0538149296659736,1,0,0.0,12
EMP-002767,2015-08-02,Operations,Senior,34,Male,1264919,62.0,2.128376012427935,4.907797913989738,26,3,1.0,16
EMP-002768,2017-09-08,IT,Lead,52,Male,633338,91.0,1.7232726860826597,1.705501929360624,23,3,1.0,9
EMP-002769,2015-08-08,Marketing,Senior,22,Female,428323,76.0,3.0325671695475918,3.3704677556528506,48,0,0.0,35
EMP-002770,2020-08-04,HR,Junior,25,Female,1039750,40.0,4.4142680486223735,3.7744913476878263,17,1,0.0,32
EMP-002771,2019-05-01,IT,Junior,46,Male,795747,4.0,1.6282800370368093,4.939850594732407,40,5,1.0,33
EMP-002772,2017-12-01,Sales,Junior,42,Female,1527223,16.0,2.2238295659140266,3.4954293052681082,9,1,1.0,41
EMP-002773,2015-10-21,Sales,Lead,42,Male,1558590,24.0,3.8755111022374042,3.886891567747703,10,0,0.0,31
EMP-002774,2021-09-06,Sales,Mid,31,Female,1637373,78.0,4.189505847418822,1.4852221109772183,23,1,0.0,10
EMP-002775,2018-12-26,IT,Manager,38,,1835006,114.0,4.793153951867549,1.3633447174105204,45,2,0.0,12
EMP-002776,2019-09-15,IT,Junior,31,Female,525067,114.0,1.906957797377033,4.279447822485407,16,7,0.0,41
EMP-002777,2017-01-20,Marketing,Senior,28,Female,1046177,63.0,1.7056318641913513,4.328478263423281,46,0,1.0,17
EMP-002778,2017-09-21,Finance,Mid,33,Male,471954,35.0,3.5188041454174983,2.0029637300794874,41,0,1.0,14
EMP-002779,2020-10-01,Sales,Senior,34,Male,928650,33.0,1.6582902742484111,2.9506314401948597,47,6,1.0,39
EMP-002780,2018-09-04,IT,Senior,44,Male,1085607,7.0,3.246475795738588,3.126586183836868,45,3,1.0,18
EMP-002781,2019-07-02,Finance,Junior,48,Male,929298,77.0,3.1226418709511012,2.4463461453999757,6,9,1.0,6
EMP-002782,2016-08-22,Marketing,Junior,40,Female,1782198,85.0,4.35627885639677,2.5143920124716432,8,0,1.0,3
EMP-002783,2017-06-18,Finance,Manager,30,Female,1882412,88.0,2.0987130671603493,3.072053416779757,48,4,1.0,43
EMP-002784,2017-04-25,Operations,Junior,39,Female,1181351,15.0,1.6325032163204254,2.5544047477666236,20,1,0.0,31
EMP-002785,2015-03-28,Sales,Senior,43,Male,505662,4.0,3.6055459354711816,2.0420233553661835,42,0,1.0,21
EMP-002786,2015-12-05,Finance,Senior,25,Female,1302026,104.0,3.0198255380885732,3.9289144743594178,26,5,1.0,10
EMP-002787,2021-03-25,Operations,Manager,22,Male,1025799,103.0,4.3022286184269145,3.0328657591311248,6,9,1.0,22
EMP-002788,2018-07-10,Marketing,Senior,38,Male,1851779,86.0,1.4758312246439638,4.113371194390416,14,5,1.0,16
EMP-002789,2021-05-06,Marketing,Junior,36,Male,991141,104.0,1.1757404920009504,4.1678318720658005,3,0,0.0,4
EMP-002790,2017-02-15,Operations,Manager,55,Male,651104,108.0,4.30623887242445,4.335281622054133,27,8,0.0,16
EMP-002791,2017-10-02,Marketing,Senior,24,Female,532387,42.0,1.8820869655285177,4.572449308203221,13,-5,0.0,14
EMP-002792,2015-03-03,Marketing,Junior,29,Female,1111517,43.0,2.952160668793474,4.399558490751561,25,4,0.0,7
EMP-002793,2018-05-20,Finance,Mid,56,Male,1854104,6.0,3.163587956170697,2.564525952460104,25,2,0.0,28
EMP-002794,2020-11-01,Finance,Lead,24,Female,1860397,28.0,2.5538345549174606,4.446005881242221,12,4,1.0,27
EMP-002795,2018-10-25,Finance,Lead,52,Female,1035413,24.0,3.2488469592388087,4.097635843403476,30,3,1.0,40
EMP-002796,2021-10-27,Operations,Manager,52,Male,834661,15.0,2.924643026073737,4.87217043674299,7,5,1.0,8
EMP-002797,2020-07-17,Sales,Senior,39,Female,300190,,3.8814720259124824,1.7419804911998948,35,0,1.0,18
EMP-002798,2019-03-26,HR,Lead,23,Male,1387993,43.0,4.3976190407649565,3.7354123295228523,34,7,1.0,11
EMP-002799,2017-01-15,Finance,Manager,55,Female,428650,98.0,1.4289323460395509,4.0196053400880825,30,7,0.0,4
EMP-002800,2021-10-11,HR,Manager,36,Female,1085473,109.0,2.5327816932535536,1.5685291779672732,37,4,,26
EMP-002801,2016-10-04,IT,Manager,48,Female,973088,39.0,3.7444319769060144,2.5725139090446523,38,5,0.0,38
EMP-002802,2016-08-26,Marketing,Junior,36,Male,938962,33.0,4.303288992749069,2.0381029995636752,21,9,1.0,14
EMP-002803,2016-07-19,Sales,Senior,45,Male,1162165,,2.280592730481562,2.539848166732695,32,9,0.0,28
EMP-002804,2019-12-14,IT,Senior,50,Male,372042,19.0,2.960158333007936,2.369677621041745,22,7,1.0,33
EMP-002805,2021-07-14,Operations,Mid,49,Male,1052687,78.0,3.6087120688593517,3.2366850247524037,44,7,1.0,29
EMP-002806,2018-09-13,Sales,Senior,32,Female,1319798,88.0,1.5457864740517944,,7,4,0.0,31
EMP-002807,2018-01-01,Operations,Manager,23,Female,855504,,2.3010376690170338,3.2598409538569237,40,9,1.0,31
EMP-002808,2015-09-29,Sales,Mid,54,Female,1683331,90.0,1.8977587087877072,3.2433008013518796,15,0,1.0,38
EMP-002809,2017-02-04,Sales,Manager,56,Male,1447795,85.0,4.276214210655569,1.5893050956573913,8,7,1.0,10
EMP-002810,2021-06-09,Finance,Manager,28,Male,411963,7.0,3.8994011303437577,4.861562716520966,43,6,0.0,35
EMP-002811,2019-02-15,Operations,Lead,28,Male,1737158,39.0,1.3408439140841097,3.4726953995746945,22,2,0.0,2
EMP-002812,2016-09-12,IT,Manager,26,Female,723445,10.0,4.363890242103325,4.841517778436945,3,3,0.0,3
EMP-002813,2019-02-20,IT,Lead,42,,584338,100.0,3.6054895413066252,4.351446219365012,39,2,1.0,17
EMP-002814,2018-06-28,IT,Junior,26,Female,1906641,26.0,2.900718446288543,2.158022995995172,18,0,0.0,3
EMP-002815,2016-02-25,HR,Manager,55,Male,590175,21.0,4.96795844030544,2.6521168181799624,39,9,0.0,11
EMP-002816,2020-06-14,HR,Senior,37,Female,1809977,89.0,2.7637585114585996,3.2579254776023974,26,2,0.0,43
EMP-002817,2017-05-06,Marketing,Manager,26,,1779499,104.0,3.4806117299062524,3.050168323099625,47,5,1.0,35
EMP-002818,2015-04-27,Marketing,Manager,44,Female,1702966,22.0,2.014859422835025,4.301538540197449,37,0,1.0,25
EMP-002819,2020-11-20,Marketing,Lead,32,Female,1488958,96.0,1.4892770017294676,2.628949174042627,6,3,0.0,45
EMP-002820,2021-08-29,Finance,Lead,24,Male,1343126,38.0,3.1742615079892413,1.9777907292023782,9,7,1.0,24
EMP-002821,2017-01-01,Sales,Lead,29,Male,624787,108.0,3.9589722954461006,2.6438349240285888,13,6,1.0,22
EMP-002822,2015-11-13,Marketing,Junior,22,Male,757118,70.0,2.1454754757168297,1.5611982934022692,2,6,1.0,35
EMP-002823,2020-08-22,IT,Mid,53,Male,480504,106.0,4.293854630228811,4.536678378662453,5,3,1.0,0
EMP-002824,2020-08-26,HR,Mid,37,,926290,12.0,2.6527869477846013,1.5252414022901806,40,-9,,46
EMP-002825,2020-10-14,IT,Lead,28,Female,607097,77.0,3.0944618871297034,1.595459199072006,9,3,,40
EMP-002826,2016-06-27,Sales,Manager,41,Female,480216,33.0,3.1790200430919033,,44,0,,43
EMP-002827,2020-02-08,Finance,Mid,28,Female,1741787,70.0,1.0975563862143152,1.4327103392041174,4,9,0.0,0
EMP-002828,2018-11-01,IT,Senior,27,Female,1679983,98.0,1.2187078378005616,1.6192336360971487,34,7,1.0,23
EMP-002829,2020-09-19,HR,Junior,43,Female,1026713,87.0,4.833177312507413,1.8748833749950142,29,2,0.0,28
EMP-002830,2015-04-27,Finance,Lead,29,Female,348655,,4.72691825213967,3.345080522816372,30,6,0.0,17
EMP-002831,2021-10-24,HR,Senior,48,Female,837755,109.0,4.670008829556007,1.3767374357298103,43,4,1.0,44
EMP-002832,2018-10-23,Operations,Lead,34,Male,390945,100.0,3.6927986503009875,1.6878814828750968,30,4,0.0,20
EMP-002833,2019-07-22,HR,Lead,37,Male,1964986,25.0,1.8392048741417817,2.6004601491103716,11,-6,0.0,18
EMP-002834,2018-12-24,Sales,Mid,43,Female,1223487,53.0,4.494571267732008,3.308577917874695,37,3,1.0,27
EMP-002835,2019-08-06,Finance,Mid,54,Male,580975,98.0,4.688107519220312,2.5097327297350067,46,6,0.0,28
EMP-002836,2015-01-29,Sales,Senior,40,Male,664257,57.0,4.870196643011404,1.9336167669730653,10,0,1.0,22
EMP-002837,2016-06-23,Sales,Lead,55,Female,1657543,52.0,1.1228272203632592,3.8630541598485038,3,4,,5
EMP-002838,2019-12-12,HR,Junior,42,Female,920476,111.0,4.565782097634204,3.6329941316367758,29,6,1.0,30
EMP-002839,2019-05-11,Sales,Junior,50,Female,1319867,102.0,4.058812547861759,2.4431234927985703,8,3,0.0,15
EMP-002840,2019-09-05,Sales,Mid,50,Male,896659,43.0,3.8800194757909447,4.753216555028849,41,5,1.0,39
EMP-002841,2018-08-09,HR,Lead,27,Female,1485394,102.0,2.00169453226207,,43,7,0.0,34
EMP-002842,2020-03-11,IT,Mid,26,Female,841464,113.0,3.2189172847250065,1.4947961089769444,29,0,1.0,38
EMP-002843,2018-09-08,Operations,Junior,24,Male,960693,90.0,2.1643023580939937,1.9746414437334816,12,8,1.0,3
EMP-002844,2020-02-07,Sales,Lead,58,Male,1484209,22.0,3.3422534605941117,2.6712732988403163,16,2,0.0,42
EMP-002845,2018-06-11,IT,Lead,44,Male,1585140,35.0,3.934494081521038,1.0931335658547798,45,6,1.0,5
EMP-002846,2017-03-16,HR,Junior,37,Male,879547,73.0,4.142086509371888,3.515919063065483,37,8,0.0,19
EMP-002847,2018-10-15,Finance,Senior,42,Male,1766287,54.0,1.9248266814773456,4.518985625571734,42,2,1.0,31
EMP-002848,2018-06-09,Finance,Senior,35,Male,420860,84.0,2.336128546265444,3.3692695551584615,13,0,1.0,16
EMP-002849,2021-07-29,Marketing,Senior,51,Female,1207949,38.0,2.3287689922658106,1.6485443098011219,31,7,0.0,25
EMP-002850,2021-04-10,Marketing,Junior,40,Female,1407769,97.0,2.811791174103819,1.251052720661547,13,3,0.0,44
EMP-002851,2016-04-03,IT,Manager,56,Male,1996928,103.0,4.931186960640308,3.4968212516272246,34,1,0.0,11
EMP-002852,2016-04-26,HR,Lead,51,,1384171,66.0,2.9197095233165595,4.444085868958814,32,1,0.0,27
EMP-002853,2019-07-14,Marketing,Lead,37,Male,1089349,97.0,3.3506187003927472,4.7622913443257175,43,8,1.0,17
EMP-002854,2018-08-25,Operations,Junior,31,Male,598273,78.0,2.3221576293207495,1.8116589959811917,14,1,0.0,5
EMP-002855,2016-09-25,Marketing,Lead,56,Female,1257308,103.0,2.5193075439257235,4.5256377064932884,9,4,0.0,24
EMP-002856,2021-09-12,Finance,Senior,47,Female,457653,81.0,3.4095116872553715,2.2755868143588103,17,8,1.0,47
EMP-002857,2015-07-06,Operations,Senior,30,Female,819150,28.0,2.98717445555921,4.421747033295365,18,9,1.0,20
EMP-002858,2015-12-13,Operations,Junior,59,Male,1924223,20.0,3.9087091569871615,,46,2,0.0,1
EMP-002859,2015-10-17,IT,Lead,46,Male,1817082,5.0,2.7726432646699926,1.766785812767735,48,2,1.0,0
EMP-002860,2015-10-26,Sales,Mid,42,Female,1863321,5.0,2.3686093130636237,,45,2,0.0,20
EMP-002861,2015-07-26,IT,Junior,44,Male,1966442,36.0,2.3601637916314515,2.2333047802169887,43,3,1.0,22
EMP-002862,2019-02-22,Operations, Senior ,24,Female,812012,72.0,4.998146245975929,3.6260051549981966,14,0,1.0,34
EMP-002863,2015-03-18,IT,Mid,32,Female,846344,46.0,2.9954455806542186,1.7211771409054228,19,4,1.0,24
EMP-002864,2019-12-11,HR,Junior,59,Male,1760798,111.0,2.7746496606355633,2.2557304602744788,26,4,0.0,44
EMP-002865,2018-09-02,Marketing,Junior,56,Female,547578,30.0,3.867202646948251,2.507023040853433,24,2,0.0,39
EMP-002866,2020-06-09,Sales,Mid,48,Female,501655,106.0,2.408455627778569,1.1351429444463057,7,0,1.0,22
EMP-002867,2019-07-14,Operations,Junior,25,Female,1865424,77.0,2.2279210039347537,4.127899125056675,24,3,1.0,0
EMP-002868,2017-10-02,Marketing,Mid,52,Female,1221473,13.0,2.6283190610416782,1.167062892505942,29,5,1.0,37
EMP-002869,2015-04-30,HR,Junior,41,Male,642790,8.0,4.434729637043935,1.228503343840372,36,8,0.0,29
EMP-002870,2015-01-15,IT,Senior,36,Female,1907565,45.0,2.3602429921878794,4.189714175897614,3,1,1.0,10
EMP-002871,2021-04-15,Operations,Mid,44,Male,452485,79.0,2.575157123139016,3.833273398210292,17,1,0.0,0
EMP-002872,2015-12-03,HR,Mid,57,Male,1732616,97.0,4.6863627704625515,2.336786325480573,31,2,1.0,0
EMP-002873,2021-01-22,HR,Manager,39,Male,1705155,38.0,2.1671892490697084,3.906213826353257,25,3,0.0,30
EMP-002874,2018-05-16,HR,Senior,290,Female,1631219,117.0,2.604778231898791,4.267129093179131,39,7,1.0,47
EMP-002875,2020-12-09,Operations,Lead,26,Female,1749956,32.0,2.2749938043884232,2.352674125688405,49,7,0.0,18
EMP-002876,2021-04-02,Operations,Junior,39,Male,1486666,10.0,4.400024014055129,2.8474970843043437,24,0,1.0,5
EMP-002877,2021-02-11,IT,Junior,22,Male,1340420,52.0,2.3283259874309064,3.6045606355857065,47,8,1.0,15
EMP-002878,2018-04-14,IT,Lead,460,Female,1906018,87.0,2.1621389393594317,2.593540888878781,42,8,1.0,44
EMP-002879,2021-11-05,HR,Manager,39,Female,484674,76.0,1.4376487347879454,1.6706369877021934,21,1,0.0,16
EMP-002880,2016-09-01,Marketing,Mid,46,Female,989302,21.0,3.815245321259009,4.101010501439612,28,1,1.0,10
EMP-002881,2015-02-01,Sales,Junior,49,Male,740935,110.0,2.0495178239833374,1.21065141750688,16,0,1.0,47
EMP-002882,2020-12-18,Finance,Manager,58,Female,773891,47.0,4.195968174587627,4.327855009208926,8,4,0.0,14
EMP-002883,2015-04-27,Finance,Junior,52,Female,823446,111.0,4.639354322242476,4.253990299191226,16,1,0.0,36
EMP-002884,2016-01-21,Sales,Senior,46,Male,1657834,15.0,1.6959940166794962,3.3219334875327298,0,0,1.0,25
EMP-002885,2015-10-18,Marketing,Lead,39,Female,742310,76.0,2.359805069965242,,44,4,0.0,7
EMP-002886,2015-09-18,HR,Senior,50,Male,1694797,8.0,1.742983771405918,4.341836004699928,27,4,0.0,22
EMP-002887,2021-08-16,HR,Manager,58,Female,1573158,21.0,2.669989086675121,2.743948821866969,14,1,1.0,40
EMP-002888,2019-07-06,Marketing,Lead,30,Female,1065830,108.0,1.9574916816447763,1.7750091599567979,49,1,1.0,26
EMP-002889,2018-03-18,Finance,Manager,27,Male,810192,119.0,4.878559495526997,3.8321559077103386,31,4,0.0,25
EMP-002890,2018-05-16,IT,Lead,57,,1425723,18.0,4.470506693973908,3.866166294104715,28,7,1.0,34
EMP-002891,2015-04-29,HR,,45,Male,1185005,89.0,3.6565351192942974,3.268953717982398,36,9,1.0,20
EMP-002892,2015-10-14,Operations,Lead,36,Female,1782291,117.0,1.545842910449116,1.8728152060230259,11,4,1.0,26
EMP-002893,2018-12-16,IT,Senior,25,Female,794270,107.0,3.76936548429408,2.2381493810104156,28,4,1.0,10
EMP-002894,2021-06-18,HR,Senior,44,Male,760117,100.0,3.665667849333385,3.05192561603048,26,1,1.0,46
EMP-002895,2021-07-05,Marketing,Junior,27,Male,1509284,26.0,3.198692312175807,10.31868741274003,5,0,0.0,10
EMP-002896,2021-10-19,Sales,Lead,43,Female,567063,111.0,4.176395993887544,2.7176279465891597,16,1,0.0,15
EMP-002897,2021-08-26,Operations,Mid,23,Male,402352,69.0,4.956132792966655,3.394440876705853,36,6,1.0,30
EMP-002898,2019-11-24,Marketing,Manager,52,Male,957379,46.0,1.3765291743040025,4.565901579151857,10,5,1.0,16
EMP-002899,2016-09-05,HR,Manager,43,Male,1164958,,2.110829098639103,3.6711105666467234,44,1,0.0,15
EMP-002900,2016-10-08,Finance,Senior,51,Male,1689296,76.0,3.3711100284299658,2.6119679959105238,10,5,0.0,46
EMP-002901,2016-04-16,HR,Mid,56,Male,315753,57.0,2.7233620814452193,3.04472418823703,43,6,1.0,17
EMP-002902,2018-09-30,Sales,Lead,45,Male,985187,57.0,3.449814594912511,4.26799847373943,40,9,0.0,28
EMP-002903,2020-02-24,IT,Manager,48,Male,1801839,45.0,3.8734440703245197,3.918621328104649,9,4,0.0,7
EMP-002904,2019-12-12,HR,Lead,34,Female,1460322,7.0,2.4744116138484653,2.7086323226290996,26,8,0.0,3
EMP-002905,2016-01-31,Sales,Lead,24,Male,1551995,62.0,3.5573259297929094,4.640409759291218,32,4,0.0,1
EMP-002906,2016-03-21,Sales,Junior,57,Female,949366,63.0,2.3371554668603474,1.6425698393857284,2,4,0.0,35
EMP-002907,2018-03-28,Finance,Senior,26,Female,774004,57.0,4.651643029309216,1.6046440229466183,40,9,1.0,21
EMP-002908,2015-12-31,Operations,Junior,39,Female,1072555,77.0,2.714302580976142,1.6794957024438535,9,3,1.0,32
EMP-002909,2017-07-10,IT,Manager,25,Female,378393,84.0,1.4120331172229883,4.025170585584384,29,8,0.0,6
EMP-002910,2020-10-30,IT,Manager,24,Male,1556580,92.0,2.233317810609243,4.848478515071358,0,5,0.0,22
EMP-002911,2015-08-21,Finance,Junior,310,,1464441,26.0,3.7645997849153763,4.265539859600399,31,5,0.0,5
EMP-002912,2016-07-27,Marketing,Manager,34,Male,1335924,115.0,4.440077698572743,1.350193736110409,38,3,0.0,46
EMP-002913,2020-10-14,Sales,Junior,40,Male,400927,56.0,2.7547936071271706,1.9307311435291838,26,4,1.0,45
EMP-002914,2020-08-23,Marketing,Senior,51,Female,460232,57.0,1.234646300645692,2.7169978862478357,1,9,0.0,26
EMP-002915,2021-06-19,Marketing,Senior,27,Male,457757,13.0,3.438330494325551,1.404702336731725,41,9,1.0,2
EMP-002916,2017-07-09,Sales,Manager,39,Female,1168260,78.0,1.027040372489148,2.826783456604247,37,5,1.0,38
EMP-002917,2015-04-17,Finance,Senior,51,Female,1342793,15.0,1.0625477173134086,2.948950296996353,10,7,1.0,22
EMP-002918,2016-07-05,Operations,Senior,47,Male,1708954,95.0,3.6379302635332293,3.453650296653602,34,8,1.0,33
EMP-002919,2021-06-16,IT,Junior,340,Female,713990,102.0,4.699109306176678,1.6947386979184573,30,0,1.0,8
EMP-002920,2018-09-30,Sales,Senior,36,Female,1858268,4.0,2.9613133653660078,3.1916024730990236,46,0,0.0,20
EMP-002921,2021-09-29,Operations,Mid,55,Female,1139550,94.0,4.264760773386705,2.585759570951663,30,8,1.0,21
EMP-002922,2019-11-05,IT,Manager,24,Female,680337,109.0,4.7315177828278525,1.0983784899133835,25,6,0.0,20
EMP-002923,2018-09-22,Operations,Manager,51,Male,509532,12.0,1.5121382277183955,3.9663958374355213,6,4,0.0,5
EMP-002924,2015-09-08,Sales,Manager,32,Male,1694557,82.0,3.4131483451901357,2.176111514793949,23,5,1.0,45
EMP-002925,2015-06-25,HR,Lead,26,Female,952922,12.0,1.900456058775862,4.540446420100964,43,6,0.0,1
EMP-002926,2017-09-08,HR,Junior,47,Male,1809632,14.0,1.7864945175380624,1.4932485494617298,19,1,1.0,7
EMP-002927,2021-07-10,HR,Junior,24,Female,797471,53.0,2.088957155820604,1.0252253978750914,49,9,0.0,1
EMP-002928,2020-06-28,IT,Mid,23,Male,1500198,97.0,1.3104948756297685,3.7807247907644936,0,5,1.0,22
EMP-002929,2018-12-09,Sales,Manager,58,Male,509647,94.0,1.6831716166640724,3.4887960105093776,8,0,1.0,47
EMP-002930,2021-04-10,Marketing,,24,Female,809304,83.0,4.292647263781209,4.882630930727679,10,7,0.0,45
EMP-002931,2017-10-22,HR,Lead,47,,1331361,57.0,2.0015365109835956,2.614396802013166,19,0,1.0,43
EMP-002932,2017-09-20,Operations,Junior,53,Male,1682881,102.0,2.0403923744268355,1.9870816864104888,13,5,1.0,19
EMP-002933,2019-08-11,Operations,Mid,59,Female,1040534,13.0,3.4166162182858764,1.5474456299166182,13,8,1.0,34
EMP-002934,2019-12-21,Operations,Senior,34,Male,995404,74.0,3.329096896628721,3.1022917477101672,1,1,1.0,35
EMP-002935,2021-03-28,Marketing,Manager,37,Female,1987394,76.0,1.3506273694143998,4.352116998576095,46,0,1.0,5
EMP-002936,2018-08-09,IT,Manager,37,Female,1297528,100.0,2.300961263140184,1.6187562823243984,21,6,1.0,43
EMP-002937,2021-09-09,Finance,Senior,48,Male,490857,9.0,4.892061783292221,3.018403325404178,17,4,1.0,14
EMP-002938,2017-10-22,Sales,Junior,30,Male,986009,68.0,1.7702753335684207,1.076957814779926,37,2,1.0,15
EMP-002939,2016-06-03,Finance,Junior,50,Female,706487,115.0,2.0591085080614477,3.837484222572665,48,0,1.0,27
EMP-002940,2018-05-23,IT,Senior,47,Female,1486421,116.0,1.4944317996649814,2.9056701050807483,4,3,0.0,24
EMP-002941,2019-07-26,HR,Lead,40,Female,764506,66.0,4.49106411706363,2.9967328580181265,40,4,0.0,36
EMP-002942,2016-12-22,IT,Mid,50,Female,1589830,24.0,2.0565459014384095,3.559366103607788,13,3,1.0,18
EMP-002943,2020-02-23,IT,,33,Male,523570,44.0,4.5027814444562795,3.2955543487658114,9,1,1.0,21
EMP-002944,2016-07-23,Marketing,Junior,29,Female,1286107,101.0,4.217980948893797,4.396792867865766,39,9,,20
EMP-002945,2017-07-04,Operations,Lead,50,Male,378616,58.0,3.284634346612496,1.4796741849332022,36,1,1.0,44
EMP-002946,2019-07-15,Sales,Manager,31,Female,1461631,23.0,3.6941556691981354,1.9901494188671465,9,0,1.0,4
EMP-002947,2018-12-13,Sales,Senior,28,Male,1659930,52.0,3.9453169957693386,1.5728681827840703,11,9,0.0,31
EMP-002948,2017-06-17,Marketing,Junior,27,Female,1040301,92.0,3.784742458779661,4.472237828254084,42,1,1.0,34
EMP-002949,2020-08-24,Marketing,Mid,35,Male,1841182,,3.4284494969169512,2.1311762869178836,0,6,1.0,23
EMP-002950,2017-09-19,IT,Junior,53,Female,1585013,83.0,3.5400563522184876,4.898928481420397,21,4,0.0,33
EMP-002951,2015-02-25,Sales,Junior,58,Female,859542,74.0,1.1288858843926035,3.7297367446490735,37,6,1.0,18
EMP-002952,2021-03-11,Finance,Manager,29,Female,1908688,25.0,3.2064960952413495,1.750571057581881,32,3,1.0,5
EMP-002953,2015-04-02,Marketing,Manager,27,Female,1662476,104.0,2.7964224928603834,1.467697245992298,42,5,1.0,9
EMP-002954,2015-12-19,Marketing,Mid,40,Male,1503862,111.0,1.5362287752529586,1.0363313765645294,46,9,1.0,18
EMP-002955,2018-08-19,HR,Lead,42,Male,1132621,100.0,4.114441604737436,2.599251815256104,2,8,0.0,32
EMP-002956,2018-04-28,Operations,Senior,40,Female,933191,94.0,4.7736707672835665,2.817796290692874,39,2,1.0,19
EMP-002957,2018-12-31,Sales,Junior,27,Female,770102,34.0,3.510441242590486,2.313020436532269,36,4,0.0,40
EMP-002958,2018-09-01,IT,Lead,49,Female,619578,95.0,4.370240211051494,,10,1,1.0,24
EMP-002959,2019-10-22,Marketing,Mid,37,Male,1576270,97.0,2.060485976966044,1.0615355837612412,19,1,0.0,31
EMP-002960,2020-08-26,Operations,Junior,35,Male,372748,94.0,4.865483196158559,2.6383636766475793,17,4,0.0,28
EMP-002961,2019-01-09,Operations,Junior,41,Male,431874,46.0,4.838665810948214,4.674008648259679,36,1,,1
EMP-002962,2021-06-17,Operations,Junior,34,Male,1528341,109.0,3.7653783617130623,4.275337076326787,19,3,0.0,39
EMP-002963,2016-06-17,Marketing,Manager,52,Male,954774,20.0,2.3440550604326926,2.275972748086116,44,7,0.0,21
EMP-002964,2020-02-20,Finance,Lead,28,Male,1545821,109.0,3.6050928133174427,4.000356171281654,33,2,1.0,36
EMP-002965,2019-10-19,Operations,Junior,30,Male,728414,91.0,3.620205562580492,3.126397386705631,43,2,1.0,1
EMP-002966,2019-12-21,IT,Mid,36,Female,1934781,106.0,2.7797410914346643,4.140986139157894,14,7,1.0,15
EMP-002967,2021-01-23,Finance,Senior,30,Male,835568,12.0,3.5291545449012713,1.5612000596880753,46,7,0.0,36
EMP-002968,2018-03-28,Marketing,Manager,25,Female,1787914,65.0,3.0385478093998457,2.575137817085952,32,7,0.0,29
EMP-002969,2020-05-04,Sales,Mid,38,Female,1527340,20.0,2.53389004155902,3.5100083091937337,29,5,1.0,42
EMP-002970,2016-01-13,Sales,Junior,43,Female,1947209,100.0,3.5109811805727724,4.499868740415805,8,9,1.0,24
EMP-002971,2020-11-18,Operations,Manager,57,Male,1070618,16.0,4.21899467489037,2.9628271806249504,6,4,1.0,30
EMP-002972,2018-04-06,Marketing,Mid,43,Male,1296132,103.0,3.1170856683469066,2.9395078078340977,25,6,0.0,36
EMP-002973,2017-02-19,Marketing,Junior,59,Female,604642,100.0,4.049529914834579,1.0584834144456852,0,3,,35
EMP-002974,2020-07-06,Marketing,Senior,28,Female,822145,107.0,4.304191087630865,4.374766324772088,44,6,0.0,13
EMP-002975,2015-07-07,Finance,Mid,23,Male,1049683,15.0,1.6861970896692053,4.791280208814229,42,4,1.0,22
EMP-002976,2015-03-12,Operations,Mid,40,Male,628930,80.0,4.178931842978569,3.4442096425087283,35,9,1.0,32
EMP-002977,2020-10-20,Finance,Lead,51,Male,574591,41.0,3.8783655145342135,4.559975138696894,35,2,1.0,0
EMP-002978,2018-02-06,Operations,Senior,30,Female,1533145,103.0,1.7465666650021276,1.4628395232977494,36,3,0.0,15
EMP-002979,2015-12-26,Finance,Senior,43,Male,617977,92.0,1.060521417516744,4.900423552002696,39,0,1.0,22
EMP-002980,2021-07-19,HR,Manager,39,Male,339226,72.0,2.8988377443030733,3.046497729657385,13,0,1.0,41
EMP-002981,2021-05-27,HR,Manager,52,Male,1589910,60.0,1.543342296570842,1.309623223734984,20,6,1.0,46
EMP-002982,2017-11-30,Finance,Mid,42,Male,1617648,79.0,3.2539593248678846,2.1568972361124588,41,4,1.0,5
EMP-002983,2018-05-19,Finance,Manager,53,Male,993016,96.0,4.53743206796298,3.732557349707877,3,8,1.0,35
EMP-002984,2016-02-15,Sales,Lead,23,Female,620442,75.0,2.424316177831883,1.3034039907585186,6,8,1.0,8
EMP-002985,2015-11-07,Marketing,Mid,31,Male,1926300,99.0,1.5790784057002578,3.2362921657587687,46,9,1.0,40
EMP-002986,2016-03-21,Operations,Manager,38,Male,716778,43.0,4.313675663121243,3.0673296046097023,38,4,0.0,44
EMP-002987,2016-10-31,HR,Lead,35,Female,799154,100.0,4.525501667970175,2.16939582342888,25,1,1.0,39
EMP-002988,2019-07-26,Operations,Mid,39,Female,1693435,,4.737244794608869,4.754617904411003,45,3,1.0,29
EMP-002989,2021-07-22,Sales,Senior,49,Male,593646,1.0,1.6860505453216819,2.1178270243211035,3,1,1.0,19
EMP-002990,2021-01-24,Finance,Senior,40,Male,1885530,21.0,1.3294022570177177,3.6418834319323206,47,2,1.0,26
EMP-002991,2021-01-28,Operations,Junior,26,Female,465091,100.0,1.8733900548059088,1.8590092295454386,24,5,1.0,29
EMP-002992,2018-08-18,Sales,Senior,38,Female,1259463,4.0,3.319216827533764,4.397422677750674,12,9,0.0,31
EMP-002993,2015-08-12,Operations,Manager,31,,1019179,,2.070411987266873,3.4225827800634403,22,4,1.0,5
EMP-002994,2020-06-18,Sales,Senior,52,Female,1994728,17.0,3.0427343068128927,4.095511810263892,42,0,,3
EMP-002995,2021-08-29,Sales,Lead,54,Male,950879,116.0,4.18052845562716,2.1390110457391,8,7,1.0,23
EMP-002996,2020-07-14,IT,Senior,52,Female,1189228,103.0,1.3538276740678912,1.3899657989923542,27,2,0.0,42
EMP-002997,2021-05-09,Finance,,51,Male,699424,92.0,3.7549398598832284,1.1378391004211643,41,1,1.0,32
EMP-002998,2017-01-07,Marketing,Lead,56,Female,1055460,30.0,2.0884417851982215,2.6988345309261494,15,5,0.0,4
EMP-002999,2020-11-01,Finance,Manager,53,Male,636661,,1.8602192252721963,3.445034708036291,9,8,0.0,1
EMP-003000,2015-09-05,Finance,Junior,30,Female,1147786,51.0,2.8733572324381296,3.0656753280186426,39,4,0.0,46
EMP-003001,2019-03-26,Operations,Lead,47,Female,906766,58.0,4.174405651721286,3.8388396382938974,10,0,1.0,2
EMP-003002,2016-02-14,Sales,Senior,49,Female,1396572,79.0,1.758962814961576,3.7065547319293457,31,1,0.0,39
EMP-003003,2020-11-26,Finance,Lead,44,Male,349167,23.0,3.2768979971809893,1.240094712127712,43,8,0.0,30
EMP-003004,2019-12-05,Marketing,Mid,37,Male,1735535,107.0,2.0976932294399924,4.693683057129114,35,5,1.0,28
EMP-003005,2020-06-12,IT,Manager,42,Male,1991329,113.0,1.5076381461189436,1.2000532629033658,40,7,1.0,37
EMP-003006,2020-04-21,Sales,Manager,47,Female,1774422,102.0,1.9103057335881806,1.8358558957442632,45,2,0.0,33
EMP-003007,2017-11-14,Marketing,Manager,33,Male,1875409,81.0,1.679646267603336,3.2482785084489643,15,5,1.0,16
EMP-003008,2016-12-16,Marketing,Lead,40,Female,1456616,20.0,4.803796643892126,1.2634732074325958,47,3,0.0,2
EMP-003009,2016-02-22,HR,Manager,45,Male,1979033,67.0,3.062217787691584,1.893950367135691,33,2,1.0,39
EMP-003010,2016-12-13,Finance,Manager,41,Male,1747237,1.0,3.6501671834949994,2.0053396430961192,48,1,0.0,8
EMP-003011,2019-09-06,Finance,Mid,49,Female,1298754,111.0,4.759476179774004,1.8351353942434216,8,9,0.0,3
EMP-003012,2015-05-03,Marketing,Mid,55,Female,1526810,42.0,4.9187228204688385,2.1064941879542576,31,9,1.0,25
EMP-003013,2017-12-15,Marketing,Mid,54,Male,322782,10.0,2.923175568774358,4.988366838058935,31,2,1.0,20
EMP-003014,2017-12-30,Sales,Senior,36,Female,1376469,77.0,4.871772510370599,1.4063817653357202,23,8,1.0,19
EMP-003015,2021-05-19,Operations,Mid,23,,1342079,53.0,3.060038426160538,4.097678146947409,7,9,1.0,1
EMP-003016,2018-01-20,Marketing,Manager,54,Female,1241199,50.0,3.5177352152222916,2.825409887987084,49,8,1.0,15
EMP-003017,2018-09-04,Operations,Mid,24,Male,1468228,46.0,1.8190363299914258,2.181159663546471,26,5,0.0,19
EMP-003018,2021-08-15,Marketing,Junior,31,Male,1030871,10.0,4.859692414026988,4.167162777124534,3,3,1.0,38
EMP-003019,2015-03-21,Sales,Lead,47,Male,1484552,103.0,2.339297381408237,2.9765401106627896,18,3,1.0,34
EMP-003020,2017-03-27,Operations,Manager,31,Male,1880582,87.0,3.708469304197646,4.172338375023389,21,4,1.0,46
EMP-003021,2017-06-11,HR,Manager,58,Male,1033913,45.0,3.521151726820343,1.490224569870974,0,8,0.0,41
EMP-003022,2017-08-17,Operations,Junior,22,Male,1887274,110.0,3.423982678687019,,2,9,0.0,46
EMP-003023,2015-03-20,Sales,Lead,26,Female,1742151,60.0,4.05652064476519,1.6201789949302507,44,7,0.0,29
EMP-003024,2015-02-20,Sales,Senior,30,Male,1081394,77.0,2.4185158647069187,3.999504186831714,14,6,1.0,23
EMP-003025,2018-12-14,IT,Junior,44,Male,1415050,16.0,2.086714920849406,4.208833400232373,4,2,1.0,0
EMP-003026,2017-09-19,HR,Mid,50,Female,1413162,56.0,3.3695414126546837,2.0062330561375505,18,8,1.0,44
EMP-003027,2017-04-16,Operations,Senior,52,Female,1391818,95.0,1.9192619823749957,2.100197606290175,10,3,0.0,42
EMP-003028,2015-11-10,IT,Mid,54,Female,1340724,73.0,4.881557768878087,4.817894875286456,32,0,1.0,26
EMP-003029,2015-05-14,HR,Junior,37,Female,450965,56.0,2.079292583585959,2.4213041902946553,29,8,0.0,1
EMP-003030,2015-12-03,IT,Lead,29,Male,1070065,3.0,2.177843331845634,3.4205454886165834,5,9,0.0,42
EMP-003031,2016-12-12,Sales,,40,Male,697735,84.0,3.0665156816019743,3.853604543776078,38,1,1.0,20
EMP-003032,2020-12-31,Finance,Lead,30,Male,1653682,48.0,3.4019023973230182,1.3815924631683907,13,6,0.0,39
EMP-003033,2018-12-22,IT,Senior,28,Female,1475991,21.0,3.6637741309387652,1.7597404551107818,35,8,1.0,39
EMP-003034,2020-08-04,Sales,Lead,52,Female,558038,102.0,1.3475917179155665,4.049705434936463,35,5,1.0,43
EMP-003035,2015-12-07,Sales,Manager,23,Male,1501159,11.0,2.623763537752799,3.4390816543075733,24,6,0.0,44
EMP-003036,2021-10-26,Sales,Senior,58,Male,1765374,29.0,3.202691263194438,,40,5,0.0,18
EMP-003037,2016-01-08,Operations,Junior,28,Female,1051034,90.0,1.7027394828725684,1.1064583577296516,32,7,1.0,3
EMP-003038,2015-10-02,Sales,Junior,39,Male,1873518,19.0,4.639652144849928,4.935311372526428,45,1,1.0,5
EMP-003039,2018-08-16,IT,Mid,45,Male,1786323,56.0,2.323322991506812,4.004848097733135,25,7,1.0,13
EMP-003040,2016-02-14,Marketing,Senior,34,Male,1834948,78.0,4.033850622461495,4.428410883902194,28,3,1.0,21
EMP-003041,2019-05-03,IT,Senior,31,Female,615524,63.0,2.2336702539822424,2.8396626556400735,4,4,0.0,40
EMP-003042,2015-05-14,IT,Senior,27,Male,664046,7.0,1.3338755341875643,4.66093225521538,43,7,1.0,8
EMP-003043,2018-02-22,Finance,Mid,31,Male,1747114,117.0,4.476953121606489,3.2777446279196862,35,2,0.0,37
EMP-003044,2015-08-18,Sales,Lead,58,Female,955661,75.0,2.3663877925479944,2.4050781911963823,6,1,0.0,31
EMP-003045,2016-07-28,Marketing,Mid,42,Female,1964848,97.0,4.455721275737175,3.9817917414559223,20,2,0.0,39
EMP-003046,2017-07-23,Operations,Senior,42,Male,1698945,31.0,4.595252616833628,2.3277552954392706,31,3,0.0,30
EMP-003047,2017-12-29,Operations,Junior,52,Female,1826266,13.0,1.9639811867350803,2.1514723579493986,27,5,0.0,35
EMP-003048,2017-04-10,IT,Manager,44,Female,1787317,93.0,1.067039261137087,2.7035634982124015,24,0,0.0,19
EMP-003049,2017-10-19,Sales,Lead,50,Female,1856924,68.0,1.0585181342652534,3.36080251396367,30,5,0.0,30
EMP-003050,2015-09-04,Operations,Manager,43,Male,1097068,80.0,2.8678135199150394,3.5273327234704874,14,4,0.0,24
EMP-003051,2019-05-15,Finance,Mid,22,Male,421830,59.0,4.0846463427901725,2.0152696562422907,13,9,1.0,6
EMP-003052,2018-11-22,Marketing,Manager,44,Female,649860,74.0,1.8871304159162179,2.7604085856055955,24,2,,36
EMP-003053,2020-05-28,Finance,Senior,57,Female,468633,42.0,3.304402669638165,4.5490440665481024,40,7,0.0,7
EMP-003054,2016-08-31,Sales,Mid,40,Male,1183015,67.0,2.625868739028867,1.5392978845238692,11,6,,40
EMP-003055,2020-06-30,IT,Lead,47,Female,1053733,11.0,3.961791744558595,3.2314189091906114,16,3,1.0,41
EMP-003056,2015-12-24,IT,Junior,34,Male,441432,60.0,4.977676641524999,4.63811373334196,23,0,0.0,42
EMP-003057,2017-10-12,Operations,Lead,26,Male,505910,104.0,1.6833085682329503,3.7844264863413124,0,3,1.0,25
EMP-003058,2017-03-22,Marketing,Lead,42,Male,1637222,45.0,3.0853112109074474,1.775731467937061,4,1,0.0,13
EMP-003059,2017-01-20,Sales,Junior,27,Male,1703573,93.0,4.859786852757484,3.354213383701944,39,7,1.0,6
EMP-003060,2020-04-20,Sales,Mid,58,Female,1891398,38.0,4.486788687072419,1.3912172423161127,14,7,1.0,44
EMP-003061,2015-07-16,Finance,,41,Male,567196,94.0,2.79254654661385,2.936896174667903,15,1,1.0,25
EMP-003062,2021-01-13,Sales,Mid,55,Female,1818534,83.0,3.980398498253528,3.2820950734989616,7,0,1.0,8
EMP-003063,2015-03-12,Finance,Manager,22,Female,1212557,34.0,1.3077552033259447,3.6504155525465793,40,7,0.0,2
EMP-003064,2019-09-27,Sales,Senior,52,Female,1563257,84.0,4.1985077636516355,4.746077400217282,11,9,1.0,25
EMP-003065,2019-08-27,Finance,Manager,58,Female,1050264,74.0,4.529748192206437,3.6817797786609163,39,9,0.0,5
EMP-003066,2015-11-09,IT,Junior,30,Male,1119537,29.0,4.007638551383602,1.7132720765625202,21,0,1.0,18
EMP-003067,2019-01-22,Finance,Manager,49,Male,327307,64.0,4.971860699996311,3.533443614399881,31,4,1.0,12
EMP-003068,2019-08-14,Marketing,Mid,54,Male,1430549,15.0,4.523289897111669,2.0217150164020943,40,0,0.0,6
EMP-003069,2018-09-29,Operations,Senior,42,Male,1031605,12.0,2.2067521250157944,2.523778334342452,42,5,1.0,32
EMP-003070,2020-10-17,HR,Senior,45,Male,955234,72.0,1.018370714761038,3.0279912984685575,3,7,1.0,34
EMP-003071,2020-02-10,Operations,Lead,37,Male,875945,17.0,2.6326496967243287,3.9238806996418094,12,9,0.0,17
EMP-003072,2015-12-21,HR,Lead,48,Male,374293,30.0,4.79765379518771,4.013918405345671,32,1,1.0,25
EMP-003073,2021-01-14,IT,senior,53,Male,908953,22.0,4.414608890894458,3.818018976594649,17,0,0.0,4
EMP-003074,2019-06-19,Marketing,Mid,23,Female,1682718,46.0,2.5360811680005937,2.3553988408735305,0,3,0.0,38
EMP-003075,2019-03-05,Operations,Manager,47,Female,965777,49.0,1.9470891365091245,4.2384950887573405,18,6,1.0,24
EMP-003076,2018-01-23,Operations,Mid,45,Male,370868,96.0,1.8143508573496727,1.9488583616741098,11,9,1.0,30
EMP-003077,2019-12-10,IT,Senior,36,Male,463241,5.0,2.5134962635240297,4.084345780391785,23,1,0.0,29
EMP-003078,2016-06-05,Operations,Junior,34,Male,598840,39.0,1.9460866254753162,2.397756578037213,20,3,1.0,25
EMP-003079,2018-10-14,Finance,Junior,48,Male,1253857,31.0,2.209161451793701,3.4086867079679575,11,8,0.0,10
EMP-003080,2015-05-31,Marketing,Junior,41,Female,1035350,77.0,4.838433856900162,3.816257151909251,41,2,1.0,26
EMP-003081,2017-01-27,Operations,Junior,35,Female,1133493,48.0,4.175759357268017,2.0673240398758357,43,3,1.0,9
EMP-003082,2017-08-22,Finance,Manager,26,Male,777833,45.0,3.203131804401344,2.8990674193549033,40,6,1.0,46
EMP-003083,2015-03-17,Sales,Lead,44,Male,1063051,18.0,4.854059680244843,2.860308811454357,8,8,1.0,4
EMP-003084,2019-11-23,HR,Lead,51,Male,1340273,49.0,1.8196994373246116,3.0659267144967894,20,4,1.0,32
EMP-003085,2019-07-20,IT,Mid,34,Male,1476211,37.0,1.2936732685525407,4.51685993952524,2,3,0.0,45
EMP-003086,2021-08-30,HR,Manager,28,Male,1480214,85.0,1.0937023210130468,1.5814914448969324,33,3,0.0,6
EMP-003087,2018-05-01,Finance,Lead,38,Female,700543,104.0,2.3112542245171177,4.782019021669107,27,9,0.0,26
EMP-003088,2021-10-05,Operations,Lead,45,Male,1531576,,3.6292415487120664,1.9582238605256568,23,5,1.0,11
EMP-003089,2017-04-04,Operations,Lead,43,Male,684494,111.0,3.1094624599774305,3.3449059390016114,38,9,0.0,37
EMP-003090,2015-01-31,Operations,Senior,36,Female,993130,72.0,2.7356132098885064,1.478654532195303,9,5,0.0,5
EMP-003091,2015-10-19,Marketing,Senior,47,Female,1102298,88.0,2.2134767377625524,2.0764284189035673,7,2,0.0,36
EMP-003092,2019-05-13,HR,Junior,54,Male,424422,64.0,1.1268880334150317,3.3772860391819166,23,6,1.0,7
EMP-003093,2018-12-19,Marketing,Junior,35,Male,1855948,52.0,2.359910937244915,3.9964512877832408,20,4,0.0,22
EMP-003094,2015-05-09,Sales,Manager,41,Male,1092426,64.0,2.628277835306525,2.107597648990273,2,7,1.0,16
EMP-003095,2016-07-13,Operations,Junior,27,Male,1375678,24.0,3.678866220315438,4.277005645546945,34,2,1.0,16
EMP-003096,2017-12-14,Operations,Junior,45,Female,1774264,40.0,3.4907005583645883,1.338318587463776,10,4,0.0,33
EMP-003097,2017-02-07,Finance,Manager,27,Female,1806576,95.0,2.053478328326716,2.2056590367615523,27,2,1.0,23
EMP-003098,2018-12-31,Sales,Junior,37,Male,392614,40.0,4.5966565291854025,2.7435961713925416,24,0,1.0,13
EMP-003099,2016-11-16,IT,Lead,32,Female,538512,87.0,2.899260383820146,3.6150377081469807,36,6,1.0,28
EMP-003100,2016-07-10,Operations,Senior,42,Female,588725,35.0,2.1863529221177473,2.451908129613906,20,1,0.0,9
EMP-003101,2015-12-13,Sales,Mid,37,Male,1973279,76.0,3.9411439649039983,3.922952767221504,22,1,1.0,6
EMP-003102,2017-09-18,Marketing,Mid,22,Male,1712958,52.0,4.100449337699675,3.584223898278891,12,0,1.0,36
EMP-003103,2016-03-23,HR,Junior,34,Male,1280909,12.0,4.433683842964951,1.1936539612046442,39,6,0.0,14
EMP-003104,2020-03-06,IT,Senior,30,Male,886368,104.0,4.473543271611554,4.045602917347159,5,3,1.0,17
EMP-003105,2019-07-11,Sales,Lead,43,Male,464724,41.0,1.2599685006085628,2.6411605917575303,25,3,0.0,42
EMP-003106,2019-06-10,Sales,Lead,22,,1813763,51.0,3.933541592557917,4.386321342580203,7,7,1.0,17
EMP-003107,2016-09-10,Sales,,58,Male,1041943,107.0,4.70439693476869,1.7413524065460089,21,2,0.0,18
EMP-003108,2021-05-18,HR,Junior,33,Female,687467,61.0,1.945669815731149,1.1591461523990878,10,3,0.0,3
EMP-003109,2021-04-13,Marketing,Senior,39,Female,570895,6.0,1.9843048963716265,3.0076213854517695,15,9,0.0,11
EMP-003110,2015-06-02,Operations,Mid,56,Female,1393210,80.0,2.275630297328392,4.4457879637224185,39,5,0.0,26
EMP-003111,2020-02-04,Sales,Manager,47,Male,1285915,23.0,4.315429980635285,1.9335866765679737,39,3,1.0,0
EMP-003112,2018-07-30,HR,Mid,34,Female,863790,84.0,4.550614298185717,1.4492985128301776,4,8,1.0,21
EMP-003113,2016-03-06,IT,Lead,27,Male,1015175,46.0,3.758031461579941,1.5094509872452813,4,6,1.0,8
EMP-003114,2017-11-01,Marketing,Mid,31,Female,489262,58.0,1.493286142226486,1.7577568091758082,14,8,1.0,0
EMP-003115,2016-03-22,IT,Lead,27,Male,1647257,14.0,2.769578025515461,1.0685257865288116,27,1,0.0,10
EMP-003116,2020-03-29,Operations,Senior,31,Female,1854920,27.0,4.245184643360934,3.0625184763780906,44,8,0.0,26
EMP-003117,2015-08-23,HR,Senior,40,Male,674880,89.0,3.1252769407049272,3.529653105922565,35,6,0.0,10
EMP-003118,2019-10-29,HR,Manager,59,Female,823531,,3.4302829472155376,4.627440251574038,2,0,,6
EMP-003119,2019-01-21,Operations,Manager,56,Male,1565520,117.0,1.2772325792639827,2.946276039808431,34,1,1.0,31
EMP-003120,2018-12-15,Finance,Senior,24,Female,1947365,44.0,3.2281152881205806,2.8604490113352394,39,4,1.0,47
EMP-003121,2020-09-22,Operations,Senior,57,Male,426901,76.0,2.682296760862279,4.259036591472199,4,3,1.0,10
EMP-003122,2021-09-29,IT,Lead,38,Male,404297,85.0,4.450633110097385,4.98147154326473,33,3,1.0,45
EMP-003123,2019-09-04,IT,Lead,55,Female,326698,111.0,1.773335659867421,4.1516452947666,9,4,1.0,20
EMP-003124,2015-01-27,HR,Manager,55,Female,1001618,16.0,3.4090318532305774,4.736392296144286,30,7,1.0,36
EMP-003125,2020-03-29,Finance,Senior,36,Female,1102899,10.0,3.3910895802437695,2.824539751212169,32,2,0.0,37
EMP-003126,2018-04-23,Finance,Manager,44,Male,725080,23.0,1.144250841236412,1.1811312456604268,35,0,1.0,18
EMP-003127,2015-11-10,IT,Manager,22,Female,1795720,104.0,4.649219145151967,4.780410981625047,42,6,1.0,10
EMP-003128,2019-09-28,Sales,,22,Male,1596077,2.0,2.003666088506503,3.2929034997087157,23,2,1.0,24
EMP-003129,2018-06-16,Operations,Junior,27,Male,927275,56.0,4.2823878055482245,2.3895559443359895,6,4,0.0,42
EMP-003130,2016-01-05,Finance,Lead,47,Male,1144211,110.0,2.2597540858998486,4.491241660301233,38,4,0.0,18
EMP-003131,2020-09-20,Sales,Junior,24,Female,840950,86.0,2.1619581782443698,1.112378941933394,31,4,,26
EMP-003132,2016-07-15,IT,Senior,44,Female,893670,110.0,4.979642294807938,1.9067645541005107,14,7,1.0,12
EMP-003133,2019-08-08,Operations,Junior,36,Male,1650932,71.0,1.6783776811094624,1.8433132211958903,36,5,0.0,2
EMP-003134,2018-03-23,Finance,Senior,45,Male,1297179,76.0,1.217892752874052,3.9519702504195893,47,5,0.0,24
EMP-003135,2020-12-26,Finance,Junior,51,Female,890651,62.0,3.77806856419109,3.1825032054194846,2,1,0.0,3
EMP-003136,2017-11-27,Sales,Mid,46,Male,491341,83.0,2.136459232588463,4.211581093191217,24,1,1.0,33
EMP-003137,2016-10-13,IT,Mid,22,Male,777717,57.0,4.002242272196629,2.371174621666429,48,6,1.0,24
EMP-003138,2021-09-26,Marketing,Lead,42,Female,424921,39.0,1.991816021758833,1.8605967253304074,20,2,1.0,31
EMP-003139,2018-12-26,Marketing,Manager,22,,1652208,99.0,2.6581619042877693,,41,6,1.0,22
EMP-003140,2020-05-25,Sales,Senior,27,Male,900931,13.0,3.179431006039106,2.7488137684239744,23,5,1.0,12
EMP-003141,2018-08-29,Sales,Mid,34,Male,632649,74.0,1.8933446674381664,4.695957258628333,26,5,0.0,19
EMP-003142,2016-01-25,Operations,Junior,44,Male,373812,43.0,3.2002959239100677,4.855302776813504,16,8,1.0,29
EMP-003143,2021-10-10,Sales,Mid,54,Male,1548017,50.0,1.6856238707197164,2.649136245444261,30,6,0.0,10
EMP-003144,2020-07-07,Marketing,Lead,49,Male,1978733,20.0,3.1186494532110296,3.6931581138697847,44,1,0.0,34
EMP-003145,2015-08-27,Sales,Junior,57,Male,680891,62.0,4.705284401555623,4.503924801599018,2,9,0.0,13
EMP-003146,2017-01-17,Sales,Mid,48,Female,945959,27.0,3.2797318573367336,1.6143886708713566,27,2,0.0,34
EMP-003147,2019-03-24,HR,Mid,35,Male,1562239,,3.179226268385905,4.394632604796493,34,8,1.0,22
EMP-003148,2018-09-21,Operations,Senior,31,Male,959792,2.0,4.404965490249145,3.6283186199503366,43,4,0.0,8
EMP-003149,2016-07-19,HR,,54,Female,476981,90.0,4.418966598116928,4.575443901616749,1,1,0.0,41
EMP-003150,2018-04-14,Sales,Manager,22,Male,413996,117.0,4.62026175061154,1.4404103757748317,45,9,0.0,18
EMP-003151,2021-09-07,Finance,Manager,53,Female,1469908,23.0,1.938318268281563,4.339492748776521,47,9,0.0,47
EMP-003152,2021-05-29,IT,Manager,37,Female,1662139,109.0,1.5618472756518966,2.033835089109997,16,7,0.0,6
EMP-003153,2020-03-07,Operations,Lead,52,Female,783949,83.0,1.3548193419515653,4.887661622155271,27,0,1.0,25
EMP-003154,2015-06-13,IT,Junior,52,Female,1147233,91.0,3.585904296482778,2.292188931622962,15,7,1.0,19
EMP-003155,2016-08-11,Operations,,38,Male,971890,41.0,1.9864612873341208,3.8902745578168525,25,1,1.0,14
EMP-003156,2021-01-28,Marketing,Mid,25,Male,1167890,72.0,3.063214380698339,4.03616049965369,42,2,0.0,2
EMP-003157,2019-01-25,HR,Lead,27,Female,1062475,117.0,3.834631425681485,1.666519166500727,44,1,0.0,2
EMP-003158,2015-04-28,HR,Junior,34,Female,590788,82.0,2.8793897913170725,3.5091108266790383,37,2,0.0,23
EMP-003159,2015-04-03,Sales,Senior,25,Male,1754586,5.0,1.5896443269279437,,20,8,1.0,21
EMP-003160,2021-04-28,Finance,Lead,47,Female,995111,6.0,3.7100993352717553,3.88674377230741,26,1,1.0,3
EMP-003161,2018-03-15,Finance,Manager,35,Female,1368989,,4.323603114218387,4.890784784292577,2,6,0.0,12
EMP-003162,2019-03-29,Operations,Senior,24,Female,439169,22.0,1.0470795394949604,3.5745966744346704,15,4,0.0,21
EMP-003163,2015-12-09,Sales,Junior,31,Male,1104936,34.0,4.943654205435697,1.2494125901062292,14,9,1.0,36
EMP-003164,2017-04-21,Finance,Lead,43,Male,320881,113.0,3.306489856601568,1.7934176010485872,35,7,0.0,7
EMP-003165,2021-08-06,Finance,Mid,52,Male,742155,114.0,2.498416472879547,2.351165190834492,45,-7,0.0,16
EMP-003166,2018-08-29,IT,Junior,44,Male,315230,90.0,3.295845968649601,2.4298240356726226,10,4,1.0,22
EMP-003167,2017-03-15,Operations,Junior,29,Male,504241,108.0,2.337682397984496,4.097589383710936,10,5,0.0,36
EMP-003168,2016-05-02,HR,Mid,28,Male,1229619,107.0,1.2625176485335317,2.151418741090349,10,2,0.0,2
EMP-003169,2015-01-08,Sales,Lead,40,Female,408517,45.0,4.247063328365806,3.124052688658681,33,5,0.0,17
EMP-003170,2019-01-24,Marketing,Junior,22,,1393638,6.0,1.6753043603684707,4.995938501787652,49,5,0.0,4
EMP-003171,2019-02-19,Operations,Mid,55,Male,1038186,30.0,4.419457154113783,3.453431509601996,32,9,,0
EMP-003172,2019-01-02,Marketing,Mid,45,Male,1264272,85.0,1.3981880108209483,1.058113795727095,19,5,0.0,43
EMP-003173,2021-02-03,HR,Senior,46,Male,1464853,21.0,2.7033955176285613,2.345374981949141,23,0,0.0,35
EMP-003174,2020-09-28,Finance,Lead,40,Female,1539784,110.0,1.7956421592727048,3.1427215845239234,35,4,0.0,33
EMP-003175,2018-06-19,Marketing,Mid,59,Male,1661921,2.0,3.0896393990292412,4.393314729828207,17,8,,35
EMP-003176,2021-06-28,HR,Junior,30,Male,304711,58.0,4.924844041114612,3.336193280321346,48,0,0.0,24
EMP-003177,2017-01-19,IT,Lead,46,Male,775921,12.0,2.2358339993847904,3.8436683927805415,21,3,1.0,28
EMP-003178,2017-05-03,Marketing,Manager,26,Male,1875287,49.0,4.39844173585862,1.5059018692524981,31,3,0.0,32
EMP-003179,2016-11-11,Marketing,Junior,51,Male,764764,115.0,4.055067298980956,,3,8,0.0,44
EMP-003180,2019-05-08,Finance,Junior,27,Male,1744960,61.0,2.9331689436301684,2.4690439386074674,20,5,0.0,17
EMP-003181,2015-06-02,Operations,Senior,54,Male,697422,54.0,3.0807719928735278,2.286289550746297,29,1,1.0,20
EMP-003182,2021-04-03,Finance,Lead,29,Male,464546,45.0,4.617373448094883,1.8163270167772114,23,1,0.0,25
EMP-003183,2015-10-05,Marketing,Lead,32,Male,760228,64.0,4.754087460197487,2.2567106523678397,40,8,,30
EMP-003184,2018-07-04,Finance,Manager,47,Female,612712,26.0,3.115400254403186,1.1991520340226884,14,8,0.0,20
EMP-003185,2020-07-09,HR,Lead,38,Female,1447386,32.0,2.658578113331992,2.296084655929687,30,3,1.0,45
EMP-003186,2019-05-14,Sales,Mid,26,Male,1102833,64.0,2.757036788260795,3.3826765441867512,47,5,0.0,30
EMP-003187,2018-05-27,Marketing,Manager,54,Male,1696435,57.0,2.458442140999152,1.5954180747244724,5,9,0.0,40
EMP-003188,2015-05-10,Marketing,Junior,28,Male,1564612,92.0,4.285452643275954,4.02928609365375,27,5,1.0,0
EMP-003189,2020-03-25,Sales,Manager,49,Male,1286624,,4.518527665330332,2.323978269533582,38,3,0.0,14
EMP-003190,2021-06-05,Operations,Junior,46,Male,322442,4.0,1.9061829494871958,4.5552534478904985,29,1,0.0,31
EMP-003191,2020-01-26,Marketing,Mid,57,Male,755230,72.0,4.66230187609453,4.661556373104213,42,6,1.0,18
EMP-003192,2016-09-29,HR,Lead,34,Female,822474,112.0,4.289310939313719,4.859053029576009,1,1,0.0,47
EMP-003193,2020-06-16,Finance,Manager,46,,1133187,97.0,4.891779697310527,3.4062092284559986,10,2,1.0,16
EMP-003194,2017-03-30,Sales,Manager,40,Male,425791,53.0,4.77705022385547,3.8570909431152085,6,6,0.0,25
EMP-003195,2021-04-11,Finance,Manager,51,Male,1279566,28.0,4.196022421472227,3.941567479818174,10,3,1.0,35
EMP-003196,2019-01-26,Finance,Mid,270,Male,1636649,22.0,2.1627856156520924,2.719548379389997,16,3,1.0,28
EMP-003197,2019-11-05,Finance,Senior,57,Female,1587968,,1.3524574453469644,4.436868058863215,30,2,0.0,31
EMP-003198,2020-05-18,HR,Junior,57,Male,1234730,89.0,4.992048193628603,3.81985294174924,26,6,1.0,6
EMP-003199,2017-03-11,Sales,Manager,36,,1642455,17.0,4.415345013802272,,4,6,1.0,40
EMP-003200,2015-11-30,Finance,Lead,47,Male,661877,47.0,3.9603455952451916,4.264396437222221,11,0,0.0,5
EMP-003201,2021-09-05,HR,Manager,37,Female,1947773,50.0,4.972641175063586,3.4843556943763128,23,5,0.0,30
EMP-003202,2021-05-19,Marketing,Senior,26,Male,1560239,42.0,3.5091024628101914,1.955300177047885,26,4,1.0,22
EMP-003203,2018-09-10,Operations,Manager,39,Male,1964606,97.0,4.687843125434705,4.844886752384761,40,1,0.0,37
EMP-003204,2017-01-30,IT,Junior,56,Male,1422530,88.0,3.149015118574414,3.757972511351246,7,1,1.0,9
EMP-003205,2015-08-27,Finance,Manager,59,Female,1031626,80.0,4.918737046905006,2.8602116279823946,48,4,0.0,13
EMP-003206,2019-09-13,Operations,Manager,37,Female,1095134,97.0,1.1116350842277853,3.334357529168485,39,5,0.0,16
EMP-003207,2019-09-29,IT,Junior,35,Female,1916362,118.0,2.3607738992871097,2.5592536095069023,13,9,0.0,40
EMP-003208,2015-01-28,HR,Mid,48,Male,1837237,55.0,1.2392296172105879,3.2622675673251393,0,7,1.0,32
EMP-003209,2015-07-30,Operations,,22,,1350227,8.0,2.415969100937806,1.959693009367618,5,2,1.0,1
EMP-003210,2018-07-12,Sales,Lead,53,Female,1180488,46.0,3.750880816963945,1.9083223788294408,21,9,0.0,38
EMP-003211,2020-12-12,Sales,Lead,57,Male,1297598,8.0,2.8978348027352747,2.511087923324321,21,1,0.0,15
EMP-003212,2021-10-14,Marketing,Lead,54,Female,485221,116.0,4.494526293959893,2.1369382261849488,7,7,1.0,45
EMP-003213,2020-05-21,IT,Senior,24,Female,832712,102.0,3.8830913140418937,4.528864631143355,1,3,1.0,24
EMP-003214,2020-03-28,HR,Lead,54,Female,841461,52.0,2.517206483481023,4.419820442584939,46,0,0.0,12
EMP-003215,2016-05-16,Finance,Senior,24,Female,776223,23.0,3.485766523797705,1.1847431898730956,33,2,1.0,29
EMP-003216,2021-01-09,Sales,Mid,33,Female,1786363,79.0,4.716560107102481,1.1047419057978942,16,0,0.0,18
EMP-003217,2020-10-16,Sales,Mid,42,Male,733379,42.0,4.9283597566095585,1.4200708445944095,14,9,1.0,42
EMP-003218,2017-12-02,Marketing,Lead,59,Male,407591,119.0,2.4827192881684694,1.2859557363884382,42,3,0.0,41
EMP-003219,2017-04-27,Marketing,Senior,27,Female,764869,25.0,2.532778168268646,3.2658568432005737,46,1,1.0,23
EMP-003220,2018-03-21,Operations,Lead,43,Female,877920,74.0,2.3834446983479753,4.060493955292172,24,6,1.0,15
EMP-003221,2018-07-31,HR,Senior,54,Male,466627,86.0,4.355329415134425,2.3160456162310576,32,3,1.0,4
EMP-003222,2017-08-26,Marketing,Lead,28,Female,706744,1.0,4.091763624622725,4.7442047394590015,11,1,0.0,30
EMP-003223,2018-10-09,HR,Manager,53,Male,1926920,95.0,4.421454531257398,2.425736735109543,46,4,0.0,25
EMP-003224,2016-03-16,Marketing,Manager,39,Male,1902027,73.0,3.637609817004411,2.1979911130762173,14,8,0.0,24
EMP-003225,2016-06-30,HR,,53,Male,1818793,76.0,3.7531791853728276,3.856113378161276,49,6,0.0,19
EMP-003226,2020-04-03,Marketing,Manager,50,Male,1722347,109.0,4.9681036917896995,1.6744869702891862,43,8,0.0,41
EMP-003227,2017-01-02,Operations,Lead,55,Male,1621445,32.0,3.2857338300005874,4.309811223009186,7,2,0.0,10
EMP-003228,2018-10-10,HR,Lead,35,Female,1948720,106.0,2.9737664459594813,1.391606423519626,12,4,0.0,0
EMP-003229,2016-03-20,Finance,Lead,46,Male,690311,94.0,1.720173328586318,2.6226802171122863,24,8,1.0,16
EMP-003230,2016-11-14,Operations,Manager,23,Male,712826,6.0,2.4076126821950523,4.024991554456664,40,2,1.0,9
EMP-003231,2021-10-18,Finance,Lead,47,Male,1105386,38.0,3.3550808445469236,3.7038668537986448,5,9,1.0,10
EMP-003232,2021-01-25,IT,Junior,46,Female,1813776,56.0,3.5699347500847356,4.476174599822441,16,9,0.0,39
EMP-003233,2017-09-22,Marketing,Senior,57,Male,434729,39.0,4.76225836146207,2.5739084687013194,25,7,0.0,41
EMP-003234,2017-08-05,Marketing,Mid,42,Female,614426,62.0,1.0837285719945182,3.951544213701987,9,0,0.0,16
EMP-003235,2018-01-07,Finance,Lead,40,Male,1105889,33.0,3.034087706700502,4.130488971543997,31,7,1.0,28
EMP-003236,2021-09-17,Marketing,Mid,45,Female,1906182,93.0,3.827260126791252,2.781148680002436,21,1,0.0,38
EMP-003237,2019-05-06,Sales,Lead,25,Female,455917,49.0,1.8310252733707912,4.536592951171351,28,6,0.0,24
EMP-003238,2018-10-25,HR,Mid,58,Female,1434189,62.0,4.063013675980454,2.8885916088661197,29,9,1.0,43
EMP-003239,2018-09-10,Finance,,47,Female,1862263,21.0,2.0663835099302017,3.954216234559044,9,6,0.0,36
EMP-003240,2019-02-21,IT,Mid,33,Female,959008,66.0,4.152476051290726,4.077704173180026,47,4,0.0,7
EMP-003241,2015-06-17,Marketing,Senior,33,Male,1146560,98.0,2.2600129451975364,3.68181911807154,41,0,,39
EMP-003242,2015-11-12,Sales,Senior,58,Male,1880023,26.0,3.817781815961467,4.545423255862791,37,1,0.0,17
EMP-003243,2015-12-12,Sales,Junior,58,Female,360928,37.0,3.2727332917827976,3.6539415941151683,0,7,1.0,37
EMP-003244,2016-07-21,Operations,Mid,32,Female,1971473,37.0,4.683673443488633,4.878999917043037,8,9,0.0,39
EMP-003245,2021-08-04,Operations,Mid,430,Male,1040984,47.0,4.553766883599211,1.8479000985913419,31,2,0.0,5
EMP-003246,2018-11-27,Marketing,Senior,47,Male,682662,32.0,3.7744485077810217,2.0713735916330416,24,7,1.0,25
EMP-003247,2019-09-22,IT,Manager,23,Male,1328070,60.0,1.386670278451135,2.3392970975636986,22,3,1.0,37
EMP-003248,2016-11-03,Marketing,Junior,53,Female,457268,59.0,4.896196081816008,3.5655963738201875,11,8,1.0,25
EMP-003249,2021-10-04,HR,Manager,44,Female,1620804,25.0,3.2975037441339117,3.31682823090494,25,4,1.0,45
EMP-003250,2018-10-31,Sales,Junior,50,Female,1121805,93.0,1.037855548573591,36.38006773837362,36,7,0.0,35
EMP-003251,2019-08-30,HR,Manager,24,Male,538423,71.0,1.5763513165513774,1.0884632311073448,47,2,0.0,37
EMP-003252,2019-02-23,Marketing,Mid,38,Female,310719,89.0,4.900609652881551,3.1419367688248974,48,7,1.0,9
EMP-003253,2018-04-17,HR,Junior,57,Female,1800180,73.0,1.742152423241008,1.690229940258027,5,7,1.0,15
EMP-003254,2015-01-02,HR,Senior,32,Male,1771893,82.0,3.2980610721004733,3.154226678530615,21,4,0.0,27
EMP-003255,2015-12-05,HR,Mid,28,Female,1650983,119.0,2.440572595361909,1.6655343559861184,14,4,1.0,27
EMP-003256,2017-05-23,HR,Senior,29,Male,711323,,1.17733008370121,1.0745672400922635,28,7,1.0,21
EMP-003257,2021-01-20,HR,Senior,55,Male,1974402,57.0,1.2034100319544878,2.14095213459231,46,3,0.0,33
EMP-003258,2020-12-19,HR,Senior,56,Female,1573385,41.0,3.476041346305897,2.283902528216669,35,7,0.0,23
EMP-003259,2019-08-20,Operations,Mid,52,Female,1041428,97.0,4.862857314364459,2.3318101426278144,11,2,0.0,6
EMP-003260,2018-03-08,Operations,Mid,58,,591967,47.0,1.9738159059593934,1.6921293431522173,14,5,0.0,15
EMP-003261,2019-11-25,Finance,Lead,31,Female,481211,48.0,2.096760732611111,35.44363082325088,8,5,1.0,29
EMP-003262,2020-10-28,Sales,Mid,56,Female,1704498,108.0,4.293845735213049,1.743540286885549,49,2,0.0,41
EMP-003263,2016-05-16,HR,Junior,28,Female,1196456,87.0,2.0152591423229764,2.7115634468721765,49,7,1.0,29
EMP-003264,2019-04-19,Sales,Junior,49,Female,1867994,11.0,2.5104083493301075,1.1489301692509026,34,1,0.0,45
EMP-003265,2017-06-10,Marketing,Lead,45,Female,1104516,87.0,3.411492734987257,2.1606346875232836,30,5,1.0,12
EMP-003266,2017-11-06,HR,Lead,59,Male,1933086,118.0,2.174413794012082,2.2620941748646293,8,0,0.0,15
EMP-003267,2016-11-10,Marketing,Junior,44,Female,835362,6.0,4.747133768847313,4.3710519074124345,4,1,0.0,13
EMP-003268,2020-01-31,Finance,Manager,51,Male,956641,57.0,3.1156227390496514,1.6952667143152067,33,3,1.0,15
EMP-003269,2017-02-07,Finance,Junior,26,Female,1841406,15.0,3.2080869422491167,4.807958355018496,29,8,1.0,18
EMP-003270,2016-09-16,Finance,Mid,24,Female,1690040,16.0,3.403487368233492,2.735001652065106,25,3,0.0,35
EMP-003271,2021-08-20,Finance,Junior,28,Female,1906975,36.0,2.3457536946510964,1.6223772527929667,10,5,1.0,46
EMP-003272,2017-09-04,Finance,,22,Male,769287,57.0,4.51760334214447,2.282834488096944,18,7,1.0,12
EMP-003273,2015-04-10,Marketing,Mid,51,Male,1950975,32.0,4.521683208948605,1.5773479869032903,26,2,1.0,16
EMP-003274,2020-08-18,Sales,Lead,32,Female,1106809,59.0,4.7845429807327875,2.160936144850511,7,0,0.0,11
EMP-003275,2017-12-31,IT,Mid,41,Female,1467166,106.0,1.5131261988533415,2.624484841692143,15,5,1.0,40
EMP-003276,2020-04-11,Sales,Mid,26,Male,1065452,94.0,2.953162099086979,1.2995980300531458,39,9,1.0,13
EMP-003277,2020-12-14,IT,Mid,32,Female,1750963,90.0,1.1992772962542833,3.2869204175132634,7,2,1.0,21
EMP-003278,2019-02-14,Operations,Manager,56,Male,380277,113.0,4.780365729556881,4.874736258400166,8,2,1.0,32
EMP-003279,2015-12-04,Finance,Senior,37,Female,1824677,57.0,1.7752169149222587,3.8435731604254904,26,9,1.0,27
EMP-003280,2021-05-19,IT,Junior,42,Male,646145,41.0,3.0456239652038386,3.3889086837818163,30,5,1.0,44
EMP-003281,2021-09-22,Sales,Manager,46,Male,526777,53.0,3.2848320946373506,2.5550741259734364,19,9,1.0,27
EMP-003282,2015-01-14,Operations,Senior,41,Male,1276996,21.0,2.465734136807176,4.871315358990704,12,9,1.0,20
EMP-003283,2016-02-28,Finance,Manager,50,Female,351600,32.0,3.5772906023805255,2.797283108060226,41,7,1.0,46
EMP-003284,2017-10-27,Finance,Junior,24,Female,625492,10.0,2.396142110322505,1.468962894832996,20,3,0.0,5
EMP-003285,2018-10-20,HR,Mid,37,Female,879689,66.0,4.686113547125501,1.1990095235541833,37,0,0.0,0
EMP-003286,2021-09-27,Marketing,Manager,44,Female,1835112,4.0,4.541496593847874,3.507881422732681,29,2,0.0,37
EMP-003287,2016-04-24,Finance,Senior,41,Female,637164,68.0,3.990582481224982,1.9309035262436867,45,2,1.0,39
EMP-003288,2015-12-24,IT,Lead,49,Male,1386030,114.0,1.7344037486842945,1.803485166821147,31,3,1.0,12
EMP-003289,2017-04-21,Marketing,Mid,46,Male,1218146,96.0,4.830590098997284,1.854627379794978,24,2,1.0,31
EMP-003290,2021-09-06,Marketing,Lead,48,Male,1789609,49.0,2.072677988545638,2.277377003718329,20,2,1.0,16
EMP-003291,2017-08-15,Marketing,Junior,37,Female,508342,79.0,1.6172488325729546,2.2084310335280333,40,0,1.0,26
EMP-003292,2016-04-23,Sales,Manager,56,Male,588352,87.0,3.523941448039698,3.3315623686696636,10,4,0.0,26
EMP-003293,2017-08-27,Sales,Senior,27,Female,1126267,72.0,4.377921191836478,1.39636716263584,10,2,0.0,2
EMP-003294,2016-10-04,Operations,Manager,39,Male,623219,,1.7266145866244105,1.053311120526379,25,2,0.0,4
EMP-003295,2016-06-17,Marketing,Junior,28,Female,1206984,45.0,1.5981952596483664,3.505742080854456,48,-9,1.0,35
EMP-003296,2019-02-03,HR,Manager,45,Male,1005128,117.0,2.9554820526688834,3.4873633127183497,49,8,0.0,1
EMP-003297,2016-11-27,IT,Senior,54,Male,959050,70.0,3.6205987841799496,3.6976669098244908,36,9,0.0,27
EMP-003298,2018-08-18,Operations,Junior,35,Female,1280678,74.0,2.7009300218430767,,9,0,1.0,12
EMP-003299,2018-05-31,Operations,Junior,25,Male,1702328,35.0,2.4270948118921423,2.376407590900356,44,7,0.0,17
EMP-003300,2016-05-21,Finance,Lead,26,Female,898713,22.0,1.9801282815101438,2.538318502334655,41,6,1.0,45
EMP-003301,2019-03-30,Sales,Manager,29,Male,1920768,69.0,2.4143053756126918,1.3186708817935635,45,0,,33
EMP-003302,2018-01-25,HR,Junior,35,Male,422560,62.0,3.1160622237368427,3.68623584742364,34,3,0.0,1
EMP-003303,2021-04-06,IT,Manager,52,Female,454795,30.0,1.897383584701088,1.2112562652353764,7,6,1.0,13
EMP-003304,2021-08-13,Operations,Manager,50,Male,1104429,104.0,2.852775371115122,1.055673528425812,8,8,0.0,1
EMP-003305,2016-05-10,Operations,Manager,46,Male,1651971,45.0,1.466036135773356,2.1413846899905016,32,0,0.0,37
EMP-003306,2015-01-12,IT,Manager,38,Male,1608587,23.0,4.590803696980118,2.4189036339247134,48,4,0.0,8
EMP-003307,2016-01-05,IT,Junior,51,Male,1448899,59.0,1.397149783934342,1.0109019133894561,43,3,0.0,6
EMP-003308,2018-05-27,Finance,Manager,31,Male,1092470,70.0,3.6946150362784684,2.6623089128966186,32,9,1.0,17
EMP-003309,2019-05-31,Marketing,Mid,24,Male,1593071,39.0,4.182845024493703,4.969906813948288,37,4,0.0,43
EMP-003310,2019-07-08,Operations,Junior,43,Female,363161,84.0,3.9101181849118936,2.9322110587830186,26,2,0.0,3
EMP-003311,2017-06-02,Operations,Lead,28,Male,1254656,82.0,2.7451873382707084,4.337142804683948,0,5,0.0,29
EMP-003312,2020-12-03,Finance,Manager,29,Female,773588,51.0,2.7992327726941424,2.463024833212261,48,7,1.0,7
EMP-003313,2020-07-09,IT,Junior,57,Female,1405465,60.0,2.283120056253771,1.7579914488769202,4,0,0.0,10
EMP-003314,2018-05-20,Operations,Junior,480,Female,1432422,29.0,1.9680359600172173,2.4170556889802954,49,9,,42
EMP-003315,2015-01-02,Sales,Manager,57,Male,1313748,86.0,2.3936385136842473,2.288246435927635,1,7,1.0,31
EMP-003316,2017-09-24,IT,Junior,43,Female,780211,75.0,4.242780731592077,3.475181876666271,25,7,0.0,33
EMP-003317,2017-06-07,IT,Manager,42,Female,1219716,16.0,1.1048763367260679,3.184184754898113,8,8,0.0,44
EMP-003318,2017-10-27,Finance,Junior,52,Male,815667,74.0,3.947962378300266,1.8867974969965209,3,2,1.0,10
EMP-003319,2017-06-26,Finance,Mid,28,Male,975129,46.0,3.657966150336532,3.7605103422002935,38,9,1.0,43
EMP-003320,2020-12-07,HR,Senior,40,Female,1090197,,3.9812526487819024,3.1862368852773413,4,0,1.0,35
EMP-003321,2021-08-10,Operations,Lead,41,Female,1768493,19.0,4.546303329538814,2.493590510827013,38,7,1.0,16
EMP-003322,2016-08-22,Finance,Mid,55,Female,1836902,82.0,1.9327995409793468,1.2946350790261563,21,1,0.0,35
EMP-003323,2019-08-22,Marketing,Manager,48,Male,1440673,59.0,1.5451570811727406,3.5543092351818246,33,8,0.0,33
EMP-003324,2018-11-01,Finance,Manager,26,Female,1854112,14.0,3.695905009710968,2.0265607978555167,1,5,1.0,21
EMP-003325,2021-07-03,Sales,Lead,45,Male,1649902,106.0,3.545281801355744,3.7054645805718054,6,3,0.0,27
EMP-003326,2021-05-17,Finance,Junior,45,Female,1128972,70.0,1.816311676542631,1.1932902782428298,19,5,0.0,42
EMP-003327,2018-03-15,Marketing,Lead,49,Female,1745588,46.0,4.127527815331461,1.504469203062143,9,1,1.0,45
EMP-003328,2017-10-07,HR,Mid,35,Female,531420,115.0,1.4458061714977934,1.6382857225861907,8,2,1.0,32
EMP-003329,2021-04-04,Finance,Senior,52,Female,1680189,,4.378881849102741,2.8050421581206493,5,0,1.0,41
EMP-003330,2015-12-08,Operations,Junior,44,Female,729342,6.0,3.7632943409176143,4.44945139532455,45,2,0.0,38
EMP-003331,2021-08-02,Sales,Junior,26,Female,1250234,87.0,1.347455108168142,2.865567023445092,0,5,1.0,46
EMP-003332,2021-01-17,IT,Senior,59,Female,781441,,2.053702786901209,2.1592351048082,12,4,1.0,6
EMP-003333,2016-09-12,Operations,Junior,23,Female,972973,104.0,4.681701295514846,4.490839058709593,17,0,0.0,43
EMP-003334,2019-09-21,Marketing,Manager,23,Male,1636454,57.0,4.059070363137687,1.2905532157536497,9,-3,0.0,10
EMP-003335,2019-04-23,IT,Junior,46,Male,539770,59.0,1.0126367308357334,1.1095171561479997,9,1,0.0,42
EMP-003336,2019-09-06,IT,Junior,41,Male,1894673,94.0,1.3896143823408726,2.190538657599077,41,5,1.0,1
EMP-003337,2015-12-10,Operations,Manager,46,Female,1044679,68.0,1.2079995291273957,3.1503234155641575,49,8,0.0,14
EMP-003338,2019-10-21,Marketing,Manager,55,Male,1917915,92.0,1.2367341329496773,2.3676680520173,4,4,0.0,2
EMP-003339,2015-01-11,Operations,Lead,23,Male,943140,48.0,2.2266580881949927,2.7452681433329014,28,4,0.0,2
EMP-003340,2016-07-07,Sales,Junior,53,Female,1888319,1.0,3.844197271978343,3.130120770553163,41,7,1.0,24
EMP-003341,2017-05-28,Operations,Junior,32,Female,1677421,36.0,1.0978781845560697,4.64981885583196,30,9,0.0,11
EMP-003342,2020-07-05,Finance,Manager,38,Male,1694783,80.0,3.544784982094908,2.4325954544779247,40,8,0.0,41
EMP-003343,2015-11-23,IT,Mid,30,Female,873797,80.0,3.9000659540575087,4.8445932722944764,26,6,0.0,34
EMP-003344,2015-04-17,IT,Junior,46,Male,1510898,111.0,2.0455476215825197,3.67735157158585,21,8,0.0,34
EMP-003345,2017-04-16,Marketing,Mid,44,Male,1719060,50.0,2.847415728493884,3.5142934934014427,21,3,1.0,42
EMP-003346,2016-06-25,HR,Lead,42,Male,1300057,74.0,1.8834567326758513,3.388226206466666,45,3,0.0,35
EMP-003347,2017-10-11,IT,Senior,55,Male,1828321,90.0,3.1079012599524547,1.3816207514798657,31,3,0.0,22
EMP-003348,2015-11-14,IT,Lead,58,Male,668774,109.0,4.167738786275319,3.1154119905128925,43,0,1.0,13
EMP-003349,2016-07-30,Sales,Manager,28,Male,1598779,48.0,4.862235857169063,3.1677801526314098,46,3,1.0,7
EMP-003350,2015-12-14,Sales,Senior,36,Female,1225714,39.0,1.5081959376696221,3.9684942675153274,37,8,0.0,6
EMP-003351,2017-11-20,IT,Junior,34,Male,580630,57.0,2.468811587390234,1.447741403456957,35,8,0.0,40
EMP-003352,2021-01-21,HR,Manager,26,Female,1511537,47.0,4.346128571211368,2.077735360626668,17,5,0.0,40
EMP-003353,2020-02-18,Marketing,Junior,40,Male,1211499,2.0,3.5411016762062757,4.383846367181706,39,7,1.0,8
EMP-003354,2017-06-10,Finance,Senior,43,Female,608563,54.0,4.124226843689759,4.506292250529081,22,3,1.0,13
EMP-003355,2020-11-13,HR,Junior,55,Male,1201239,31.0,3.8749421411520646,4.530393558630262,26,7,1.0,24
EMP-003356,2018-10-12,Finance,Junior,42,Female,1696702,54.0,3.1388032268124126,1.9565793785340064,32,2,0.0,7
EMP-003357,2016-03-06,Finance,Lead,51,Female,1092075,17.0,3.9208618381259233,3.566576855730255,1,2,0.0,21
EMP-003358,2016-03-04,Operations,Manager,39,Male,1267218,23.0,2.5298123577789307,2.8805312203041398,15,3,0.0,5
EMP-003359,2017-06-08,IT,Mid,25,Male,1000990,89.0,4.907898439226546,2.3354203564054545,19,2,1.0,47
EMP-003360,2018-10-12,IT,Manager,49,Female,1464351,11.0,4.035759916537938,2.4173282867707653,48,8,1.0,4
EMP-003361,2020-08-07,IT,Mid,50,Female,709258,95.0,4.568825547069817,4.204722885499901,2,4,0.0,1
EMP-003362,2021-08-08,Finance,Mid,56,Female,914951,75.0,4.326253633859448,3.1874848039081445,31,7,0.0,22
EMP-003363,2018-03-11,IT,Senior,22,Male,1707228,49.0,3.183642302880228,4.589178567843014,22,5,,0
EMP-003364,2017-02-06,Operations,Mid,48,Male,1062156,20.0,4.143856602569032,2.3577752538631307,7,4,1.0,9
EMP-003365,2017-09-18,Finance,Lead,58,Female,1858458,98.0,2.817022226200505,3.5531749115074667,46,9,1.0,13
EMP-003366,2016-11-21,Marketing,Mid,31,Male,1058813,108.0,1.1473147396932886,1.746706942339046,37,6,0.0,2
EMP-003367,2017-05-27,Sales,Manager,38,Female,350135,79.0,2.389381524960017,1.6005898958239846,9,9,1.0,32
EMP-003368,2021-09-22,Finance,Senior,42,Female,1135438,91.0,2.134497448995861,4.03891762231323,18,4,0.0,15
EMP-003369,2020-03-31,Operations,,32,Male,1627426,38.0,4.297578292755853,1.9350924011092099,31,9,0.0,42
EMP-003370,2016-12-02,Sales,Senior,47,Female,1552525,58.0,4.341112624363183,4.790188887751533,19,7,0.0,26
EMP-003371,2018-06-10,IT,Lead,59,Male,1329362,4.0,1.7823191937162535,3.194179269577792,37,4,0.0,37
EMP-003372,2020-05-15,HR,Senior,26,Female,669432,4.0,2.4625700859268407,1.9301655607369481,44,2,1.0,2
EMP-003373,2018-06-26,Marketing,Lead,51,Female,542879,43.0,2.3114981168003204,1.1533801810059332,36,8,1.0,36
EMP-003374,2016-09-19,Operations,Senior,24,Male,650768,80.0,4.315671335844612,4.67154425303623,5,9,0.0,47
EMP-003375,2020-06-05,Sales,Mid,51,Male,1470751,31.0,2.355532506386924,3.1020096330657636,37,1,1.0,45
EMP-003376,2018-05-09,Sales,,53,Female,1873590,62.0,1.5263337153285144,1.7366713423211668,12,9,0.0,27
EMP-003377,2019-01-20,Finance,Manager,50,Female,454637,40.0,3.6123471676017975,4.144535637599782,1,0,1.0,34
EMP-003378,2021-04-19,HR,Junior,46,Female,695709,66.0,2.0402797190770277,4.970227992771004,33,9,1.0,25
EMP-003379,2021-09-27,Sales,Senior,40,Male,1017227,101.0,4.210505029252766,3.943140263301084,37,5,1.0,24
EMP-003380,2018-07-02,Sales,Lead,30,Female,1680257,94.0,3.497774051592633,3.3765664512344307,16,2,0.0,35
EMP-003381,2020-05-02,HR,Lead,29,Female,1475097,72.0,4.533669244480827,4.430128313162857,45,7,1.0,20
EMP-003382,2017-11-06,Operations,Junior,34,Male,484682,115.0,1.1038783520004958,4.8483525512678955,16,8,1.0,2
EMP-003383,2020-04-01,IT,Junior,40,Male,1058815,74.0,3.571530455343275,3.448427753664609,40,3,1.0,8
EMP-003384,2018-08-02,Operations,Manager,41,Male,1903646,79.0,4.137313106836225,1.5391446749260043,16,6,0.0,16
EMP-003385,2017-10-18,HR,Manager,40,Male,1507944,105.0,3.435719849326868,1.3088756272786761,30,2,0.0,18
EMP-003386,2021-06-18,Finance,Mid,50,Male,1579077,117.0,3.723467927372909,4.57125869433005,15,5,1.0,7
EMP-003387,2017-06-06,Marketing,Mid,25,Male,990960,32.0,4.660866774151961,3.3258663866537783,32,2,0.0,21
EMP-003388,2015-07-30,Marketing,Lead,39,Male,1904324,41.0,4.662856196161092,4.686064971566141,8,9,0.0,8
EMP-003389,2016-03-26,Finance,Manager,55,Male,690894,97.0,2.9019197796593716,1.791959902810404,22,5,0.0,38
EMP-003390,2019-12-16,Operations,Mid,42,Male,1398902,83.0,4.633071939660067,4.030626234749365,5,8,1.0,19
EMP-003391,2017-09-08,HR,Senior,25,Male,1023345,108.0,2.81284973747767,4.980545396064025,38,8,0.0,31
EMP-003392,2018-01-20,Finance,Lead,22,Male,1819514,96.0,2.6468027371743474,4.85665252211837,27,9,1.0,6
EMP-003393,2020-04-27,Finance,Senior,41,Female,345401,97.0,3.382460446780543,4.469867877153297,10,-4,1.0,16
EMP-003394,2020-11-03,Operations,Senior,47,Female,1213538,46.0,4.450888453065463,3.858246763069739,47,9,1.0,10
EMP-003395,2019-04-29,Sales,Mid,22,Male,1436135,91.0,1.4740487335834795,4.838087693434755,21,5,0.0,41
EMP-003396,2015-04-11,IT,Manager,54,Male,1947805,22.0,2.3839876588546876,3.872046575433719,23,1,1.0,37
EMP-003397,2021-03-21,HR,Lead,55,Male,723779,95.0,3.310694938312153,4.00802698485907,26,2,1.0,14
EMP-003398,2019-07-26,Operations,Lead,34,Female,719242,25.0,3.922772767359501,1.3027311673879836,30,8,1.0,47
EMP-003399,2018-02-10,Marketing,Manager,50,Female,438835,61.0,2.5384998321568224,1.490384937244797,14,7,0.0,3
EMP-003400,2017-10-08,Finance,Senior,52,Male,1165265,119.0,1.0861906390807983,3.515566442076246,36,1,0.0,28
EMP-003401,2016-06-28,IT,Lead,47,Male,401714,41.0,4.457405935827071,2.3811712402892984,27,0,0.0,31
EMP-003402,2017-01-21,Operations,Manager,30,Male,392582,99.0,3.0822111578358347,1.462353939317155,14,5,1.0,47
EMP-003403,2017-08-01,Finance,Lead,59,Female,1408186,74.0,3.404281154558127,1.1540359560795648,10,9,0.0,15
EMP-003404,2018-04-09,HR,Senior,48,Male,572454,75.0,4.440980072741401,3.0934906877900805,40,0,0.0,8
EMP-003405,2017-08-06,Operations,Manager,27,Female,1302740,71.0,4.7304891311102235,2.2534396823102676,1,7,1.0,23
EMP-003406,2019-10-17,HR,Junior,43,Male,1985416,85.0,1.3595304228079654,4.868112383143735,15,3,1.0,34
EMP-003407,2021-07-27,Finance,Senior,29,Female,616589,20.0,3.5408397945724444,4.575131893443045,41,4,0.0,36
EMP-003408,2019-07-05,Operations,Junior,43,Female,1611035,101.0,4.755844438073321,3.5771961961897656,16,7,1.0,0
EMP-003409,2016-04-02,IT,Manager,54,Male,1644720,86.0,3.0102617867051307,3.0025638150169254,3,6,0.0,32
EMP-003410,2019-06-08,IT,Mid,31,Male,1212590,7.0,1.4077746615972537,4.153689684763405,7,4,1.0,19
EMP-003411,2017-10-28,Operations,Senior,42,Male,1137581,109.0,1.0041512868477471,2.601728410047454,17,3,1.0,40
EMP-003412,2019-12-04,IT,Mid,29,Male,481453,45.0,1.6250107467491377,3.286499472551359,18,0,1.0,45
EMP-003413,2017-03-30,Marketing,Junior,49,Female,1958568,36.0,1.3721237040029384,3.4661590515755467,35,5,0.0,12
EMP-003414,2019-11-17,Finance,Mid,39,Female,1078209,13.0,2.668183264522107,2.5647497988377537,10,9,1.0,4
EMP-003415,2019-11-01,Marketing,Mid,52,Male,604902,21.0,2.868553535838864,1.4457391353175164,39,0,1.0,0
EMP-003416,2015-07-08,Operations,Lead,29,Female,1975611,96.0,2.532180771205762,2.857605559101285,23,2,1.0,3
EMP-003417,2020-09-25,IT,Mid,31,Male,361014,5.0,4.404833810519936,4.316744346756071,30,9,1.0,13
EMP-003418,2016-02-13,IT,Junior,48,Male,1060441,70.0,1.758973135707719,1.2338945329546323,15,4,1.0,44
EMP-003419,2015-04-29,Marketing,Mid,58,Female,1470228,75.0,4.556158262752453,1.0724262071747157,10,5,1.0,16
EMP-003420,2015-09-19,Finance,Lead,31,Female,1247763,72.0,4.614409574999025,1.6409929100191145,29,6,1.0,29
EMP-003421,2015-05-21,IT,Lead,34,Female,627491,45.0,4.690110451779745,4.524002060531105,27,9,0.0,2
EMP-003422,2021-10-04,Sales,Senior,57,Male,720008,47.0,1.2352121967900018,4.643109032943338,21,8,0.0,27
EMP-003423,2018-01-22,Marketing,Junior,25,Male,1321530,98.0,3.4599750924274626,4.762088284099518,28,9,1.0,28
EMP-003424,2019-02-22,Finance,Lead,28,Female,356830,67.0,2.9962992285504577,2.360734801435188,6,1,1.0,9
EMP-003425,2017-09-17,Finance,Mid,33,Female,655646,6.0,1.819138354680088,2.512988325743886,42,7,1.0,43
EMP-003426,2015-11-01,Sales,,29,Male,809540,99.0,3.5843554690122814,,49,3,0.0,33
EMP-003427,2018-05-27,IT,Manager,52,Female,1181081,62.0,1.992291337401067,4.396023458707045,10,8,1.0,18
EMP-003428,2017-09-25,Sales,Junior,40,Female,1861967,28.0,3.5096164312436735,2.603666477803215,20,1,0.0,25
EMP-003429,2016-08-08,Finance,Lead,49,Male,1124369,45.0,2.5576051155917536,4.884513083793957,11,5,1.0,7
EMP-003430,2018-07-24,Operations,Lead,23,Male,1347566,59.0,1.8630350240404603,1.5208669354267244,18,9,1.0,1
EMP-003431,2018-10-09,Sales,Lead,24,Male,1660938,13.0,3.7620242686237293,2.4893300509306204,23,5,1.0,37
EMP-003432,2017-10-13,Finance,Junior,40,Female,725258,14.0,2.4364145677016866,3.680528161168206,29,3,0.0,38
EMP-003433,2016-04-27,Finance,Lead,41,Female,1829315,83.0,1.7313012010878137,2.375020496476719,6,8,1.0,3
EMP-003434,2018-04-16,Operations,Mid,55,Male,1696397,2.0,2.2329846420895327,2.4081374915834757,17,2,1.0,7
EMP-003435,2017-11-10,HR,Manager,59,Male,366423,117.0,1.526382054028204,3.802070653551608,47,1,0.0,14
EMP-003436,2021-08-07,IT,Junior,54,Male,452375,31.0,3.8991601544539,4.512890876592749,49,9,1.0,26
EMP-003437,2016-04-09,Finance,Manager,56,Male,843292,90.0,2.646699837806748,2.4633421780428657,47,0,0.0,28
EMP-003438,2019-08-10,HR,Junior,33,Female,704564,86.0,2.1586891625267617,1.7972405417155586,2,2,1.0,44
EMP-003439,2017-12-08,Finance,Mid,57,Male,1051355,44.0,2.2779835761759664,3.159042840973364,19,7,0.0,6
EMP-003440,2018-12-31,Sales,Manager,55,Male,1636179,20.0,1.451657057292302,3.2294233589363563,46,8,0.0,42
EMP-003441,2016-04-22,Marketing,Lead,58,Male,419538,107.0,1.3770374704374344,3.1674226079914125,11,8,1.0,45
EMP-003442,2015-08-27,Operations,Mid,35,Male,1208334,6.0,4.252540350242301,4.302024339470012,33,7,0.0,34
EMP-003443,2016-05-29,IT,Junior,41,Male,1928202,62.0,4.0764820023619155,2.427109739070193,48,8,0.0,24
EMP-003444,2015-03-24,IT,Lead,33,Male,1066378,62.0,2.8328519923747613,3.5495088167329096,28,5,1.0,23
EMP-003445,2015-05-30,Marketing,Manager,51,Female,332610,65.0,2.524690675486233,4.091494098531239,27,9,1.0,19
EMP-003446,2016-04-17,Sales,Manager,51,Female,585114,85.0,3.339391238375451,1.9987974233806964,38,-1,0.0,25
EMP-003447,2021-08-07,IT,Junior,40,Male,827878,112.0,3.863736454285245,1.854412392384698,21,8,0.0,17
EMP-003448,2019-10-26,Operations,Senior,46,Female,1365320,108.0,4.953142889077116,1.2339230714446807,33,6,0.0,24
EMP-003449,2017-04-12,Sales,Manager,35,Male,1372112,94.0,1.5209257212647835,3.5205867768142567,24,6,1.0,10
EMP-003450,2020-12-09,IT,Manager,47,Male,1041859,44.0,1.818936091629872,3.5215336245897375,2,9,0.0,27
EMP-003451,2015-08-10,Sales,Mid,27,Female,1885326,45.0,1.7305139711826825,2.5334790157061287,2,3,1.0,20
EMP-003452,2021-06-08,Marketing,Manager,23,Male,1852201,14.0,2.239812702748805,1.6567669962003522,20,0,1.0,19
EMP-003453,2016-10-25,Marketing,Mid,30,Female,1970807,111.0,2.5290914839713476,2.295943069801338,31,6,0.0,34
EMP-003454,2020-06-11,Finance,Lead,41,Male,751371,84.0,3.3298726030485337,3.5325566731020746,10,4,0.0,27
EMP-003455,2020-04-21,Operations,Senior,22,Female,835876,17.0,4.087001046503325,3.449671625510813,46,9,0.0,0
EMP-003456,2019-08-06,HR,Junior,51,Female,1320772,99.0,1.1683176061209477,4.07268529237288,43,2,0.0,8
EMP-003457,2018-11-28,Sales,Senior,53,,1163522,83.0,4.919005001988243,4.784766831021825,32,5,0.0,43
EMP-003458,2017-07-07,Finance,Lead,53,Male,1713907,22.0,2.1931902172115407,1.8939715940079713,33,-6,0.0,16
EMP-003459,2017-05-07,Finance,Mid,59,Female,1665888,64.0,4.53408837834297,4.705667644078745,19,0,0.0,2
EMP-003460,2018-06-12,Marketing,Manager,55,Female,557738,48.0,4.070454833008329,4.7393062196662115,40,8,1.0,38
EMP-003461,2015-02-04,IT,Mid,30,Male,1797410,88.0,1.936684971453149,4.743202790915397,39,8,0.0,17
EMP-003462,2018-02-03,Sales,Manager,28,Female,1884711,30.0,3.1809442393382277,1.6284239380734187,5,2,1.0,14
EMP-003463,2017-01-28,Operations,Manager,30,Female,1896229,97.0,1.0199582321041696,4.818945652210042,37,9,0.0,11
EMP-003464,2016-06-13,Operations,Mid,53,Female,392274,80.0,2.0394724177545136,3.226399579431259,38,4,,20
EMP-003465,2017-12-21,IT,Manager,25,Female,1806996,39.0,2.7951649049260068,1.1481651907462522,29,5,0.0,33
EMP-003466,2018-10-12,Marketing,Senior,28,Female,1072266,57.0,3.5052438125094283,,0,4,0.0,14
EMP-003467,2017-08-18,IT,Senior,38,Male,1416191,20.0,2.7573117736173556,2.8596915704466443,8,7,0.0,36
EMP-003468,2019-02-10,Sales,Junior,55,Male,844852,108.0,3.0694919564809307,1.31998500804539,12,2,0.0,4
EMP-003469,2017-03-02,Marketing,Lead,52,Male,1313860,79.0,2.6585298181667723,4.815643719726082,6,7,1.0,21
EMP-003470,2017-02-18,Finance,Junior,50,Female,1264178,58.0,1.2696290082767563,4.100883774464603,41,6,1.0,40
EMP-003471,2017-08-27,IT,Senior,24,Female,1509200,93.0,3.2214362442091313,2.4009225450961202,20,1,0.0,35
EMP-003472,2021-08-29,Sales,Manager,33,Male,1255360,25.0,3.108662833055949,1.0090806236366077,4,8,0.0,47
EMP-003473,2021-05-27,Finance,Junior,23,Female,1920822,87.0,4.128099383179638,3.784731160540803,0,6,1.0,4
EMP-003474,2019-03-02,Marketing,Manager,44,Female,1593192,50.0,2.1074076330461824,3.643192597409653,33,5,0.0,31
EMP-003475,2018-06-03,IT,Senior,26,Female,1921145,81.0,2.3202098833572355,1.2588780991887996,14,9,1.0,14
EMP-003476,2016-09-10,Sales,Manager,53,Male,1725268,100.0,2.9120047453735824,1.136886902920883,44,-8,1.0,29
EMP-003477,2019-07-31,Finance,Mid,29,Male,741130,38.0,3.920994437715872,4.4109997902074465,7,0,1.0,12
EMP-003478,2016-05-03,Operations,Mid,55,Female,1804780,63.0,4.057648140038418,1.1310551336252122,28,6,0.0,28
EMP-003479,2018-02-27,Sales,Junior,31,Male,474117,116.0,3.8926264774917203,2.4977315908133244,32,9,1.0,28
EMP-003480,2019-03-20,Marketing,Lead,53,Male,1012110,17.0,2.520724517774741,1.3568012061124781,45,4,1.0,6
EMP-003481,2021-05-26,IT,Junior,23,Female,1384224,118.0,4.244000615063289,3.921033264356708,10,8,1.0,15
EMP-003482,2018-07-22,HR,Mid,36,Female,1169617,3.0,4.191804588850717,4.1466151808822165,31,8,1.0,16
EMP-003483,2017-09-17,Marketing,Senior,30,Female,1134533,110.0,4.799592828229981,2.5466744969664146,7,7,1.0,31
EMP-003484,2016-05-02,Sales,Lead,45,Male,1814506,47.0,4.743096072766895,3.7485958453995516,8,3,0.0,26
EMP-003485,2021-04-08,IT,Mid,43,Male,1365688,119.0,1.122582426923167,4.108878877036805,7,5,1.0,25
EMP-003486,2018-04-08,Marketing,Mid,52,Female,1635996,58.0,4.626241949180317,2.629963097502895,35,1,1.0,45
EMP-003487,2020-02-16,Marketing,Manager,39,Male,700161,75.0,2.5052548547037765,1.1995373467620873,44,7,1.0,4
EMP-003488,2021-11-04,Marketing,Manager,38,Male,893066,77.0,2.987823948857221,4.452378715232139,3,7,0.0,40
EMP-003489,2021-05-16,Finance,Manager,43,Female,1928324,41.0,3.4586856942928965,1.3265795898036714,33,7,0.0,13
EMP-003490,2016-06-23,Sales,Senior,53,Female,1078269,30.0,4.427962907026396,3.943918462033265,41,3,0.0,21
EMP-003491,2019-03-23,HR,Mid,59,Male,1454085,75.0,2.689682687944122,1.0462847970074058,35,3,0.0,35
EMP-003492,2017-01-06,Sales,Mid,23,Female,1048710,1.0,2.264460063205686,3.19953048213768,9,4,0.0,37
EMP-003493,2015-10-20,HR,,58,Female,1759734,,2.831699851795661,1.0879657226108916,35,6,,31
EMP-003494,2018-01-07,Marketing,Lead,39,Male,1231341,89.0,2.0488099199870464,3.947192753225908,30,3,1.0,4
EMP-003495,2021-04-26,Marketing,Manager,39,Male,439163,33.0,3.2845973479423107,4.291683592947419,49,1,1.0,31
EMP-003496,2015-04-02,HR,Lead,32,Male,865921,19.0,4.350332642335971,3.898132483259349,39,3,0.0,14
EMP-003497,2019-07-01,Operations,Mid,38,Male,514872,109.0,4.038560816086816,1.0172567035115718,0,1,1.0,45
EMP-003498,2016-04-01,Finance,Senior,31,Female,855782,94.0,2.1284982420514758,3.9591948666127115,22,7,0.0,17
EMP-003499,2021-02-12,Operations,Manager,23,,1804528,82.0,2.758462250348503,1.7539329947242326,36,6,1.0,21
EMP-003500,2016-10-21,Operations,Mid,43,Female,1301407,23.0,1.8400803786746875,3.704660073895973,20,4,0.0,35
EMP-003501,2019-04-07,Sales,Mid,54,,587299,14.0,4.4789102622029295,1.5294895139989686,8,7,1.0,34
EMP-003502,2019-07-08,IT,Manager,45,Male,730361,31.0,2.723466348765145,1.5336301326742032,4,5,,30
EMP-003503,2020-07-22,Operations,,54,Female,1831083,16.0,4.460267130304424,3.2973697210793147,13,1,0.0,38
EMP-003504,2016-04-19,Finance,Manager,52,Male,1498008,77.0,3.6048654154222053,4.168176325194549,4,8,1.0,10
EMP-003505,2017-12-08,IT,Manager,41,Female,618373,63.0,3.1935525542696768,2.5097332895488327,0,0,,25
EMP-003506,2017-03-13,Sales,Senior,29,Female,1113605,64.0,4.130373830579664,3.5073282407630906,4,6,1.0,2
EMP-003507,2020-06-22,IT,Manager,58,Female,1672769,11.0,1.1270868646520529,4.555926512835249,40,0,0.0,25
EMP-003508,2016-04-28,Finance,Junior,22,Female,495011,38.0,3.114865203315945,3.5813952834025633,42,6,1.0,4
EMP-003509,2017-08-08,HR,Manager,40,Female,580366,106.0,1.9582426481125794,1.9780100280732649,2,2,1.0,23
EMP-003510,2016-04-03,HR,Senior,37,Male,340658,52.0,2.295361035940333,1.7770751266523042,28,1,0.0,37
EMP-003511,2019-04-09,Sales,Manager,29,Female,1256058,42.0,1.233189036509724,3.171731588817468,17,3,0.0,6
EMP-003512,2021-11-04,Marketing,Lead,24,Female,1443853,42.0,3.7418887112292984,2.6607259339750002,33,5,,9
EMP-003513,2019-10-12,Sales,Mid,56,Male,1627570,10.0,4.989950608967079,1.8312702091138773,25,2,0.0,27
EMP-003514,2020-03-22,IT,Lead,57,Male,335099,2.0,1.7665688578158991,2.680900219247038,42,4,0.0,13
EMP-003515,2020-06-18,Sales,Lead,40,Male,314194,36.0,2.554837634815024,4.402885961195805,25,2,1.0,34
EMP-003516,2019-06-27,Marketing,Junior,56,Male,620625,31.0,4.717693549546207,2.8973088071837703,40,2,1.0,25
EMP-003517,2019-10-22,IT,Manager,33,Male,1343302,33.0,4.980818354733647,1.5861962171688604,5,1,1.0,27
EMP-003518,2015-04-30,Operations,Manager,24,Male,1723547,89.0,2.563040664453589,3.658176562717723,43,1,1.0,18
EMP-003519,2021-02-03,Operations,Manager,27,Female,579116,14.0,4.860159924545106,1.683508940939742,13,3,,27
EMP-003520,2016-11-19,IT,Junior,50,Female,390285,2.0,2.6398898602931955,4.519760831989325,23,6,1.0,6
EMP-003521,2016-06-25,Marketing,Senior,31,Female,1921886,8.0,3.133370710859191,4.135115078497215,49,7,1.0,45
EMP-003522,2016-06-24,Operations,Mid,35,Male,1120935,14.0,3.669651376907431,1.0730385412017327,6,8,0.0,8
EMP-003523,2020-03-08,HR,Manager,30,Female,599847,18.0,3.613138106316872,3.902491403186063,12,7,1.0,8
EMP-003524,2015-04-09,Finance,Manager,57,Female,558420,46.0,2.8788277737271133,3.5404608615257116,44,4,1.0,18
EMP-003525,2015-11-22,Sales,Junior,26,Male,821487,84.0,3.956361857472857,1.693732628274509,29,4,,42
EMP-003526,2018-11-13,Operations,Lead,33,Male,522872,37.0,2.508998156912279,3.1241770123825954,10,9,0.0,26
EMP-003527,2019-04-05,IT,Manager,45,Female,400296,49.0,1.5320653113149265,2.198874406848112,28,4,0.0,26
EMP-003528,2017-04-25,Operations,Mid,27,Male,1414154,100.0,3.8266623513328004,3.5758816104475555,47,2,0.0,21
EMP-003529,2015-11-04,Sales,Senior,45,Male,1666892,17.0,3.7859920214593257,3.4509578469884143,37,4,0.0,18
EMP-003530,2018-11-13,Marketing,Mid,30,Male,1127889,95.0,1.206085441801405,2.6015926445709523,46,5,0.0,42
EMP-003531,2017-08-01,HR,Lead,47,Female,904614,19.0,1.7237924640916078,4.113371643749541,34,6,1.0,15
EMP-003532,2015-05-21,Finance,Lead,35,Female,1769110,9.0,1.85375901427317,4.573853242995678,20,7,1.0,12
EMP-003533,2020-11-11,HR,Mid,50,Male,1893681,72.0,4.585989788712735,3.4287362039417886,2,1,0.0,30
EMP-003534,2018-03-04,Sales,Lead,46,Male,853012,117.0,2.320400559016576,1.7927787850113277,42,8,1.0,10
EMP-003535,2015-06-25,Marketing,Junior,52,Male,393859,5.0,2.128295617538372,1.619013707087912,6,7,0.0,20
EMP-003536,2019-11-06,Operations,Lead,42,Female,1787472,28.0,3.285008036120431,4.015146777365559,40,7,0.0,17
EMP-003537,2016-06-16,Marketing,Senior,51,Male,693913,97.0,4.946820898910213,3.6233935093739786,0,7,1.0,4
EMP-003538,2015-03-02,HR,Mid,38,Female,1216603,12.0,3.531413852237381,4.709063689917459,0,7,0.0,21
EMP-003539,2020-09-10,Sales,Senior,32,Female,1833895,106.0,2.956450157232538,3.404146184044484,19,4,0.0,16
EMP-003540,2017-01-18,Sales,Lead,28,Male,1004501,32.0,4.856819657731236,2.959906976811535,38,2,0.0,17
EMP-003541,2019-04-19,HR,Lead,57,Female,779099,88.0,1.2868607717974223,4.795461948083762,13,6,1.0,7
EMP-003542,2020-04-11,Finance,Manager,48,Female,1771640,67.0,4.143400759231059,4.095909716430987,12,6,0.0,18
EMP-003543,2019-09-10,Operations,Mid,34,Female,1248737,82.0,3.2698748853627873,4.160867528581157,3,2,0.0,38
EMP-003544,2016-05-06,Operations,Lead,380,Male,696795,67.0,3.6293700684118644,3.731668711125638,46,6,0.0,6
EMP-003545,2017-10-01,Sales,Mid,40,Female,1090485,59.0,2.966340964248576,1.1979182802969244,42,4,0.0,35
EMP-003546,2015-12-01,Sales,Lead,59,Female,634791,113.0,2.4789004454458765,1.709657026702033,47,6,0.0,11
EMP-003547,2016-09-03,Sales,Manager,38,Male,1864911,47.0,3.8906728389772773,4.306444713665124,32,3,0.0,29
EMP-003548,2017-02-07,Operations,,24,Male,1753757,39.0,3.877987549490021,2.0134288609298987,35,0,1.0,12
EMP-003549,2016-10-26,Sales,Senior,24,Male,1344537,88.0,2.8375739970568254,3.008834426526004,2,6,1.0,45
EMP-003550,2015-03-25,HR,Manager,32,Female,1046526,113.0,1.0120897083779208,4.553824309246037,22,9,0.0,27
EMP-003551,2021-08-10,Operations,Mid,29,Female,776667,83.0,1.6246100935881356,4.548862034202532,15,9,1.0,6
EMP-003552,2021-09-02,Operations,Junior,42,Male,1224747,91.0,1.4654452306922576,1.2574913423174099,32,8,0.0,0
EMP-003553,2018-10-13,Finance,Manager,37,Female,1642224,,4.786558619656422,2.1130725481279495,3,8,0.0,0
EMP-003554,2021-10-02,Marketing,Lead,58,Female,1856815,16.0,2.3708096495036357,2.381174006401871,13,6,1.0,11
EMP-003555,2016-03-25,Sales,Manager,51,Female,736097,17.0,3.9927413240269956,4.282996411393132,5,5,1.0,13
EMP-003556,2016-11-01,Sales,Lead,46,Female,408081,5.0,4.100126893112022,1.1227130325672436,40,7,0.0,29
EMP-003557,2017-06-16,Sales,Mid,26,Male,560820,18.0,3.28060612390841,3.695571387372742,11,0,1.0,28
EMP-003558,2017-11-29,Sales,Junior,57,Male,673248,67.0,3.6955516871102168,1.214550924323519,48,9,1.0,14
EMP-003559,2018-02-02,Operations,Mid,23,Female,760108,40.0,2.871530772233196,3.9357411734362455,48,4,0.0,46
EMP-003560,2019-04-15,Sales,Senior,36,Male,1986849,56.0,1.6003863246192291,,24,4,0.0,5
EMP-003561,2020-12-13,Sales,Junior,31,Male,733883,,1.177759863725528,,24,2,1.0,16
EMP-003562,2020-01-12,Marketing,Mid,30,Female,1235778,37.0,2.326772750557636,3.5344959081208196,49,6,0.0,1
EMP-003563,2020-07-23,Operations,Manager,49,Female,702376,86.0,3.6466293975106,4.74050521169605,30,9,1.0,13
EMP-003564,2018-04-02,Operations,Lead,43,Male,735531,68.0,1.0898120748409332,1.5817020712564407,41,9,1.0,44
EMP-003565,2021-03-26,Operations,Senior,45,Male,1103372,54.0,4.866336087821109,3.337805171349619,48,5,1.0,32
EMP-003566,2017-08-07,Finance,Junior,28,Male,627251,50.0,3.388168884189512,2.295330695323108,7,9,0.0,6
EMP-003567,2020-04-26,Sales,Lead,56,Female,863535,14.0,4.762381007905697,4.1715318431235655,35,3,1.0,16
EMP-003568,2019-02-10,Operations,Junior,46,Male,433758,65.0,3.9368930804515796,2.002682824160252,5,-4,0.0,31
EMP-003569,2019-07-15,Sales,Junior,56,Male,1357167,94.0,2.206387301915734,4.8165529988628535,31,0,1.0,35
EMP-003570,2016-03-03,Operations,Mid,54,,1763880,29.0,3.5701243269193625,1.0111289687773817,2,0,1.0,21
EMP-003571,2019-09-16,Finance,Junior,50,Female,1847994,81.0,2.4299975904994646,1.873267134077469,11,6,0.0,34
EMP-003572,2020-02-15,Operations,Mid,38,Female,944601,31.0,1.7514424518075629,4.761947212252801,35,4,1.0,43
EMP-003573,2015-11-23,Finance,Senior,32,Male,1518306,42.0,3.4543573631755224,3.8772724507858367,18,4,0.0,10
EMP-003574,2020-02-03,IT,Lead,33,Female,1254476,97.0,3.4214893244048112,3.016225004082406,41,9,0.0,25
EMP-003575,2019-05-07,Finance,Senior,45,Male,665712,9.0,4.671291009330004,3.992762515466438,13,8,1.0,40
EMP-003576,2019-06-23,HR,Junior,40,Male,1303306,107.0,1.288744462570949,4.1789617884699375,7,4,0.0,34
EMP-003577,2021-05-27,HR,Lead,25,Female,425777,65.0,1.0035216193957446,4.148273440442037,6,8,0.0,45
EMP-003578,2016-06-05,Marketing,Lead,22,Male,1994605,63.0,3.230570997570697,3.2080509597855302,33,9,0.0,37
EMP-003579,2021-01-07,IT,Senior,59,Male,668275,117.0,1.7627084192888685,2.8617094248506905,21,5,0.0,15
EMP-003580,2016-09-13,IT,Senior,26,Male,620434,71.0,3.4609830480929036,4.580420234082721,0,1,1.0,37
EMP-003581,2016-06-16,Sales,Junior,55,Male,863422,73.0,4.520725965773611,,42,9,0.0,38
EMP-003582,2021-06-04,Sales,Mid,44,Female,1752416,35.0,4.032751937299191,4.993087273290325,6,3,0.0,33
EMP-003583,2021-02-18,Operations,Mid,52,Female,1405599,32.0,3.6239900295486045,2.897046064004168,37,3,1.0,35
EMP-003584,2015-07-12,IT,Senior,31,Female,1240005,16.0,2.599649481960515,1.7940225619393653,24,9,1.0,11
EMP-003585,2016-03-18,Operations,Lead,50,Female,373090,54.0,4.9963006670887635,4.181374395842782,9,6,0.0,47
EMP-003586,2020-07-05,Operations,Lead,37,Male,1235006,112.0,4.010008234097706,1.8874039569150756,26,5,0.0,30
EMP-003587,2019-07-01,IT,Mid,54,Male,1575921,13.0,3.523047510018139,2.103698705136123,36,3,1.0,33
EMP-003588,2021-06-09,Sales,Lead,27,Male,1266685,38.0,1.3177258903279525,1.1439930829458804,36,4,0.0,2
EMP-003589,2016-11-04,Sales,Senior,49,Male,624384,94.0,4.07736919701428,1.5922251083571464,44,4,1.0,19
EMP-003590,2016-10-19,Sales,Junior,25,Female,1106590,116.0,4.395532401064115,3.657251528887273,23,3,0.0,45
EMP-003591,2015-02-08,Operations,Manager,24,Female,1847706,37.0,2.2282495593464233,4.182506877165627,8,4,1.0,33
EMP-003592,2015-11-04,IT,Senior,51,Male,513620,12.0,2.67384544241907,2.6922546578405817,29,1,0.0,8
EMP-003593,2016-11-27,IT,Mid,54,Male,1923632,14.0,3.043125736633781,4.924461019339561,18,2,1.0,19
EMP-003594,2019-03-09,Operations,Junior,39,Male,1166621,80.0,1.3041322379667606,4.641650605722954,9,7,0.0,28
EMP-003595,2016-04-28,HR,Mid,49,Male,1881112,,2.718695240784862,3.349738514129446,5,9,0.0,11
EMP-003596,2015-09-06,Finance,Senior,43,Female,1501653,20.0,4.146424746644172,1.186920410726228,35,1,,46
EMP-003597,2021-05-31,Finance,Junior,38,Female,1048828,68.0,4.660170958589155,1.9461428338189832,35,6,1.0,23
EMP-003598,2019-08-24,Operations,Mid,47,Male,1940328,65.0,1.7840355200033526,1.247916194251557,41,5,1.0,17
EMP-003599,2018-07-10,Sales,Senior,48,Female,467683,72.0,1.6598890413314433,4.73265832087016,40,7,1.0,33
EMP-003600,2017-05-02,HR,Manager,36,Male,1666869,53.0,4.8769939083449065,1.2535449626015938,31,8,0.0,3
EMP-003601,2018-02-25,IT,Manager,55,Female,1144732,119.0,3.8582005761787572,2.6514996364690013,48,1,1.0,8
EMP-003602,2021-03-02,HR,Mid,54,Male,1493520,28.0,2.5123127125705422,4.463724775938246,13,5,1.0,5
EMP-003603,2015-06-07,Finance,Lead,24,Male,1860623,114.0,2.3095729555652222,3.2613277015220374,23,1,1.0,5
EMP-003604,2016-06-22,Marketing,Manager,39,Female,1773719,100.0,3.690932239152142,2.852846574011166,37,4,1.0,46
EMP-003605,2019-08-11,Sales,Senior,28,Male,1977819,115.0,3.309721408177663,2.5532371544204207,29,0,1.0,16
EMP-003606,2017-02-09,Operations,Senior,48,Female,643924,60.0,1.5244799862124254,1.6428846956992293,3,2,0.0,43
EMP-003607,2015-05-27,IT,Lead,32,Female,1512541,119.0,2.9074294287901146,4.999039474756712,48,1,0.0,26
EMP-003608,2019-01-21,Sales,Lead,36,Male,620551,5.0,2.6052944566517504,3.282463522402264,47,0,1.0,3
EMP-003609,2016-06-29,HR,Manager,54,Female,567420,79.0,4.240023572602638,3.1025217111463568,34,5,1.0,41
EMP-003610,2016-07-03,Sales,Lead,53,Male,1351270,35.0,2.016185196060785,1.9079998305457613,0,9,1.0,24
EMP-003611,2015-02-22,Marketing,Senior,54,Male,777195,2.0,4.553550771726226,1.1782658042343583,31,3,0.0,29
EMP-003612,2016-11-27,Sales,Senior,52,Female,1235547,99.0,2.367698981851625,3.8151323384793447,40,4,1.0,26
EMP-003613,2018-02-25,Operations,Mid,29,Male,1633216,89.0,4.382837529222108,1.1248843651165354,26,6,1.0,5
EMP-003614,2018-06-27,Sales,Manager,45,Male,1207284,21.0,1.4507244560293642,3.890282128221391,1,7,0.0,21
EMP-003615,2019-10-03,Finance,Manager,22,Female,882358,26.0,3.8514544908673725,4.808148644097597,40,2,0.0,30
EMP-003616,2018-11-08,IT,Mid,48,Female,1450223,33.0,4.653556444854964,3.0223617797113524,11,2,1.0,46
EMP-003617,2021-06-10,HR,Junior,41,Female,1304907,16.0,1.5307252443633081,1.8792303780261812,42,2,0.0,23
EMP-003618,2019-04-04,Sales,Lead,42,Female,1217566,55.0,2.564687464834005,2.2155171976877024,42,2,0.0,30
EMP-003619,2021-06-02,Marketing,Junior,25,Female,998960,28.0,1.6387463899644952,2.5114807231700347,48,3,1.0,33
EMP-003620,2017-06-19,HR,Manager,53,Female,308206,31.0,3.0034179976820594,1.857583068119927,28,3,0.0,38
EMP-003621,2019-04-01,IT,Lead,57,,1169567,68.0,4.236118105407311,3.5716998494989847,39,5,1.0,19
EMP-003622,2019-03-05,Sales,Senior,35,Female,777158,3.0,4.368931873927592,3.91140380296682,16,6,0.0,32
EMP-003623,2016-09-08,Operations,Senior,46,Female,1263740,24.0,4.0409057630899365,4.499395828990088,3,3,1.0,35
EMP-003624,2019-02-19,Sales,Mid,54,Female,451154,30.0,2.704346584045046,3.0342817785175917,17,9,1.0,5
EMP-003625,2020-06-02,HR,Senior,33,Female,634953,69.0,2.968456312608485,3.4073845109864167,12,6,0.0,41
EMP-003626,2015-12-23,Marketing,Lead,48,Male,1886658,,3.4827800252693972,1.017125115857386,47,2,1.0,43
EMP-003627,2020-07-02,Sales,Mid,22,Male,352668,4.0,4.084468086461991,2.5730231466947138,26,4,1.0,14
EMP-003628,2019-10-09,Sales,Manager,40,Female,1969013,35.0,4.367428515624569,1.9636464622475498,14,1,0.0,9
EMP-003629,2019-07-02,HR,Manager,39,Male,714470,73.0,2.896491556390943,2.4630132589123743,38,0,1.0,47
EMP-003630,2016-10-16,HR,Manager,32,Female,1806577,44.0,1.9091222593762756,4.1077367425221745,49,9,,5
EMP-003631,2017-05-29,Operations,Junior,42,,1820328,79.0,1.782574161198542,3.615152231687367,37,4,0.0,14
EMP-003632,2016-01-25,HR,Junior,40,Male,1683682,96.0,1.9500543772571302,1.5847932857397011,19,9,1.0,42
EMP-003633,2017-04-26,Operations,Lead,48,Female,1001756,21.0,1.551803598571723,2.7912471706640565,43,5,1.0,40
EMP-003634,2018-02-01,Finance,Senior,27,Male,1872737,109.0,4.745896559395618,2.9143615332510113,13,4,0.0,28
EMP-003635,2020-07-29,Finance,Manager,36,Male,1725123,36.0,2.3519535067515003,4.21884118316159,43,0,1.0,39
EMP-003636,2021-07-08,HR,Lead,26,Male,1989525,50.0,4.11843576072168,2.60508263879366,1,0,0.0,37
EMP-003637,2019-06-25,HR,Junior,50,Male,427827,18.0,3.678687887197366,2.161324522778715,6,7,0.0,15
EMP-003638,2015-01-17,HR,Mid,38,Female,923072,18.0,4.7930155917899455,4.518142945900808,37,2,0.0,9
EMP-003639,2018-04-09,Marketing,Manager,42,Female,712849,93.0,3.1056512175955824,2.1986567975156,18,4,0.0,31
EMP-003640,2017-07-24,Operations,Manager,33,Male,1584095,12.0,1.7876322334345245,2.615762008413676,35,8,0.0,41
EMP-003641,2020-11-05,Operations,Junior,59,Female,1221403,6.0,3.574889427847152,4.976231094554915,15,6,0.0,47
EMP-003642,2020-02-28,IT,Senior,58,Female,329918,74.0,2.086971455616837,2.9235915181753582,23,3,1.0,7
EMP-003643,2018-09-01,Marketing,Senior,48,Female,1780895,54.0,4.569633728678514,2.9992213627079822,30,1,0.0,33
EMP-003644,2015-05-20,IT,Senior,52,Male,381138,,3.03161074592018,4.399459143300709,20,7,1.0,2
EMP-003645,2015-09-16,Operations,Senior,51,Male,1837874,80.0,2.1646690933077575,1.0841023562770151,12,4,0.0,39
EMP-003646,2018-06-03,Sales,Senior,33,Female,662187,72.0,4.070090553885308,2.212929784000156,12,2,1.0,7
EMP-003647,2020-05-20,Operations,Senior,27,Female,669614,92.0,3.8872090668575585,3.817324503705458,17,8,1.0,33
EMP-003648,2017-05-16,Finance,Senior,26,,1803434,107.0,4.420239596032756,,37,6,0.0,25
EMP-003649,2015-01-29,Operations,Senior,23,Female,1338760,119.0,2.9462001474791917,4.509258387911359,9,0,0.0,15
EMP-003650,2019-07-13,HR,Lead,58,Male,1536466,96.0,1.5018008634184055,2.1813514284182807,35,2,0.0,9
EMP-003651,2017-07-09,Sales,,58,Female,1402750,73.0,2.035512504578149,1.8035446355836213,31,3,1.0,46
EMP-003652,2020-07-24,IT,Mid,54,Female,966864,41.0,3.3919792861760585,2.7113114031674392,26,-7,0.0,0
EMP-003653,2017-12-20,Marketing,Senior,48,Female,712050,58.0,1.8303552649225145,3.080100837667857,22,1,0.0,7
EMP-003654,2017-02-05,IT,Junior,59,,337829,13.0,2.92028851000271,2.3197038167601565,21,6,1.0,3
EMP-003655,2021-09-16,Finance,Senior,22,Female,1013317,34.0,1.7056939030406832,1.4368554526729853,31,1,0.0,9
EMP-003656,2021-04-19,Finance,Junior,37,,870503,4.0,3.774488352930469,4.645181973105884,22,9,0.0,6
EMP-003657,2016-03-04,Finance,Senior,59,Female,998024,33.0,2.8591648104679557,4.577822405543078,34,7,1.0,4
EMP-003658,2015-04-20,HR,Junior,49,Female,682683,13.0,3.9844970455850937,1.4661568213528957,3,1,1.0,18
EMP-003659,2015-06-20,Finance,Manager,38,Male,985627,103.0,3.6819287845606423,2.1259232376105404,13,1,1.0,14
EMP-003660,2021-02-04,IT,Lead,44,,1913294,51.0,1.2225552414935486,4.862757465237995,22,3,1.0,35
EMP-003661,2020-01-15,Operations,Lead,40,Female,1592269,57.0,2.155876777092446,2.349361886420919,2,2,0.0,26
EMP-003662,2018-11-17,Sales,Mid,26,Female,1977018,106.0,3.9359480990614477,2.8273051019065796,43,0,0.0,10
EMP-003663,2021-01-21,IT,Lead,43,Female,962942,15.0,2.3668713867490516,4.098859093709052,3,1,1.0,13
EMP-003664,2017-03-31,Marketing,Senior,58,Female,1557603,37.0,2.392765370865664,1.0419117537479892,30,6,1.0,45
EMP-003665,2021-08-13,Finance,Lead,53,Female,424591,100.0,1.5092454828101736,1.1824563951380251,33,8,0.0,28
EMP-003666,2018-12-29,HR,Lead,35,Female,653496,100.0,3.722505990255086,1.8527280168597056,42,2,1.0,14
EMP-003667,2021-02-28,HR,Lead,58,Male,1820073,56.0,2.709199692873556,3.9185888774513096,9,5,1.0,39
EMP-003668,2021-04-15,Marketing,Mid,57,Female,1514351,20.0,4.209636553342346,2.11626399657595,29,6,1.0,39
EMP-003669,2015-08-31,Operations,Lead,28,Male,512862,110.0,4.611143597786176,2.2032931637847817,10,4,0.0,30
EMP-003670,2018-03-07,Operations,Manager,43,Female,1158251,26.0,3.1209711665874997,3.084277432870151,1,3,1.0,21
EMP-003671,2019-09-27,Finance,Mid,31,Male,1425889,85.0,4.613317307495166,4.881005533245881,47,7,0.0,33
EMP-003672,2021-04-23,Sales,Lead,51,Male,506798,39.0,2.5603563533937024,4.248510866191402,39,8,0.0,11
EMP-003673,2017-02-17,Sales,Lead,58,Male,613331,102.0,1.0964146258440954,3.365300357766081,12,9,1.0,13
EMP-003674,2017-02-14,Operations,Senior,38,Male,860457,29.0,1.8346085156928909,1.0020109859379893,33,3,0.0,42
EMP-003675,2017-12-20,HR,Mid,45,Female,316205,55.0,1.6339485304835897,3.0309031453619806,38,7,0.0,43
EMP-003676,2021-10-24,Operations,Junior,56,Male,1669763,18.0,2.695923211244597,2.6156068892817763,36,0,0.0,10
EMP-003677,2017-05-06,Operations,Junior,33,Male,1745308,27.0,3.7946229057032044,2.75117805254311,0,2,0.0,24
EMP-003678,2018-03-20,Operations,Mid,44,Male,687958,14.0,2.601643660652734,4.419160879173876,5,5,1.0,29
EMP-003679,2015-02-14,Operations,Mid,51,Female,1222841,44.0,1.6779219776961023,4.781337626780317,28,4,0.0,45
EMP-003680,2016-11-27,Operations,Mid,32,Male,954003,26.0,3.6893225402039316,1.9252717540868831,21,1,1.0,45
EMP-003681,2018-07-07,HR,Senior,35,Male,1738460,75.0,1.2485283032205894,3.3736573520040967,49,8,0.0,0
EMP-003682,2017-12-02,Marketing,Lead,53,,647457,95.0,2.9876817293136035,2.0323643002836747,18,9,0.0,11
EMP-003683,2019-01-27,Marketing,Manager,36,Male,1263544,21.0,1.8671577394567413,4.37138616435916,31,5,,21
EMP-003684,2016-06-30,HR,Manager,22,Male,1455385,94.0,3.654582970257074,4.326904808723749,7,6,0.0,21
EMP-003685,2021-04-03,Operations,,50,Female,975090,2.0,3.6394186437963305,2.529305565211854,14,8,1.0,17
EMP-003686,2018-12-10,IT,Senior,51,Female,1822760,33.0,1.1614684604699397,4.997496993205133,33,5,1.0,12
EMP-003687,2021-03-25,Sales,Mid,52,Female,900054,31.0,3.1384598218744046,3.5674392022742,34,8,1.0,36
EMP-003688,2018-07-31,HR,Lead,30,Female,1671651,24.0,1.633070409820165,1.9829263173980545,14,7,1.0,30
EMP-003689,2015-05-13,Operations,Junior,31,Male,1448603,118.0,1.316417621673423,3.9247992295758047,17,2,1.0,1
EMP-003690,2017-01-09,Operations,Lead,44,Male,353126,38.0,4.522639757073859,3.213022368605817,32,4,0.0,34
EMP-003691,2020-09-09,Operations,Mid,22,Male,991999,49.0,3.312148658452608,1.6991492962912833,49,1,0.0,34
EMP-003692,2020-01-14,IT,,57,Female,1959032,27.0,1.4583535923236663,1.80025712082737,40,7,1.0,2
EMP-003693,2016-05-12,Sales,SENIOR,29,,1485855,40.0,3.726929638773321,2.705495628693156,10,8,1.0,37
EMP-003694,2017-01-19,IT,Manager,42,Female,984293,31.0,1.7341372953355716,4.632917095179885,14,9,0.0,7
EMP-003695,2019-06-17,HR,Manager,48,Female,319569,60.0,2.789078208494426,3.9536143845274903,17,1,1.0,44
EMP-003696,2020-02-27,Finance,Lead,50,Male,1844861,105.0,1.6430951964554694,3.5947130607134268,11,0,0.0,11
EMP-003697,2021-10-28,Marketing,Lead,35,Male,1001594,60.0,3.3934591043959292,1.567852161159348,8,1,1.0,4
EMP-003698,2019-11-17,Finance,Lead,22,Female,390781,119.0,1.4080336531235145,1.6031105501340357,40,0,0.0,3
EMP-003699,2018-07-30,Finance,Senior,41,Female,1264234,88.0,1.6320447771181112,4.6359030992742,42,2,0.0,44
EMP-003700,2015-02-04,Operations,Junior,26,Male,1355157,115.0,4.5831211029746814,2.7090773061119324,6,0,0.0,9
EMP-003701,2019-06-22,HR,Mid,28,Female,612185,78.0,1.81539403724231,3.0774790390889266,1,0,0.0,36
EMP-003702,2020-01-25,HR,Junior,27,Male,1194170,96.0,1.5440641253039726,4.833339987816739,27,1,1.0,19
EMP-003703,2019-03-29,Operations,Junior,32,Male,1246162,21.0,1.7155913018374873,4.332522324290594,19,6,0.0,15
EMP-003704,2018-12-23,Finance,Senior,53,Female,1642409,52.0,4.345868534574464,3.9672910457258554,39,5,1.0,1
EMP-003705,2017-04-26,Finance,Mid,31,Male,1571215,68.0,4.124954378709443,21.135692550592204,11,5,1.0,44
EMP-003706,2015-08-05,HR,Mid,48,Female,341730,9.0,1.97790776057888,4.62519655444538,0,0,0.0,8
EMP-003707,2020-04-14,Marketing,Senior,27,Female,1593088,26.0,2.8133477506092386,1.1425826807260298,33,8,1.0,38
EMP-003708,2020-12-10,HR,Senior,48,Male,372960,62.0,1.5959908773586133,4.54658099847456,2,9,1.0,0
EMP-003709,2021-01-27,IT,Mid,59,Male,567580,40.0,3.104711823593245,1.2528583564532756,47,9,0.0,45
EMP-003710,2019-06-22,Finance,Manager,36,Male,528096,14.0,1.771667971186913,2.411838634838439,24,2,1.0,39
EMP-003711,2019-03-04,Operations,Senior,56,Female,1471585,37.0,4.212762516899007,3.7755160687636433,8,7,1.0,20
EMP-003712,2019-06-07,Finance,Senior,41,Female,966506,57.0,2.63567525266293,3.3644662847621487,47,4,1.0,25
EMP-003713,2019-02-28,Finance,Lead,34,Female,1438616,72.0,1.3754240350106608,2.775957825927539,10,1,1.0,25
EMP-003714,2016-03-03,Operations,Lead,34,Female,930162,13.0,3.096756349363142,3.170326041036609,39,1,0.0,7
EMP-003715,2018-10-28,Marketing,Senior,26,Female,985235,28.0,4.533866782974794,,46,6,1.0,22
EMP-003716,2019-03-29,Sales,Junior,33,Female,1155065,68.0,2.454245729900389,4.856472349076753,37,-3,1.0,13
EMP-003717,2015-08-14,Marketing,,43,Female,657504,83.0,1.1985431498090637,1.689997206165907,48,4,0.0,21
EMP-003718,2015-05-25,Sales,,47,Male,1212068,18.0,1.4997085938947756,3.0603282685909945,24,0,0.0,1
EMP-003719,2018-03-22,Marketing,Mid,46,Male,601751,105.0,1.3937585727318598,4.051840846279436,21,5,0.0,17
EMP-003720,2015-06-20,IT,Junior,22,Male,1810299,76.0,1.093598868262331,1.4232488380717467,7,9,0.0,36
EMP-003721,2015-05-09,IT,Senior,42,Male,555619,108.0,4.571176492267446,1.6348523216418305,0,3,0.0,20
EMP-003722,2019-07-04,IT,Senior,46,Male,1564014,43.0,1.153727394419465,2.7830156375647617,22,2,1.0,25
EMP-003723,2021-04-03,Operations,Junior,57,Male,731679,116.0,4.549501948616893,3.943164229497964,40,3,1.0,36
EMP-003724,2017-08-14,HR,Junior,24,Female,1129831,94.0,2.3564316829388736,3.3268273297927444,40,2,1.0,27
EMP-003725,2017-09-20,IT,Manager,37,Male,1377953,51.0,2.3678435509523696,1.262020132737264,43,1,1.0,43
EMP-003726,2019-11-27,HR,Lead,59,Female,1772811,23.0,2.6729230225676566,4.0497973003187635,28,2,1.0,7
EMP-003727,2018-12-25,Marketing,,49,Female,1185433,28.0,3.5997265117278157,2.3484518654156754,41,5,1.0,20
EMP-003728,2015-06-28,Sales,Junior,22,Female,1916082,67.0,3.8812976596507744,2.2733825787418516,4,5,0.0,38
EMP-003729,2018-10-21,Finance,Lead,54,Male,392707,,4.159313016983808,4.850418270655096,29,0,1.0,3
EMP-003730,2015-06-13,Finance,Manager,49,Male,498024,108.0,3.7966557173615185,2.424111667480208,24,0,0.0,10
EMP-003731,2015-08-19,HR,Lead,34,Female,1259680,60.0,3.817302613638573,2.75137814301054,14,4,0.0,46
EMP-003732,2018-11-19,Sales,Senior,57,Female,683034,91.0,2.348388247317118,4.0050188345002455,38,6,0.0,41
EMP-003733,2018-03-08,Marketing,Lead,38,Male,1922286,98.0,2.218435165146835,4.624475131528408,23,7,0.0,31
EMP-003734,2021-01-27,Operations,Mid,35,Male,1628473,10.0,4.4283927034919195,2.5958741525268265,18,3,0.0,4
EMP-003735,2017-08-12,IT,Junior,43,Female,1454973,18.0,3.3477169026974205,1.622628567033511,15,8,1.0,10
EMP-003736,2017-08-07,Marketing,Lead,46,Female,871828,85.0,1.75973276326221,2.241014585990185,33,7,0.0,1
EMP-003737,2020-02-20,Operations,Junior,37,Male,1853798,4.0,2.0633378103010243,4.695107971285081,10,9,0.0,8
EMP-003738,2016-01-22,HR,Senior,28,Female,529287,4.0,4.677369128918977,4.485429238071599,47,5,1.0,42
EMP-003739,2015-04-29,Marketing,Senior,59,Male,1989630,94.0,2.5279820708154848,3.74511145687677,34,1,0.0,3
EMP-003740,2017-12-26,IT,Senior,37,Male,1316142,69.0,2.814564695308777,3.2643170386366442,31,4,1.0,40
EMP-003741,2016-03-13,Marketing,Mid,26,Female,1665188,,4.826761304996959,3.1602635130368903,20,5,,47
EMP-003742,2017-01-22,Finance,Lead,35,Male,1052185,37.0,2.140529344213901,1.8960248839911218,8,3,1.0,31
EMP-003743,2017-11-16,Sales,Mid,59,Male,425933,1.0,2.632889844556583,1.6236088399366815,34,4,1.0,47
EMP-003744,2019-03-25,HR,Junior,26,Female,1418126,66.0,3.3715725399814365,2.384209480883688,8,5,0.0,26
EMP-003745,2016-03-01,Finance,Lead,33,Male,1115026,113.0,4.124000757332055,2.3591995409811832,32,9,0.0,24
EMP-003746,2020-03-30,IT,Senior,45,Male,1772259,108.0,4.947941318157092,4.519978668556377,31,3,1.0,24
EMP-003747,2016-10-24,HR,Mid,53,Female,1667595,90.0,2.3305971330062127,1.6353247936541608,24,3,1.0,47
EMP-003748,2016-04-30,HR,Senior,53,Male,1311708,85.0,2.86451311260636,4.112068439563338,37,6,1.0,41
EMP-003749,2016-07-31,Operations,Junior,48,Male,574131,110.0,4.873353154397252,1.2222785234222173,1,0,1.0,19
EMP-003750,2020-10-18,Operations,Junior,54,Male,379555,117.0,4.556871214269999,3.8655373979499683,20,0,0.0,1
EMP-003751,2018-04-18,Sales,Mid,54,Male,1174246,15.0,2.386256149196481,3.1369194576641752,15,0,0.0,31
EMP-003752,2020-08-30,Finance,Junior,59,Female,1320145,89.0,1.7891284053521965,1.9670138066688945,44,6,0.0,47
EMP-003753,2016-04-19,Sales,Lead,48,Female,395433,60.0,4.329633740971563,4.585250590212029,2,9,0.0,32
EMP-003754,2015-08-29,IT,Manager,34,Female,1326809,100.0,2.5196213156517833,1.1217818175608438,42,0,0.0,14
EMP-003755,2021-01-28,HR,Junior,48,Female,1682059,18.0,3.8966830130593237,1.402238684615368,13,2,1.0,1
EMP-003756,2016-11-05,IT,Senior,33,Female,1433168,117.0,3.1331710546307994,2.162224856387571,22,2,,16
EMP-003757,2021-04-10,Operations,Senior,55,Male,1168665,59.0,2.726083820331393,2.152641944008788,27,5,0.0,17
EMP-003758,2021-08-02,Sales,Mid,26,Female,489972,,4.321549735042747,1.4236816529207519,40,-1,1.0,1
EMP-003759,2021-10-28,Finance,,32,Female,556264,86.0,2.0710524222383406,3.800468910790419,39,1,0.0,3
EMP-003760,2020-08-18,Marketing,Junior,33,Male,1920979,108.0,4.63228648972364,2.997244529855322,3,2,1.0,14
EMP-003761,2016-10-15,Finance,Junior,29,Female,402479,9.0,4.001218335601251,3.9994694088302474,25,5,0.0,34
EMP-003762,2019-05-24,Sales,Manager,56,Male,1795029,17.0,2.3567901907767403,3.4069127551157625,39,8,1.0,38
EMP-003763,2017-12-23,HR,Junior,23,Female,1870975,64.0,2.3793368418124383,2.108133886146123,29,3,1.0,6
EMP-003764,2016-02-01,IT,Mid,34,Female,761470,5.0,2.6454003140009847,3.3604597243091767,2,7,1.0,39
EMP-003765,2017-03-16,Sales,Senior,26,Female,509829,19.0,3.89998558828604,1.6022933101997503,43,6,1.0,34
EMP-003766,2021-09-05,Operations,Junior,50,Female,332688,60.0,4.241090109898517,4.52698096552877,26,5,0.0,19
EMP-003767,2016-11-21,HR,Junior,30,Male,1721044,59.0,4.68397632024036,3.0864637644104316,11,7,1.0,17
EMP-003768,2015-09-06,HR,Manager,27,Male,1773208,45.0,3.1417705725244804,1.0873374470705546,40,6,0.0,23
EMP-003769,2015-07-03,Finance,,48,Female,1092242,77.0,3.7655883365491896,2.2421951285882527,26,3,1.0,20
EMP-003770,2020-06-29,Finance,Junior,25,Female,1794845,13.0,3.4919975763758178,3.7610947842943583,6,1,1.0,3
EMP-003771,2015-12-01,Finance,Manager,52,Female,429758,,3.868832819016734,2.2849756323488877,15,0,1.0,11
EMP-003772,2021-05-23,Marketing,Mid,43,Female,1623984,13.0,3.631939575774479,3.6436175244302587,9,7,1.0,32
EMP-003773,2021-10-31,HR,Lead,27,Female,840617,119.0,4.8678705845320644,3.568106040087949,10,5,0.0,23
EMP-003774,2019-06-26,HR,Junior,42,Male,1776378,74.0,4.619910265147027,2.3833894441563084,40,1,1.0,29
EMP-003775,2019-07-21,HR,,33,Male,316242,36.0,3.062129954534304,2.2729057483405612,7,3,0.0,36
EMP-003776,2020-06-28,Marketing,Junior,30,Male,917480,100.0,2.509708491069207,2.7260165692586362,6,-3,0.0,5
EMP-003777,2015-05-05,Operations,Manager,59,Male,1040090,108.0,3.091442516152752,3.0558387047841458,34,5,1.0,3
EMP-003778,2021-04-05,Sales,Junior,52,Female,1826123,35.0,1.6198945678956518,3.1390689242312075,36,0,1.0,23
EMP-003779,2016-08-01,HR,Lead,35,Female,956170,94.0,1.0987654214125335,1.440413384677396,20,1,0.0,3
EMP-003780,2015-12-11,Operations,Mid,52,Female,1484334,118.0,2.165998923159821,,38,3,0.0,2
EMP-003781,2019-05-05,HR,Lead,31,Male,1798874,46.0,2.764081675519899,2.4760218922781534,8,4,1.0,12
EMP-003782,2015-01-06,Sales,Senior,54,Male,1436919,7.0,3.1117799503014494,2.421557455611522,5,4,0.0,31
EMP-003783,2016-04-01,Marketing,Junior,42,Male,428781,3.0,1.796189922638066,1.6022075949238834,49,4,1.0,13
EMP-003784,2019-05-25,Operations,Lead,43,Female,1959548,21.0,4.821735519018748,1.6056192552348696,10,5,0.0,1
EMP-003785,2017-12-25,HR,Manager,39,Male,794557,,2.8896218686361195,2.891016947008677,33,3,0.0,7
EMP-003786,2018-10-22,Sales,Manager,50,Female,933801,19.0,2.790839925460883,3.079511198068831,10,3,0.0,10
EMP-003787,2019-10-31,Finance,Lead,56,Female,1379317,106.0,1.779604956144079,4.821125442300022,46,-1,1.0,37
EMP-003788,2019-08-09,Sales,Junior,35,Male,1827543,75.0,3.102570125865286,1.184403942824447,38,2,1.0,7
EMP-003789,2021-02-04,Operations,Lead,45,Male,1271372,48.0,4.601905938615442,4.077904823880089,13,0,0.0,19
EMP-003790,2015-05-01,Sales,Lead,30,Male,1654145,82.0,2.0989767497924596,2.3509906284275384,21,0,0.0,27
EMP-003791,2015-05-08,Marketing,Junior,32,Female,905616,5.0,3.251647983962509,3.259523273601986,45,7,1.0,23
EMP-003792,2019-11-13,Operations,Manager,46,Male,1673101,1.0,2.8972477372160985,3.4727663293564586,22,4,0.0,47
EMP-003793,2020-09-24,Marketing,Mid,49,Male,1993823,26.0,1.468957720054687,2.235269340129261,14,2,1.0,42
EMP-003794,2020-03-11,Finance,Lead,52,Female,489812,57.0,2.031901756086319,2.42509479248436,38,3,0.0,7
EMP-003795,2020-05-23,Sales,Junior,55,Female,1142017,29.0,2.495196491664392,1.2859290982043445,5,5,0.0,23
EMP-003796,2016-04-10,Finance,Lead,33,Female,1686455,117.0,1.8177881988346183,2.6541571714551044,43,3,,45
EMP-003797,2018-10-15,Sales,Mid,44,Female,436782,43.0,3.043580826604192,4.4868711517186295,14,8,1.0,21
EMP-003798,2019-04-21,IT,Senior,41,Male,1335553,79.0,3.5755793153788886,4.893904084635231,21,1,1.0,46
EMP-003799,2017-01-25,Sales,Lead,41,Female,1022663,54.0,3.9156903683884083,1.0469557935870326,25,2,1.0,33
EMP-003800,2018-12-07,HR,Junior,49,Male,1459385,62.0,4.758151853922332,4.367889551335834,34,0,1.0,6
EMP-003801,2017-04-07,Finance,Senior,34,Male,699776,36.0,1.933050524829489,3.6761867467008917,17,5,1.0,36
EMP-003802,2015-02-11,HR,Manager,39,Female,1249650,20.0,4.665233062449065,2.7690938862902286,23,9,1.0,40
EMP-003803,2018-05-09,HR,Junior,42,Female,715644,74.0,1.7938306035739657,4.056953494121216,16,1,1.0,21
EMP-003804,2019-01-16,Operations,Manager,40,Female,725899,99.0,4.162111661555157,1.5281831968563049,46,3,1.0,39
EMP-003805,2019-06-01,Sales,Junior,22,Female,1096413,10.0,1.9021151260194387,3.4297709206947222,31,7,0.0,16
EMP-003806,2018-03-08,IT,Manager,47,Female,1893180,4.0,2.1868187237591785,1.2104086865164505,25,3,0.0,26
EMP-003807,2016-11-23,Sales,Mid,57,,614350,55.0,3.4961732389620566,3.686684822877876,19,6,1.0,5
EMP-003808,2017-12-03,HR,Senior,57,Female,961720,81.0,2.5821783452229257,1.616693087632945,2,0,0.0,43
EMP-003809,2017-01-31,Finance,Senior,45,Male,310438,10.0,2.7437390699400765,2.506892310340908,18,9,0.0,25
EMP-003810,2015-12-21,Sales,Mid,41,Male,1804631,34.0,1.7918276646888907,1.1831651239379672,3,8,1.0,28
EMP-003811,2020-03-19,Operations,Lead,33,Female,1548250,83.0,3.1910185765597294,4.99855052573798,36,8,0.0,15
EMP-003812,2016-03-23,Sales,Senior,35,Female,968261,61.0,1.519986495707316,1.2892680670118182,30,3,0.0,47
EMP-003813,2016-06-10,Sales,Manager,25,Female,1274530,111.0,1.7014086963202804,3.472082959488107,41,7,1.0,0
EMP-003814,2019-09-04,Sales,Senior,52,Female,1211926,81.0,3.171055790708419,2.6027597570231364,13,2,1.0,20
EMP-003815,2016-08-25,HR,Junior,23,Female,1625538,22.0,3.8914429875626535,2.085331554407251,41,2,1.0,12
EMP-003816,2015-01-19,Sales,Lead,45,Female,1670867,105.0,2.458743521970492,1.754014766643912,31,2,1.0,22
EMP-003817,2021-08-08,Finance,Manager,51,Female,1947285,99.0,3.0834596976696758,1.3725065610459706,23,7,0.0,46
EMP-003818,2016-08-21,Operations,Lead,47,Female,621315,16.0,1.1598127461955952,3.8055333667513267,48,8,0.0,7
EMP-003819,2017-06-06,Marketing,Junior,50,Male,1455125,67.0,2.5501421752996194,3.0965742751779524,16,5,0.0,36
EMP-003820,2021-06-14,Sales,Lead,54,Female,516849,109.0,1.9545047772897441,1.56616286109741,33,0,0.0,17
EMP-003821,2020-11-03,Finance,Lead,45,Female,767634,13.0,2.291430636748491,1.9814123848925242,28,9,1.0,23
EMP-003822,2018-05-06,HR,Mid,51,Female,1051317,69.0,2.7474066815584792,4.851172726808185,39,3,1.0,0
EMP-003823,2016-04-20,Sales,Senior,40,Male,499932,116.0,2.1485134180130068,,42,7,1.0,4
EMP-003824,2020-01-11,Sales,Junior,32,Female,361078,77.0,4.811042287299022,2.554680549234973,16,4,1.0,4
EMP-003825,2015-08-12,Sales,Manager,47,Female,1488774,24.0,4.687854693157401,3.6858404879368467,15,8,0.0,25
EMP-003826,2020-04-03,Operations,Mid,53,Male,1907667,35.0,1.5306043803055127,3.4703151261109104,7,0,0.0,35
EMP-003827,2020-03-13,Operations,Lead,46,Female,1747931,53.0,2.94553082174922,2.293419909996751,6,5,0.0,0
EMP-003828,2016-05-10,Operations,Senior,34,Male,1388886,2.0,3.8488913609586466,1.6506222203147076,46,2,1.0,47
EMP-003829,2017-05-10,Marketing,Mid,54,Male,496235,,1.2148209980868914,2.2771620029395194,30,7,1.0,16
EMP-003830,2018-02-20,Operations,Senior,42,Female,1338288,76.0,4.042945002540931,3.7361989793123334,31,3,1.0,3
EMP-003831,2015-02-24,HR,Mid,30,Female,395451,96.0,2.787549020241484,4.099476506225332,27,2,1.0,5
EMP-003832,2017-07-06,Sales,Manager,59,Female,1275326,69.0,2.6413636196501558,4.028925491103179,27,3,1.0,16
EMP-003833,2020-02-14,IT,Junior,36,Female,1921543,36.0,3.7932259130862787,3.0669573408194135,1,9,1.0,44
EMP-003834,2018-07-12,Operations,Senior,59,Female,904815,11.0,2.221056372586236,2.418077727548708,34,5,0.0,36
EMP-003835,2016-07-12,Sales,Manager,26,Male,441916,78.0,3.4696095244221596,3.5760077843223432,1,6,1.0,13
EMP-003836,2021-03-13,IT,Mid,46,Male,730411,,1.6706132494665473,3.98828765951668,46,7,1.0,35
EMP-003837,2020-11-25,IT,Manager,22,Male,1994843,8.0,2.414097812591502,2.2048569109798994,16,0,0.0,16
EMP-003838,2015-10-07,Finance,Senior,48,Female,1752850,3.0,3.756104120764429,1.0757325756954534,6,4,0.0,43
EMP-003839,2017-05-17,Operations,Junior,57,Female,1068193,86.0,3.666980443459225,1.2636728199386678,49,0,1.0,35
EMP-003840,2021-06-08,Marketing,Mid,24,Female,1232959,40.0,1.648117715611705,1.0992930961353697,23,3,0.0,18
EMP-003841,2021-10-29,Finance,Lead,38,Female,1936592,56.0,4.23411152365631,1.3636786413269792,15,1,1.0,20
EMP-003842,2017-09-06,Marketing,Senior,55,Male,1905345,48.0,1.5318048385303915,3.5506601024226474,8,5,0.0,16
EMP-003843,2016-05-26,Finance,Mid,44,Male,463083,51.0,1.8538897216902916,4.4035337149998535,37,1,1.0,12
EMP-003844,2018-04-10,Finance,Manager,54,Female,492609,39.0,2.847324963070963,2.2449213970616957,21,1,1.0,3
EMP-003845,2018-03-29,IT,Lead,52,Male,636309,98.0,4.30733935020937,4.200586729861632,26,1,0.0,11
EMP-003846,2020-06-24,Marketing,Senior,43,Male,678150,114.0,2.6512378106603034,4.78241832106476,18,8,0.0,25
EMP-003847,2020-02-23,HR,Junior,46,Female,554098,85.0,4.200589030951497,1.9562383870175268,29,0,1.0,27
EMP-003848,2017-09-18,HR,Junior,49,Female,1562521,1.0,4.087265510557769,2.582411747463919,43,5,1.0,38
EMP-003849,2019-05-16,HR,Senior,49,Male,498292,89.0,1.2912085820363775,4.544089177616596,21,3,0.0,33
EMP-003850,2020-01-14,Finance,Manager,42,Male,1222716,22.0,1.1662036293328857,3.20693898064787,49,4,0.0,1
EMP-003851,2015-09-05,Operations,Junior,22,Female,315506,17.0,3.0171150358353853,1.9653496165793736,45,1,0.0,9
EMP-003852,2016-10-10,Sales,Manager,47,Male,1759322,30.0,4.738377663596934,2.7350993852725174,17,2,0.0,17
EMP-003853,2017-05-07,Finance,Senior,41,Female,1272139,32.0,2.019346020556713,2.465652480126984,23,8,1.0,39
EMP-003854,2019-07-29,HR,Mid,31,Female,1173263,15.0,3.173341171493158,2.099195503624929,47,1,0.0,19
EMP-003855,2015-04-05,Marketing,Senior,43,Female,1851572,74.0,2.367003498270561,1.5564933616700296,46,9,1.0,26
EMP-003856,2015-09-30,HR,Senior,41,Male,914025,15.0,2.956887680034119,1.9797454662123748,6,2,1.0,47
EMP-003857,2017-06-13,Operations,Senior,46,Male,1610835,77.0,1.4714494229386244,2.9657010628628386,26,2,1.0,5
EMP-003858,2019-07-21,Operations,Senior,24,Male,1539167,6.0,4.484656830083683,3.181891032721751,18,2,1.0,28
EMP-003859,2015-08-09,Marketing,Manager,32,Female,1023429,109.0,3.819045063683155,2.2130502312937446,13,6,0.0,35
EMP-003860,2021-06-27,IT,Senior,22,Female,1024499,116.0,3.5432746659185974,4.926180529650775,32,3,0.0,2
EMP-003861,2019-01-23,HR,Mid,40,Male,658236,40.0,2.102399896311157,4.474266645554676,44,4,0.0,17
EMP-003862,2019-06-01,Operations,Lead,49,Male,531747,98.0,3.6906815132978115,3.659473252789023,1,6,0.0,5
EMP-003863,2019-02-01,Operations,Manager,54,,1117663,105.0,2.027089129942991,3.6630773541813277,3,3,0.0,17
EMP-003864,2021-07-08,Finance,Mid,47,Male,1037454,112.0,4.015034810697788,4.92204076715031,26,7,0.0,4
EMP-003865,2018-03-17,Sales,Lead,45,Female,921662,59.0,2.1467808269941284,1.528744392116415,5,8,0.0,7
EMP-003866,2015-02-15,HR,Junior,50,Female,1196029,8.0,3.291450831925214,3.4102448954718114,33,2,,20
EMP-003867,2021-03-05,Marketing,Manager,33,Male,730966,83.0,4.598859239740314,3.347105848556592,23,1,0.0,20
EMP-003868,2018-12-18,Sales,Senior,29,Female,1302728,17.0,3.6123548946481963,2.01755100763209,20,7,1.0,0
EMP-003869,2018-09-22,Finance,Mid,53,Female,1250153,113.0,2.1734783439297,1.507891995000835,34,3,0.0,14
EMP-003870,2016-11-19,Operations,Manager,30,Female,810167,31.0,1.4382959062515663,2.8944385582437433,36,8,1.0,15
EMP-003871,2019-10-30,Marketing,Manager,57,,843922,28.0,4.501869684883027,4.459584771863838,31,4,1.0,2
EMP-003872,2017-02-22,Finance,Manager,40,Female,1978832,13.0,4.796479529547382,2.826812895468754,21,0,1.0,24
EMP-003873,2015-03-22,Operations,Mid,54,Male,1534037,79.0,4.3871051045411384,1.0937777545107963,16,1,1.0,20
EMP-003874,2016-02-02,Finance,Junior,30,Male,466657,18.0,3.9976585630729633,2.3535702888378216,36,0,0.0,1
EMP-003875,2015-11-14,Operations,Manager,330,Female,316183,110.0,3.3524475475720386,2.3694399314098065,21,5,,2
EMP-003876,2019-03-06,Sales,Senior,25,Female,667099,2.0,1.365556140421944,2.264199842024489,24,6,1.0,44
EMP-003877,2018-07-27,Marketing,,33,Male,1897108,49.0,3.0423725437780234,4.909594405742485,49,0,0.0,43
EMP-003878,2015-03-08,Sales,Mid,47,Female,1161321,30.0,4.873959443670307,1.3704706578228465,24,4,1.0,15
EMP-003879,2021-04-07,Marketing,Manager,55,Female,1499983,1.0,2.602316041118618,1.8042040707659748,48,9,1.0,24
EMP-003880,2019-03-10,Operations,Lead,42,Male,599307,74.0,1.7362206098347093,4.712601547283885,28,0,1.0,7
EMP-003881,2015-12-29,IT,Manager,32,Male,1111774,39.0,1.7651864262738033,1.6628314074565398,21,3,0.0,35
EMP-003882,2020-07-17,Finance,Lead,42,Female,1202944,78.0,4.3615719323829065,3.1574470846999345,46,7,0.0,39
EMP-003883,2021-02-02,Operations,,47,Male,804769,17.0,4.088748084007003,2.941205356055449,9,2,1.0,26
EMP-003884,2020-07-27,Finance,Mid,28,Female,907354,2.0,1.081183380417491,4.336635086525446,47,4,0.0,44
EMP-003885,2016-09-10,IT,Mid,58,Female,1214718,13.0,4.502938745226171,3.5915067664327984,6,3,1.0,14
EMP-003886,2015-06-30,IT,Junior,48,Female,336421,50.0,4.683998427668402,2.045728507131874,16,1,1.0,33
EMP-003887,2016-09-17,Operations,Manager,38,Male,1790685,3.0,3.6784412708674896,4.085402086591214,49,5,1.0,37
EMP-003888,2016-05-22,Sales,Lead,23,Male,1303363,100.0,2.4175877380039554,1.9618076993732103,15,7,1.0,22
EMP-003889,2019-06-05,Marketing,Lead,42,Female,1165458,117.0,4.31357803554449,2.6817526650033217,41,7,0.0,1
EMP-003890,2016-05-18,Operations,Senior,35,Male,1187217,21.0,1.8231227590398476,2.0624145166829067,7,0,1.0,2
EMP-003891,2020-11-18,Finance,Lead,56,Male,1058812,97.0,2.98056498456427,4.259109802047422,18,0,1.0,42
EMP-003892,2015-07-29,Operations,Mid,28,Male,676989,110.0,2.418255158389336,3.3309060531214474,38,1,1.0,39
EMP-003893,2019-06-12,Sales,Mid,51,Male,624818,71.0,1.8132700021575685,3.7242829225035163,40,4,0.0,5
EMP-003894,2017-05-04,Sales,Senior,41,Female,1953229,56.0,2.675926592731336,4.504455132661861,23,-3,0.0,1
EMP-003895,2019-04-14,HR,,58,Male,417882,66.0,2.204138574019784,1.7557301175130657,37,9,1.0,42
EMP-003896,2016-08-19,IT,Manager,39,Female,1444780,,3.3167225885896614,3.598598732354286,10,4,0.0,8
EMP-003897,2018-09-26,IT,Senior,57,Male,1392199,117.0,2.43943095341732,4.704770808063325,48,3,1.0,45
EMP-003898,2015-11-13,IT,Mid,24,Male,1664693,32.0,3.5638041141126906,3.4472403587400513,25,2,1.0,17
EMP-003899,2016-05-19,Finance,Senior,55,Female,1921428,57.0,4.5294481983567945,3.955760317879607,23,9,1.0,25
EMP-003900,2019-03-13,Marketing,,46,Male,527613,118.0,2.4781543139652777,2.683232929847894,18,0,0.0,13
EMP-003901,2016-06-17,Sales,Lead,50,Female,1765526,61.0,4.199844159150896,1.650926760203085,28,2,0.0,37
EMP-003902,2019-05-28,Marketing,Senior,40,Male,1739992,,1.620992659857261,1.606061247562057,43,8,0.0,23
EMP-003903,2018-11-12,IT,Mid,57,Female,1344989,93.0,4.024719702587083,1.9603359254698245,32,9,1.0,47
EMP-003904,2019-04-08,Finance,Mid,58,Male,349733,32.0,2.6895640989717275,3.2898680188069016,0,7,0.0,16
EMP-003905,2016-10-31,IT,Junior,54,Male,1239780,35.0,1.9177504935154168,1.8828890313279874,41,0,0.0,11
EMP-003906,2015-09-09,Operations,Mid,25,Female,384555,55.0,2.15535501072347,1.7594143034587044,5,8,0.0,3
EMP-003907,2015-06-28,IT,Manager,41,Male,1363081,117.0,4.687156579323796,2.2069033245589877,3,1,1.0,1
EMP-003908,2017-06-15,HR,Manager,30,Female,1073121,91.0,1.150186213990854,3.6211822264326132,18,2,0.0,29
EMP-003909,2017-09-08,Sales,Senior,35,Female,464590,35.0,2.507526937298296,3.1612339146979,43,7,0.0,24
EMP-003910,2019-08-20,Sales,Mid,28,Male,1728141,94.0,2.4390201456628655,1.7907430413410284,36,9,1.0,31
EMP-003911,2019-09-20,Marketing,Mid,49,Male,1360831,77.0,4.210610761381054,4.125188219830003,12,2,1.0,7
EMP-003912,2020-11-18,Finance,Lead,39,Female,381082,22.0,1.7781877547966998,4.7056442491006445,14,4,0.0,14
EMP-003913,2021-09-21,Sales,Lead,40,Female,868313,108.0,2.6417461795644157,2.152296639254,6,5,0.0,12
EMP-003914,2018-08-27,IT,Senior,53,Male,584815,111.0,3.5560367620130005,1.8642966944684463,0,9,1.0,13
EMP-003915,2016-10-16,Finance,Manager,30,Female,620564,109.0,4.808823380954895,1.5519459843606374,17,3,1.0,16
EMP-003916,2017-01-31,IT,Manager,24,Female,985083,71.0,2.206441181592392,3.351250862617314,16,5,0.0,9
EMP-003917,2020-05-30,Marketing,Manager,45,Male,853125,20.0,3.857959664787109,1.389225520034794,49,6,0.0,35
EMP-003918,2015-07-14,IT,Manager,25,Female,974395,100.0,2.20873472524553,2.7366638860551933,27,9,0.0,20
EMP-003919,2017-05-31,Operations,Junior,48,Male,398077,47.0,3.0503500820153833,4.044157155708058,33,8,0.0,47
EMP-003920,2017-11-29,Operations,Junior,22,Male,1086519,85.0,4.972056131175045,2.11330832450283,46,6,1.0,7
EMP-003921,2020-02-19,Operations,Junior,22,Male,860427,81.0,1.4415602077154586,3.5117280575786842,16,0,0.0,17
EMP-003922,2020-09-25,Sales,Senior,290,Female,1757541,119.0,2.605736017385776,2.1684056296892478,9,6,1.0,30
EMP-003923,2020-11-23,HR,Lead,38,Female,399859,82.0,1.3423283450099688,2.3933619607846675,33,8,1.0,12
EMP-003924,2015-07-08,Finance,Mid,52,Male,1761308,84.0,2.3143868277636606,2.325357535484785,25,3,,46
EMP-003925,2016-11-09,IT,Senior,38,Male,1007299,5.0,1.0673536352155772,,15,2,0.0,13
EMP-003926,2015-06-21,Finance,Mid,29,Male,1444436,69.0,3.5505675211913696,1.9054007047336312,42,9,1.0,37
EMP-003927,2018-07-02,Sales,Junior,22,Male,1811237,9.0,2.138631014818817,1.263282033170697,31,9,1.0,37
EMP-003928,2018-08-17,HR,Junior,47,Male,1200517,3.0,1.8902000799324146,1.125846153252871,32,2,0.0,19
EMP-003929,2021-06-07,HR,Senior,53,Female,1592409,72.0,4.03559500753707,3.4496281672640348,46,2,0.0,26
EMP-003930,2020-10-03,HR,Manager,29,Female,1657886,99.0,1.9208281813588743,1.330631558803181,29,1,1.0,8
EMP-003931,2017-05-16,HR,Lead,36,Female,1674537,32.0,4.085499494557329,4.237658084191898,37,5,1.0,44
EMP-003932,2018-08-02,Sales,Junior,45,Female,1033988,74.0,1.877247500220991,1.2999465667673231,1,0,1.0,30
EMP-003933,2016-08-01,Marketing,Lead,41,Male,783653,54.0,4.572014758635939,1.8823588853993831,34,4,1.0,8
EMP-003934,2017-12-15,Sales,Mid,40,Female,1858801,115.0,1.0936700474173442,4.484611509651879,3,0,0.0,13
EMP-003935,2015-04-08,HR,Lead,56,Female,1154543,23.0,2.3629987460619537,2.624348301201098,24,1,1.0,22
EMP-003936,2019-10-28,Operations,Senior,58,Male,899488,98.0,1.1604317658292853,1.2751424873357808,37,1,1.0,3
EMP-003937,2017-10-05,Marketing,Senior,41,Male,1186279,36.0,4.083659581381325,1.1968285387532913,27,0,1.0,24
EMP-003938,2021-09-15,Finance,Mid,22,Male,1263636,6.0,4.529351740424488,4.553401520726812,12,2,0.0,21
EMP-003939,2016-06-09,HR,Senior,28,Female,1375413,98.0,1.1143718578991462,4.319483303733261,21,1,0.0,9
EMP-003940,2020-05-10,Finance,Junior,31,Male,689218,65.0,4.8965943268775325,3.5907939932781128,30,7,1.0,0
EMP-003941,2015-04-20,HR,Junior,27,Male,931309,100.0,3.850529503679449,4.553040324806353,49,7,0.0,36
EMP-003942,2015-04-22,Sales,Mid,25,Female,533109,89.0,1.4650656894436742,1.5660333640213828,3,6,0.0,15
EMP-003943,2016-05-16,Marketing,Senior,55,Male,1377130,12.0,2.0146755127476372,4.0015506283483635,7,0,0.0,13
EMP-003944,2015-08-06,Finance,Manager,41,Male,1049006,59.0,4.217023394491411,1.3567089482761308,36,5,1.0,34
EMP-003945,2018-12-22,IT,Junior,58,Female,1632213,16.0,2.1942973688982677,4.505323997648095,11,4,1.0,16
EMP-003946,2018-10-06,Marketing,Senior,25,Male,1035688,50.0,1.055765309798364,1.1418511135743157,0,4,1.0,10
EMP-003947,2021-08-13,Marketing,Lead,35,Female,1704449,32.0,3.747974632884439,3.9686880251918657,28,6,1.0,33
EMP-003948,2018-12-28,Finance,Manager,57,Female,1919362,62.0,3.1801609652949576,3.566680966503138,3,8,1.0,19
EMP-003949,2021-10-27,Operations,Senior,27,Female,1126377,22.0,4.443911828751945,4.083799965050259,25,8,1.0,15
EMP-003950,2020-01-25,Sales,Manager,27,Male,1128544,117.0,1.830577910786333,1.2880954522583292,35,1,0.0,10
EMP-003951,2021-01-07,Sales,Manager,45,Male,1311478,17.0,3.5472971516861214,3.1859295428069148,49,7,1.0,33
EMP-003952,2016-07-27,Finance,Mid,45,Female,345005,104.0,3.340633519072646,2.4494817408238356,44,6,1.0,42
EMP-003953,2019-11-15,Marketing,Lead,52,Female,1546839,48.0,2.5246179381955796,3.743853265487226,48,4,0.0,30
EMP-003954,2015-09-18,Finance,Junior,38,Male,584168,5.0,3.2898474782946994,3.1646419702166506,19,2,1.0,23
EMP-003955,2018-01-26,Operations,Senior,22,Female,1849073,49.0,2.06350585804254,1.4473091259752588,34,0,1.0,27
EMP-003956,2020-08-02,Sales,Lead,51,Male,317521,83.0,4.9457291410349775,4.415951650734261,40,0,0.0,3
EMP-003957,2020-07-05,HR,Senior,38,Male,1302047,61.0,3.8098041459239855,4.350636177820384,26,0,0.0,32
EMP-003958,2020-06-18,Marketing,Senior,26,Female,670782,1.0,1.193039670902344,3.3742782244089793,12,1,,14
EMP-003959,2016-06-21,Finance,Senior,36,Male,720668,13.0,3.0942903282124194,,8,6,1.0,47
EMP-003960,2015-03-16,Sales,Manager,45,Female,1081350,104.0,2.6984951850281775,3.8907369157295357,21,1,0.0,39
EMP-003961,2017-09-20,IT,Junior,42,Female,1632268,12.0,2.9633679391330126,2.346401443528052,26,8,1.0,30
EMP-003962,2018-01-05,Operations,Senior,39,Female,1216062,75.0,4.330142843683548,4.438937787939155,48,9,,22
EMP-003963,2020-07-09,IT,Mid,52,Male,1344964,107.0,1.378487028488979,2.6434777555287186,30,2,0.0,44
EMP-003964,2020-09-05,Finance,Mid,55,Male,1973405,10.0,3.2933313847064247,4.812107194461742,44,1,1.0,37
EMP-003965,2021-01-26,Finance,Junior,33,Male,403910,25.0,2.951681541333147,1.1890789519850196,14,4,0.0,4
EMP-003966,2017-01-19,Operations,Lead,29,Male,1161055,47.0,2.1884319524194806,2.8066808227990263,23,0,,10
EMP-003967,2021-09-15,Operations,Mid,45,Male,1969021,113.0,2.111695674818715,3.1992912663627044,41,8,0.0,11
EMP-003968,2021-09-04,Finance,Junior,51,Male,1238104,52.0,2.9531562924802612,4.173771454378485,35,1,1.0,1
EMP-003969,2015-04-15,Sales,Junior,52,Female,1171160,95.0,4.032710409465071,2.43938431480512,24,5,1.0,42
EMP-003970,2016-12-02,Sales,Junior,44,Female,1920829,25.0,4.755220257165236,1.3865963998294895,15,7,0.0,36
EMP-003971,2018-08-24,IT,Manager,29,Female,473861,2.0,3.1576612380404523,2.754623644758004,5,1,1.0,11
EMP-003972,2018-12-03,Sales,Mid,48,Female,601912,105.0,2.3948327080082725,4.150771129747943,18,4,1.0,15
EMP-003973,2019-01-29,HR,Junior,39,Male,527829,83.0,2.9699535326034168,2.9830340797880135,8,9,0.0,30
EMP-003974,2015-06-03,HR,Mid,27,Female,609266,23.0,3.9120728248911325,3.9043680424431613,25,6,0.0,32
EMP-003975,2019-09-01,Operations,Senior,57,Male,1220894,69.0,3.774544600152805,4.677186626398113,1,2,1.0,24
EMP-003976,2021-07-01,Sales,Senior,32,Male,1515620,89.0,4.819427982338427,4.485689269609342,31,0,0.0,38
EMP-003977,2018-04-05,IT,Mid,53,Male,1096313,65.0,4.933521119417234,2.083865203403263,37,9,1.0,39
EMP-003978,2019-04-05,Sales,Lead,26,Female,1925191,54.0,1.94176987994754,3.0997144392815756,35,9,0.0,24
EMP-003979,2019-08-06,Marketing,Lead,47,Male,1897583,102.0,2.9801983868472726,2.56089405910974,21,5,0.0,23
EMP-003980,2015-06-23,Operations,Junior,23,Female,1262671,67.0,3.8362060704405723,1.533852543047232,44,4,0.0,27
EMP-003981,2016-09-24,Sales,Manager,41,,468505,95.0,4.52866259831408,1.4689162141094405,45,7,1.0,34
EMP-003982,2020-10-23,IT,Manager,38,Male,1355793,84.0,2.3655989385139016,2.2299782035852753,20,6,0.0,2
EMP-003983,2017-04-27,Operations,Lead,27,Female,335975,20.0,3.2307738777692165,4.833204508353944,26,-1,0.0,22
EMP-003984,2017-08-21,IT,Mid,27,Female,1042041,111.0,1.186466070543351,1.6308890905128948,12,2,0.0,29
EMP-003985,2021-08-03,Sales,Junior,52,Female,859130,13.0,3.4228369774329255,4.479876452055194,33,8,1.0,41
EMP-003986,2016-10-21,Operations,Mid,36,Female,1404003,2.0,1.473706143676766,2.190509613104942,25,3,0.0,42
EMP-003987,2016-09-30,IT,Mid,52,Male,1376441,4.0,4.21617185029274,2.5885001936877763,24,1,1.0,20
EMP-003988,2017-06-12,Operations,Manager,54,Female,911511,117.0,3.1141932303821083,2.7539017016528997,9,1,0.0,15
EMP-003989,2017-05-31,Operations,,26,Female,1465903,26.0,3.5111076969812967,2.850431366364527,7,4,1.0,30
EMP-003990,2020-12-27,Marketing,Junior,29,Male,1077091,24.0,4.060319513000359,1.2557820212559831,7,3,1.0,13
EMP-003991,2021-08-19,Operations,Senior,460,Male,1138135,75.0,4.645349194919503,3.7553221140404864,15,8,0.0,19
EMP-003992,2020-06-24,Operations,Senior,53,Male,823001,42.0,2.218022510025326,2.8490939125857624,13,3,0.0,19
EMP-003993,2017-11-07,IT,Mid,39,Male,1968491,3.0,3.5013563399715473,2.0587591830180494,38,3,1.0,35
EMP-003994,2015-06-20,Operations,Mid,28,Female,1093048,60.0,2.680681746021437,1.2876856706939184,34,3,0.0,26
EMP-003995,2019-04-29,HR,Mid,22,Male,1009025,109.0,1.81317718720164,42.00509529644103,20,2,1.0,17
EMP-003996,2020-03-27,Operations,Manager,29,Male,397038,38.0,2.3758841533617705,2.6395053585054975,43,7,0.0,5
EMP-003997,2018-01-07,Finance,Senior,44,Female,677410,30.0,3.6718336460248384,2.0156753181422946,47,6,1.0,6
EMP-003998,2021-05-07,HR,Junior,54,Female,1222127,1.0,3.7076348092817106,1.751938082071283,1,9,0.0,6
EMP-003999,2018-06-16,Marketing,Junior,36,Male,707172,,1.695971580181252,3.690257872048359,5,4,0.0,11
EMP-004000,2021-03-02,HR,Lead,27,Male,607694,65.0,3.1702647156650547,4.028617726373081,46,6,1.0,43
EMP-004001,2015-03-21,Operations,Lead,31,Female,560830,100.0,1.8521288152426507,4.6475077866798395,26,0,0.0,6
EMP-004002,2016-12-03,Marketing,Junior,42,Male,1527880,30.0,1.4320460511420006,1.3619552367217906,8,3,0.0,12
EMP-004003,2021-06-05,HR,Lead,38,Male,1710032,43.0,4.213168114707318,3.4155009368811804,47,7,1.0,19
EMP-004004,2019-12-06,Sales,Manager,33,Female,1301922,37.0,3.6732351007052313,1.4754771738849715,35,1,1.0,34
EMP-004005,2017-03-25,Operations,Junior,39,Male,463115,55.0,4.735919891819732,2.493892050024155,5,8,1.0,25
EMP-004006,2019-11-07,Marketing,Manager,59,Female,323981,92.0,1.5470808909163205,2.4415519162040407,24,5,1.0,44
EMP-004007,2015-01-11,Operations,Manager,27,Male,915013,,3.4640475496014447,4.705559098776012,35,6,1.0,0
EMP-004008,2020-04-08,Sales,Junior,42,Male,416119,51.0,1.3309490821851697,1.0627750818655546,20,5,1.0,5
EMP-004009,2019-05-21,Finance,Mid,34,Male,1173704,92.0,2.396578412790812,2.4143143758499286,28,4,0.0,47
EMP-004010,2016-08-28,Operations,Lead,56,Male,1758760,46.0,2.4016191967846447,3.180746189910868,44,7,0.0,14
EMP-004011,2016-09-18,Finance,Junior,28,Female,1448215,69.0,3.3400340432209594,3.9482023619804436,30,9,1.0,20
EMP-004012,2016-09-03,HR,Lead,30,Male,1881656,18.0,1.200395898006518,2.024259766668023,21,9,0.0,13
EMP-004013,2021-08-02,Marketing,Mid,22,Female,1434443,98.0,1.605779919412221,4.890859928389763,12,0,0.0,11
EMP-004014,2020-02-17,HR,Mid,44,Male,1109314,75.0,4.024445101123477,2.531076409089941,27,1,1.0,25
EMP-004015,2018-04-30,HR,Manager,30,Male,568024,17.0,3.0645335681974486,4.9718095928561095,2,4,1.0,42
EMP-004016,2019-05-21,HR,Junior,43,Male,1224379,115.0,1.4215145698018214,3.520897917759338,40,5,1.0,38
EMP-004017,2016-08-14,Operations,Senior,42,Female,1394682,75.0,1.31633820565306,3.6889636496788145,39,5,1.0,11
EMP-004018,2020-05-04,Operations,Manager,51,Male,900634,86.0,1.6782871100851522,2.0047094049623273,12,4,1.0,7
EMP-004019,2015-09-22,HR,Senior,34,Female,1366194,103.0,4.317910381137846,1.8821943069275684,33,6,1.0,37
EMP-004020,2019-09-27,Sales,Manager,45,Male,1411900,108.0,4.430345074617113,1.45387720417909,37,0,0.0,10
EMP-004021,2016-01-29,Finance,Manager,23,Female,1679977,1.0,4.648451441768895,3.431616082402929,3,4,1.0,37
EMP-004022,2016-12-22,Operations,Manager,25,Female,1419583,22.0,3.164765191341274,4.035878879310248,10,9,1.0,9
EMP-004023,2018-04-13,IT,Mid,54,Male,1039091,,4.2965401750002705,2.998451938884818,15,3,0.0,21
EMP-004024,2016-06-28,HR,Mid,29,Female,1953584,65.0,1.6852712718105063,2.5857125209041043,24,5,1.0,19
EMP-004025,2018-02-02,Finance,,32,Female,1081441,43.0,1.023290162153173,1.834754340041275,3,6,0.0,13
EMP-004026,2015-09-12,IT,Junior,55,Female,1774519,51.0,4.6986593717858405,1.628181585106046,40,9,1.0,47
EMP-004027,2020-01-02,Operations,Junior,54,Female,438587,76.0,4.32429709727163,2.3112372633839726,29,4,0.0,28
EMP-004028,2015-06-09,Finance,Senior,38,Male,1236952,10.0,4.6565328231355245,4.810206795023133,15,1,0.0,32
EMP-004029,2018-06-07,HR,Manager,34,Male,1031030,40.0,1.9218370506728366,3.722149284925891,20,9,0.0,16
EMP-004030,2021-07-12,Sales,Lead,31,Male,1670990,80.0,2.344916835330874,1.095243986577942,1,8,1.0,19
EMP-004031,2021-05-26,IT,Manager,25,Male,809910,23.0,2.9392401218735937,3.2096169576320324,0,1,1.0,2
EMP-004032,2019-10-12,IT,Lead,33,Male,729913,99.0,3.599941710827857,17.73325510204228,6,7,1.0,16
EMP-004033,2019-02-26,Sales,Lead,22,Male,520391,102.0,1.0239695757290663,,45,9,0.0,33
EMP-004034,2021-03-31,Marketing,Mid,41,Male,1648072,2.0,3.174425520229263,4.310337629071279,12,3,1.0,9
EMP-004035,2020-01-31,HR,Junior,54,Male,1422442,7.0,4.529147270316164,4.551958898794236,49,7,1.0,23
EMP-004036,2015-06-08,IT,Lead,56,Male,931140,59.0,2.97217118077609,4.7512742618443635,17,9,0.0,28
EMP-004037,2021-05-25,Marketing,Senior,41,Male,1736303,48.0,4.772995121581413,2.1374397172325486,4,7,0.0,15
EMP-004038,2016-07-03,IT,Junior,44,Male,761971,91.0,2.5382450983431433,3.0546835573353532,40,2,1.0,9
EMP-004039,2021-07-19,Sales,Mid,46,,423980,,4.811555277478419,2.2410160385921363,21,2,1.0,7
EMP-004040,2015-08-08,HR,Mid,55,Male,1979468,4.0,1.631580944342243,4.885832383118945,14,4,1.0,6
EMP-004041,2019-09-10,Marketing,Mid,37,Female,373752,22.0,4.160525678736183,4.753387328859864,5,3,1.0,46
EMP-004042,2015-04-26,IT,Manager,34,Male,1156360,104.0,2.706195514908603,1.709364821928276,32,6,0.0,42
EMP-004043,2015-09-24,Marketing,Senior,29,Male,355008,23.0,1.5850424714838791,3.7595312386301662,17,9,1.0,27
EMP-004044,2020-09-01,Operations,Junior,45,Male,714110,58.0,1.6775172832328513,1.3820916805835175,16,4,0.0,27
EMP-004045,2020-02-19,IT,Lead,29,Male,1646392,33.0,1.2416229138670252,1.668825621304642,12,8,1.0,42
EMP-004046,2016-05-30,HR,Mid,33,,1839066,41.0,3.8233414018349916,2.0114091069485682,39,1,0.0,5
EMP-004047,2017-09-21,Sales,Mid,38,Male,1372295,86.0,4.567575582244091,4.01674711604392,46,6,1.0,7
EMP-004048,2019-12-18,IT,Mid,31,Female,1479613,69.0,3.401266511822638,2.570850271169369,38,1,0.0,29
EMP-004049,2021-08-30,HR,Senior,31,Male,1370642,75.0,3.4109135202076213,3.9223619515570642,42,9,0.0,42
EMP-004050,2017-03-30,Operations,Manager,25,Male,1113595,98.0,3.9580522067161628,2.8640262650884343,25,2,1.0,16
EMP-004051,2018-06-01,Operations,Mid,25,Male,770211,16.0,3.887053837940527,3.5120258169075553,48,8,1.0,19
EMP-004052,2016-07-03,Operations,Junior,55,Male,1541142,54.0,4.371489419584856,2.4920375804345007,5,6,0.0,26
EMP-004053,2019-01-16,Marketing,Mid,52,Female,687134,62.0,1.3575152541315032,1.304041636092617,9,4,1.0,18
EMP-004054,2019-09-26,Finance,Senior,30,Male,645533,52.0,3.4680868721487212,1.4350570124477247,27,2,0.0,5
EMP-004055,2017-01-29,Operations,Senior,53,Male,521915,55.0,2.9983544159267366,4.851929731175355,7,3,1.0,19
EMP-004056,2020-02-22,Marketing,Manager,26,Female,1784019,35.0,1.1727030074397735,2.46925868889938,25,8,1.0,10
EMP-004057,2015-11-27,IT,Senior,57,Male,871672,58.0,2.727381441324484,2.2661262137993585,3,2,0.0,33
EMP-004058,2020-12-08,Finance,Junior,53,Female,502985,58.0,1.1426535893045666,4.358246269316991,32,0,1.0,37
EMP-004059,2016-05-25,Finance,Senior,27,Female,491493,92.0,3.2997954111365475,,46,7,0.0,31
EMP-004060,2015-12-22,Marketing,Senior,54,Male,1845450,55.0,1.6934010130799955,4.16779007996177,38,1,0.0,23
EMP-004061,2021-01-12,Marketing,Mid,47,Female,1909885,115.0,2.693443525593333,2.9308924709660285,40,8,1.0,16
EMP-004062,2019-05-08,Operations,Manager,57,Female,326805,7.0,2.273052829591634,1.9358565972711204,14,4,0.0,7
EMP-004063,2017-05-05,IT,Manager,31,Male,492546,53.0,2.026532218891744,4.819547185018033,42,4,1.0,44
EMP-004064,2017-01-18,IT,Junior,36,Male,836756,41.0,1.071569982478663,2.5080860583404068,21,7,0.0,4
EMP-004065,2015-09-20,Finance,Mid,42,Male,771020,49.0,2.925235029516808,3.1703619166404695,16,5,0.0,18
EMP-004066,2021-01-19,IT,Lead,28,Female,744309,76.0,2.916681308939353,1.7723171463107752,13,8,0.0,26
EMP-004067,2019-12-14,HR,Manager,59,Female,1288651,111.0,4.1374191701800065,1.6455416751198757,43,7,1.0,24
EMP-004068,2015-08-02,Finance,Junior,35,Male,895696,84.0,4.684361929901669,3.7183918256832023,36,2,0.0,13
EMP-004069,2016-06-09,IT,Senior,44,Male,1180228,92.0,2.750346526075714,4.1984578972776525,28,4,0.0,18
EMP-004070,2020-09-19,Operations,Manager,42,Female,680287,29.0,4.975242365881099,,2,5,1.0,38
EMP-004071,2021-08-11,IT,Junior,54,Male,656470,102.0,4.636195152542296,1.416547849099489,1,9,0.0,38
EMP-004072,2015-03-21,Marketing,Manager,25,Male,1242527,15.0,2.8610465990185703,1.571693182745309,7,6,1.0,24
EMP-004073,2016-06-20,HR,Mid,36,Male,899734,66.0,1.6697167826257653,1.279963380822684,23,5,1.0,22
EMP-004074,2016-06-28,Sales,Manager,57,Female,812343,62.0,4.1777417668269,1.13090193808334,28,8,1.0,42
EMP-004075,2017-10-02,IT,Lead,58,Female,560476,12.0,3.1700605623329867,2.9555163150860997,9,1,0.0,28
EMP-004076,2015-07-10,Sales,Mid,35,Female,1734164,95.0,1.1491401331358366,4.5075325455098785,32,7,0.0,43
EMP-004077,2019-01-31,HR,Manager,51,Male,972154,30.0,2.2632124109440204,3.9376811768041406,46,1,1.0,31
EMP-004078,2021-01-19,Sales,Lead,54,Female,944128,50.0,1.4126644416645204,2.9003916538420267,44,8,0.0,17
EMP-004079,2021-09-26,HR,Junior,42,Male,1789836,19.0,1.5486770868675,1.230801441522563,31,2,1.0,33
EMP-004080,2017-02-17,Finance,Junior,25,Female,1173083,63.0,4.601942446783816,1.1912485753258948,39,9,1.0,21
EMP-004081,2015-08-17,Sales,Manager,47,Male,553468,32.0,1.3302554592338334,2.6346932332731647,33,2,1.0,7
EMP-004082,2017-07-28,Marketing,Manager,53,Female,560437,63.0,1.5316953780392355,2.2500265809318316,30,5,1.0,2
EMP-004083,2019-07-23,Marketing,Mid,49,Female,1760620,8.0,4.492050718359957,1.8474641586790312,29,0,0.0,9
EMP-004084,2018-05-10,IT,Manager,25,Female,530535,107.0,2.314946924618449,4.5455491435432975,45,4,0.0,10
EMP-004085,2015-04-11,Finance,Manager,36,Female,1745820,104.0,4.605050790778391,3.7028867744775296,42,4,1.0,27
EMP-004086,2015-12-05,Marketing,Lead,41,Male,404020,20.0,1.4252915187485535,4.647889887759401,41,1,0.0,44
EMP-004087,2017-10-09,Operations,Mid,53,Male,1771555,39.0,2.7297060560722723,2.9516132195295026,28,4,1.0,19
EMP-004088,2017-01-25,IT,Senior,38,Female,1857433,75.0,2.2784755011133804,3.0256714297231424,37,8,1.0,43
EMP-004089,2015-10-28,Sales,,55,Female,407363,85.0,2.498334571292249,1.8935870803687407,25,6,1.0,17
EMP-004090,2015-03-03,HR,Junior,56,Female,333861,62.0,4.914019587010298,3.143757623662646,26,0,1.0,36
EMP-004091,2016-09-20,Marketing,Senior,22,Female,1771810,79.0,1.3134987729403051,2.2673911796542456,26,0,1.0,28
EMP-004092,2015-10-27,Operations,,55,Male,785964,38.0,1.989294051862117,3.045895898575316,11,3,1.0,39
EMP-004093,2015-07-22,IT,,40,Male,713538,119.0,4.720083423588729,2.532313983894324,14,9,0.0,45
EMP-004094,2020-07-06,Finance,Mid,37,Male,1908776,20.0,2.8295292636990634,3.76686124345871,20,7,1.0,17
EMP-004095,2016-02-16,Marketing,Senior,25,Female,1984038,12.0,2.6957790477935872,4.319995125831209,3,9,0.0,11
EMP-004096,2019-01-05,IT,Mid,41,Male,1173452,102.0,2.1535314406168955,2.7948497874210694,27,8,1.0,19
EMP-004097,2016-03-22,Sales,Mid,33,Male,1382568,94.0,3.995000786150852,2.1164025076483957,13,4,1.0,36
EMP-004098,2016-09-03,Sales,Senior,53,Female,1840090,10.0,2.3468946028589355,2.9085217592152013,3,9,1.0,32
EMP-004099,2020-03-17,IT,Lead,53,Male,1644862,5.0,4.582413436917158,1.3284851734338834,0,7,0.0,42
EMP-004100,2019-08-24,IT,Senior,41,Male,1389657,22.0,2.0528302260225773,1.9783665899570604,22,-7,1.0,12
EMP-004101,2020-10-31,HR,Senior,42,Male,493202,,2.1015868442288457,2.8504461830728847,26,4,0.0,45
EMP-004102,2019-03-14,Finance,Senior,41,Male,1823111,69.0,3.416074682894934,4.238184497114194,6,6,1.0,10
EMP-004103,2017-02-22,HR,Mid,32,Female,1694157,25.0,4.966843325576235,1.2645446111908942,25,9,1.0,41
EMP-004104,2021-09-16,Finance,Mid,50,Male,1212572,4.0,2.4496446304246695,4.013278618928545,2,1,0.0,10
EMP-004105,2021-09-20,IT,Junior,38,Female,836531,64.0,1.0086296055283435,1.5264288644233814,38,0,1.0,3
EMP-004106,2018-01-11,Marketing,Mid,27,Female,1855509,36.0,1.3623600095771429,3.401891039601376,4,0,1.0,37
EMP-004107,2016-03-01,Sales,Manager,32,Female,1310556,15.0,3.0265491160486993,1.0128538395667248,34,4,0.0,42
EMP-004108,2017-01-31,Marketing,Mid,50,Female,1091339,42.0,3.2448730130937906,1.5482714540800746,35,6,1.0,31
EMP-004109,2017-03-01,Sales,Senior,47,Female,1821014,47.0,1.5791202842375371,3.1354588282832867,39,8,1.0,36
EMP-004110,2016-11-26,Finance,Lead,57,Male,1302571,83.0,3.6494051924794157,4.871419983550503,46,8,0.0,29
EMP-004111,2020-12-18,Finance,Junior,22,Female,710753,,1.6402261493410877,3.0183331073138784,40,9,1.0,24
EMP-004112,2019-09-27,HR,Senior,29,Female,337969,1.0,3.1253631075165407,2.4049952454098933,34,3,1.0,25
EMP-004113,2016-01-02,Marketing,Mid,35,Female,1486084,92.0,4.005192395841613,1.437910983693624,7,9,0.0,0
EMP-004114,2021-04-30,Operations,Manager,34,Male,742347,42.0,2.9018147350845895,1.935915250188991,24,2,0.0,34
EMP-004115,2021-10-26,Marketing,Mid,52,Male,873401,,3.070756114593226,3.952049786670426,28,3,0.0,20
EMP-004116,2018-02-01,Marketing,Manager,23,Female,418553,40.0,3.657718231696793,1.889175978845893,33,0,0.0,37
EMP-004117,2019-12-27,Operations,Mid,22,Male,1491172,113.0,2.4667337096198483,4.9275259466601895,38,4,1.0,33
EMP-004118,2015-03-02,Sales,Lead,36,Female,1122005,72.0,4.106753811594935,1.3183444109774598,0,9,1.0,29
EMP-004119,2015-03-06,Operations,Senior,59,Male,855968,9.0,1.1920815534008922,3.957081087939581,4,1,1.0,39
EMP-004120,2016-10-28,Finance,Manager,24,,1448193,31.0,3.3322065932014553,3.584062804229803,27,6,0.0,44
EMP-004121,2018-08-27,HR,Mid,57,Male,1765284,16.0,4.312461411945033,3.9887234271244782,40,2,1.0,29
EMP-004122,2019-08-15,IT,Lead,48,Male,408410,29.0,2.587096794706065,2.2397592922568417,29,8,0.0,37
EMP-004123,2020-09-19,Sales,,41,Female,1601299,96.0,2.0016163029385043,1.2133531637923776,35,8,1.0,40
EMP-004124,2016-03-24,Operations,Lead,53,Male,1949630,111.0,2.8068220384348734,,13,6,1.0,3
EMP-004125,2015-01-13,Operations,Manager,42,Female,711999,,1.1456407453072073,2.0069593181163286,1,9,0.0,1
EMP-004126,2021-04-03,Marketing,Junior,37,Male,1813920,58.0,4.850244276330319,4.073785553674695,47,4,0.0,13
EMP-004127,2020-04-06,HR,Mid,36,Female,1396422,64.0,2.306325497527401,1.9958352778246837,0,8,0.0,17
EMP-004128,2021-03-17,Operations,Senior,56,Female,1965462,110.0,1.294496767255068,1.060736213958379,47,1,0.0,3
EMP-004129,2015-06-25,Finance,Senior,24,Female,549041,105.0,4.337627767587675,4.142767474361277,33,0,0.0,4
EMP-004130,2018-05-19,IT,Lead,40,Male,363547,106.0,2.8157154381427247,3.8589785017328992,9,1,0.0,11
EMP-004131,2019-09-26,Finance,Manager,22,Male,1721696,61.0,4.132925660058687,4.221558655293914,16,3,1.0,6
EMP-004132,2017-04-26,Sales,Manager,22,Female,1457833,39.0,2.286337269314016,3.107669775348976,32,2,0.0,29
EMP-004133,2018-12-11,Sales,Mid,39,Female,1222977,83.0,1.3399222762699168,4.277629134642026,41,5,0.0,15
EMP-004134,2015-07-12,Sales,Lead,45,Male,1675185,39.0,2.5729065309116317,2.6963400608290864,45,9,1.0,47
EMP-004135,2021-05-30,HR,Manager,36,Male,967183,4.0,4.097340733907833,4.145048953363167,16,7,0.0,5
EMP-004136,2017-03-15,Sales,Senior,34,Male,1897497,45.0,3.663358671581752,1.1182492467599445,18,2,1.0,34
EMP-004137,2015-04-19,HR,Senior,34,Female,817755,56.0,3.453983970876877,4.675480851449652,26,8,1.0,27
EMP-004138,2017-08-28,IT,Lead,43,Female,1962549,24.0,4.748650090904279,1.6527458813393467,24,6,0.0,46
EMP-004139,2019-08-01,HR,Mid,57,Female,780356,95.0,4.994727756119428,2.7929755616140386,6,5,1.0,33
EMP-004140,2015-06-30,Operations,Senior,49,Female,648695,116.0,2.8809926320209756,1.3300712707084643,0,6,1.0,19
EMP-004141,2016-04-02,Sales,Lead,31,Male,1090017,2.0,2.0453363022008033,1.3128385328849466,48,2,1.0,11
EMP-004142,2021-02-05,Marketing,Senior,31,Male,1783224,,2.1073796467603523,4.051609146757444,0,8,1.0,0
EMP-004143,2016-02-09,Finance,Lead,53,Female,1574802,70.0,4.817602883059109,1.4314408415841737,24,8,1.0,33
EMP-004144,2016-09-30,HR,Lead,42,Female,992981,50.0,3.2473198158243766,2.643089826462475,22,9,0.0,44
EMP-004145,2017-07-03,HR,Mid,57,Female,1889917,35.0,1.2330476146096538,2.9578687271307254,40,1,1.0,19
EMP-004146,2019-12-05,Finance,Manager,51,Female,441788,20.0,1.1037980933232032,2.4801949167931667,28,3,1.0,5
EMP-004147,2018-08-07,HR,Manager,51,Female,990808,95.0,3.4734346880931883,,2,1,1.0,38
EMP-004148,2016-10-28,HR,Junior,280,Female,1402678,5.0,4.4990806763020705,4.740625752663637,2,9,0.0,6
EMP-004149,2018-08-01,Finance,Lead,27,Male,686243,69.0,3.457708453658169,1.1240307690751954,9,7,0.0,31
EMP-004150,2019-08-29,Operations,Mid,28,Male,550524,106.0,1.1253198011064005,4.343520278228159,9,5,1.0,22
EMP-004151,2016-05-13,Sales,Senior,32,Female,930201,88.0,4.995796071696154,4.409854221259021,31,9,1.0,44
EMP-004152,2017-06-26,Finance,Senior,40,Female,1222835,,1.637323853837232,2.712072437799612,5,2,1.0,28
EMP-004153,2019-10-13,Finance,Lead,57,Male,1782770,43.0,2.2773088203771144,1.3727896508585116,28,6,0.0,32
EMP-004154,2019-08-04,Sales,Manager,35,Female,659437,2.0,1.8835864603653203,1.9888172208214656,13,1,1.0,28
EMP-004155,2019-03-28,Marketing,Lead,30,Female,665728,114.0,1.5722011499127553,2.4973771574831307,2,4,0.0,4
EMP-004156,2019-04-07,Marketing,Junior,37,Male,1815554,118.0,1.510782038557894,3.4318963148398565,40,9,1.0,2
EMP-004157,2016-10-03,Finance,Manager,27,Male,806262,86.0,2.4301762248677856,2.383054345123443,9,2,1.0,0
EMP-004158,2016-05-24,HR,Senior,57,Female,605334,119.0,1.8665830984962457,3.5838438326350506,7,6,0.0,1
EMP-004159,2018-12-03,Finance,Junior,34,Female,1105357,83.0,4.947953109077455,3.6247835523285143,39,3,1.0,14
EMP-004160,2020-03-14,Operations,Junior,36,Female,732271,37.0,2.518171321362808,33.92874017775838,36,6,0.0,37
EMP-004161,2018-12-22,Finance,Senior,50,Female,581877,50.0,3.407753194970978,4.744070403509171,43,1,1.0,11
EMP-004162,2019-07-26,Marketing,Manager,25,Female,431176,42.0,3.3459891835394813,1.7927523711732865,22,8,0.0,21
EMP-004163,2021-01-24,Operations,Manager,49,Female,997876,61.0,3.7526359588655285,1.7578683600961194,33,3,1.0,22
EMP-004164,2017-05-29,Operations,Manager,27,Male,1731217,49.0,1.4614080393704865,2.0928590997250938,2,5,0.0,40
EMP-004165,2016-07-01,Sales,Mid,42,Male,880626,115.0,1.7957828577531512,1.9580697764161936,40,2,1.0,40
EMP-004166,2015-10-22,Marketing,Lead,50,Female,1735214,19.0,3.2387917627072067,4.108538580725231,33,4,0.0,4
EMP-004167,2020-09-02,Operations,Junior,41,Female,1230300,23.0,1.4875698982767882,2.637009495198672,16,2,0.0,8
EMP-004168,2015-07-22,Operations,Manager,35,Female,329675,2.0,1.325991326071899,2.9256148772978814,19,4,0.0,19
EMP-004169,2018-01-02,Operations,Mid,44,Female,553101,46.0,3.9618405820903564,3.1235255380058353,30,2,1.0,5
EMP-004170,2020-07-15,IT,Senior,51,Female,1861086,77.0,2.8486093274905104,3.0760204363471497,13,7,1.0,42
EMP-004171,2021-02-10,HR,Mid,37,Female,598777,115.0,3.0569169503168525,1.7390642323866934,18,9,1.0,8
EMP-004172,2017-01-08,Sales,Senior,28,Female,511573,82.0,2.983702846133051,2.9030735840926005,35,0,0.0,10
EMP-004173,2019-11-15,Sales,Mid,27,Female,1962282,86.0,2.9454588396915224,1.5112561516533622,7,6,0.0,33
EMP-004174,2021-07-10,Marketing,Junior,47,Female,1854106,80.0,2.8853457665575513,2.9638444466436007,17,6,0.0,28
EMP-004175,2021-10-13,Sales,senior,31,Male,1165671,79.0,4.389443000769274,4.793394712932697,47,4,,8
EMP-004176,2017-07-27,Marketing,Lead,36,Female,1396111,24.0,2.3288138649351757,3.2154251130745113,6,5,1.0,21
EMP-004177,2018-11-22,IT,Mid,47,Female,481657,18.0,1.6713554917561182,3.7196676737661334,20,1,1.0,34
EMP-004178,2016-12-22,HR,Lead,55,Male,1308224,13.0,2.2908830974455983,3.137036608471772,21,4,1.0,25
EMP-004179,2018-08-05,Sales,Junior,33,Male,319636,64.0,3.6080617342477,2.7966094565478974,47,0,,33
EMP-004180,2019-06-01,Marketing,Junior,31,Female,1409967,13.0,4.656737030025676,2.9440905599365634,31,2,0.0,22
EMP-004181,2018-10-31,Sales,Mid,52,Male,1531572,41.0,2.059985263432597,4.139155726353471,46,7,1.0,35
EMP-004182,2021-05-15,Sales,Junior,33,Female,1893903,22.0,4.194461621692328,3.6872311835369214,6,3,0.0,7
EMP-004183,2020-05-25,Operations,Mid,28,Female,377565,,2.0569014371217094,3.7308762937488704,48,3,1.0,44
EMP-004184,2021-07-02,Operations,Senior,36,Female,1282482,49.0,3.904622204727389,2.6798967722671287,26,3,0.0,31
EMP-004185,2017-06-17,Operations,Junior,50,Female,1950027,61.0,3.4721380499519245,1.2259227914111057,22,4,0.0,31
EMP-004186,2020-09-27,Finance,Lead,43,Female,1215225,48.0,2.5732671497788027,1.8032166570650334,28,3,0.0,7
EMP-004187,2017-06-27,IT,Manager,42,Male,993381,119.0,3.084691220059338,1.109564883800326,24,2,1.0,30
EMP-004188,2015-02-16,Sales,Senior,55,Female,425778,13.0,1.9213160183313582,2.468278389009339,5,1,0.0,23
EMP-004189,2020-09-08,IT,Junior,23,Female,602655,23.0,2.4642995302570134,3.0024226137957735,24,5,0.0,27
EMP-004190,2021-06-02,HR,Manager,45,Female,1025648,108.0,1.7486730718541703,3.4285798034775725,23,3,1.0,18
EMP-004191,2021-04-16,Sales,Mid,49,Female,1206667,42.0,3.341428387010729,1.0877381920619893,48,0,0.0,36
EMP-004192,2015-03-26,Marketing,Manager,44,Male,1180540,32.0,4.8508562084303835,,22,7,,27
EMP-004193,2020-01-25,IT,Junior,53,Male,915190,64.0,3.8862224756100323,1.413141725619543,44,3,0.0,21
EMP-004194,2015-09-04,Finance,Senior,30,Male,1797733,37.0,2.479802404167176,2.190871824651126,22,1,1.0,17
EMP-004195,2017-03-09,Sales,Mid,26,Male,780392,56.0,2.0456018584233986,4.91026226520084,34,9,0.0,32
EMP-004196,2019-04-22,Sales,Lead,49,Female,1520008,72.0,4.972716423111491,3.9050860106091645,18,9,1.0,16
EMP-004197,2016-10-04,HR,Mid,30,Female,975093,104.0,3.2269856254055695,3.4253496406755763,30,9,0.0,34
EMP-004198,2016-03-14,IT,Lead,45,Male,1097150,75.0,3.751085283866014,2.16211073182701,22,3,1.0,18
EMP-004199,2019-01-30,Marketing,Mid,26,Male,1645138,42.0,1.3293928216841144,3.0947370613657075,24,6,0.0,21
EMP-004200,2018-12-07,Marketing,Mid,53,Female,1265504,99.0,4.084196029159897,2.983190685288991,22,6,1.0,30
EMP-004201,2021-09-09,IT,Manager,49,Female,571351,108.0,2.409266026027395,4.880906850778375,42,4,0.0,33
EMP-004202,2021-01-26,Marketing,Lead,28,Female,352602,16.0,1.165472046954941,2.5836932107519726,48,0,0.0,9
EMP-004203,2018-05-26,Finance,Lead,22,Female,456505,63.0,1.2052059009730556,4.244460666134836,34,6,1.0,12
EMP-004204,2015-08-22,HR,Mid,24,Female,1974049,47.0,2.8507274878910707,3.3750749683355186,41,6,1.0,16
EMP-004205,2016-03-21,IT,Senior,30,Male,698786,9.0,2.2236241125379004,2.8886862459692524,14,6,1.0,22
EMP-004206,2021-05-17,Finance,Lead,24,Female,371945,29.0,3.670712128825347,1.1531048130859016,17,2,0.0,25
EMP-004207,2020-03-19,IT,Lead,35,Female,1855795,1.0,4.65330691159391,3.9636125951393093,41,3,0.0,22
EMP-004208,2019-07-19,IT,Senior,53,Female,1146355,67.0,3.621543438566916,3.7925086914445187,23,8,0.0,9
EMP-004209,2021-10-16,Finance,Lead,51,Male,383905,72.0,3.0801206648057504,2.5153298057846634,30,4,1.0,27
EMP-004210,2016-09-29,Sales,Manager,27,Female,701656,22.0,2.45458907168321,1.0910885961674026,20,3,1.0,45
EMP-004211,2020-08-27,IT,Lead,43,Female,834005,109.0,1.292799879153344,2.5757841249465168,5,6,1.0,17
EMP-004212,2021-08-01,Finance,Junior,44,Female,1659940,92.0,3.3119901173497626,4.526858011090329,19,5,1.0,34
EMP-004213,2020-05-18,HR,Senior,54,Male,1648847,26.0,1.8484926811316944,2.579120453530057,4,6,0.0,9
EMP-004214,2019-06-14,HR,Lead,30,Female,354156,12.0,1.077063773604241,1.5709006045039358,3,6,1.0,29
EMP-004215,2015-04-22,Marketing,Lead,47,Male,1495904,81.0,2.5343671457749193,4.111922852749975,21,1,0.0,29
EMP-004216,2016-10-21,Marketing,Junior,43,Male,1821336,24.0,3.0155185316894313,,33,6,0.0,19
EMP-004217,2015-03-17,Finance,Lead,44,Female,1761533,101.0,2.50313288074792,3.4195347832686127,1,8,0.0,34
EMP-004218,2016-12-16,HR,Senior,44,Female,1250569,14.0,1.6020416594378202,2.107091757479338,13,9,1.0,47
EMP-004219,2015-02-13,IT,Lead,23,Male,813060,93.0,4.282161758249704,2.1050398149737215,41,1,0.0,7
EMP-004220,2015-02-18,Marketing,Lead,51,Male,779371,35.0,4.456157937217295,3.1759290851152793,47,0,1.0,25
EMP-004221,2016-10-16,IT,Manager,30,Male,507443,17.0,2.1725106202882216,1.0767261392288026,2,6,1.0,1
EMP-004222,2015-11-10,HR,Senior,22,Male,1019410,49.0,2.269195227619528,2.5229325684975383,0,5,1.0,31
EMP-004223,2015-02-27,IT,Manager,45,Female,850228,99.0,2.464450598094553,1.394924417585746,36,4,0.0,34
EMP-004224,2016-01-28,IT,Manager,52,Male,1861391,56.0,2.151124206402308,3.2288747406769076,18,3,0.0,0
EMP-004225,2016-11-27,Marketing,Mid,24,Male,1968989,61.0,1.2932381805605018,3.49626652870929,26,6,1.0,3
EMP-004226,2020-08-09,Finance,Senior,27,Male,731193,97.0,3.99245750751527,2.627303843068323,31,7,0.0,21
EMP-004227,2018-08-03,Sales,Junior,35,Male,638708,119.0,2.167933456303051,17.295058925202117,32,4,0.0,21
EMP-004228,2016-04-07,Operations,Junior,36,Male,470587,118.0,3.9541589940905357,1.1088182748967377,34,2,0.0,45
EMP-004229,2018-07-01,Marketing,Lead,53,Female,1361900,54.0,4.708894291504048,2.9772380001245753,5,5,1.0,16
EMP-004230,2019-05-27,IT,Lead,35,Female,1850784,68.0,3.2296158187295614,2.640930008745697,34,4,0.0,22
EMP-004231,2020-07-28,Operations,,58,Male,1206579,23.0,4.774676000554139,1.5363476562724774,21,9,0.0,34
EMP-004232,2019-07-21,HR,,49,Female,1590982,2.0,3.96838248614196,3.3561696366102862,25,0,0.0,28
EMP-004233,2015-01-23,Finance,Junior,42,Male,1132609,65.0,3.7395143360577574,4.115767038821595,40,6,1.0,2
EMP-004234,2016-01-03,Operations,Senior,59,Male,350744,85.0,3.9225310143924608,1.8741288855381537,10,6,1.0,11
EMP-004235,2018-02-20,Marketing,Manager,33,Female,886625,37.0,4.553583861570431,3.74662711746083,22,4,1.0,24
EMP-004236,2016-08-08,Finance,,46,Male,1671985,17.0,2.71539442894861,2.2710047377380285,49,3,1.0,34
EMP-004237,2020-03-08,Finance,Lead,47,Male,987917,15.0,1.2278927677118423,3.0364710871979224,1,4,0.0,15
EMP-004238,2021-09-20,Finance,Senior,31,Female,1242064,68.0,4.465425319226446,2.590317337871523,14,0,0.0,4
EMP-004239,2019-03-29,HR,Senior,31,Female,648271,75.0,1.1225216236090514,3.865576209308839,22,9,0.0,35
EMP-004240,2018-11-20,Finance,Senior,34,Male,560713,99.0,2.495089276699859,3.7502625393550533,31,7,0.0,4
EMP-004241,2019-10-08,Operations,Junior,570,Male,1185596,54.0,1.1769304664257967,2.850951223367412,13,4,1.0,45
EMP-004242,2016-11-11,IT,Senior,22,Male,771831,61.0,1.916775555627543,4.3449495066881845,27,4,1.0,19
EMP-004243,2021-05-12,HR,Mid,37,Male,694337,32.0,3.3845618686059424,3.5432040117288293,41,9,1.0,14
EMP-004244,2018-05-12,Sales,Manager,22,Male,730089,74.0,4.3777612810127735,2.906916071715862,28,2,0.0,14
EMP-004245,2020-12-19,IT,,42,Female,1301705,46.0,2.426236288124846,4.583516449671161,42,2,1.0,7
EMP-004246,2017-08-29,Sales,Mid,57,Female,1589403,44.0,2.158575856616657,4.163369788312844,18,9,1.0,33
EMP-004247,2019-05-03,Operations,Manager,34,Female,399623,62.0,1.1601211107601777,3.6186081664862213,24,7,1.0,31
EMP-004248,2019-06-26,HR,Junior,49,Female,849494,102.0,4.905851294558305,1.6214664253754392,33,7,0.0,43
EMP-004249,2019-03-15,Finance,Mid,57,Male,1906791,72.0,3.4498525507511304,2.1946605867565987,41,2,1.0,11
EMP-004250,2015-03-07,IT,Junior,55,,1321464,7.0,3.8814528158919934,1.84991175397285,44,9,1.0,21
EMP-004251,2017-10-12,Marketing,Senior,46,Female,955468,79.0,3.163323813670842,,0,1,0.0,9
EMP-004252,2015-02-27,Operations,Manager,45,Female,1663016,63.0,1.6912410812164702,1.0571190156432673,43,1,1.0,16
EMP-004253,2017-03-26,Operations,Lead,33,Male,336058,79.0,2.9227093945484546,2.7359395698779587,48,1,,14
EMP-004254,2018-10-27,Finance,Lead,43,Female,648109,19.0,4.577798719605065,3.7129098665607954,32,1,0.0,45
EMP-004255,2018-08-06,HR,Junior,44,Female,1674588,,3.745439958329385,2.749909185616857,37,2,1.0,22
EMP-004256,2019-02-04,Finance,Manager,56,Male,1879250,12.0,2.9714717057602993,2.686244667728243,1,9,0.0,5
EMP-004257,2021-08-18,IT,Senior,56,Female,1970631,97.0,2.5886918440102096,4.3193172229574035,18,7,0.0,1
EMP-004258,2019-10-19,Finance,Junior,30,Female,1182389,68.0,1.9834296268457647,2.053847992715648,26,4,0.0,11
EMP-004259,2015-05-16,Finance,Senior,29,Male,878894,116.0,1.0703153015774243,1.9991530040844618,46,1,0.0,2
EMP-004260,2016-08-07,Operations,Manager,48,Male,437094,13.0,3.2403489779041643,2.5107019448959313,2,3,0.0,21
EMP-004261,2015-04-02,Finance,Junior,37,Male,1417667,93.0,4.301460442975225,1.0826980643974462,2,3,0.0,16
EMP-004262,2020-03-15,Marketing,Mid,59,Female,1616993,54.0,3.593012216319612,3.6922385779238094,31,8,0.0,5
EMP-004263,2020-10-31,Marketing,Junior,37,Female,1212953,49.0,3.3021741815813814,1.0592744568730335,6,5,0.0,37
EMP-004264,2020-09-17,Operations,,36,Female,1726936,100.0,3.2418302880799996,4.690938606934679,15,7,1.0,17
EMP-004265,2020-05-28,Marketing,Junior,26,Male,1894363,12.0,4.303748082899218,4.680722478365585,36,3,1.0,15
EMP-004266,2021-09-03,Sales,Junior,51,Female,1386709,89.0,2.684698599136077,3.64942386075564,49,8,,9
EMP-004267,2018-02-16,IT,Manager,57,Male,1423755,25.0,1.9104099482984358,1.4060141772752508,17,7,1.0,36
EMP-004268,2018-07-11,Sales,,29,Male,1000242,81.0,2.6819043224100017,4.327716480448142,24,0,0.0,31
EMP-004269,2019-09-08,Operations,Lead,51,Male,627993,108.0,3.801695342522715,2.2364685264013593,20,0,1.0,42
EMP-004270,2020-03-09,Finance,Senior,58,Male,1364673,39.0,1.5160544139572298,4.336006590975685,33,5,0.0,45
EMP-004271,2020-05-21,IT,Senior,51,Female,1785277,84.0,2.572630384761951,3.8162274128357883,36,3,0.0,9
EMP-004272,2019-10-15,Operations,Manager,30,Female,1345129,83.0,4.722852445860519,4.23222507483555,5,5,0.0,42
EMP-004273,2018-09-25,Operations,Mid,33,Male,1449111,99.0,1.9275196781840664,2.5443813261189216,28,9,0.0,16
EMP-004274,2018-01-29,HR,Mid,33,Male,1140982,88.0,1.4694469517433433,2.85782130655109,11,9,1.0,2
EMP-004275,2020-01-25,IT,Mid,44,Male,1607063,74.0,3.5425578822072765,1.9961451884052512,46,7,0.0,41
EMP-004276,2017-02-04,IT,Senior,30,Female,1148212,77.0,3.8673310906393064,3.4891774301369622,41,1,1.0,31
EMP-004277,2016-02-18,HR,Senior,32,Female,794184,3.0,4.225096685811277,1.673425824243056,45,9,0.0,34
EMP-004278,2015-06-26,Sales,Junior,53,Female,932360,93.0,3.834910433242887,3.950553006481236,26,1,0.0,37
EMP-004279,2018-07-23,Finance,Manager,52,Male,811331,76.0,4.2610775594012535,2.362495504333841,44,3,1.0,2
EMP-004280,2016-08-05,Finance,Senior,22,Female,1082009,85.0,3.9629537070282237,4.293503482671149,40,0,1.0,20
EMP-004281,2015-01-11,HR,Senior,24,Female,1400634,88.0,1.9573614178883103,2.8575503620884244,20,2,0.0,42
EMP-004282,2017-10-09,HR,Junior,54,Male,548959,46.0,1.157876565929643,2.5771284878259566,25,2,0.0,6
EMP-004283,2020-03-12,Marketing,Manager,35,Female,1486618,54.0,3.2982775594304594,3.716759962669206,48,2,1.0,12
EMP-004284,2018-06-22,Operations,Junior,22,Female,871097,59.0,2.079226351731572,4.074853880735261,19,2,1.0,47
EMP-004285,2015-09-22,Marketing,Junior,59,Female,1275170,85.0,1.7716562787833392,1.9905596138170356,22,9,1.0,43
EMP-004286,2019-03-27,Finance,Lead,34,Male,1673525,39.0,1.0162390206192065,25.1439693626749,44,2,1.0,31
EMP-004287,2021-02-15,Sales,Junior,33,Female,1747941,9.0,3.2592346223781665,2.245377224922362,34,8,1.0,46
EMP-004288,2020-08-30,Operations,Junior,45,Female,989546,46.0,2.869871525140035,3.62367526713954,46,0,1.0,40
EMP-004289,2018-03-23,Sales,Junior,26,Male,1190628,56.0,2.128846316925955,1.7740993059819372,37,1,1.0,12
EMP-004290,2019-09-05,HR,Senior,45,Female,1884261,68.0,1.8842528342438807,1.491717856344596,33,1,0.0,18
EMP-004291,2016-12-06,Sales,Lead,28,Male,884078,83.0,4.273209728485834,1.5927001751470442,30,9,1.0,9
EMP-004292,2018-02-25,Marketing,,27,Male,1658720,71.0,3.1330873533834813,1.6406519605265615,7,6,0.0,0
EMP-004293,2019-03-09,Marketing,Manager,59,Male,1300123,89.0,2.6045874188606755,1.2930210899673074,37,6,1.0,13
EMP-004294,2016-11-19,Finance,Lead,51,Female,1088080,70.0,4.411621251819598,3.269386915471086,24,8,1.0,33
EMP-004295,2015-08-31,Finance,Junior,36,Female,1618094,55.0,3.1077670999421785,1.8187485007722959,22,8,0.0,5
EMP-004296,2018-09-30,Finance,Manager,23,Female,332018,12.0,2.1172100726218104,3.161947871683274,21,0,0.0,9
EMP-004297,2020-04-22,IT,Senior,24,Male,680561,39.0,3.7011284626869982,4.511269558056403,2,8,0.0,9
EMP-004298,2018-06-18,Sales,Manager,24,Female,1309994,27.0,1.3026370831297864,3.1567107477743983,43,1,1.0,45
EMP-004299,2015-07-19,Marketing,Manager,37,Female,1461761,31.0,4.820868901192629,2.8092057052873503,42,5,1.0,8
EMP-004300,2019-06-25,Marketing,Manager,51,Male,459075,35.0,1.2811113406805532,1.989115885387736,25,6,1.0,33
EMP-004301,2017-12-29,Sales,Manager,29,Male,629083,24.0,3.0840343233117062,4.4674020939940124,1,9,0.0,19
EMP-004302,2015-01-18,Sales,Mid,40,Male,675740,60.0,4.310553422479458,4.683336462322659,29,1,0.0,35
EMP-004303,2015-07-13,IT,Junior,44,Male,1121340,54.0,3.4139305917087834,3.9697782256666194,6,1,1.0,17
EMP-004304,2016-03-06,Sales,Junior,40,Male,690243,115.0,2.637106354371988,1.2607456414618707,39,2,,30
EMP-004305,2019-01-20,IT,Junior,30,Male,522578,56.0,2.2624687318505354,1.0654756793520184,19,3,1.0,5
EMP-004306,2019-10-07,Sales,Mid,28,Female,1853429,3.0,1.4660457311193085,2.7766494666477564,24,4,1.0,44
EMP-004307,2016-02-12,HR,Mid,38,Female,413233,39.0,3.953906315956765,4.680882033488803,28,2,1.0,36
EMP-004308,2018-01-12,HR,,52,Female,1398966,39.0,4.375932562172081,1.7054474843887961,47,1,1.0,9
EMP-004309,2019-10-27,Finance,Mid,36,Female,342407,110.0,2.4313390763682583,2.07735273473687,2,8,0.0,32
EMP-004310,2019-01-28,Operations,Manager,41,Male,1731843,26.0,3.076992761220069,2.05734129190965,30,3,1.0,3
EMP-004311,2016-12-16,HR,Manager,56,Female,1080359,26.0,1.7966621590051406,1.3293247515370834,34,7,0.0,42
EMP-004312,2016-06-04,Sales,Lead,26,Female,633666,18.0,2.6110279104894802,4.8293421191444,10,7,1.0,24
EMP-004313,2015-07-08,Operations,Lead,36,Male,1050065,118.0,3.9396456576928465,4.613685016874621,36,1,0.0,11
EMP-004314,2019-08-20,HR,Lead,45,Female,467709,73.0,3.392240624349096,1.8674511071465547,41,4,1.0,22
EMP-004315,2021-10-07,Operations,,49,Male,836482,38.0,1.8868551119872192,4.503390945666495,1,7,0.0,18
EMP-004316,2016-10-05,HR,Mid,29,Female,1680582,64.0,2.9701463526805423,3.646852182850135,18,9,1.0,24
EMP-004317,2016-03-19,IT,Manager,31,Male,510347,94.0,4.015537392801139,1.4320730341185595,3,0,0.0,12
EMP-004318,2020-05-31,Finance,Senior,52,Male,926568,30.0,2.303349741956947,1.6212698043227705,27,5,1.0,4
EMP-004319,2016-03-09,HR,Junior,35,Male,1835411,33.0,3.9649149843807656,1.7094212870298318,39,5,0.0,0
EMP-004320,2020-02-19,Marketing,Junior,57,Male,312963,40.0,3.4603015084098288,4.1905023230947585,22,2,1.0,31
EMP-004321,2018-08-04,Marketing,Manager,44,Female,1930096,80.0,1.8727443044031955,4.064932934603307,37,8,1.0,22
EMP-004322,2020-09-24,Sales,Senior,33,Female,819509,52.0,4.760605432881553,1.022446739762922,35,5,0.0,16
EMP-004323,2019-02-07,Sales,Senior,22,Female,1424306,17.0,2.778384362398209,2.9683356262038427,34,1,0.0,2
EMP-004324,2019-06-28,Sales,Mid,45,Female,1565621,118.0,3.561129338151851,4.498205650264868,41,7,0.0,18
EMP-004325,2015-07-01,Sales,Junior,29,Female,1063268,71.0,3.053686597715653,1.656137310421017,21,1,1.0,37
EMP-004326,2015-08-20,HR,Lead,45,,700412,98.0,4.12559721308074,1.4075161651554438,33,0,0.0,36
EMP-004327,2016-04-06,Finance,Manager,56,Male,647264,101.0,4.039141574316327,1.8194950525041338,44,9,0.0,37
EMP-004328,2015-05-30,HR,Mid,37,Male,766819,100.0,4.602057666370557,2.4758962386981764,22,8,1.0,2
EMP-004329,2020-04-25,Marketing,Senior,56,Male,1862088,46.0,3.521952693436668,2.2188026158231273,18,0,1.0,31
EMP-004330,2015-09-20,IT,Junior,24,,1400291,89.0,1.544938850538819,4.463925387512869,4,2,1.0,12
EMP-004331,2015-11-14,HR,Manager,37,Female,1224767,108.0,1.2244907709385435,3.0566561768801632,9,0,1.0,41
EMP-004332,2015-02-13,IT,Senior,31,Male,1498948,3.0,1.6793742520730044,2.11642320505399,40,6,0.0,29
EMP-004333,2021-05-27,Sales,Senior,43,Male,406326,30.0,3.137717066212732,3.5376410282103183,10,4,1.0,23
EMP-004334,2017-06-24,Finance,Senior,46,Male,348652,29.0,4.306613113731849,4.380569114868148,33,3,0.0,32
EMP-004335,2018-01-24,HR,Lead,57,Female,1417787,36.0,3.590397809828613,4.331426060278229,1,8,1.0,2
EMP-004336,2016-04-12,Marketing,Lead,37,Female,1741432,19.0,1.4848168189281128,2.745924013610973,23,4,1.0,13
EMP-004337,2016-06-10,Finance,Junior,50,Female,637450,114.0,1.7726866453236916,,16,2,1.0,0
EMP-004338,2018-10-30,Marketing,Senior,22,Male,1111497,98.0,3.2389949327759515,4.096229989801868,33,3,1.0,29
EMP-004339,2021-09-10,Operations,Manager,29,Female,1958578,108.0,3.475476224248266,2.150112502458427,16,9,0.0,13
EMP-004340,2018-01-09,Operations,Manager,29,Female,594294,70.0,2.753272740152222,2.303241818599838,18,5,0.0,19
EMP-004341,2018-12-21,Operations,Junior,49,Female,307779,87.0,3.5084047652057038,1.3986233722036756,6,8,0.0,26
EMP-004342,2016-06-13,Sales,Manager,43,Female,1527904,94.0,2.159435217069859,3.335662081999537,29,0,1.0,15
EMP-004343,2016-01-03,Operations,Manager,22,Female,720309,94.0,4.317103286776407,1.4205471372612068,36,9,,44
EMP-004344,2018-06-19,Finance,Junior,57,Female,1578408,55.0,3.0445735377559853,2.058103313674312,35,5,1.0,24
EMP-004345,2020-01-12,Finance,Lead,46,Female,1486794,104.0,1.4202750715500367,1.8164963635140552,48,3,1.0,31
EMP-004346,2016-03-11,HR,Manager,41,Female,1049045,5.0,4.559152747608007,3.592099504213134,36,3,,37
EMP-004347,2021-09-23,IT,Mid,48,,1829009,81.0,4.547666679510525,4.216260859359364,24,4,1.0,26
EMP-004348,2015-12-29,Sales,Junior,38,Female,1352870,82.0,1.6205490318587565,2.860757911547771,31,9,1.0,28
EMP-004349,2018-12-05,IT,Lead,28,,550651,44.0,3.291977259044321,2.7066972287950306,47,9,0.0,46
EMP-004350,2017-10-24,Operations,Lead,41,Female,1959576,109.0,1.096164032789663,2.554414554425641,17,9,1.0,24
EMP-004351,2017-09-05,Marketing,Senior,58,Female,462758,85.0,4.28071823053299,1.0500192785750895,7,4,0.0,18
EMP-004352,2021-07-07,Marketing,Manager,51,Female,631395,36.0,1.99593806960814,3.4898608913515354,49,2,0.0,28
EMP-004353,2015-12-18,Sales,Lead,24,Female,874846,85.0,2.696262687626102,4.4903466444299225,20,0,1.0,26
EMP-004354,2021-02-12,HR,Senior,57,Female,352732,44.0,4.671219208489396,2.7213370713124587,33,8,0.0,22
EMP-004355,2016-04-01,Operations,Senior,59,Female,1138518,66.0,4.600712975135515,3.769740303932158,1,5,0.0,11
EMP-004356,2019-10-31,Marketing,Junior,57,Female,457737,14.0,4.306003161650453,3.915745020901113,0,2,1.0,13
EMP-004357,2017-10-20,Finance,Senior,22,Male,1956494,25.0,2.8755204782998107,4.689433278661008,24,6,0.0,12
EMP-004358,2015-08-19,Operations,Lead,49,Male,1838755,13.0,4.855313478749067,4.6692986316646286,15,0,0.0,32
EMP-004359,2017-01-14,Marketing,Junior,48,Male,1091875,34.0,1.371505994829211,4.749095879802195,18,4,0.0,6
EMP-004360,2015-02-17,IT,Mid,54,Female,1249900,38.0,4.010242273320101,2.4179775648587123,39,3,1.0,33
EMP-004361,2016-03-12,Marketing,Mid,58,Female,1569791,87.0,3.0558454794979353,3.6042434306189954,44,0,1.0,28
EMP-004362,2018-12-21,IT,Senior,49,Male,1937290,58.0,2.8694077973952337,1.903954072908438,22,6,1.0,2
EMP-004363,2015-09-14,Marketing,Senior,38,Female,438189,53.0,3.1585597059591257,3.8392143822383695,27,9,1.0,5
EMP-004364,2020-02-05,Marketing,Senior,58,Male,1320456,49.0,2.551637562484365,2.0119394861143634,11,8,0.0,21
EMP-004365,2017-10-12,IT,Mid,50,Female,1846535,16.0,3.825408341011419,4.470161853804877,44,5,1.0,13
EMP-004366,2017-07-29,IT,Manager,57,Female,674781,105.0,2.323036668606086,1.2516854811848264,10,1,0.0,10
EMP-004367,2017-09-06,Operations,Manager,30,,536698,38.0,3.370523418949058,4.318141048016798,12,9,0.0,30
EMP-004368,2015-12-28,Operations,Manager,54,Male,1949752,56.0,2.2473249685919163,3.119804956303826,41,5,0.0,41
EMP-004369,2015-11-10,Sales,Lead,41,Female,407371,13.0,3.3904075750102667,4.479404238419359,47,3,0.0,14
EMP-004370,2015-05-15,IT,,58,Female,1729427,93.0,3.645092195508957,4.835039241304802,31,3,1.0,13
EMP-004371,2018-02-03,Finance,Manager,43,,1211946,51.0,3.3688244962956317,1.3437182922986173,12,3,1.0,38
EMP-004372,2018-05-10,Operations,Junior,52,Male,1809853,22.0,4.408094874820195,1.802083638869631,2,5,1.0,7
EMP-004373,2020-07-08,Finance,Lead,42,Male,1024825,73.0,2.951678563089462,,15,2,0.0,30
EMP-004374,2019-12-14,IT,Lead,35,Female,1407752,72.0,2.1185405272670517,2.369065996277535,23,8,0.0,26
EMP-004375,2018-04-23,IT,Senior,24,Female,1865421,104.0,3.82556972821608,2.0180742042283617,20,5,0.0,14
EMP-004376,2016-10-03,IT,Junior,53,Female,602169,,1.1806193317218132,4.8997351393200566,31,5,1.0,5
EMP-004377,2015-01-28,HR,Lead,52,,1492635,34.0,4.514162018310996,2.697937510182156,27,0,1.0,16
EMP-004378,2021-09-26,Finance,Mid,31,Male,1521092,50.0,1.1373373631093653,3.571109381275855,28,6,0.0,23
EMP-004379,2015-07-22,Operations,Senior,36,Male,485175,8.0,3.8667417578499497,1.2795218661790635,1,2,1.0,3
EMP-004380,2019-10-10,Marketing,Mid,36,Male,1646488,14.0,4.938662287362423,1.4987114579368441,41,2,1.0,20
EMP-004381,2019-06-22,IT,Lead,45,,1846134,,1.480659597736468,3.5857863414970685,17,7,1.0,42
EMP-004382,2016-07-09,Marketing,Mid,44,Male,1956668,37.0,2.488517845560134,1.678130397966087,27,1,1.0,46
EMP-004383,2019-02-04,Sales,Mid,25,Male,546674,96.0,3.7083302260941386,1.0156345748561209,45,2,0.0,30
EMP-004384,2020-01-28,Marketing,Junior,57,Female,1257436,23.0,1.05994695481828,,12,3,1.0,6
EMP-004385,2021-04-29,Sales,Mid,49,Male,1863035,110.0,4.453418162983072,,47,6,0.0,27
EMP-004386,2020-09-21,Sales,Senior,40,Female,1792825,115.0,4.5408482577932485,1.4551686722160047,15,3,0.0,7
EMP-004387,2017-12-09,Sales,Manager,28,Female,1907799,112.0,2.391154215747581,4.733330995306801,16,2,0.0,35
EMP-004388,2015-03-06,Sales,Manager,40,Male,1873183,73.0,4.35062766408885,1.6784857607583152,5,7,0.0,21
EMP-004389,2016-04-12,IT,Manager,38,Female,569223,1.0,3.5066330204526674,2.8808236837856858,17,4,1.0,15
EMP-004390,2016-08-14,HR,Junior,41,Male,1309337,66.0,4.7054725459107,2.280250005114683,24,9,0.0,0
EMP-004391,2016-01-22,HR,Mid,45,Female,1156850,45.0,4.009245231332855,1.2575695689179418,25,9,0.0,6
EMP-004392,2015-09-02,IT,Senior,43,Female,1972355,73.0,4.984936783665109,4.090359070260789,47,9,0.0,30
EMP-004393,2016-03-18,Marketing,Lead,34,,971730,110.0,3.5272160045375727,4.567085525022966,46,1,0.0,7
EMP-004394,2017-10-02,Sales,Manager,48,Female,1232417,84.0,3.5147098925013025,2.143240682593341,16,2,0.0,18
EMP-004395,2017-09-08,Operations,Manager,23,Male,1985683,111.0,1.650327715877379,1.3316656594728018,34,6,0.0,40
EMP-004396,2015-02-17,Operations,Junior,57,Female,1057083,5.0,1.9544169391852826,1.829957042714716,3,4,1.0,29
EMP-004397,2016-04-13,Operations,Lead,43,Female,1068815,84.0,3.12961504022337,4.505632438696247,10,9,1.0,2
EMP-004398,2018-02-01,Finance,Lead,53,Female,1936675,99.0,3.0586167297629965,3.207529981277364,42,8,1.0,10
EMP-004399,2015-02-24,HR,Mid,28,Female,1132957,48.0,1.2352094749110751,4.245335426840039,40,7,1.0,23
EMP-004400,2018-11-14,IT,Senior,57,,1915627,83.0,4.164831095762786,2.9376888169442057,7,5,,21
EMP-004401,2019-09-24,Marketing,Lead,58,Male,1356874,104.0,1.4667711504140617,1.6208874979854841,11,4,1.0,45
EMP-004402,2017-08-02,Operations,Manager,45,Female,900582,103.0,1.7270563939168881,4.696550829571981,34,2,1.0,1
EMP-004403,2015-12-27,Marketing,Junior,49,Female,563662,60.0,4.739883826561256,4.245084631757458,38,3,0.0,12
EMP-004404,2018-05-29,HR,Lead,45,Female,445381,18.0,3.6900774714667746,4.393056078404975,39,8,1.0,44
EMP-004405,2021-02-17,Finance,Manager,25,Male,1405645,93.0,4.4772482853095665,2.5949987243292565,5,5,0.0,15
EMP-004406,2018-09-07,Operations,Mid,46,Female,899700,60.0,3.022848953162384,3.502363973813659,17,7,1.0,25
EMP-004407,2020-05-22,IT,Senior,29,Female,1170809,4.0,4.899459263846042,4.495636017982469,39,3,0.0,20
EMP-004408,2019-05-22,Operations,Manager,56,Male,1744037,27.0,4.107788356565695,3.81259018974735,24,7,1.0,47
EMP-004409,2020-09-03,HR,Senior,54,Male,1391473,91.0,1.431740230195643,3.200345184672094,41,1,1.0,25
EMP-004410,2016-07-29,Sales,Manager,47,Male,1632951,61.0,2.627691370106117,4.330788640524131,30,0,0.0,22
EMP-004411,2016-08-01,IT,Junior,58,Male,1275870,11.0,4.610698745262325,1.1163736283087933,49,5,0.0,6
EMP-004412,2020-04-30,HR,Junior,28,Female,991721,62.0,4.909097492691865,,28,3,1.0,13
EMP-004413,2021-03-12,IT,Senior,26,Male,863764,3.0,3.428206374149213,2.2603957866603452,31,5,1.0,19
EMP-004414,2017-09-16,IT,Senior,43,Male,869463,25.0,2.1023212140481684,2.37166353328837,24,2,1.0,3
EMP-004415,2016-08-22,Finance,Lead,30,Male,361842,52.0,3.0130839909778784,4.056931070182591,19,4,1.0,7
EMP-004416,2021-10-31,Sales,Senior,27,Female,1722633,113.0,3.6342099711659555,3.3349028213371987,34,7,1.0,29
EMP-004417,2019-04-15,Marketing,Lead,51,Female,848631,46.0,3.484482087817156,3.936181143219,18,7,0.0,29
EMP-004418,2019-12-05,IT,Senior,31,Male,1173545,61.0,2.976888376110582,1.128979517852915,39,8,0.0,15
EMP-004419,2020-09-11,IT,Junior,24,Female,555647,28.0,2.2587846431900567,4.413702256655348,35,8,0.0,18
EMP-004420,2019-12-22,Finance,Manager,51,Female,557559,47.0,1.8981451843563661,3.4488980240014415,38,9,1.0,31
EMP-004421,2017-12-23,Marketing,Mid,24,Male,1876966,51.0,1.8162280247005147,4.2275055895075155,12,6,0.0,43
EMP-004422,2020-12-28,Operations,Junior,45,Female,1918892,5.0,3.0732654374991784,2.931978784214872,23,0,0.0,28
EMP-004423,2021-10-19,Operations,Manager,59,Male,1879390,7.0,4.87149240695976,,46,7,0.0,45
EMP-004424,2015-12-24,Finance,Mid,45,Female,1484597,77.0,3.103906744135689,3.2053858549375587,49,7,0.0,26
EMP-004425,2019-10-06,IT,Mid,22,Male,742893,100.0,1.13403182130557,1.9511059447956578,29,6,0.0,40
EMP-004426,2020-10-21,Finance,Lead,41,Female,1543069,16.0,3.577098702702195,3.1722813504329466,10,5,0.0,0
EMP-004427,2020-06-11,Finance,Mid,56,Female,1571005,117.0,2.2451481873548476,4.14842611171873,31,9,0.0,7
EMP-004428,2021-05-06,Marketing,Senior,52,Female,1785825,33.0,1.8707813417424517,3.425781752123101,47,7,1.0,34
EMP-004429,2021-06-04,Operations,Lead,33,Male,1915544,75.0,3.640126445708296,2.428128886751071,8,4,1.0,21
EMP-004430,2017-12-30,HR,Mid,45,Female,1423096,35.0,4.087856478759637,2.2605868726925884,7,4,0.0,29
EMP-004431,2018-09-02,Operations,Lead,27,Female,1474471,44.0,4.016415675750835,2.6326263458258525,10,9,0.0,17
EMP-004432,2019-08-01,Operations,Senior,24,Male,1597324,28.0,2.452990681375755,,11,2,0.0,20
EMP-004433,2019-09-22,Operations,Mid,39,Female,518675,76.0,1.8840682678040337,4.49868175106942,3,2,1.0,4
EMP-004434,2015-02-12,IT,,52,Female,505590,44.0,2.2426453349314,3.4015859933971355,34,2,0.0,46
EMP-004435,2020-01-10,IT,Senior,58,Female,1265723,22.0,1.7151774669779662,1.3135692742623393,8,3,1.0,35
EMP-004436,2017-07-09,Operations,Mid,58,Male,1210942,107.0,2.387005570325681,2.0387935743032095,47,7,1.0,4
EMP-004437,2019-06-05,IT,Mid,30,Male,626423,51.0,4.4822783756894395,3.50015101366569,27,8,0.0,42
EMP-004438,2019-05-21,Operations,Manager,40,Male,1358872,16.0,1.2677582901638758,4.168706190599991,35,8,0.0,1
EMP-004439,2021-06-07,IT,Junior,53,Female,996113,107.0,1.5367639692442117,2.573065551817827,23,1,0.0,37
EMP-004440,2021-09-03,Marketing,Junior,50,Male,1106689,112.0,2.0996665600844038,2.988541270515752,39,7,0.0,21
EMP-004441,2018-08-13,Finance,Junior,56,Female,1739966,56.0,4.938794542641549,4.389137605049385,37,6,1.0,35
EMP-004442,2020-10-01,Finance,Junior,41,Male,1397391,46.0,4.380631418453195,1.4484877096231648,40,3,0.0,34
EMP-004443,2016-08-02,Sales,Manager,46,,482316,,3.4037923764960505,1.549223272951176,11,3,0.0,46
EMP-004444,2015-03-13,Marketing,Junior,30,Male,529977,70.0,3.2509840570143225,1.3688204044070242,6,4,1.0,2
EMP-004445,2018-10-22,Finance,Mid,53,Male,1488574,17.0,1.0330307713444316,,48,2,1.0,25
EMP-004446,2019-04-16,Marketing,Mid,28,Female,829575,55.0,3.7716045654044748,4.098020206799026,34,6,1.0,30
EMP-004447,2016-05-14,Sales,Senior,23,Female,1127177,35.0,1.1547575646230834,4.6439845615988355,22,3,1.0,17
EMP-004448,2021-03-08,Marketing,Lead,57,Female,769586,85.0,1.1438614110396288,4.713363817347576,44,9,1.0,26
EMP-004449,2021-04-30,Marketing,Senior,45,Female,1855501,80.0,3.9470411066587965,2.51155724485204,18,3,1.0,13
EMP-004450,2015-09-12,Operations,Manager,40,Male,725168,85.0,3.742358083286465,4.898900286889498,35,1,0.0,33
EMP-004451,2021-06-14,Finance,Mid,28,Female,986742,71.0,3.872008367413711,1.2660042222265822,9,2,,1
EMP-004452,2017-08-26,Marketing,Manager,30,Male,855881,,3.6615424622203494,4.486836816273202,47,4,1.0,25
EMP-004453,2017-02-04,Marketing,Lead,34,,500674,89.0,1.009364038069299,4.311353638258715,19,7,0.0,2
EMP-004454,2020-12-08,Operations,Junior,35,Female,1390106,35.0,3.629473946125794,4.761882007863921,27,9,1.0,26
EMP-004455,2016-07-20,HR,Lead,54,Male,1891286,64.0,2.4285606635837302,4.385612958390821,19,7,1.0,11
EMP-004456,2019-05-02,IT,Senior,49,Male,662424,10.0,2.4049638523128536,1.3043676837779836,1,8,1.0,13
EMP-004457,2017-04-16,Operations,Mid,59,Female,1475881,62.0,1.197087203021702,3.1726476565098913,11,2,1.0,18
EMP-004458,2018-01-10,HR,Junior,50,Male,1691259,69.0,1.4340056637914724,3.4022928662864262,10,4,0.0,29
EMP-004459,2021-06-22,Operations,Senior,53,Female,1676446,56.0,3.5933471558363577,2.016791101934831,24,3,1.0,30
EMP-004460,2019-08-12,Sales,Mid,27,Female,1109117,37.0,4.252292545877058,2.1133434696991684,45,6,1.0,20
EMP-004461,2021-04-23,Marketing,Junior,29,Male,1476070,102.0,3.3720241186007245,4.38158664606589,9,1,1.0,23
EMP-004462,2016-05-29,Sales,Mid,43,Female,1062876,56.0,4.374758600009181,1.7731532528839131,44,0,1.0,14
EMP-004463,2020-11-02,Sales,Senior,38,Male,435938,2.0,1.3420983439777383,2.1184443924073344,25,5,1.0,43
EMP-004464,2016-01-10,Operations,Lead,51,Female,1121016,69.0,1.6044859581658848,1.3319920620713135,47,6,1.0,7
EMP-004465,2018-11-14,Operations,,37,Female,1153803,107.0,3.6987929843135245,2.567964375158284,7,0,1.0,30
EMP-004466,2017-03-28,Finance,Junior,44,Female,517387,3.0,4.1480584533170415,1.8320768773257532,33,6,0.0,29
EMP-004467,2016-09-27,Sales,,44,Male,1404661,67.0,4.849902855768242,3.3458194946676274,32,5,1.0,23
EMP-004468,2018-01-26,Finance,Lead,40,Female,967701,75.0,2.752507659047124,4.192326156706893,3,5,1.0,19
EMP-004469,2020-12-10,HR,Lead,59,Male,909403,93.0,3.2664576549396926,1.9951355612715882,16,4,0.0,14
EMP-004470,2017-12-25,Marketing,Manager,44,Female,1858903,13.0,2.280215053262861,1.0234217116449535,19,4,1.0,34
EMP-004471,2018-06-01,Operations,Manager,30,Male,1616982,94.0,4.421921170845264,3.8961805156336635,37,2,1.0,3
EMP-004472,2020-12-21,IT,Manager,25,Male,439674,64.0,1.2848927100033394,3.008072553131879,21,3,1.0,16
EMP-004473,2016-03-03,IT,Mid,49,Male,1494243,100.0,4.050272910975879,4.305402294585348,32,9,0.0,19
EMP-004474,2018-07-09,IT,,35,Female,1030991,114.0,2.334240662989636,1.9472446720604073,32,9,0.0,31
EMP-004475,2020-08-24,Finance,Junior,50,Male,1655381,30.0,4.551803829659676,1.7215971296131145,37,2,1.0,47
EMP-004476,2020-08-24,Finance,Lead,43,Male,1949159,96.0,4.765324777328065,4.299208228732422,31,9,0.0,15
EMP-004477,2021-10-30,IT,Junior,46,,1859482,116.0,3.846710173711936,3.813233446290864,43,1,,41
EMP-004478,2021-06-22,Operations,Manager,28,Female,1051422,118.0,1.0333527134707978,4.292378716319538,29,0,,30
EMP-004479,2021-09-30,IT,Lead,24,Female,1431357,10.0,1.7071165673181494,1.5408049627626181,0,4,1.0,15
EMP-004480,2015-08-20,Marketing,Senior,59,Female,1637636,89.0,4.093340269800661,1.0909211911259016,41,6,0.0,47
EMP-004481,2019-02-05,IT,Manager,57,Male,1985129,117.0,1.998970769163373,3.7116269736822307,5,3,0.0,21
EMP-004482,2021-11-01,Finance,Lead,45,Male,305303,44.0,4.4619003930197625,3.386460459223398,38,2,1.0,1
EMP-004483,2019-05-04,IT,Manager,22,Female,1858857,65.0,4.142053583357637,2.304779407939313,37,5,1.0,0
EMP-004484,2016-10-13,Sales,Junior,47,Male,544600,4.0,1.2043044022802745,3.8244626198239473,17,2,1.0,19
EMP-004485,2020-05-13,IT,Manager,56,Male,1715228,103.0,3.6229797317049557,4.967873983270339,28,4,,39
EMP-004486,2017-02-21,HR,Manager,29,Male,1271948,41.0,2.3678541273890055,4.465103940059036,18,7,0.0,41
EMP-004487,2020-03-10,HR,Junior,26,Male,1538148,21.0,3.801781363158508,2.8647581661087176,6,9,1.0,30
EMP-004488,2019-07-14,Operations,Manager,34,Male,1078524,20.0,2.78983784904231,4.6844141920197595,11,3,0.0,31
EMP-004489,2018-07-24,HR,Manager,47,Female,569210,42.0,3.794142317238197,2.3724237743505974,32,1,0.0,2
EMP-004490,2017-08-02,Operations,Senior,40,,700686,94.0,1.2719008633661608,1.4580738590531035,0,2,1.0,10
EMP-004491,2017-06-13,IT,Mid,28,Male,496024,26.0,2.520913067622647,2.2398748228141496,18,8,1.0,45
EMP-004492,2018-08-07,Sales,Mid,40,Female,1731558,38.0,2.106945261392326,4.607070150806106,38,6,,33
EMP-004493,2017-05-22,HR,Manager,560,Female,373245,65.0,1.8981378311146146,3.4102139888736582,49,0,0.0,11
EMP-004494,2018-07-13,Sales,Mid,22,Female,406326,48.0,3.7696643781443053,4.060954585270695,9,9,1.0,26
EMP-004495,2017-01-12,IT,Manager,46,,1121222,113.0,2.5085596120082303,4.380336802941471,22,2,0.0,31
EMP-004496,2021-10-17,Operations,Junior,41,Male,451338,90.0,1.4564844977444262,1.3628610218941057,45,6,1.0,19
EMP-004497,2017-09-24,HR,Lead,33,Male,363741,82.0,4.811939518897939,1.2974634004617092,17,9,1.0,31
EMP-004498,2019-12-17,IT,Manager,30,Male,1108283,84.0,1.1083754158951424,3.849592836944615,24,5,1.0,5
EMP-004499,2017-03-17,HR,Manager,40,Male,1296270,108.0,2.116427787254606,4.7030312758859,38,4,1.0,0
EMP-004500,2021-08-01,IT,Lead,27,Male,462587,114.0,2.2502222745465,2.637807742732763,40,3,0.0,12
EMP-004501,2015-09-30,IT,Manager,38,,1456883,9.0,3.16114220610641,4.568483301891725,47,7,1.0,5
EMP-004502,2021-02-05,HR,Lead,46,Female,1531061,19.0,2.493237363134623,3.2341736339285228,25,6,0.0,26
EMP-004503,2020-06-03,IT,Mid,37,Female,324206,7.0,2.6333287526019267,1.5253948788805043,12,4,1.0,43
EMP-004504,2015-08-01,HR,Junior,49,Female,522026,,4.648231266617319,4.244442538240943,1,9,0.0,42
EMP-004505,2015-11-08,HR,Junior,53,Female,1929853,26.0,4.92743011482177,2.6338572943124157,36,8,0.0,20
EMP-004506,2020-05-25,IT,Lead,25,Female,1791410,108.0,3.072250133961708,2.926870873616359,2,8,0.0,11
EMP-004507,2015-02-24,Operations,Mid,22,Male,596095,89.0,1.709472004653997,3.924840535893515,4,9,1.0,6
EMP-004508,2020-08-09,Finance,Lead,51,Male,1728296,41.0,3.4998336104841767,1.0037388531527203,18,2,0.0,8
EMP-004509,2016-07-16,Finance,Manager,40,Male,757786,110.0,1.523304111923085,1.8426464159227507,48,5,0.0,29
EMP-004510,2015-01-25,Sales,Mid,23,Female,1266355,69.0,1.0235081229325815,2.3779654674172876,41,8,1.0,3
EMP-004511,2020-12-15,HR,Senior,57,Male,1621022,34.0,2.41643884715172,2.306154339900298,35,5,0.0,0
EMP-004512,2015-07-19,Marketing,Manager,31,Female,1422776,79.0,2.0062961555349963,2.8248727806200264,26,5,0.0,15
EMP-004513,2020-11-14,Sales,Lead,53,Male,631784,96.0,3.5461548237016376,3.1197952433527094,41,0,0.0,13
EMP-004514,2020-04-04,Operations,Senior,46,Female,867110,31.0,1.053623908772194,1.098395078105229,21,3,1.0,6
EMP-004515,2015-09-20,Sales,Manager,56,Male,1531782,19.0,3.826867038547339,2.7395358364756155,30,8,,14
EMP-004516,2018-09-12,Finance,Senior,36,Male,1333900,68.0,2.8789499641296343,4.263188387768272,29,9,1.0,24
EMP-004517,2021-05-25,Finance,Junior,34,Female,1034578,48.0,4.5796506550879865,3.9833423833316357,16,4,1.0,38
EMP-004518,2020-02-09,Operations,Senior,47,Male,1607779,13.0,4.174054694386241,4.315528103983055,13,9,0.0,10
EMP-004519,2017-05-03,Marketing,Lead,32,Female,843999,14.0,1.1110507729401382,1.4314508868922542,48,8,1.0,6
EMP-004520,2019-03-18,Operations,Mid,50,Male,615084,27.0,2.0600841598537523,4.505768613593526,28,4,0.0,32
EMP-004521,2019-10-06,Sales,Manager,52,Male,452229,14.0,2.0331545317500552,1.084972403320716,23,1,1.0,34
EMP-004522,2018-10-14,Sales,Mid,39,Male,1529719,50.0,2.31754080999351,4.587631614234161,48,7,1.0,18
EMP-004523,2017-09-19,Finance,Manager,47,Female,610131,76.0,4.798959858687043,3.557743503347645,1,0,1.0,33
EMP-004524,2021-03-11,HR,Senior,44,Female,848882,92.0,1.458231476449709,4.5356337482697135,22,6,1.0,10
EMP-004525,2018-10-20,HR,Junior,39,Male,946030,21.0,2.293467926077773,3.0438317599146147,4,2,1.0,0
EMP-004526,2021-01-29,IT,Mid,22,Female,1815187,,2.7697749425151796,4.740839093070072,33,1,1.0,25
EMP-004527,2019-11-02,Sales,Lead,29,Female,436943,18.0,4.502805758146644,2.8415793865720933,23,1,0.0,23
EMP-004528,2021-11-03,Finance,Mid,48,Female,801357,26.0,3.050706135547089,4.743434094801188,9,-2,1.0,34
EMP-004529,2018-01-15,HR,Senior,41,Female,384013,46.0,1.4273607038690201,4.731434643656339,29,3,1.0,21
EMP-004530,2020-10-07,IT,Lead,49,Female,1070458,61.0,2.318294732318323,1.4877505030157105,15,3,0.0,33
EMP-004531,2019-02-03,HR,Lead,50,Female,1320089,7.0,3.519180740748961,1.1400217763848501,19,9,0.0,12
EMP-004532,2016-08-12,Operations,Mid,56,Male,1025600,104.0,2.9552018775185616,3.8137701468895933,41,6,0.0,25
EMP-004533,2016-09-02,Finance,Junior,41,Female,1856762,73.0,3.8321924906072877,4.485522403728024,29,1,0.0,5
EMP-004534,2018-05-20,Sales,Manager,42,Male,1724893,65.0,3.467024395775284,2.867868599441959,40,3,1.0,19
EMP-004535,2016-10-13,HR,Lead,29,Male,1542125,73.0,4.878029027579324,2.5320950419600075,12,1,1.0,15
EMP-004536,2020-08-07,HR,Junior,32,Female,1626562,86.0,2.780386243695606,3.0812000420284518,8,0,0.0,43
EMP-004537,2015-06-19,IT,Mid,50,Male,1382855,68.0,2.544913896309845,4.052169544019003,40,0,0.0,29
EMP-004538,2018-11-27,HR,Mid,43,Female,445974,91.0,4.065020721611682,4.677708103979944,48,7,,38
EMP-004539,2017-02-08,Finance,Junior,59,Male,1074196,68.0,1.3042153165369967,1.0740605914427275,29,2,1.0,34
EMP-004540,2017-02-19,Sales,Junior,36,Male,1904916,53.0,3.4627283377034046,4.535526210676651,33,1,1.0,14
EMP-004541,2017-11-24,Marketing,Mid,27,Female,1013155,12.0,3.1440185195731685,4.470947426800635,11,4,0.0,45
EMP-004542,2015-10-01,Sales,Lead,24,Female,1495382,,2.4942824339094702,2.7596561961695016,13,9,0.0,36
EMP-004543,2016-05-23,Operations,Lead,45,Female,563273,115.0,3.2866220808269317,2.2768637433874064,27,1,1.0,16
EMP-004544,2021-01-18,Finance,Junior,25,Female,1507765,35.0,3.13943207207879,2.022420312891071,31,0,1.0,24
EMP-004545,2018-05-14,HR,Mid,41,Female,1334497,17.0,3.987162308805221,1.5215426843774766,26,4,0.0,38
EMP-004546,2016-06-01,Marketing,Manager,29,Male,1466378,29.0,3.1610277948361896,1.3723047899648342,47,4,0.0,20
EMP-004547,2020-03-11,Marketing,Mid,51,Male,516533,11.0,3.807137461236824,4.45682143923646,35,9,0.0,20
EMP-004548,2018-11-13,Marketing,Senior,51,Female,1101104,98.0,2.3796226377169387,1.7053280926872412,18,0,1.0,5
EMP-004549,2019-04-08,Marketing,Mid,44,Female,699907,23.0,4.780828821106983,4.87462860877069,25,7,1.0,39
EMP-004550,2019-07-31,HR,Senior,27,Male,578991,75.0,1.2666941002774772,2.4932104692296218,38,5,0.0,18
EMP-004551,2021-07-07,HR,Lead,24,Female,1099673,15.0,3.827697913629115,3.3795101988213574,49,2,0.0,44
EMP-004552,2019-05-21,Finance,Junior,50,,510920,72.0,4.282062187353443,2.882727387606972,32,4,0.0,7
EMP-004553,2015-12-08,Finance,Lead,34,Male,936440,33.0,4.853922702294199,4.020157091963768,37,1,0.0,6
EMP-004554,2015-06-02,IT,Junior,55,Female,680104,51.0,1.8152346491315798,4.795944900500817,10,3,1.0,34
EMP-004555,2021-06-25,Sales,Mid,55,Female,1815076,4.0,1.7649248842197331,2.5823243813652095,30,7,1.0,9
EMP-004556,2015-03-07,IT,Manager,22,Female,511442,42.0,2.1509989736927544,1.6717766194317503,12,2,1.0,45
EMP-004557,2018-08-05,Finance,Senior,23,Female,496767,111.0,4.317294166887866,3.0219322698391906,24,5,0.0,34
EMP-004558,2016-06-21,Operations,Senior,41,,428355,9.0,1.773745078306372,3.1860273796733813,27,9,1.0,42
EMP-004559,2017-06-02,Operations,Manager,39,Male,460956,54.0,2.5841496203425103,3.3194998994950624,23,4,,25
EMP-004560,2018-10-30,Operations,Lead,54,Male,1628319,30.0,4.2781520389325935,3.5730949306923496,46,0,0.0,16
EMP-004561,2020-09-05,HR,Junior,40,Female,1641224,49.0,1.5492568575398722,1.2423039891619045,26,3,0.0,14
EMP-004562,2015-01-06,Finance,Mid,32,Male,1889638,86.0,4.049096646986954,2.9148046007299584,1,9,1.0,22
EMP-004563,2021-03-01,IT,Manager,55,Female,1093845,104.0,3.357829334712612,4.604733531348908,39,2,1.0,13
EMP-004564,2016-04-22,Marketing,Manager,39,Male,493001,106.0,2.1237447315531264,1.87458902964933,38,1,0.0,37
EMP-004565,2018-12-08,IT,Lead,39,Female,945505,63.0,2.5327870404007102,,16,2,1.0,18
EMP-004566,2020-11-28,HR,Junior,22,Female,1241162,6.0,3.3546897932046438,3.4410932907006035,38,6,0.0,21
EMP-004567,2021-08-07,Marketing,Manager,30,Female,1172154,32.0,1.0031691017374658,4.208641527593867,10,0,0.0,7
EMP-004568,2018-05-21,Marketing,Junior,51,Male,849326,41.0,3.776073131334428,3.7665971577003963,2,0,1.0,15
EMP-004569,2021-08-01,Finance,Manager,33,Female,753938,110.0,4.348323464012472,2.442188339629421,33,2,0.0,28
EMP-004570,2020-09-20,Finance,Mid,26,Male,814383,32.0,2.9083824803973704,3.263991993940318,28,0,0.0,0
EMP-004571,2021-11-03,IT,Manager,53,Male,1603551,77.0,4.817975589378768,2.0533614788909227,8,7,0.0,39
EMP-004572,2021-01-06,Marketing,Senior,24,Female,1926550,43.0,2.525274571964109,4.445016734609442,47,7,0.0,5
EMP-004573,2016-08-18,Sales,Lead,41,Female,394744,44.0,1.5307620132660604,3.5240273394802237,46,4,1.0,26
EMP-004574,2016-03-09,Sales,Senior,55,Female,386312,24.0,3.0913710452902743,2.2598590557103138,7,2,1.0,34
EMP-004575,2020-04-16,IT,Manager,42,Female,496842,84.0,2.298317379128996,3.604575971899488,18,1,0.0,34
EMP-004576,2017-01-09,Sales,Mid,52,Female,1035866,,4.28269003395315,2.0889927481887773,22,9,1.0,19
EMP-004577,2015-09-26,Sales,Lead,57,Female,753903,52.0,2.2240219234355387,3.6150773859362233,27,1,0.0,27
EMP-004578,2016-09-20,IT,Senior,58,Male,1583798,114.0,4.922476484983235,4.668143923431413,25,1,0.0,37
EMP-004579,2018-03-18,Sales,Lead,30,Female,1810251,20.0,2.800694824929037,1.006300326177327,26,0,0.0,41
EMP-004580,2018-12-10,Finance,Mid,41,Female,764128,11.0,4.680987761841072,2.5682680081483604,31,3,0.0,38
EMP-004581,2020-02-20,Operations,Lead,52,Female,1353810,39.0,2.3442699223396652,2.4186329973944023,3,2,1.0,3
EMP-004582,2017-01-01,Operations,Junior,43,Male,1806030,47.0,3.3332909674848414,2.6604436496682844,38,-8,0.0,27
EMP-004583,2020-03-21,Finance,Senior,49,Male,1212163,59.0,2.014522905583801,2.7536024095264113,38,1,1.0,16
EMP-004584,2018-06-18,IT,Manager,26,Female,928314,99.0,1.8115023589664556,3.192653323634478,38,5,0.0,23
EMP-004585,2020-12-06,HR,Manager,53,,1370501,20.0,3.597165318621232,2.8700773848008962,7,5,0.0,12
EMP-004586,2021-04-30,Finance,Manager,51,Male,1557037,33.0,1.6672583462701502,4.8254859143463325,4,7,1.0,27
EMP-004587,2017-06-19,HR,Manager,41,Male,302541,67.0,3.27624245445872,4.97638972937038,37,2,0.0,43
EMP-004588,2021-03-03,HR,Junior,55,Female,308172,33.0,4.651775797843522,1.8226568868252992,7,0,1.0,3
EMP-004589,2021-02-15,IT,Manager,59,Male,1646655,17.0,1.1139163922770834,2.969166124926364,47,6,0.0,4
EMP-004590,2017-11-18,HR,Senior,40,Female,924814,20.0,4.490693773521745,3.5895536585585326,14,2,0.0,0
EMP-004591,2019-04-11,Marketing,Junior,44,Male,1112808,36.0,1.625073018378906,3.4505143383239703,9,5,1.0,1
EMP-004592,2021-04-23,IT,Manager,22,Female,1337414,90.0,2.316238248433156,4.084051337583245,33,9,0.0,17
EMP-004593,2016-09-17,Sales,Lead,23,Male,599382,87.0,3.9594502624191223,1.5503769071506874,17,2,1.0,16
EMP-004594,2017-07-09,Operations,Junior,26,Male,824324,28.0,2.255544376502939,2.4389573501466657,33,1,0.0,9
EMP-004595,2019-08-03,Sales,Junior,25,Male,1768507,31.0,3.489773951104322,2.9620378806079453,34,8,0.0,33
EMP-004596,2016-05-16,Sales,Manager,41,Male,1888043,5.0,4.833206489781673,4.115692845348024,7,-4,0.0,19
EMP-004597,2017-08-10,Sales,Mid,56,Female,1311615,57.0,2.8693240183952566,4.460881953360687,41,0,0.0,29
EMP-004598,2015-04-22,Operations,Mid,53,Female,629782,78.0,1.7281441519968936,4.570696655543118,36,5,1.0,35
EMP-004599,2017-06-01,Marketing,Senior,32,Female,1722165,53.0,2.792767181606019,2.243126952990342,3,1,1.0,16
EMP-004600,2021-07-06,Operations,Mid,49,Male,1671424,88.0,3.9658575055823526,2.680187499363838,30,2,,4
EMP-004601,2019-10-20,Sales,Lead,45,Female,1901761,106.0,1.3246213207235682,2.014948357222655,41,4,1.0,45
EMP-004602,2017-03-23,Finance,Lead,42,Female,1010208,31.0,1.2361684828083597,3.905057095708367,47,1,0.0,1
EMP-004603,2018-12-29,Marketing,Mid,24,Male,442306,79.0,2.5451252678063847,4.264747865855384,17,6,0.0,46
EMP-004604,2015-11-24,HR,Mid,43,Male,959882,13.0,3.7690863178883207,4.146976601799996,34,9,0.0,11
EMP-004605,2018-05-08,Operations,Mid,52,Male,1862103,6.0,2.2867433073860544,1.2918581379936427,19,5,1.0,36
EMP-004606,2019-04-22,Operations,Lead,45,Female,1226218,29.0,1.941995303229774,2.098784068965989,0,3,1.0,1
EMP-004607,2021-09-27,Operations,Senior,41,Male,1403413,35.0,3.5124252016278277,4.752275048064774,42,7,1.0,38
EMP-004608,2016-03-11,Finance,,57,Female,552432,72.0,4.633635554814947,2.5291695471775504,42,2,1.0,22
EMP-004609,2020-07-17,HR,Junior,45,Male,1039384,92.0,3.703910708353501,3.4263315612111036,31,2,1.0,17
EMP-004610,2018-09-06,IT,Mid,51,Male,533234,115.0,2.427384900232186,3.4303725371866216,20,2,1.0,47
EMP-004611,2021-08-20,Operations,Manager,50,Male,1022203,17.0,4.36867761078768,3.906564858046728,33,0,0.0,23
EMP-004612,2016-10-05,Marketing,,42,Female,1509660,37.0,3.4000333490143824,3.2996981553415106,25,9,1.0,11
EMP-004613,2016-09-07,HR,Senior,39,Male,459794,26.0,2.0092582425103895,1.478885226617892,1,9,0.0,42
EMP-004614,2021-08-06,Finance,Mid,570,Female,617227,119.0,2.397714829281614,4.478438132334411,15,2,1.0,30
EMP-004615,2019-02-23,HR,Junior,32,Male,772601,91.0,1.901245179713169,4.706711045261031,5,0,1.0,45
EMP-004616,2016-01-01,IT,Manager,59,Female,828690,37.0,4.451790480014205,3.7256150757202584,43,5,0.0,23
EMP-004617,2019-01-16,Operations,Senior,41,Male,1109557,107.0,2.858202740364628,2.9933185050891766,32,5,0.0,6
EMP-004618,2019-01-11,Finance,Mid,25,Female,1587388,8.0,4.8964050768301295,1.1858413306249358,30,9,0.0,12
EMP-004619,2016-02-04,IT,Manager,57,Female,1834826,76.0,1.3506687162504774,1.840984265614782,8,3,1.0,44
EMP-004620,2016-03-13,Sales,Senior,47,Female,559539,50.0,4.175123415693237,2.245280359838605,36,9,1.0,30
EMP-004621,2018-11-10,Finance,Lead,56,Female,1320257,1.0,1.4075542648533088,1.9170951698493073,39,2,0.0,42
EMP-004622,2021-03-20,IT,Junior,47,Male,1139817,27.0,1.634903949861462,2.917480628072699,17,9,1.0,14
EMP-004623,2020-07-17,Marketing,Manager,38,Female,1962519,113.0,3.5979445183584486,1.5306373391313937,33,9,0.0,43
EMP-004624,2015-12-09,Sales,Mid,59,Female,1005085,96.0,4.096180746337398,2.434817811679441,41,0,0.0,28
EMP-004625,2017-07-23,Operations,Manager,24,Male,1459704,97.0,4.854035121148112,4.668727749206239,15,7,1.0,24
EMP-004626,2016-01-28,Sales,Manager,26,Female,1190473,41.0,1.6687030390183617,2.29560926067622,19,5,0.0,35
EMP-004627,2015-09-22,Operations,Lead,52,Male,1356091,57.0,1.8882081499347323,4.7882009944381885,38,9,1.0,22
EMP-004628,2015-03-06,Sales,Mid,29,Male,1211675,113.0,1.9891086188799796,4.063695231224919,30,6,1.0,17
EMP-004629,2021-09-13,Sales,Junior,31,Female,476009,18.0,3.2103818058153153,3.173665448167438,46,7,0.0,13
EMP-004630,2021-09-16,Operations,Mid,27,Male,1744320,88.0,1.0882419006398418,4.991974697640204,34,1,0.0,5
EMP-004631,2015-01-02,Marketing,Lead,52,Female,1067871,75.0,2.3007357715019032,1.5894643219968505,40,4,0.0,47
EMP-004632,2015-09-11,Sales,Manager,59,Male,931566,21.0,2.7190694456077553,3.6915631905873947,16,1,1.0,19
EMP-004633,2015-02-04,HR,Manager,36,Female,1280967,62.0,3.681688623873186,1.041235302347781,19,1,,38
EMP-004634,2020-12-14,HR,Mid,37,Female,1829834,20.0,1.7656468507809975,2.937558179913438,18,3,1.0,31
EMP-004635,2017-04-01,HR,Senior,59,Female,1343312,112.0,3.027576427816613,3.947075669805744,15,0,1.0,25
EMP-004636,2015-10-03,IT,Lead,39,,1991171,58.0,3.4581632226151418,1.1900410592258197,23,5,,12
EMP-004637,2016-09-09,Marketing,Lead,45,Male,834176,92.0,3.4868666830732735,3.166269045083704,2,7,0.0,32
EMP-004638,2021-01-31,Finance,,42,Female,687492,76.0,4.542536815748563,3.7695521045585645,21,1,1.0,8
EMP-004639,2020-11-11,Sales,Manager,54,Male,1456260,45.0,1.172401408871007,3.4696496444973537,16,1,1.0,45
EMP-004640,2015-01-27,Finance,Lead,34,Female,588939,37.0,1.7196491925451962,2.7615617099462137,30,9,1.0,46
EMP-004641,2020-01-05,Operations,Manager,45,Male,783922,84.0,3.703403081509465,3.0996200222287187,44,7,0.0,16
EMP-004642,2020-06-23,HR,Junior,45,Male,1085886,74.0,4.360837797341106,1.3756137429075945,36,5,1.0,12
EMP-004643,2019-12-10,Marketing,Manager,34,Female,1935632,58.0,1.7060962577122694,2.830608107639219,39,2,1.0,8
EMP-004644,2015-09-16,Operations,Junior,26,,798572,70.0,2.7302804079668137,2.404754559758173,2,4,1.0,19
EMP-004645,2016-12-19,Marketing,Senior,57,Male,1333375,47.0,3.4360543767489675,,12,7,0.0,6
EMP-004646,2018-09-26,Marketing,Manager,44,Female,1496381,37.0,1.0224369518150986,3.6105894107196,13,9,1.0,22
EMP-004647,2016-04-12,IT,Mid,25,Male,1027752,21.0,2.907041072945136,3.067962149122697,18,6,0.0,15
EMP-004648,2021-09-27,HR,Lead,33,Female,1354868,,4.1783651974175875,1.0085722159384156,3,9,1.0,12
EMP-004649,2018-04-18,Sales,Lead,44,Female,1160032,47.0,2.762246413447535,2.0625156212236497,48,4,,13
EMP-004650,2018-09-20,Finance,Junior,48,Male,1029163,34.0,1.1020171138184671,3.511432651753018,14,4,0.0,19
EMP-004651,2020-02-02,Marketing,Senior,33,Female,446555,72.0,4.575427558329274,3.9113792949135755,14,7,1.0,30
EMP-004652,2018-08-11,Finance,Manager,36,Male,1213045,103.0,4.038200027837467,4.920374645243349,41,9,1.0,1
EMP-004653,2018-01-13,Operations,Junior,31,Male,1000280,77.0,1.2695802192133239,4.66451342732807,13,7,1.0,1
EMP-004654,2019-01-17,IT,Manager,40,Female,976211,42.0,3.969335569758664,,12,1,1.0,41
EMP-004655,2021-08-15,Finance,Senior,26,Male,822444,15.0,1.2879731833655925,4.882661974458706,47,5,1.0,46
EMP-004656,2019-08-07,Sales,Mid,42,Male,1697003,6.0,1.2545203835728365,3.4911241038633554,34,2,1.0,8
EMP-004657,2016-11-17,IT,Manager,40,Female,1042664,79.0,3.099386420956702,1.621521922400524,26,4,1.0,35
EMP-004658,2015-07-12,Sales,Lead,40,Female,340369,44.0,4.422080991249562,3.6171491377128335,38,2,1.0,23
EMP-004659,2019-08-01,Marketing,Junior,37,Female,469821,116.0,4.15470419695165,1.11509113966757,11,2,0.0,21
EMP-004660,2015-09-06,HR,Lead,55,Female,1800388,,3.1290486938571846,3.963611808032507,35,0,0.0,8
EMP-004661,2018-01-22,IT,Junior,36,Female,1628399,79.0,3.621144817973977,2.9737253921442117,41,8,1.0,25
EMP-004662,2020-09-22,Marketing,Junior,39,Male,1661235,106.0,3.280226329484845,1.7593968263427366,33,9,0.0,3
EMP-004663,2019-12-25,Marketing,Manager,43,Male,310944,23.0,4.264004530345575,1.727556937081855,1,9,0.0,38
EMP-004664,2017-02-03,IT,Manager,42,Female,1382549,104.0,4.543100894665653,1.2430423157731676,34,6,1.0,39
EMP-004665,2018-07-04,Finance,Junior,59,Male,1732008,73.0,2.164162936068165,4.02817438506912,16,7,1.0,3
EMP-004666,2018-05-17,Sales,Mid,44,Female,760399,92.0,2.655690117283394,2.290655067248816,34,2,0.0,44
EMP-004667,2015-04-09,HR,Junior,50,Female,913315,110.0,4.0034856938527215,3.581265507020595,18,1,0.0,8
EMP-004668,2020-09-01,Finance,Mid,36,Female,571893,68.0,4.086278158042418,1.576617194312043,0,2,0.0,5
EMP-004669,2019-09-12,Finance,Mid,50,Female,439026,65.0,2.1145855420004773,1.973810873922409,5,6,0.0,3
EMP-004670,2019-03-05,IT,Mid,26,Male,1855214,104.0,3.3550504666846965,1.3290389959042979,45,0,1.0,1
EMP-004671,2015-01-31,Sales,Junior,35,Male,989284,20.0,1.9266453440598394,4.098455867713249,18,6,0.0,13
EMP-004672,2019-01-27,Operations,Mid,30,Male,1348738,83.0,4.998111353898917,3.081082859584874,36,7,0.0,43
EMP-004673,2020-08-09,HR,Senior,56,Male,1333374,63.0,3.837089362681723,24.026848518822256,10,9,1.0,45
EMP-004674,2015-06-13,Sales,Senior,47,Male,1517708,9.0,2.76391826166111,3.496583975960079,1,8,1.0,39
EMP-004675,2017-03-26,Operations,Lead,35,Female,1475446,,3.589919297113192,2.7052679821956547,21,9,1.0,3
EMP-004676,2018-09-16,Sales,Lead,48,Female,1969546,,2.7357526674378496,3.6935821014570314,42,7,1.0,10
EMP-004677,2019-04-29,Marketing,Mid,31,Male,316613,22.0,2.1743431605851136,4.7135121280448455,28,9,1.0,33
EMP-004678,2021-09-05,HR,Junior,28,Female,1010611,5.0,1.8199006789225978,1.0780573547112122,46,9,1.0,6
EMP-004679,2020-01-06,Marketing,Manager,56,Female,676768,36.0,4.903754619645762,3.6956940074124924,33,3,,25
EMP-004680,2017-01-30,Finance,Manager,350,Female,981288,71.0,1.5044213322748803,4.401590712847236,12,8,0.0,3
EMP-004681,2015-11-23,Marketing,Manager,23,Male,303269,103.0,4.451983179421997,3.1518724971624854,3,8,1.0,12
EMP-004682,2018-02-07,IT,Manager,23,Male,1777561,90.0,2.6412484276607864,2.595953645203459,26,2,1.0,41
EMP-004683,2017-10-20,IT,Lead,22,Female,739440,26.0,1.353534445803811,3.2906001207713547,25,6,1.0,3
EMP-004684,2020-10-06,Operations,Senior,26,Male,1040047,118.0,3.124799356931199,3.506287710810336,48,7,1.0,34
EMP-004685,2020-06-06,HR,Manager,58,Female,1329243,118.0,1.6171599531539842,2.844822920602274,37,4,0.0,25
EMP-004686,2016-06-09,Marketing,Mid,55,Female,727866,30.0,1.7998319189748684,4.898081238289571,27,2,0.0,1
EMP-004687,2017-01-31,IT,Mid,57,Female,1389741,65.0,2.623536504882657,2.9336743409804016,43,6,1.0,41
EMP-004688,2015-08-10,Finance,Senior,39,Male,1244726,85.0,3.164377011593799,1.1276757854750752,6,3,1.0,17
EMP-004689,2016-07-25,HR,Mid,46,Female,1344260,70.0,2.0005381227258536,1.1495482906452295,25,7,1.0,37
EMP-004690,2016-08-03,Marketing,Mid,56,Male,595233,,4.111331662703997,3.8594540966654503,43,0,1.0,17
EMP-004691,2019-07-09,Finance,Junior,29,Female,601047,,1.007661731497059,4.212382317222938,34,7,1.0,0
EMP-004692,2016-03-05,HR,Junior,49,,405319,103.0,1.1862997892218492,3.1406429227572774,6,8,0.0,28
EMP-004693,2021-06-05,Finance,Lead,42,,923532,16.0,4.257452144631746,3.7162412398679905,6,8,0.0,13
EMP-004694,2021-09-05,HR,Lead,24,Female,1341221,97.0,3.561925189819507,3.1095782920423547,30,0,1.0,9
EMP-004695,2021-10-31,Marketing,Junior,24,Male,1648906,60.0,2.889085742376741,3.8982541090272376,18,4,1.0,9
EMP-004696,2016-03-14,Operations,Manager,27,Male,1925536,100.0,2.9965595849655204,2.7623239990181716,29,2,0.0,14
EMP-004697,2016-09-13,Operations,Manager,22,Female,489231,3.0,3.64977528303785,1.201676809770961,14,8,1.0,3
EMP-004698,2019-10-19,HR,Lead,45,Female,1114055,48.0,4.337698921201941,3.269444766224829,20,6,0.0,2
EMP-004699,2017-10-22,Finance,Senior,33,Male,1315561,79.0,1.9870477167778335,1.753415689850291,10,4,0.0,20
EMP-004700,2017-01-16,Finance,Lead,33,Female,365766,38.0,4.907129479721913,4.0818861280107495,0,1,1.0,36
EMP-004701,2019-11-11,Finance,Senior,39,Female,1981638,66.0,2.367551280057724,1.3551111680067764,45,1,1.0,9
EMP-004702,2019-05-21,IT,Mid,49,Female,338447,23.0,3.9645359707071246,3.885489978760566,34,8,0.0,13
EMP-004703,2018-08-27,Operations,Junior,24,Male,1986035,22.0,1.9602199670154916,2.245682745803537,15,0,0.0,14
EMP-004704,2018-07-28,Marketing,Mid,32,Female,531220,95.0,4.823562796711505,2.2831122873411394,7,4,1.0,25
EMP-004705,2016-12-09,Operations,Manager,54,Male,1526361,40.0,4.62066670893312,2.6432294146158197,29,8,0.0,14
EMP-004706,2019-08-25,Sales,Junior,36,Male,1341588,47.0,3.097152448852702,1.9112358186685792,46,2,1.0,19
EMP-004707,2017-09-03,IT,Mid,26,Male,1920454,55.0,1.2464420511932528,1.488199825113174,15,1,0.0,14
EMP-004708,2016-05-10,Sales,Junior,56,Female,1789772,73.0,3.00065876257962,4.4295244359522705,34,0,1.0,6
EMP-004709,2017-07-02,HR,Junior,24,Male,1345545,41.0,1.8974517987906525,2.0617168848260525,37,1,,29
EMP-004710,2020-06-16,Sales,Manager,22,Male,324132,91.0,1.0439548271823096,1.8235340821452635,0,1,,43
EMP-004711,2020-07-21,HR,Lead,42,Female,813739,70.0,4.500488641699587,4.787143134186859,0,1,0.0,43
EMP-004712,2019-07-24,Marketing,Junior,30,,1068828,49.0,2.6995996900845403,3.044223382889597,37,9,0.0,20
EMP-004713,2015-12-11,Marketing,Junior,56,Male,1511842,96.0,3.1745318377810423,1.6296161368623832,38,9,0.0,23
EMP-004714,2020-02-20,Operations,Lead,51,Female,1670629,44.0,1.239108498582247,2.3625831868118463,48,7,1.0,20
EMP-004715,2018-11-04,Operations,Senior,29,Male,1675485,8.0,4.616817151531524,3.922045166126974,15,5,1.0,38
EMP-004716,2017-07-24,Finance,Lead,48,Female,768518,117.0,1.7737558018528152,2.8017167382873858,17,1,0.0,26
EMP-004717,2018-11-07,IT,Senior,22,Female,1443013,102.0,3.4461145222408076,1.536718948811195,36,6,1.0,17
EMP-004718,2021-10-31,IT,Junior,46,Male,1130998,106.0,2.9448316569447175,2.886637038547283,13,4,0.0,25
EMP-004719,2016-02-17,Operations,Senior,38,Male,753359,24.0,2.349118689167208,2.570415046680262,26,8,1.0,0
EMP-004720,2020-08-18,IT,Lead,46,Female,1432486,105.0,3.899272747593473,1.0226653226296656,0,2,1.0,31
EMP-004721,2018-09-07,HR,Lead,57,Male,1455244,7.0,1.4326712513076725,4.271340172410213,5,1,0.0,25
EMP-004722,2016-02-19,IT,Lead,28,Female,926334,21.0,2.174401637351113,3.8386867804169387,2,8,0.0,6
EMP-004723,2015-07-28,Sales,Lead,58,Female,567423,117.0,2.889978600473845,1.224104497460961,24,5,0.0,30
EMP-004724,2021-01-05,Marketing,Manager,31,Female,1849968,80.0,1.1627622887944034,3.3060116945156315,34,-7,0.0,2
EMP-004725,2017-01-03,Sales,Senior,49,Female,913799,64.0,1.279460404238189,,27,8,1.0,30
EMP-004726,2020-03-11,Finance,Manager,39,Male,1292807,34.0,4.859745347191939,1.4508116175323456,22,9,0.0,39
EMP-004727,2017-03-23,Marketing,Junior,38,Male,1388780,40.0,4.492028488145113,1.5650424325879024,13,6,0.0,43
EMP-004728,2018-01-02,Finance,Manager,52,,1028272,25.0,1.6656835961038499,2.213316050180728,10,5,0.0,18
EMP-004729,2017-05-28,Operations,Mid,32,Male,552332,72.0,3.679253440342496,4.590365145241654,49,7,1.0,43
EMP-004730,2016-01-15,Marketing,Junior,59,Female,1921256,12.0,2.9951090190213074,4.619819528923815,11,6,1.0,26
EMP-004731,2020-07-01,IT,Senior,48,Male,790750,14.0,1.2701934146464189,2.3537523602923045,39,5,0.0,31
EMP-004732,2020-03-27,Finance,Junior,57,Female,935685,98.0,4.359149035092102,1.0986030689394988,31,8,0.0,14
EMP-004733,2021-11-04,HR,Mid,42,Male,1298931,62.0,3.40333988376369,,1,3,0.0,13
EMP-004734,2016-12-21,Finance,Junior,47,Male,1675050,15.0,1.6964954131875354,3.8481792106528765,2,7,0.0,2
EMP-004735,2018-09-07,Sales,Lead,29,Male,1858407,100.0,3.0848036860253356,2.0250318363964457,13,5,0.0,29
EMP-004736,2017-10-03,Marketing,Senior,28,Male,990340,34.0,4.571776867310164,4.1691823071135765,21,6,0.0,41
EMP-004737,2017-09-22,IT,Senior,35,Male,1579344,24.0,1.3928675486548556,37.8631345046393,44,3,1.0,14
EMP-004738,2021-02-02,HR,,52,Male,1856572,97.0,2.1979666597869394,3.3243815515999144,13,2,0.0,3
EMP-004739,2015-03-19,Sales,Mid,33,Female,364440,47.0,3.57913528790022,3.941656719800169,21,8,0.0,46
EMP-004740,2018-10-17,Finance,Manager,43,Male,573689,64.0,4.977256388397774,1.292201269505338,3,8,1.0,33
EMP-004741,2019-05-16,Finance,Mid,40,Female,306930,10.0,1.850038029337853,1.6103167936630514,35,8,1.0,41
EMP-004742,2018-04-10,Finance,Manager,57,Female,573717,47.0,4.730221695938182,4.545936221732282,43,0,1.0,43
EMP-004743,2015-03-25,Sales,Lead,50,Male,911038,57.0,4.490474130552853,4.310547159282992,49,4,1.0,40
EMP-004744,2018-08-14,Operations,Senior,49,Male,1511732,42.0,2.614716532262042,1.2022702822908373,35,8,1.0,16
EMP-004745,2021-01-08,Operations,Senior,52,Male,602503,31.0,3.4800147330459166,2.912744792334337,7,8,0.0,44
EMP-004746,2015-12-29,Operations,Lead,44,Female,320111,118.0,3.5190601001920885,4.643951004594338,47,0,1.0,8
EMP-004747,2020-12-24,Finance,Manager,23,Female,318013,26.0,2.500523868315941,4.5214867487616015,21,2,0.0,32
EMP-004748,2021-08-21,Finance,Mid,37,Male,477370,71.0,2.643196919435172,3.1819949324711208,47,1,0.0,43
EMP-004749,2021-05-22,IT,Senior,38,Male,1148452,43.0,2.7458254935469455,2.2055838924116085,42,8,0.0,5
EMP-004750,2016-01-17,Operations,Lead,24,Female,1021120,109.0,1.1484065859979875,3.334104777017929,32,3,0.0,25
EMP-004751,2021-03-12,Operations,Mid,49,Female,1008394,55.0,1.110179565781615,1.6536066262287683,21,4,1.0,29
EMP-004752,2017-07-21,Sales,Lead,51,Female,719429,34.0,1.983785684886218,2.826527616389274,38,8,1.0,23
EMP-004753,2015-04-26,Operations,Junior,41,,1829657,11.0,2.562230446901168,4.107911322558444,6,1,1.0,5
EMP-004754,2016-06-03,Sales,Lead,53,Male,1900200,99.0,2.5146311303980142,4.03104218750527,21,7,0.0,33
EMP-004755,2020-11-17,IT,Manager,27,Male,790609,49.0,1.6446776159885563,,9,7,0.0,21
EMP-004756,2015-04-04,Sales,Junior,45,Female,654321,72.0,3.060611570984022,4.593620746080035,12,4,1.0,34
EMP-004757,2020-06-10,Operations,Lead,24,Female,1901191,78.0,2.056693971497166,4.31983973541637,11,7,0.0,0
EMP-004758,2019-02-14,Operations,Manager,37,Female,1310994,84.0,3.8471311496039577,3.115766195522529,36,8,0.0,36
EMP-004759,2017-05-26,IT,Manager,51,Male,821852,90.0,4.293590061592633,3.7292506833629706,25,7,0.0,42
EMP-004760,2016-10-25,Operations,Junior,41,Female,863962,24.0,3.162078643685447,3.3358309058203637,49,5,0.0,29
EMP-004761,2016-01-26,Finance,Senior,53,Female,877806,93.0,4.350358764314484,1.5602930150916596,45,1,0.0,24
EMP-004762,2016-06-28,Finance,Junior,53,Female,1529393,55.0,4.646621761660036,3.1248252505523424,38,3,1.0,6
EMP-004763,2015-02-23,IT,Manager,37,Female,607904,,1.1831845100849971,3.2905799935908897,20,2,0.0,29
EMP-004764,2019-12-12,IT,Mid,47,Male,1492298,69.0,2.3455497976678283,4.982762138499391,6,5,1.0,13
EMP-004765,2020-03-24,Finance,Lead,47,Female,505932,46.0,2.927060536934774,1.2496339964681864,33,8,0.0,11
EMP-004766,2021-04-03,Marketing,Junior,30,Female,1379826,86.0,3.237808867633561,4.794475393749152,27,8,1.0,31
EMP-004767,2016-07-25,HR,Senior,56,Male,457253,36.0,4.5548903751043515,2.596907864599912,41,2,1.0,44
EMP-004768,2019-05-11,Finance,Lead,37,Female,946356,30.0,2.4470942983781776,1.5125913997504603,20,3,1.0,8
EMP-004769,2018-03-01,HR,Junior,23,Male,895236,63.0,3.2207829756125124,4.362836001530814,13,4,0.0,20
EMP-004770,2016-04-22,Finance,Mid,54,Female,395419,77.0,4.906643121386734,3.9726385497459207,17,9,1.0,33
EMP-004771,2021-01-02,IT,Mid,42,Male,817078,54.0,3.3611182953785796,1.3019903882867192,43,6,0.0,2
EMP-004772,2017-04-20,HR,Senior,50,Male,1672023,24.0,4.912605295354593,3.6678203893941785,11,3,0.0,2
EMP-004773,2018-12-14,HR,Junior,26,Male,1239916,117.0,1.4517338445115096,1.6255406934541443,24,4,1.0,22
EMP-004774,2016-10-09,Finance,Lead,33,Male,642808,57.0,2.651308566487788,1.3419921735135958,49,6,1.0,11
EMP-004775,2018-07-24,Operations,Senior,56,Male,410892,7.0,3.9542204264818084,4.512654079895796,5,7,0.0,10
EMP-004776,2019-09-22,Marketing,Senior,56,Female,676807,24.0,4.87747475695563,4.277333228978165,4,2,0.0,37
EMP-004777,2016-06-26,Finance,Mid,31,Male,1424944,53.0,2.928861305849216,4.742420627455691,21,5,0.0,13
EMP-004778,2015-09-04,Operations,Lead,37,Male,891828,35.0,1.31146586882216,2.0989689431003304,24,4,1.0,46
EMP-004779,2018-02-10,Operations,,29,Male,1585658,95.0,2.6530629566804658,3.113411493647146,29,6,1.0,10
EMP-004780,2020-01-03,Sales,senior,29,Male,672281,95.0,1.9236188742876221,1.3654834461428753,2,9,,42
EMP-004781,2016-10-13,Operations,Mid,28,Male,1781830,40.0,2.3853674434606904,3.6195157113943033,13,1,0.0,38
EMP-004782,2017-01-27,Marketing,Senior,41,Female,1221129,88.0,2.7011108813037503,,31,1,1.0,43
EMP-004783,2018-04-22,Operations,Lead,30,Male,1201245,64.0,3.9959677588035856,4.361674633220446,35,4,1.0,39
EMP-004784,2020-09-13,HR,Senior,30,Female,1422581,54.0,4.411574215237797,1.1700443013145576,13,6,0.0,11
EMP-004785,2017-01-10,HR,Manager,30,Male,853889,32.0,2.4915305591632118,4.965995267972676,27,0,0.0,20
EMP-004786,2016-02-27,HR,Manager,540,Female,1539108,11.0,1.2826980937251777,2.1099216260073015,6,0,0.0,44
EMP-004787,2020-06-17,Finance,Senior,58,Female,1129202,20.0,2.9097367609476996,4.31837477985036,42,6,0.0,10
EMP-004788,2017-04-15,HR,Mid,39,Female,1196618,20.0,1.773014570620453,4.960159404196724,38,9,1.0,34
EMP-004789,2016-11-09,Sales,Mid,55,Male,917437,49.0,3.980053649485312,4.271333011601679,32,9,0.0,37
EMP-004790,2015-09-19,IT,Senior,33,Male,1043201,63.0,4.2620840523154335,3.4174216579324064,10,1,1.0,46
EMP-004791,2019-05-19,Sales,Junior,25,Male,550611,39.0,2.522109922412811,1.444539798384484,6,6,0.0,38
EMP-004792,2019-06-16,Operations,Junior,53,Female,837833,,1.4229746050011638,4.909163797063259,6,3,1.0,33
EMP-004793,2018-05-02,HR,Lead,39,Female,1487910,88.0,3.500901962116167,3.832864802996715,24,6,1.0,46
EMP-004794,2020-08-28,IT,Mid,51,Female,372904,31.0,1.4070793344429435,3.624560976659658,43,3,0.0,7
EMP-004795,2017-10-01,Marketing,Mid,32,Male,1481175,110.0,4.822090117721494,3.812108732211714,16,4,1.0,20
EMP-004796,2016-03-28,Marketing,Lead,34,Male,1805947,62.0,3.244442933859168,2.0864013847216563,47,3,1.0,27
EMP-004797,2020-01-01,Marketing,Lead,34,Female,1745291,115.0,3.7661074239806553,2.1982368827490197,15,2,1.0,35
EMP-004798,2019-08-03,Operations,Lead,27,Female,363711,72.0,1.7770818022262236,4.209402307251303,42,7,0.0,35
EMP-004799,2015-03-22,HR,Manager,58,Female,1537678,48.0,1.736696938800872,2.9526464106360977,34,2,1.0,46
EMP-004800,2016-01-16,Operations,Lead,23,Male,1725390,38.0,1.3070137138417568,3.0596588034964594,33,0,0.0,44
EMP-004801,2019-01-13,Finance,Manager,33,Female,611814,67.0,2.524496478636892,1.5722700619447298,19,3,1.0,33
EMP-004802,2017-11-13,HR,Lead,22,Male,1134171,53.0,2.3994885343590493,3.8959154780004677,4,1,1.0,18
EMP-004803,2021-04-08,IT,Mid,48,Female,312825,27.0,2.6212627909973696,3.5184234687453273,8,0,,7
EMP-004804,2015-08-28,Finance,Manager,44,Female,1714893,116.0,4.096428003312388,3.78460916338368,31,3,1.0,11
EMP-004805,2017-11-26,Marketing,Mid,36,Female,854920,118.0,4.386934392367632,2.663088793947725,42,7,1.0,43
EMP-004806,2015-12-03,Operations,Mid,50,Female,1286389,86.0,3.4436293272430873,1.2349763209638436,8,2,1.0,12
EMP-004807,2017-01-08,Marketing,Lead,56,Female,1168541,76.0,1.1818329660552869,2.433155287541945,21,4,0.0,45
EMP-004808,2016-12-23,HR,Manager,57,Male,1531353,59.0,3.693146763929581,1.6915912897523078,37,9,0.0,28
EMP-004809,2018-09-05,Sales,Junior,37,Male,1321680,74.0,3.535809083288528,1.5041241392726357,33,7,0.0,26
EMP-004810,2016-03-09,HR,Senior,45,Female,1477734,77.0,1.4976516562773057,18.515482389974988,20,7,0.0,6
EMP-004811,2018-12-02,Marketing,Mid,35,Female,1958391,27.0,1.2403485771720226,2.7060552710069024,38,4,0.0,20
EMP-004812,2016-06-15,Finance,Junior,43,Female,1702097,43.0,3.552424641353232,4.199128583005457,36,3,0.0,44
EMP-004813,2018-10-28,IT,Senior,57,Female,1607283,69.0,3.4356057775936097,4.079232977368037,19,3,0.0,7
EMP-004814,2017-12-13,HR,Manager,47,Male,942296,,2.262398754945177,4.57112472616041,41,5,0.0,35
EMP-004815,2015-10-31,Marketing,Lead,30,Female,1989444,101.0,1.0695521242563002,2.1508871538557948,22,8,0.0,33
EMP-004816,2019-06-16,HR,Senior,23,Female,960407,92.0,1.7250391023517557,3.1996983738495173,10,5,1.0,15
EMP-004817,2019-03-08,Operations,Lead,42,Male,760287,39.0,3.7908947231488064,4.984416016405103,4,0,,38
EMP-004818,2021-09-14,Operations,Junior,53,Male,1227843,89.0,2.709759943467422,2.0017929177425504,27,4,0.0,30
EMP-004819,2015-10-30,Sales,Manager,26,Female,1612008,49.0,4.657738484079048,2.4730732789020005,21,6,1.0,11
EMP-004820,2018-07-06,Operations,Senior,46,Female,1321663,90.0,4.83786315545574,,38,1,0.0,30
EMP-004821,2017-09-17,Operations,Junior,52,Male,742695,118.0,2.721824727178758,2.138301326316763,47,2,1.0,43
EMP-004822,2019-02-09,Marketing,Senior,38,Female,765443,78.0,1.0183850668503802,2.1038846813903684,44,7,1.0,24
EMP-004823,2015-06-18,IT,Mid,25,Male,1628039,1.0,1.5776914503172446,1.9734691999867966,43,8,0.0,31
EMP-004824,2021-09-17,HR,Mid,22,Male,1703041,4.0,4.669294905218749,1.6707340254555572,44,3,1.0,43
EMP-004825,2015-01-21,Marketing,Senior,36,Male,1027330,2.0,1.6560592881881027,4.280915133681992,45,0,1.0,26
EMP-004826,2020-05-10,Operations,Mid,42,,1538450,29.0,2.881101183815286,2.277031817877044,3,6,1.0,46
EMP-004827,2016-12-11,Finance,Mid,230,Male,1314497,54.0,2.1801887452909603,4.788591201944426,34,0,0.0,24
EMP-004828,2020-06-27,Marketing,,27,,1609341,110.0,3.5022320688588353,1.4451434338398852,46,5,0.0,14
EMP-004829,2018-12-14,IT,Manager,54,Male,470135,74.0,4.284588918508628,4.943692657141174,33,8,0.0,12
EMP-004830,2019-03-15,Operations,Lead,28,Female,1111174,52.0,3.127443368357103,2.165709373863048,44,8,0.0,37
EMP-004831,2016-11-06,Sales,Lead,46,Female,331685,11.0,1.1234917765120587,2.4975213039094766,8,7,1.0,44
EMP-004832,2015-10-09,Finance,Manager,35,Female,586471,41.0,1.2132355922064813,4.133786955983758,46,3,1.0,37
EMP-004833,2019-01-04,Finance,Senior,49,Male,1871272,79.0,3.920452923713289,4.100667246731723,39,2,1.0,13
EMP-004834,2021-01-20,Sales,Manager,30,Female,1790320,61.0,2.39257362224533,1.672624165985387,18,5,0.0,6
EMP-004835,2019-05-16,HR,Junior,38,Male,396986,18.0,4.5247231737739675,3.6154989829760535,19,1,0.0,44
EMP-004836,2019-08-16,IT,Senior,43,Female,1451062,11.0,4.069043094915258,3.0902455072946227,21,3,1.0,39
EMP-004837,2020-06-21,IT,Junior,28,Female,306448,6.0,2.3127572296809764,3.2645276169854784,42,9,1.0,25
EMP-004838,2020-06-21,Marketing,Senior,27,Female,412243,65.0,2.0298347035457347,2.3850394108971495,41,7,0.0,42
EMP-004839,2018-03-20,Operations,Junior,40,Female,728367,40.0,2.1948258849026443,3.0515043787666296,35,3,0.0,47
EMP-004840,2016-06-19,IT,Lead,56,Female,359688,92.0,2.590513731089985,2.0891676324664887,39,8,0.0,14
EMP-004841,2018-05-07,IT,Manager,27,Female,1274673,76.0,2.3160931456899245,2.2938210393765024,36,8,1.0,31
EMP-004842,2017-05-25,Sales,Mid,51,Male,1236629,18.0,2.1824170445686537,1.3128834499357356,10,3,0.0,29
EMP-004843,2017-11-02,IT,Senior,35,Female,516353,94.0,3.110702692464747,2.62670921331364,45,3,0.0,37
EMP-004844,2020-04-22,Operations,Mid,41,Male,587275,112.0,1.2643023734918541,2.570696352404051,30,6,0.0,40
EMP-004845,2020-07-18,Finance,Senior,44,Female,1265139,37.0,1.1099601658824074,3.145651358762932,16,6,0.0,42
EMP-004846,2020-04-20,Sales,Manager,24,Female,1126513,67.0,3.558292744752035,2.2326313520166488,47,1,0.0,40
EMP-004847,2020-09-18,Operations,Senior,50,Female,818003,82.0,4.006600446538396,3.275677063489363,2,8,0.0,11
EMP-004848,2017-10-17,Finance,Senior,46,Male,1353483,49.0,2.2644660634020135,4.090756429460431,31,0,1.0,25
EMP-004849,2017-07-15,Marketing,Manager,48,Male,779956,82.0,2.661704907561189,4.993028447133108,48,6,1.0,16
EMP-004850,2021-04-10,Finance,Junior,58,Male,1288662,58.0,3.3440675073193953,1.2502113914156534,12,7,1.0,26
EMP-004851,2019-11-05,Marketing,Manager,43,Male,1160960,116.0,2.5538836075524647,3.4215571107338607,26,6,0.0,13
EMP-004852,2015-09-19,Marketing,Junior,32,Male,1779448,70.0,2.402592213410149,4.37321067646441,48,9,1.0,1
EMP-004853,2018-12-09,HR,Lead,33,Female,654480,23.0,3.6804008068328855,2.705882884932645,38,5,0.0,23
EMP-004854,2015-10-21,Operations,Lead,36,Male,329617,35.0,4.081959547091526,4.905441571286113,39,0,0.0,4
EMP-004855,2020-08-25,Operations,Junior,59,Male,318058,101.0,4.962296832415174,4.459677748256296,8,0,1.0,24
EMP-004856,2020-04-22,Sales,Junior,40,Female,902457,5.0,2.3494628633877146,4.082132922952722,39,9,0.0,5
EMP-004857,2016-01-01,HR,Senior,25,Male,923975,11.0,3.78112901161597,4.469448929195462,32,7,0.0,0
EMP-004858,2017-06-07,HR,Lead,48,Male,623122,13.0,2.238263074919713,4.762469588008476,18,3,0.0,26
EMP-004859,2016-07-19,Operations,,52,Male,1169761,75.0,4.909200392877443,4.298371228813725,8,6,1.0,34
EMP-004860,2019-08-31,Sales,Manager,56,Male,1843973,96.0,4.244972567206609,1.9619596432720172,25,5,1.0,3
EMP-004861,2016-07-02,HR,Manager,28,Male,657149,20.0,1.3147247557985704,3.5590347391108406,12,1,0.0,30
EMP-004862,2016-07-13,Finance,Junior,470,Female,1419439,69.0,4.724019210425591,1.1277697863602043,21,7,0.0,18
EMP-004863,2018-09-16,Operations,Manager,54,Female,827575,84.0,4.495162516628557,4.325153011466166,6,4,0.0,25
EMP-004864,2015-04-15,IT,Manager,32,Male,1480425,112.0,3.327160816970458,1.340141663655571,48,0,0.0,28
EMP-004865,2019-03-31,HR,Lead,32,Male,1584392,2.0,2.0020054628494703,2.929504974092783,11,5,1.0,46
EMP-004866,2021-01-12,Finance,Manager,33,Female,485995,99.0,2.0675643863572257,3.023807623613077,37,4,1.0,3
EMP-004867,2019-08-10,Sales,Mid,32,Female,1858327,113.0,3.9886807385636636,4.72385959702384,44,5,0.0,46
EMP-004868,2021-05-20,Operations,Lead,39,Male,643070,40.0,2.196144350024316,4.24259407854102,5,6,1.0,29
EMP-004869,2020-10-17,IT,Lead,29,Female,1825590,27.0,2.3887531731600107,1.7483771849185619,43,6,1.0,5
EMP-004870,2015-01-08,Marketing,Lead,35,Female,1437204,105.0,1.2159571233461843,3.472766589377815,5,9,1.0,20
EMP-004871,2018-12-17,IT,Lead,28,Male,1907398,1.0,3.8571506431403924,1.9295759634442948,42,-1,0.0,26
EMP-004872,2018-12-16,Marketing,Mid,58,Female,1384339,94.0,4.178574230774947,1.7670643508079387,7,3,0.0,1
EMP-004873,2017-06-18,Sales,Junior,27,Female,1352929,92.0,2.8968173954884033,4.740132104372414,11,3,1.0,28
EMP-004874,2019-09-08,IT,Mid,31,Female,1173003,68.0,3.6374909993423183,4.2407829156493255,35,7,0.0,10
EMP-004875,2015-05-02,IT,Manager,27,Female,1899466,1.0,4.440509204161176,2.9313999169371057,29,3,1.0,5
EMP-004876,2015-01-24,Sales,Manager,57,Female,801331,39.0,3.1840948392009576,4.837510004511353,0,2,0.0,17
EMP-004877,2016-08-18,IT,Lead,39,,1810022,83.0,1.7729248342044919,4.545783136898047,32,7,1.0,45
EMP-004878,2016-04-21,Finance,Mid,51,Female,1675404,111.0,3.6181075763498005,3.5989956925323217,13,2,0.0,40
EMP-004879,2021-05-14,HR,Junior,42,Male,324050,67.0,2.3479211643925506,4.4467867396902925,6,9,0.0,19
EMP-004880,2017-01-13,Operations,Manager,48,Male,1831191,,4.4247073545974045,1.666408647019856,48,2,1.0,35
EMP-004881,2020-03-14,Operations,Senior,55,Female,731965,87.0,4.777877088870066,4.619986010580224,46,4,1.0,36
EMP-004882,2016-06-04,Sales,Manager,36,Male,1177017,11.0,3.6717570709157337,3.4164647269805815,8,1,0.0,23
EMP-004883,2020-01-23,Finance,Junior,51,Male,1382631,119.0,4.928809445384571,4.035817502105551,23,0,0.0,5
EMP-004884,2017-01-11,Operations,Senior,40,Female,710050,5.0,3.422668554753319,3.047304929969748,49,6,0.0,45
EMP-004885,2021-09-16,Sales,Junior,31,Male,1075869,11.0,1.2343039976255992,2.8150367956718823,36,8,,7
EMP-004886,2017-04-29,Operations,Senior,38,Female,780244,93.0,2.519130643924834,3.099019125323898,35,4,0.0,8
EMP-004887,2020-01-18,Finance,Mid,25,,1971579,28.0,3.069690015988103,4.061072283863494,32,8,1.0,32
EMP-004888,2016-01-20,IT,Junior,51,Male,356698,72.0,2.123447570264701,2.984494432476324,5,9,0.0,10
EMP-004889,2018-12-07,Finance,Senior,52,Male,920436,74.0,2.054139014487438,2.1003505835530834,44,5,0.0,6
EMP-004890,2017-09-07,Sales,Manager,22,Female,900589,48.0,2.971485455910829,3.082208570761343,13,8,0.0,22
EMP-004891,2020-08-29,Marketing,Mid,47,Male,1194176,39.0,1.0716154925717558,2.9493166320015085,27,0,0.0,16
EMP-004892,2015-07-03,Sales,Senior,39,Male,1589644,51.0,1.1637420699602763,3.5432767883347127,23,7,1.0,42
EMP-004893,2018-12-25,Marketing,Mid,51,Female,1113502,97.0,2.7230597817310933,,12,0,1.0,9
EMP-004894,2018-08-30,Marketing,Manager,31,Male,1102330,69.0,1.8399509596599088,2.549030626979466,7,8,0.0,42
EMP-004895,2018-06-22,HR,Lead,24,Female,722934,54.0,2.8870653129748853,2.636209163892953,28,9,1.0,37
EMP-004896,2021-03-03,Finance,Lead,51,Female,1286765,81.0,3.9255061097216655,4.949879992375807,6,1,0.0,1
EMP-004897,2016-01-03,Marketing,Senior,49,Female,668188,56.0,1.0950195198457675,2.8122453236818776,32,3,1.0,42
EMP-004898,2017-12-28,HR,Senior,39,,1376549,71.0,4.419287992549081,1.425862313896399,32,2,,20
EMP-004899,2017-03-11,IT,Senior,35,Male,1161779,26.0,1.0690443609344231,3.771228351259101,5,4,1.0,23
EMP-004900,2018-11-04,Marketing,Senior,31,Male,1727449,103.0,1.5212726574809952,2.2205210440903307,46,6,0.0,9
EMP-004901,2020-02-28,Finance,Junior,22,Male,1001094,35.0,1.9326056362436845,,41,4,1.0,8
EMP-004902,2018-10-07,IT,Junior,52,Female,1625828,53.0,2.3408065419569337,3.439832712373891,18,5,0.0,41
EMP-004903,2019-07-01,HR,Lead,28,Male,1331444,77.0,4.290769688935905,1.246651927029657,2,7,1.0,33
EMP-004904,2020-11-23,HR,Senior,49,Male,1559090,39.0,3.341941214600096,1.037597783903386,31,5,1.0,46
EMP-004905,2020-07-07,HR,Manager,47,Female,1467501,102.0,3.639590876670593,4.497263833293415,37,7,0.0,11
EMP-004906,2018-09-23,Sales,Junior,37,Male,692910,32.0,2.2276623015242674,1.386391976163714,13,8,0.0,7
EMP-004907,2015-01-22,Sales,Junior,40,Female,1823334,80.0,1.6338280933537157,3.8957765318862,23,0,0.0,42
EMP-004908,2021-05-22,HR,Lead,44,Male,1815995,47.0,3.89756730751123,4.3043377488911805,35,7,0.0,40
EMP-004909,2018-03-21,Finance,Lead,50,Male,1814386,7.0,1.1168200729147366,1.3946030324580057,25,9,1.0,35
EMP-004910,2019-07-01,HR,Lead,54,Male,1375834,83.0,1.6557982037649301,4.451398939109382,41,8,1.0,2
EMP-004911,2018-11-03,Finance,Manager,37,Female,639058,10.0,3.0732028227388613,4.730780070686917,14,1,0.0,41
EMP-004912,2019-04-03,Operations,Junior,26,Female,1668568,38.0,3.0185961432921475,3.1002671966670534,13,6,1.0,29
EMP-004913,2017-03-10,Operations,Lead,43,Male,1802391,37.0,4.747246227704095,43.02886955797167,34,8,0.0,9
EMP-004914,2016-06-05,HR,Junior,42,Female,740806,25.0,2.1865860855438535,4.885776080323624,12,4,0.0,0
EMP-004915,2019-03-26,Marketing,Manager,23,Female,1681671,74.0,2.0676204729356087,4.287164378308496,24,9,0.0,41
EMP-004916,2020-10-06,HR,Lead,24,Male,1510593,84.0,4.191879462769122,3.820337636143233,11,8,1.0,10
EMP-004917,2017-09-10,Operations,Mid,30,Female,760483,55.0,3.4737434219624963,2.7005020275102636,0,2,1.0,6
EMP-004918,2019-12-01,Sales,Senior,23,Male,1147336,104.0,1.1369018493932836,1.5484777677226238,19,7,0.0,12
EMP-004919,2017-10-25,IT,Junior,39,Female,449907,26.0,2.992569393503292,2.4969742441815863,11,6,1.0,9
EMP-004920,2016-02-26,IT,Junior,49,Female,1937703,14.0,2.6952775113257346,1.7234269133694298,5,2,0.0,26
EMP-004921,2019-03-09,Finance,Junior,24,Female,652554,59.0,4.602679249582909,1.7578909715493385,16,3,0.0,21
EMP-004922,2017-03-20,Marketing,Senior,36,Male,485133,100.0,2.561423648762821,3.3888807216481807,6,3,0.0,0
EMP-004923,2017-07-08,Marketing,Lead,46,Female,1902318,23.0,4.837626645146496,4.358608533029147,7,4,1.0,12
EMP-004924,2015-04-01,HR,,23,Male,1073168,110.0,1.6815113756967812,1.0498298806603126,34,5,1.0,1
EMP-004925,2017-11-09,HR,Lead,37,Female,966069,37.0,3.9262313326793326,4.787179535346461,19,4,0.0,12
EMP-004926,2021-11-05,IT,Lead,43,Male,1011656,69.0,4.393006102057313,4.462627614970282,20,8,0.0,5
EMP-004927,2016-06-05,IT,Manager,43,Male,1017357,45.0,2.9230685573714625,4.800081669361582,27,6,0.0,3
EMP-004928,2017-08-01,HR,Junior,47,Male,1164353,119.0,3.1180321149031824,3.8818142700322027,39,2,1.0,7
EMP-004929,2015-10-11,HR,Mid,43,Female,1150084,62.0,3.24928342261917,1.4158972857393985,44,4,1.0,26
EMP-004930,2019-08-25,Finance,Senior,28,Male,1299929,87.0,1.0622888227624019,1.4091018109396791,23,8,1.0,5
EMP-004931,2016-06-05,Finance,Mid,35,Female,668461,94.0,3.650794500243239,4.11156741213459,38,6,1.0,17
EMP-004932,2018-04-04,Sales,Mid,37,Male,845157,22.0,2.418650376344483,4.08346669835665,18,3,0.0,38
EMP-004933,2017-05-30,Finance,Senior,54,Female,798041,7.0,3.4794729862190352,2.9327776542225403,13,7,1.0,29
EMP-004934,2016-03-25,IT,Lead,56,Male,826141,88.0,3.272318191017392,3.893641123584582,1,9,1.0,7
EMP-004935,2018-10-21,Finance,Manager,23,Female,916949,20.0,1.8159589735932493,4.20558951372273,32,6,0.0,39
EMP-004936,2019-05-04,IT,Junior,29,Male,337826,14.0,1.4816788279708208,3.452720821896013,33,8,1.0,8
EMP-004937,2016-06-13,Finance,Mid,55,Female,1277458,61.0,4.4677295841656814,3.861370579688044,28,6,1.0,36
EMP-004938,2020-10-10,IT,Lead,50,Male,740245,92.0,4.748158891090453,2.7690036324146035,8,5,0.0,18
EMP-004939,2015-01-20,Marketing,Senior,43,Male,456617,113.0,2.1728683395029273,1.3615376124030956,17,5,1.0,27
EMP-004940,2015-01-31,Marketing,Junior,56,Female,865365,51.0,3.6206913139128933,2.8433162265138527,2,5,0.0,29
EMP-004941,2021-10-18,Sales,Manager,26,Female,1215893,12.0,1.269294513600152,4.186740847338854,33,9,0.0,22
EMP-004942,2015-07-26,Marketing,Lead,26,Male,1868486,83.0,3.801249635476595,3.567353867680949,45,1,1.0,14
EMP-004943,2018-04-05,Operations,Junior,25,Male,1882951,82.0,3.5508976139724275,4.028116350913903,10,1,0.0,25
EMP-004944,2019-05-07,Operations,Mid,51,Female,1772068,100.0,3.563424043552775,1.133223746447018,28,6,1.0,26
EMP-004945,2016-04-07,HR,Junior,54,,480668,27.0,3.4105578740810465,1.5825529189172691,14,3,0.0,16
EMP-004946,2021-07-31,Marketing,Manager,300,Male,1877913,65.0,4.876074388837449,1.810326815390567,46,7,0.0,45
EMP-004947,2015-08-17,Finance,Manager,40,Female,704853,42.0,2.570688764821504,2.4283443903921875,3,4,,2
EMP-004948,2020-11-05,Marketing,Mid,45,Male,486277,71.0,4.852137828651923,3.82459690677237,29,9,0.0,20
EMP-004949,2020-04-10,Finance,Senior,41,Female,1355764,88.0,1.5265564252539163,2.40805461845274,22,4,0.0,28
EMP-004950,2020-04-11,Operations,Lead,24,Male,1791237,17.0,3.6326970621584342,1.44533359989765,42,8,1.0,41
EMP-004951,2015-05-23,Operations,Junior,48,Male,615063,106.0,1.3716367264785534,3.947352441136237,49,3,0.0,3
EMP-004952,2017-09-28,Marketing,Mid,39,,1418298,96.0,3.091272787435097,2.3511301861424534,7,6,0.0,9
EMP-004953,2015-04-17,Operations,Junior,55,Female,1730115,73.0,4.07347152208784,2.4053270056484592,49,5,1.0,17
EMP-004954,2021-10-31,HR,Mid,53,Male,445088,19.0,1.0608698553168137,4.784095583235394,8,2,0.0,34
EMP-004955,2015-01-18,Sales,Manager,55,Female,669359,104.0,3.860969329679702,4.816015416410483,47,3,0.0,10
EMP-004956,2020-10-12,IT,Senior,53,Male,1567885,57.0,4.463925800071243,1.9258479096940095,0,2,0.0,38
EMP-004957,2020-03-15,Operations,Senior,23,Male,572069,41.0,3.1523797100185256,1.1534543880421912,8,0,1.0,5
EMP-004958,2019-04-11,Marketing,Mid,57,Female,1695603,81.0,4.207833020835995,2.6933585684469117,21,3,1.0,22
EMP-004959,2020-04-29,Marketing,Junior,46,Male,1222315,23.0,4.618521595607341,2.637382451471993,46,2,1.0,16
EMP-004960,2018-09-19,HR,Lead,48,Female,470165,112.0,1.444094590858286,3.344098725832451,27,1,1.0,22
EMP-004961,2016-03-24,HR,Senior,40,Male,1236921,23.0,4.572761658342651,3.848127005690273,31,6,0.0,18
EMP-004962,2016-03-07,Marketing,Mid,41,Male,1917190,10.0,1.6769619076886593,4.2589703697527845,30,8,1.0,14
EMP-004963,2016-03-10,Operations,Junior,45,Male,764767,65.0,2.88575310170332,3.9308425153569657,12,1,1.0,17
EMP-004964,2021-03-07,Marketing,Senior,58,Female,1038173,67.0,1.2237283271257078,2.6015528661218417,20,5,1.0,27
EMP-004965,2017-09-14,HR,Manager,35,Female,1449302,56.0,3.638966307167397,3.047529330333495,0,0,1.0,11
EMP-004966,2021-09-17,Finance,Manager,24,Female,1593288,104.0,3.2767841276431855,3.9591378234968233,5,4,1.0,27
EMP-004967,2018-12-27,Sales,Manager,51,Female,1204262,56.0,3.9792179201573465,4.520779216717649,13,0,0.0,23
EMP-004968,2017-12-30,HR,Mid,33,Male,1948696,58.0,3.5126389446282666,2.2485909868628307,43,7,1.0,13
EMP-004969,2020-04-19,Marketing,,26,Male,1314484,82.0,2.6585289910864276,2.5981014595723293,27,8,0.0,35
EMP-004970,2020-04-29,Marketing,Junior,57,Male,846514,40.0,2.2858515080450497,4.644217002782868,40,6,0.0,11
EMP-004971,2016-08-02,Operations,Senior,56,Female,623335,108.0,4.7219496790326,3.9109187053781334,34,8,0.0,38
EMP-004972,2019-10-18,IT,Lead,35,Male,881860,61.0,4.547465215878816,4.210035219933643,26,1,1.0,17
EMP-004973,2021-05-31,Marketing,Senior,31,Female,1462975,17.0,4.394880754765822,3.694145095096596,48,8,0.0,43
EMP-004974,2017-01-09,Marketing,Manager,32,Male,977902,9.0,4.630502109631072,3.5277205791605635,12,5,1.0,43
EMP-004975,2020-02-08,IT,Manager,37,Female,835162,114.0,2.897673432864681,3.4148089693674066,10,1,0.0,2
EMP-004976,2019-12-24,Operations,Junior,55,Male,1780834,80.0,2.678523549546804,4.643009062294299,44,8,0.0,30
EMP-004977,2017-08-29,Operations,Junior,22,Male,1167371,30.0,3.723426346477878,1.5640636578329992,2,6,1.0,17
EMP-004978,2017-05-16,IT,Junior,24,Male,669650,2.0,1.974822705165685,2.5249583922182253,2,2,1.0,7
EMP-004979,2016-04-14,Marketing,Manager,52,,1716739,80.0,2.9977513207815107,,16,5,1.0,39
EMP-004980,2016-07-19,Finance,Mid,25,Male,1305917,9.0,4.533927432229793,2.7998383840446497,35,5,1.0,45
EMP-004981,2016-03-28,Sales,Lead,33,Female,1642927,112.0,4.973129429136035,2.57498525091976,1,4,0.0,45
EMP-004982,2021-01-18,Operations,Senior,57,Female,1937739,61.0,1.3453730508601147,4.311915683881011,17,9,1.0,23
EMP-004983,2018-05-22,Finance,Senior,25,Female,1823285,98.0,1.3923500299993816,1.3139360734242937,18,5,0.0,46
EMP-004984,2020-05-28,Operations,Manager,29,Female,1947784,107.0,4.914003400561304,,43,1,0.0,42
EMP-004985,2019-04-05,Marketing,Lead,43,Female,466984,75.0,2.7222022849370675,2.641419004282301,39,6,0.0,0
EMP-004986,2016-08-03,Operations,Manager,34,Male,1191178,85.0,2.2320945245679695,2.7598114453770397,30,6,0.0,19
EMP-004987,2016-10-14,Marketing,,38,Male,608791,88.0,4.822260608526234,2.27276883535553,38,0,0.0,20
EMP-004988,2021-03-15,Marketing,Mid,51,Male,1936838,33.0,2.803874507589402,4.695430263833851,18,3,,28
EMP-004989,2019-11-24,HR,Mid,23,Female,836176,4.0,4.660505686742432,2.48112409015213,10,1,1.0,30
EMP-004990,2020-09-15,Finance,Lead,52,Female,1773102,45.0,2.295284693730285,4.952030918550308,14,8,1.0,35
EMP-004991,2020-01-28,HR,Manager,32,Male,1758093,48.0,1.967507428107671,2.1033227982501033,32,8,1.0,21
EMP-004992,2020-03-28,IT,Lead,29,Male,1093708,4.0,2.049281606251366,1.826490629333286,6,9,1.0,32
EMP-004993,2015-02-09,Finance,Mid,58,Male,713278,117.0,2.920713378273139,3.3132268247087038,35,9,0.0,5
EMP-004994,2020-01-23,Sales,Lead,32,Female,1795586,60.0,3.9448931287461995,1.1202964076401094,5,3,0.0,9
EMP-004995,2017-09-01,Marketing,Manager,37,Female,369708,104.0,1.4042189213637468,3.059808903076769,17,6,0.0,6
EMP-004996,2018-05-09,Operations,Manager,30,Female,740380,15.0,4.196413500565941,3.8552375147247906,6,8,0.0,35
EMP-004997,2021-04-07,Sales,Senior,25,Female,1938509,21.0,2.333438255706912,2.598341362906681,34,7,0.0,2
EMP-004998,2017-05-30,Marketing,Senior,22,Male,1436354,,1.6829332219850408,3.734980675244156,32,0,0.0,2
EMP-004999,2017-11-09,Finance,Junior,59,Female,394045,14.0,3.4360045541076536,1.721080454000993,21,4,1.0,16
EMP-005000,2017-12-01,Sales,,23,Male,1440652,103.0,1.98751198023179,1.710069832043919,22,9,0.0,33
EMP-005001,2020-12-26,HR,Manager,41,Female,437122,10.0,1.069341650888941,3.0369745115260467,35,3,0.0,5
EMP-005002,2019-04-12,Finance,Mid,41,Female,1159408,95.0,4.308367941885395,1.2563335731189982,39,6,1.0,44
EMP-005003,2019-08-29,IT,Senior,39,Female,1128020,26.0,4.05487176418923,3.1431854526810468,4,1,1.0,40
EMP-005004,2017-01-02,IT,Mid,48,Male,405135,88.0,2.9547113890632026,4.820748751730628,34,9,1.0,33
EMP-005005,2020-05-18,IT,Lead,43,Male,1737512,88.0,3.484025358724465,3.880812508213318,40,2,1.0,35
EMP-005006,2016-11-09,Sales,Junior,22,Female,1039979,17.0,1.4685265296309042,4.962090389907665,20,2,0.0,13
EMP-005007,2016-03-13,HR,Senior,24,Male,554315,15.0,1.826706102031836,3.5863387588481697,8,1,0.0,47
EMP-005008,2019-01-31,IT,Junior,40,Male,576614,104.0,3.2908353377689155,4.142820468248628,37,5,1.0,3
EMP-005009,2016-06-28,Sales,Junior,37,Female,1236088,,1.222718763600886,3.4260382910418983,0,0,0.0,44
EMP-005010,2021-09-08,Marketing,Mid,48,Female,1299342,54.0,3.082996205757641,2.3606218393025276,22,1,0.0,38
EMP-005011,2019-07-25,Finance,Manager,34,Female,1367043,51.0,3.119508527309033,3.0549862522060454,18,4,0.0,41
EMP-005012,2016-12-13,Marketing,Mid,35,Female,1450788,38.0,2.465305709899901,2.151072970984573,48,6,0.0,16
EMP-005013,2017-03-04,IT,Mid,57,Female,1715124,89.0,3.9061739858474445,3.054900901128704,10,1,0.0,2
EMP-005014,2019-10-13,Sales,Junior,49,Male,1506675,118.0,2.694560694513979,3.2395830645844805,38,4,0.0,47
EMP-005015,2018-04-26,HR,Manager,49,Male,370006,110.0,4.350580245570214,,6,9,1.0,39
EMP-005016,2015-09-26,Operations,Senior,44,Male,766139,69.0,2.235057831866127,2.913237987711417,44,2,0.0,37
EMP-005017,2020-04-20,Operations,Junior,54,Female,1319086,44.0,2.9316631924920182,2.3340634159686218,44,2,0.0,24
EMP-005018,2015-02-02,Marketing,Junior,46,Female,1756013,6.0,2.152757646803647,3.105877751963771,9,8,1.0,3
EMP-005019,2020-03-03,IT,Senior,29,Female,1791094,93.0,1.2371720355246199,1.4796468271719618,32,0,1.0,9
EMP-005020,2020-06-11,Sales,Manager,50,Male,1252752,108.0,4.65015898748339,1.5624869851801417,5,8,1.0,1
EMP-005021,2017-07-28,Finance,Senior,37,Male,983010,6.0,1.1845612362440545,1.506968611458229,8,0,0.0,31
EMP-005022,2019-08-04,Operations,Senior,32,Female,1273533,32.0,2.4264602077962634,3.234735970101126,35,9,0.0,31
EMP-005023,2017-09-17,Sales,Lead,30,Male,588638,109.0,2.211834650592807,4.127894814448137,30,1,0.0,5
EMP-005024,2020-11-25,Marketing,Lead,47,Female,918553,95.0,4.793403606959554,1.1322201254680913,34,1,1.0,19
EMP-005025,2019-12-11,Operations,Mid,32,,703188,19.0,3.6816158260328864,2.8597251724808164,8,5,1.0,25
EMP-005026,2017-05-06,Marketing,Mid,38,Female,664029,22.0,1.4347692792104096,3.849962487014406,8,8,1.0,6
EMP-005027,2015-02-18,Marketing,Senior,53,Male,1959094,49.0,3.5017980248871257,3.307913752536364,43,2,1.0,18
EMP-005028,2020-03-17,Operations,,56,Female,1244906,31.0,2.4285182823902067,3.9297768414385557,10,3,0.0,21
EMP-005029,2016-10-06,Operations,Senior,43,Male,306052,83.0,3.1022669265966893,1.3315053113557722,9,8,1.0,22
EMP-005030,2015-12-09,HR,Junior,35,Female,808241,36.0,3.9029860582785485,3.1456844047627674,39,9,0.0,13
EMP-005031,2019-05-10,HR,Manager,34,Female,729690,111.0,3.396465061394921,2.1678547197359763,23,5,1.0,21
EMP-005032,2015-03-12,Finance,Mid,25,Female,756217,61.0,2.3202874085276624,,27,0,1.0,37
EMP-005033,2015-11-14,Operations,Senior,49,Female,1489967,27.0,2.440614831353557,2.9987012598853164,28,4,0.0,36
EMP-005034,2015-04-08,Marketing,Mid,41,Male,1294315,48.0,1.4487609951506282,3.9565030013814253,36,1,1.0,31
EMP-005035,2017-08-17,Marketing,,50,Female,1708044,49.0,2.9219544672137725,3.7579707342531243,31,0,1.0,28
EMP-005036,2017-05-13,Finance,Senior,42,Female,1820260,116.0,2.20058793058548,3.275647782567254,10,8,1.0,39
EMP-005037,2015-11-01,HR,Mid,45,,480550,87.0,1.949012270218193,4.587718364519812,20,1,0.0,10
EMP-005038,2018-04-14,Sales,Manager,55,Female,1328198,64.0,3.6843407286937695,4.163259915441271,26,5,1.0,6
EMP-005039,2015-08-10,Finance,Lead,41,Male,1657410,43.0,4.41558896126206,1.7724423118227706,16,7,0.0,11
EMP-005040,2015-03-13,Sales,Junior,22,Male,1250678,32.0,1.5761185319846533,2.9719754259637847,0,5,0.0,6
EMP-005041,2018-09-09,Operations,Junior,31,Female,1684663,,3.1625525909970613,2.5905277416685766,23,7,1.0,18
EMP-005042,2019-04-22,Marketing,Manager,34,Male,1057991,77.0,2.0869388101447504,1.7118037484725765,3,5,0.0,9
EMP-005043,2016-08-26,Sales,Junior,26,Female,440366,36.0,2.2913423950889524,3.7290637155057893,11,6,1.0,45
EMP-005044,2018-10-14,Marketing,Junior,30,Male,557250,65.0,1.6385893859290905,4.963373059863143,27,2,0.0,24
EMP-005045,2017-06-20,Sales,Senior,47,Male,1059006,99.0,2.69385748706397,3.140059162833123,12,5,0.0,36
EMP-005046,2015-05-11,Finance,Senior,33,Male,1300793,113.0,4.948075398977705,1.5368295746037948,5,3,0.0,16
EMP-005047,2016-12-07,Marketing,Senior,33,Male,565222,47.0,3.548285802490223,1.459338621334905,5,8,0.0,3
EMP-005048,2019-09-23,Sales,Lead,40,Male,1962713,115.0,1.6849875083360706,2.862887932801838,35,8,0.0,33
EMP-005049,2020-04-26,Finance,Lead,32,Female,310229,107.0,4.314336234360399,4.547260202562814,46,4,0.0,39
EMP-005050,2015-10-05,Operations,Manager,39,Male,962731,3.0,2.8572759325038213,4.687900655693663,2,2,0.0,27
EMP-005051,2016-12-09,IT,Manager,52,Male,1878285,117.0,4.585327765475155,4.355387931064252,35,1,1.0,35
EMP-005052,2018-11-24,HR,Junior,57,Male,1527743,83.0,1.025027362792573,2.7468519474317588,44,7,0.0,24
EMP-005053,2017-07-25,HR,Lead,23,Female,1076461,12.0,4.558080741818941,4.122181825669798,22,1,0.0,37
EMP-005054,2020-02-20,Finance,Manager,31,Female,1433763,97.0,3.2226688926147906,3.0592885161696524,47,0,0.0,9
EMP-005055,2021-10-23,Finance,Mid,330,Male,1799083,13.0,1.0121641362089595,2.207478922792361,34,9,1.0,45
EMP-005056,2021-07-02,Finance,Manager,22,Male,600147,84.0,4.777577746152195,3.0465078729111417,15,5,1.0,4
EMP-005057,2019-08-29,IT,Junior,41,Male,967133,69.0,1.3949351120960762,2.862021389186078,37,3,1.0,7
EMP-005058,2021-08-15,HR,Lead,44,Male,996451,9.0,4.560143373060489,2.2540285960176716,37,3,1.0,31
EMP-005059,2017-03-28,Operations,Mid,43,Male,1894320,18.0,1.4026353612503395,3.227393245557634,15,3,1.0,43
EMP-005060,2018-04-11,Sales,Senior,37,Male,899374,18.0,2.410273848531927,1.027643183505015,30,4,1.0,20
EMP-005061,2017-11-06,HR,Senior,53,Female,1635936,47.0,4.727703980943604,2.959503783064515,33,-8,1.0,6
EMP-005062,2021-09-16,Operations,Manager,44,Female,1417006,60.0,1.9959225132957052,,46,1,0.0,11
EMP-005063,2017-11-19,Sales,Senior,50,Male,1076160,110.0,2.801509253265359,4.5442512702438975,30,6,1.0,11
EMP-005064,2019-02-01,Operations,Manager,51,Female,1892919,57.0,1.5130433367736882,2.9874730088963988,44,9,0.0,9
EMP-005065,2015-03-15,IT,Lead,38,Male,1571698,48.0,2.088091470156174,4.976792107240852,37,7,1.0,19
EMP-005066,2015-11-30,IT,Senior,53,,1378008,9.0,1.4541148888699813,4.874044511750331,33,7,0.0,2
EMP-005067,2019-12-01,Finance,Lead,30,Male,363968,41.0,2.307096836558533,4.35519234309837,40,2,1.0,30
EMP-005068,2018-07-01,HR,Junior,35,Female,1989508,94.0,2.2324417786908266,2.5818075443123223,28,5,1.0,35
EMP-005069,2021-07-15,Sales,Mid,32,Male,1121974,96.0,3.5729202973519594,2.3736049680755005,32,6,1.0,3
EMP-005070,2016-02-21,Finance,Senior,28,Male,1538367,90.0,1.3061874685990027,2.4754363811093514,38,9,1.0,26
EMP-005071,2016-07-16,Finance,Manager,22,Female,985426,114.0,2.2435197986302082,2.4557600351148414,44,0,0.0,39
EMP-005072,2017-06-01,Finance,Junior,51,Male,614859,71.0,2.7752847170704125,2.6590522760203887,7,-5,1.0,45
EMP-005073,2019-08-31,IT,Junior,26,Female,629981,102.0,2.911715333732968,2.919135372481479,31,6,0.0,11
EMP-005074,2019-07-31,Marketing,Senior,50,Male,886164,51.0,4.118399705645045,1.3799298426507307,25,5,0.0,27
EMP-005075,2015-08-30,Sales,Junior,44,Female,1328871,4.0,2.637219152103944,2.655626561072881,10,7,1.0,32
EMP-005076,2021-01-23,Finance,Junior,55,Female,635317,77.0,2.000051069529391,,42,0,1.0,34
EMP-005077,2015-10-02,Finance,Senior,49,Female,941066,55.0,4.5283786426120685,1.703202748409801,42,4,0.0,2
EMP-005078,2017-06-17,Finance,,28,Male,1519387,52.0,4.953707850785843,3.7525894740946053,48,7,0.0,10
EMP-005079,2018-06-11,Sales,Lead,24,Male,356294,98.0,4.577837988465227,3.6965243164465535,34,2,0.0,26
EMP-005080,2017-11-06,Sales,Mid,27,Male,691962,6.0,3.1505386396280572,3.5057945328347317,41,4,0.0,18
EMP-005081,2019-11-08,Sales,Manager,46,Male,1796395,26.0,1.9851749694276108,1.0747314805120927,26,6,0.0,37
EMP-005082,2018-11-05,Finance,Junior,41,Male,880414,60.0,4.423865330965859,1.8757900252811766,44,9,1.0,20
EMP-005083,2021-08-14,Marketing,Junior,58,Male,1775211,91.0,4.1725661328067325,3.2968859250101916,23,7,1.0,41
EMP-005084,2020-11-21,Finance,Mid,58,Female,1165331,72.0,2.1668663256069314,4.259101837999619,22,2,0.0,46
EMP-005085,2020-08-10,Operations,Mid,57,Female,1843697,107.0,3.6479871303409035,4.728593277406864,35,2,,21
EMP-005086,2016-06-03,Marketing,Lead,31,Male,1106359,58.0,3.6074522783179064,20.29151289327368,23,1,1.0,13
EMP-005087,2018-04-06,Operations,Manager,59,Female,750215,22.0,4.614199575301947,4.80713489285405,37,5,1.0,35
EMP-005088,2021-07-09,Finance,Manager,38,Male,1394928,13.0,1.893519095679756,3.5050826306001124,49,4,1.0,12
EMP-005089,2016-12-13,Finance,Mid,51,Male,673061,12.0,4.057503402682232,4.450462830921946,45,7,1.0,23
EMP-005090,2015-04-26,HR,Manager,39,Male,1098420,95.0,3.223455087069056,,14,9,0.0,39
EMP-005091,2019-12-21,Operations,Senior,28,Male,740283,76.0,3.743725008210764,1.9270556769298994,46,9,1.0,11
EMP-005092,2016-08-13,Sales,Senior,57,Female,322000,107.0,3.7722082296244652,1.6647507150314076,45,1,1.0,45
EMP-005093,2020-10-05,Finance,Lead,57,Male,1272916,14.0,3.403264019963054,2.8883569820904773,43,2,1.0,30
EMP-005094,2021-08-25,Marketing,Lead,44,Female,869214,5.0,4.790430702640101,3.3083325289838736,9,8,1.0,21
EMP-005095,2021-06-15,Finance,Lead,39,Male,824656,19.0,4.072228705290716,4.8491452704411735,38,1,1.0,42
EMP-005096,2018-10-14,Finance,Mid,52,Male,947818,38.0,3.6688590728361143,4.3115825442006255,47,2,1.0,26
EMP-005097,2020-08-27,Marketing,Senior,38,Male,571775,100.0,4.373372290521942,3.3760321362655534,43,8,0.0,39
EMP-005098,2020-12-13,HR,Junior,39,Female,1532311,27.0,1.3504973607483,3.42232537995382,17,5,0.0,35
EMP-005099,2018-06-26,Sales,Junior,29,Female,1631033,52.0,3.4913353565080403,1.8642736487705482,29,9,1.0,38
EMP-005100,2016-11-24,HR,Manager,50,Male,858663,33.0,4.281406945592071,1.145076631499455,35,2,1.0,46
EMP-005101,2015-01-06,Sales,Manager,40,Female,1559667,15.0,4.677764284940828,3.7557911847143086,30,9,0.0,9
EMP-005102,2017-03-07,Sales,Mid,56,Female,735528,18.0,4.637545675682809,1.6129102910281152,10,6,1.0,36
EMP-005103,2017-11-08,Marketing,Junior,55,Male,1461006,7.0,4.069389469980196,2.581695697529347,17,4,0.0,24
EMP-005104,2015-02-24,HR,,28,Female,1632453,86.0,4.312997674516864,4.829794247315628,19,7,1.0,21
EMP-005105,2020-11-28,Sales,Mid,37,Male,1357256,56.0,2.189181657903048,1.7695238070396804,14,4,1.0,1
EMP-005106,2021-06-26,Marketing,Junior,58,Female,1626003,48.0,2.419464190494969,1.818510065537804,42,5,0.0,41
EMP-005107,2019-02-13,Finance,Mid,55,Male,1641935,57.0,2.118396396410678,2.628149681277981,14,9,1.0,45
EMP-005108,2021-04-24,IT,Manager,53,Female,1808938,109.0,2.3358711242262684,4.4793818189369325,26,1,0.0,45
EMP-005109,2020-01-25,Marketing,Junior,41,Male,1885924,37.0,4.609689130528559,4.730624618046858,14,8,0.0,28
EMP-005110,2016-06-17,Finance,Manager,44,Male,406156,25.0,3.885672632580571,1.5735867260380534,8,8,0.0,34
EMP-005111,2017-04-04,Marketing,Senior,59,,1073412,17.0,2.1873699244734355,3.3891061445496025,33,9,0.0,24
EMP-005112,2020-04-15,HR,Mid,26,Male,585005,62.0,4.774976388094524,2.421628883895935,13,8,1.0,27
EMP-005113,2018-03-16,Sales,Mid,47,Female,1576498,19.0,4.723447386660235,3.738816132365275,12,7,1.0,34
EMP-005114,2017-12-23,IT,Manager,24,Female,541500,24.0,2.028245429450415,2.409789981217152,33,4,1.0,43
EMP-005115,2017-04-13,IT,Senior,51,,810958,99.0,1.099997754235102,4.6559476554830095,17,1,1.0,26
EMP-005116,2016-03-04,Finance,Mid,37,Female,1631484,31.0,2.803148552314222,3.3186732234033247,33,-7,1.0,1
EMP-005117,2020-01-17,Marketing,Mid,51,Female,1817171,107.0,2.0728631123481684,1.243190553942576,16,4,1.0,24
EMP-005118,2018-10-28,HR,Manager,38,Female,1236295,15.0,3.165933545083518,3.4070887791164104,39,6,1.0,12
EMP-005119,2019-03-29,Operations,Mid,44,Female,1061307,1.0,2.208778181402376,2.8556637132919334,38,1,1.0,46
EMP-005120,2018-05-18,Finance,Lead,23,Male,416897,74.0,4.4197308166492455,2.494819875737499,11,3,1.0,9
EMP-005121,2017-01-11,Marketing,Senior,25,Male,1430459,17.0,4.7777452992642235,4.992712978362496,3,9,1.0,37
EMP-005122,2021-05-05,IT,Senior,30,Female,841788,80.0,4.306638841580781,1.2557642472145059,47,8,1.0,47
EMP-005123,2020-07-30,Sales,Lead,55,Male,1015497,7.0,4.570835428665086,,15,0,1.0,13
EMP-005124,2021-09-21,Operations,Senior,45,Male,564884,28.0,3.35466993781885,1.33645876756195,42,0,1.0,3
EMP-005125,2015-08-09,HR,Mid,22,Female,1958944,16.0,3.810811703262156,4.518881296310713,17,5,1.0,30
EMP-005126,2017-03-24,Operations,Junior,31,Female,1571556,17.0,1.0639761441286826,2.7637564975531315,0,9,1.0,22
EMP-005127,2016-11-10,Sales,Junior,55,Female,1073106,27.0,1.3523226726623374,2.4074187896533474,13,8,0.0,40
EMP-005128,2021-01-11,Operations,Manager,42,Male,1238446,9.0,1.0197915895800511,4.904890539576256,9,4,1.0,21
EMP-005129,2018-04-11,Sales,Lead,40,Male,1039254,23.0,2.8481847020402546,1.2636842136748179,23,6,0.0,42
EMP-005130,2018-04-17,Operations,Mid,27,Female,1997695,67.0,1.494078425431438,3.929611193368044,25,9,0.0,34
EMP-005131,2018-03-30,Finance,Manager,29,Female,1164019,75.0,2.6655844617368656,2.6058820318285907,21,6,1.0,38
EMP-005132,2018-09-21,Finance,Lead,28,Female,788496,81.0,1.6346160951742368,1.5775378628181338,31,3,0.0,30
EMP-005133,2017-03-29,Sales,,33,Male,836550,59.0,3.4762044333580318,3.037458071306417,26,9,1.0,3
EMP-005134,2017-09-13,Sales,,59,Female,746944,13.0,1.1055353500630636,4.783718572173393,39,7,1.0,27
EMP-005135,2017-05-24,Finance,Manager,42,Female,1554822,80.0,4.101662326772316,3.11349309263019,6,0,1.0,26
EMP-005136,2018-12-23,Finance,Senior,34,Male,1803187,81.0,3.7004273127008984,3.557660069975408,25,6,0.0,37
EMP-005137,2019-07-24,Sales,Manager,54,Male,1497359,35.0,3.773850306345688,4.519495032606175,36,4,1.0,39
EMP-005138,2015-04-16,Marketing,Junior,53,Male,1399277,6.0,4.5463883110461545,3.63425534105772,40,2,1.0,25
EMP-005139,2015-10-28,Finance,Manager,37,Female,1785678,117.0,2.696314714600836,3.6438215272187233,35,9,0.0,24
EMP-005140,2015-01-05,HR,Senior,400,Male,633199,,2.425882865791598,3.3255693479962174,13,4,1.0,23
EMP-005141,2018-05-20,IT,Junior,52,,1149717,27.0,4.074632426564289,1.101776145689926,41,3,1.0,47
EMP-005142,2019-11-14,Marketing,Senior,48,Male,1741012,47.0,3.6894715064302503,3.493991680890312,7,1,1.0,27
EMP-005143,2017-01-19,Finance,Mid,31,Female,1783443,17.0,3.4336113711270557,1.9648538716299844,8,6,1.0,39
EMP-005144,2019-11-29,IT,Lead,29,Female,545953,85.0,4.084706117559898,3.8614649488792208,20,6,1.0,1
EMP-005145,2019-08-13,Marketing,Mid,24,Female,1103399,62.0,2.0877995106388094,2.77955297905644,40,0,0.0,16
EMP-005146,2020-10-20,Marketing,,32,Male,784771,52.0,3.8917315519095586,1.2562053994059585,43,2,0.0,29
EMP-005147,2019-08-27,Operations,Senior,42,Female,1530380,1.0,4.0197117180450626,1.721747385441072,15,3,,45
EMP-005148,2021-03-08,Finance,Senior,43,Male,1079585,111.0,1.01079956813282,3.0398979331253697,12,8,0.0,46
EMP-005149,2019-07-30,IT,Junior,36,Male,1104370,100.0,3.4539678661051725,3.450809625061142,9,9,1.0,40
EMP-005150,2019-10-31,Operations,Manager,32,Male,1322278,13.0,2.5586368600134826,3.944804666467674,35,7,1.0,31
EMP-005151,2021-04-19,IT,Junior,43,Female,1262203,87.0,4.53543014094066,3.927141363823392,24,5,1.0,27
EMP-005152,2019-12-27,Sales,Senior,45,Male,1547559,32.0,2.0971894837921132,4.807802301823629,5,-8,0.0,18
EMP-005153,2015-11-07,IT,Junior,49,Female,1425175,30.0,4.164153955932968,4.448738856764742,15,1,0.0,10
EMP-005154,2020-11-04,Sales,,38,Male,1103041,11.0,3.862728855642166,4.125125697637834,49,2,0.0,6
EMP-005155,2020-12-05,IT,Junior,54,Female,750684,113.0,2.5347836869810956,4.468449035712224,23,0,1.0,4
EMP-005156,2016-03-08,HR,Manager,50,Male,1174104,59.0,3.674221951793201,3.7777459746720927,48,7,1.0,42
EMP-005157,2019-01-26,Sales,Senior,45,Male,509011,19.0,2.441679925272783,2.891950971130498,16,5,0.0,8
EMP-005158,2016-08-16,Finance,Manager,57,Male,1558823,117.0,1.8013023635761947,2.537075508972404,31,4,1.0,3
EMP-005159,2016-05-03,IT,Mid,50,Female,1959952,59.0,3.1001267255649085,4.6624314060753385,46,2,,28
EMP-005160,2021-07-13,Finance,Junior,40,Female,455677,48.0,1.204628453703275,1.819249008651267,40,1,0.0,18
EMP-005161,2020-08-29,HR,Junior,25,Male,1585011,3.0,1.4659156233913935,4.370670242910467,19,4,1.0,46
EMP-005162,2019-12-22,Sales,Junior,54,Female,430731,41.0,3.2293885651450545,,41,2,1.0,44
EMP-005163,2017-07-28,Sales,Junior,29,Male,984980,53.0,4.340738766522694,2.3932360618778756,8,9,1.0,47
EMP-005164,2018-09-20,HR,Mid,26,Female,560328,52.0,3.8966671848118977,4.326751453150821,41,3,0.0,22
EMP-005165,2015-06-19,HR,Mid,31,Female,895725,75.0,3.0952805201492724,2.6829888511576327,22,4,1.0,41
EMP-005166,2020-07-05,Finance,Senior,420,Female,1776082,21.0,4.3496798575773585,2.8976672795242044,31,1,0.0,11
EMP-005167,2020-01-19,HR,Junior,24,Female,1193043,106.0,1.5441919985959554,1.7331517763387532,28,2,0.0,37
EMP-005168,2020-03-31,Finance,Mid,25,Male,1207011,64.0,3.5767534780167467,2.3115441740156504,12,1,1.0,23
EMP-005169,2018-12-18,Sales,Mid,53,Male,1271367,67.0,4.156061973795184,1.9606077494501828,19,7,0.0,12
EMP-005170,2019-05-18,Marketing,Senior,48,Female,1456595,,2.3410954641414192,3.303458339628966,37,7,0.0,6
EMP-005171,2019-04-10,Operations,Manager,46,Female,1216386,23.0,2.041469951831588,1.2147172037400282,37,5,1.0,5
EMP-005172,2021-09-01,Marketing,Manager,25,Female,1222487,119.0,1.7081556093531063,1.3431786550775104,11,3,1.0,4
EMP-005173,2019-08-20,IT,Mid,26,Male,1989000,103.0,4.733825438421578,3.639479188310019,21,9,0.0,0
EMP-005174,2015-03-18,HR,Lead,49,Male,1349254,23.0,1.2333817475380529,2.1568311996796448,17,0,0.0,0
EMP-005175,2016-05-07,IT,Mid,56,Female,451249,31.0,1.5490276365254014,2.423858584443386,43,6,0.0,17
EMP-005176,2021-05-02,Operations,Mid,25,Male,763278,80.0,2.258125661185107,1.1691188918251472,30,1,0.0,42
EMP-005177,2015-12-09,Marketing,Mid,30,Female,1645990,51.0,2.8891670674656886,2.6651846554569354,24,5,1.0,3
EMP-005178,2021-09-29,Marketing,Senior,33,Female,1247968,112.0,3.3449517505874753,,28,8,1.0,30
EMP-005179,2021-06-06,Marketing,Lead,39,Male,459399,81.0,1.6727533203926273,2.06467466099145,4,9,0.0,39
EMP-005180,2018-03-29,IT,Senior,32,Male,1172655,3.0,3.3931198236240983,2.6020137192277577,12,5,0.0,7
EMP-005181,2020-05-05,Operations,Lead,58,Female,325966,59.0,2.9962649115357993,1.485934360755444,11,7,1.0,29
EMP-005182,2018-05-09,Sales,Mid,56,Female,573327,92.0,2.1944444821696174,2.9649555145501343,19,8,0.0,37
EMP-005183,2016-07-13,IT,Manager,33,Female,532476,76.0,4.685331167630319,4.3981835000837135,5,9,1.0,21
EMP-005184,2016-04-03,HR,Senior,46,Female,714148,79.0,1.7892735324092084,2.5845350772969167,45,5,1.0,15
EMP-005185,2017-05-02,Finance,Manager,45,Male,1059246,101.0,3.248789404526936,2.8992299914098596,10,9,1.0,42
EMP-005186,2015-12-18,Marketing,Mid,46,Male,1967322,7.0,3.102964658514263,3.1673639174218544,25,9,0.0,6
EMP-005187,2017-04-22,Operations,Senior,27,Female,557130,2.0,4.536752029337801,2.466847899379877,30,4,1.0,29
EMP-005188,2016-07-30,Marketing,Manager,27,Male,1830252,17.0,1.5148507468845516,2.8569875686953066,12,2,0.0,13
EMP-005189,2021-08-18,Finance,Manager,30,Male,1465681,78.0,3.8712746642702554,3.410309717542155,12,1,1.0,3
EMP-005190,2016-09-09,Sales,Mid,57,Male,863564,118.0,2.7358436621538087,1.2545794007326898,8,0,0.0,12
EMP-005191,2017-09-20,HR,Senior,23,Male,1749222,110.0,2.012990687657214,4.623231109680753,8,6,1.0,23
EMP-005192,2020-09-22,Marketing,Mid,32,Female,1473673,101.0,3.4437071938351203,2.3937981285217393,34,3,0.0,9
EMP-005193,2018-05-16,Marketing,Manager,24,Female,963368,63.0,4.787671469727595,2.37472032523185,19,8,1.0,8
EMP-005194,2016-05-31,Operations,,24,Male,1112379,39.0,1.2815567896362574,1.2575534557598256,12,3,1.0,30
EMP-005195,2016-08-18,Marketing,Senior,38,Female,1353773,13.0,1.9727605421857621,3.3667914651419424,23,3,0.0,26
EMP-005196,2020-09-25,Sales,Manager,29,Female,675018,71.0,2.3678639903302523,4.860798961324836,32,8,1.0,20
EMP-005197,2017-09-22,Sales,Mid,44,Male,390868,25.0,4.029331455967662,3.9308616549081274,34,1,0.0,19
EMP-005198,2021-09-20,Marketing,,45,Male,1021726,14.0,1.4541566938212251,4.369886041121191,49,5,1.0,15
EMP-005199,2019-11-07,Sales,Manager,40,Male,839894,5.0,3.836354955639068,2.8696970497545373,32,4,0.0,5
EMP-005200,2016-08-23,Sales,Manager,24,Male,965410,44.0,4.6151819337988815,2.839945938322012,35,3,1.0,1
EMP-005201,2017-08-20,Operations,Senior,41,Female,1734273,16.0,4.548768183535191,2.310497737545678,34,8,0.0,6
EMP-005202,2016-07-20,Operations,Senior,51,Male,1634312,108.0,2.445420754395608,3.6127550818651533,36,5,0.0,1
EMP-005203,2021-05-20,Operations,Junior,38,Male,1752498,31.0,3.644306126951715,1.3676961843826811,0,5,0.0,23
EMP-005204,2020-11-30,Marketing,Manager,42,Male,749468,64.0,1.0663775373841093,4.857379493685296,13,7,1.0,14
EMP-005205,2019-12-26,Marketing,Lead,58,Male,382211,97.0,4.144820093126431,2.913102180376195,13,1,0.0,8
EMP-005206,2020-08-24,IT,Manager,29,Male,1479320,115.0,1.8737950790353528,1.605630894985064,40,7,1.0,47
EMP-005207,2017-09-11,IT,Manager,53,,1059433,79.0,1.7012350745024283,1.052139299415637,2,1,1.0,2
EMP-005208,2018-08-11,IT,Mid,27,Female,1517504,30.0,4.231639296218737,4.432509574059172,3,8,1.0,1
EMP-005209,2018-03-18,Sales,Mid,51,Male,1363920,68.0,4.623366464702084,2.109831183884844,39,5,0.0,12
EMP-005210,2016-11-30,Marketing,Lead,32,Female,1062023,5.0,1.3184470618520816,1.2023940905468686,23,9,,29
EMP-005211,2018-05-09,Finance,Mid,45,Female,1308928,116.0,2.5114042788397715,1.7785215084916728,40,5,0.0,19
EMP-005212,2018-02-18,IT,Mid,46,Male,614603,30.0,2.1116554804742,32.401607962925894,44,5,1.0,1
EMP-005213,2019-11-17,IT,Manager,57,Female,1338590,45.0,4.754845416000421,4.772792961858044,4,3,0.0,14
EMP-005214,2020-02-03,HR,Junior,59,Male,409373,13.0,2.4335053249234746,4.042122914195463,18,0,0.0,29
EMP-005215,2015-06-08,Sales,Junior,31,Female,573478,70.0,2.920115080969349,2.3688118841519787,45,2,0.0,28
EMP-005216,2019-09-27,IT,Mid,50,Female,1197500,46.0,4.803455638899005,1.5610920240719541,13,6,0.0,15
EMP-005217,2019-01-24,Finance,Senior,22,Female,1710483,18.0,1.2204958987433963,1.4364936987861316,12,7,0.0,5
EMP-005218,2021-05-06,Sales,Lead,44,Female,510704,22.0,3.908530418441678,1.267979077765749,45,7,0.0,26
EMP-005219,2016-06-20,Sales,Senior,46,Male,809634,106.0,4.778770145332458,4.8107568052336305,33,-4,1.0,8
EMP-005220,2016-08-27,Finance,Mid,56,Female,1241357,96.0,4.512121414076492,2.6905586102905286,9,4,0.0,38
EMP-005221,2019-10-16,Finance,Manager,41,Male,493071,100.0,3.2635062867161886,1.8265196028158468,2,4,1.0,35
EMP-005222,2015-02-25,HR,Mid,59,Male,1298480,18.0,2.8837596109050896,4.885599775268458,18,9,0.0,8
EMP-005223,2020-08-10,Finance,Lead,47,,1723848,22.0,3.573668664511453,2.582341186005958,4,9,1.0,11
EMP-005224,2020-03-23,Finance,Mid,34,Female,1518829,16.0,1.9225711739452551,1.0180372791376304,7,6,0.0,46
EMP-005225,2017-07-20,Finance,Lead,40,Male,1729026,113.0,3.857746959575104,1.1715251928870445,36,4,1.0,9
EMP-005226,2021-05-26,HR,Senior,42,Female,968466,47.0,4.9685044139243235,2.5074924525831133,33,5,0.0,33
EMP-005227,2015-03-03,Finance,Lead,45,Male,1829608,1.0,4.042187424627793,2.4952768421666622,42,7,0.0,28
EMP-005228,2019-12-02,Finance,Lead,52,Male,1695647,8.0,1.0133586841646771,1.8567993303423362,35,9,0.0,16
EMP-005229,2019-06-11,HR,Senior,27,Male,1697459,30.0,3.882384599140093,2.197074718750611,27,9,0.0,47
EMP-005230,2017-08-25,Finance,Senior,52,Male,1846988,16.0,4.360425931975332,4.671431450466324,3,5,0.0,41
EMP-005231,2018-06-27,Sales,Senior,43,Male,862707,84.0,1.6258657741035543,2.418345423727895,4,0,1.0,31
EMP-005232,2020-09-19,Finance,Mid,30,Male,816636,80.0,4.469293306264832,2.5041678587805185,34,7,0.0,37
EMP-005233,2015-06-20,IT,Junior,39,Female,684056,40.0,3.3485374270573,2.132652121326404,45,9,1.0,20
EMP-005234,2018-09-16,IT,Mid,39,Male,956205,32.0,4.861678771066188,2.257795729362074,7,4,1.0,3
EMP-005235,2015-07-25,Operations,Mid,59,Male,381629,64.0,1.8746017368942076,1.6816911884234664,34,2,0.0,43
EMP-005236,2018-02-01,Marketing,Junior,55,Male,1785992,78.0,4.510899397505661,4.726958599395342,48,2,0.0,17
EMP-005237,2016-01-08,Marketing,Junior,30,Female,419685,72.0,4.258580844456476,1.131429107569153,45,7,1.0,12
EMP-005238,2020-02-06,HR,Junior,26,Male,1166853,17.0,2.0556721416818076,3.701233960429103,41,7,1.0,36
EMP-005239,2019-01-15,Finance,Manager,39,Female,1149693,47.0,1.6825758527468206,3.77158271104456,2,7,0.0,20
EMP-005240,2017-03-03,Finance,Mid,53,Male,1273733,9.0,1.511599065833174,3.0934944018106414,16,8,0.0,47
EMP-005241,2021-01-15,Sales,Lead,38,Female,950019,52.0,4.533033884648802,2.5553319909820673,1,1,0.0,30
EMP-005242,2019-09-24,IT,Junior,22,Female,1166794,104.0,2.33876195210741,3.5284965832955946,28,0,0.0,37
EMP-005243,2020-03-27,Operations,Senior,43,Male,1065745,14.0,1.9283558468380222,4.360115468914398,4,0,1.0,6
EMP-005244,2017-02-10,IT,Junior,35,Male,1861325,76.0,3.194121100430438,3.3024156365762667,41,3,1.0,35
EMP-005245,2015-01-19,Marketing,Mid,23,Female,1288287,27.0,4.691338906417552,3.2344621182527766,49,7,1.0,18
EMP-005246,2018-12-15,HR,Junior,23,Female,985337,7.0,3.656175697705965,3.4474085640713628,0,8,1.0,11
EMP-005247,2020-11-19,Marketing,Mid,47,Male,880937,97.0,3.9248995979587953,3.897072874003833,23,7,0.0,28
EMP-005248,2021-10-17,IT,Senior,43,Male,846193,54.0,2.950286516441976,2.990017917562617,4,7,0.0,7
EMP-005249,2017-06-17,Marketing,Senior,25,Male,1510305,104.0,3.121948232621326,1.9805317777489426,13,9,1.0,13
EMP-005250,2016-10-22,HR,Mid,29,Female,1947864,38.0,4.779375048876214,3.72569930235401,16,7,1.0,14
EMP-005251,2017-03-04,Marketing,Junior,58,Male,1396730,115.0,1.0422241718155263,3.257893326802492,28,2,0.0,45
EMP-005252,2015-07-11,HR,Junior,52,Male,1912327,87.0,2.651907288624554,1.9522848340142271,41,6,1.0,32
EMP-005253,2017-05-30,Operations,Junior,33,Female,1504252,44.0,3.481495800698344,3.0793701092769314,13,5,0.0,16
EMP-005254,2021-04-14,Finance,Senior,51,Female,556680,66.0,1.659170718213376,3.020243669816448,35,2,1.0,13
EMP-005255,2018-07-06,Sales,Junior,29,Female,661375,103.0,4.502207259307017,2.033322288366966,45,6,,22
EMP-005256,2016-12-14,IT,Junior,48,Male,1577245,69.0,1.2569308740017688,4.372215415125607,38,0,1.0,46
EMP-005257,2015-03-24,Finance,Lead,48,Female,1331869,60.0,3.1537032272914294,13.631276668708576,39,7,1.0,2
EMP-005258,2018-11-29,Operations,Lead,51,Male,1733655,39.0,1.2958909453709198,4.437736619573148,36,7,0.0,34
EMP-005259,2016-04-11,Sales,Mid,40,Male,1450773,105.0,4.0225888785122965,3.321153699717725,48,1,0.0,28
EMP-005260,2016-04-14,Sales,Senior,43,Female,1745958,87.0,4.474248493201624,,22,9,,20
EMP-005261,2017-01-12,Operations,Lead,47,Female,1340904,86.0,3.81592241813655,1.3571765806160148,3,0,0.0,7
EMP-005262,2020-09-17,Sales,,31,Male,1617115,116.0,3.040900179987914,2.7259591530697125,10,4,1.0,40
EMP-005263,2018-11-13,Sales,Manager,55,Female,1462276,12.0,1.4297385496125665,1.65699940864104,46,3,1.0,29
EMP-005264,2017-11-05,HR,Mid,25,Female,1468811,19.0,3.646613419700616,4.613218492961471,37,9,1.0,25
EMP-005265,2016-07-24,Finance,Junior,49,Female,353772,90.0,2.472976064352692,4.363957250128313,20,9,1.0,47
EMP-005266,2021-10-05,Operations,Senior,22,Female,854748,52.0,3.8623622274238194,1.5856485257569783,23,7,0.0,8
EMP-005267,2019-05-18,Marketing,Mid,52,Male,1048633,50.0,2.4975489414935934,3.8439265437642205,14,8,0.0,1
EMP-005268,2016-01-12,Sales,Lead,27,Male,1514786,106.0,1.1819879364062622,2.1422192449980884,6,0,1.0,28
EMP-005269,2018-11-07,Sales,Senior,27,Female,551392,101.0,1.3703823113443243,4.204312764768433,12,6,0.0,3
EMP-005270,2021-08-18,IT,Mid,48,Male,1834301,41.0,3.8396211643946105,2.3507608036140617,48,0,1.0,37
EMP-005271,2015-09-28,Sales,Lead,45,Male,1239849,34.0,2.0554199075406143,4.285110140158336,48,9,0.0,45
EMP-005272,2017-03-07,Operations,Manager,29,Male,1505599,83.0,2.3498453199914477,3.336681407093694,32,4,0.0,41
EMP-005273,2020-07-05,Finance,Junior,42,Male,1961443,41.0,4.9435127523719595,2.4059563725364286,11,6,0.0,37
EMP-005274,2020-09-15,Sales,Junior,29,Female,429868,28.0,3.0126305873778674,4.795177547744322,27,9,0.0,6
EMP-005275,2016-02-25,HR,Lead,43,Female,1874227,26.0,3.417897536764416,4.857724371221611,18,6,0.0,23
EMP-005276,2020-10-19,Marketing,Senior,23,Male,1508425,50.0,2.0956609046133425,1.168833790666426,11,6,0.0,46
EMP-005277,2018-12-08,Marketing,Senior,47,Male,1410859,105.0,3.315129615675353,3.319024725506959,26,9,,44
EMP-005278,2019-04-23,Finance,Senior,27,Male,940517,,4.843587758921219,3.0257022197496353,37,5,1.0,47
EMP-005279,2017-12-16,Marketing,Manager,52,Male,365060,65.0,1.6606623958654594,2.331257896626773,2,2,0.0,9
EMP-005280,2020-02-28,Sales,Mid,27,Female,924412,97.0,2.8873524128313917,1.3053377265949426,29,2,1.0,26
EMP-005281,2019-11-03,Marketing,Mid,47,Female,1047808,87.0,2.199699351730095,3.2053370567429793,12,7,1.0,2
EMP-005282,2021-07-28,Marketing,,26,Male,1798223,117.0,1.5906480230698414,1.4793951500714893,17,0,0.0,42
EMP-005283,2021-03-11,Marketing,Mid,39,Female,1664096,8.0,1.815120397949967,2.177590601161021,32,4,1.0,47
EMP-005284,2019-07-25,Operations,Junior,25,Male,1610137,45.0,1.9194332641259892,1.1861954106717767,23,1,1.0,11
EMP-005285,2015-08-15,Marketing,Senior,32,Female,938779,91.0,4.986601813884224,2.2554900291055135,47,0,0.0,22
EMP-005286,2019-09-28,Operations,Manager,28,Male,1619328,84.0,4.064238392634179,1.4543143789037765,19,7,0.0,10
EMP-005287,2021-09-28,IT,Lead,22,Male,786422,101.0,1.216153139667862,25.068310004836874,47,0,0.0,24
EMP-005288,2015-06-09,Finance,Manager,35,Male,1410907,73.0,3.4296010179203047,4.399139497374129,31,5,0.0,5
EMP-005289,2019-09-07,Finance,Manager,55,Male,1962151,39.0,1.7828889390738474,1.1128184255958455,5,6,1.0,41
EMP-005290,2018-12-21,Operations,Mid,41,Male,779767,2.0,2.5107044335095448,1.1200334783169343,45,5,1.0,19
EMP-005291,2021-06-20,Operations,Junior,34,Male,1681666,20.0,3.3706139273704325,1.0580171335646384,7,4,0.0,1
EMP-005292,2020-08-05,Sales,Junior,56,Female,825906,26.0,3.6872790308393886,2.063177887886225,43,8,0.0,12
EMP-005293,2018-04-14,HR,Manager,39,Male,1505553,2.0,3.747228923230315,1.2247219671895553,27,5,1.0,11
EMP-005294,2017-12-04,Sales,Lead,24,Male,1089319,77.0,4.604815192881528,2.172429506373025,8,5,1.0,39
EMP-005295,2019-04-23,Finance,Lead,47,Female,1107994,69.0,2.6637176577321973,1.1959875432182097,7,0,1.0,30
EMP-005296,2015-12-17,Operations,Lead,28,Female,1683628,93.0,2.7633300324863614,1.9269455244564582,26,3,1.0,45
EMP-005297,2018-04-02,HR,Lead,58,Male,915759,61.0,3.956798795769986,3.392820274876014,39,0,0.0,30
EMP-005298,2019-09-20,IT,Senior,40,Female,1286303,9.0,3.902657377824454,2.3730727106376985,1,2,0.0,21
EMP-005299,2021-05-05,Operations,Mid,27,Male,581359,95.0,2.488173574174443,2.7973787916902606,35,5,0.0,31
EMP-005300,2018-10-25,IT,Mid,29,Female,326696,14.0,4.9134977647379925,3.302152468783442,25,8,0.0,37
EMP-005301,2016-05-21,Marketing,Manager,54,Male,1327076,59.0,2.3999429963492505,,9,8,1.0,10
EMP-005302,2019-08-13,Operations,Senior ,32,Male,991745,70.0,1.2460760373062914,1.0605208056018172,31,8,0.0,18
EMP-005303,2016-07-27,IT,Manager,28,Male,483301,26.0,3.5678217722363637,2.6606004855776035,39,4,1.0,36
EMP-005304,2021-03-27,Operations,Mid,56,Male,355086,10.0,4.690291840447019,3.3631125152929937,49,6,0.0,41
EMP-005305,2018-04-13,Operations,Manager,45,Male,1869883,62.0,2.7697870235529147,1.1145070281644385,37,0,1.0,44
EMP-005306,2015-02-10,Sales,,27,Female,553174,108.0,1.567899046570691,4.110221575209197,20,0,0.0,41
EMP-005307,2021-08-25,Finance,Manager,48,Male,508287,53.0,2.932187731429133,1.7989982662691508,25,7,1.0,30
EMP-005308,2016-08-15,HR,Senior,59,Male,537621,98.0,4.23787134113576,4.199882916265887,17,5,1.0,42
EMP-005309,2019-08-26,Operations,Manager,35,Female,1111439,42.0,4.1198617857106825,1.682855554684846,25,7,1.0,10
EMP-005310,2018-09-18,Finance,Mid,44,Female,1135109,95.0,3.332507337916295,3.1147877126993206,21,0,1.0,38
EMP-005311,2019-05-23,IT,Senior,48,Female,1076320,55.0,2.511589766645329,1.1900980542493764,42,6,0.0,33
EMP-005312,2015-01-18,Finance,Manager,55,Female,1616470,107.0,3.9040323494154845,1.7012759773197423,33,5,1.0,37
EMP-005313,2015-09-29,IT,,51,Female,1694757,115.0,1.107453042847823,2.718157958264534,10,7,0.0,23
EMP-005314,2020-11-16,Marketing,Manager,47,Male,1912466,44.0,1.9860859075686395,1.2995519741659498,30,7,1.0,47
EMP-005315,2018-11-12,Finance,Senior,41,Female,1391104,32.0,4.790074934608157,1.8604818508646535,11,3,0.0,31
EMP-005316,2019-12-02,IT,Manager,59,Female,1826476,89.0,2.2494732274956237,2.381817748798567,2,9,0.0,20
EMP-005317,2018-09-03,IT,Lead,50,Female,1765485,68.0,1.247394545195573,3.857938229962625,7,5,1.0,40
EMP-005318,2015-01-21,Sales,Lead,42,Male,1118174,54.0,2.0226378253302295,3.1131371682586755,36,6,1.0,31
EMP-005319,2021-03-30,Sales,Lead,45,Male,939683,93.0,2.878955196553178,2.645537515310803,31,5,1.0,15
EMP-005320,2015-07-11,Operations,Senior,57,Female,343007,86.0,2.006810852674786,2.256552666519144,42,2,1.0,46
EMP-005321,2015-11-08,Finance,Mid,48,Male,1987848,43.0,2.7136818987802194,4.23859176417047,3,1,0.0,13
EMP-005322,2015-08-11,Finance,Mid,57,Female,1384734,8.0,1.0333247249464024,2.798838799454346,34,2,0.0,0
EMP-005323,2017-01-24,Finance,Manager,30,Male,700818,35.0,4.7795905683996,1.8415622386747565,0,4,0.0,17
EMP-005324,2018-09-15,Finance,Junior,36,Female,1184336,95.0,2.5941375013776704,4.295663867638453,15,6,0.0,33
EMP-005325,2019-11-09,IT,Lead,36,Male,617510,83.0,3.9144637467733747,3.2243228175866556,49,-1,1.0,9
EMP-005326,2019-06-15,Operations,Senior,42,Male,1991387,88.0,1.2631957579737683,3.271190804785806,24,4,,25
EMP-005327,2016-05-12,HR,Junior,39,Male,626806,14.0,2.975154990078601,4.736964148676931,48,4,1.0,3
EMP-005328,2021-04-20,Operations,Junior,51,Male,852469,108.0,4.743645768833135,4.105531889693744,24,9,1.0,44
EMP-005329,2017-07-23,IT,Manager,50,Female,1478865,79.0,3.751826275453484,1.488255811285636,32,7,0.0,29
EMP-005330,2015-06-19,IT,Mid,43,Female,445684,24.0,2.4810280479981266,4.193579061074024,9,4,0.0,32
EMP-005331,2019-08-05,Sales,Senior,26,Male,455400,45.0,1.1634059558788703,4.481248034870546,31,8,1.0,13
EMP-005332,2020-04-24,Operations,Lead,26,Female,841450,96.0,4.060049163937462,11.163318839105706,32,2,0.0,45
EMP-005333,2015-03-15,Sales,Manager,57,Female,906788,11.0,4.183205477417364,2.1649656677598212,19,6,0.0,1
EMP-005334,2021-10-14,Operations,Mid,38,Male,1267297,118.0,2.902106253438292,3.4052165464520656,7,0,0.0,17
EMP-005335,2017-02-08,Sales,Mid,29,Female,587670,114.0,2.479521302877975,3.095617522899921,35,3,1.0,1
EMP-005336,2018-07-27,Marketing,Junior,31,Male,1061882,11.0,3.000539320960472,2.7068093417782277,36,2,0.0,14
EMP-005337,2016-03-14,Marketing,Lead,42,,721704,19.0,4.459498226547467,1.410799502461765,44,0,1.0,30
EMP-005338,2018-04-12,Finance,Senior,53,Female,1013544,55.0,3.888799276482312,2.1305553459161555,39,0,0.0,5
EMP-005339,2016-06-26,Operations,Lead,57,Male,1636420,39.0,3.378593703777773,4.42609400642307,1,1,1.0,28
EMP-005340,2015-11-12,Marketing,Junior,47,Male,1241412,12.0,4.6836174558018815,4.23766578332086,3,1,1.0,10
EMP-005341,2019-10-20,IT,Senior,59,Female,1186886,75.0,2.223454349771431,2.800100872783559,40,7,1.0,21
EMP-005342,2015-09-02,Sales,Senior,44,Male,550702,18.0,4.810780571753088,1.4768714159775773,19,3,1.0,32
EMP-005343,2017-04-19,HR,Mid,44,Female,1799375,24.0,4.64522170493343,1.2720959682767607,27,0,0.0,23
EMP-005344,2021-07-24,IT,Junior,33,Female,408632,100.0,1.4209232393067297,4.159802677430938,46,3,1.0,8
EMP-005345,2015-10-10,HR,Manager,33,Female,1810371,28.0,2.5204168568553356,2.6081434261929335,36,1,1.0,26
EMP-005346,2018-09-16,IT,Junior,33,Male,1781933,104.0,2.496723985938101,4.156050833195659,3,9,0.0,47
EMP-005347,2019-02-03,Marketing,Lead,36,Female,1539241,75.0,4.000760127552348,2.2427554052876,30,7,0.0,19
EMP-005348,2019-06-09,Operations,Manager,45,Male,734910,8.0,3.91918824780486,4.409395095035784,29,7,0.0,12
EMP-005349,2019-02-28,Marketing,Lead,47,Female,1648697,5.0,4.941037621253116,1.841460864468261,38,0,1.0,4
EMP-005350,2017-03-24,IT,Senior,51,Male,1081137,111.0,2.169441451889731,,48,8,1.0,0
EMP-005351,2020-02-11,Marketing,Senior,26,Female,1680867,8.0,1.1175513902548828,1.3599517639864511,22,8,1.0,38
EMP-005352,2020-02-25,IT,Lead,27,Male,919703,43.0,3.0837091037941757,4.30496005945894,20,9,0.0,41
EMP-005353,2021-01-23,IT,Senior,22,Female,551032,29.0,3.480095519195794,3.548801903167321,41,0,1.0,28
EMP-005354,2016-03-30,Operations,,42,Male,993983,72.0,3.5215438871561062,1.5711391483694017,40,2,,19
EMP-005355,2018-02-16,HR,Junior,22,Female,1897934,1.0,2.701084758639914,4.786257760441973,0,4,1.0,45
EMP-005356,2019-08-26,Sales,Manager,29,Female,1488610,114.0,2.3146003613387514,2.771519449597042,20,3,1.0,36
EMP-005357,2015-09-27,HR,Lead,39,Male,783934,43.0,4.402558922182994,1.0526667114606019,7,3,0.0,39
EMP-005358,2017-01-11,Marketing,Manager,50,Female,1416695,90.0,4.706531935151454,4.262522471764102,35,8,1.0,20
EMP-005359,2019-08-02,Finance,Lead,54,Female,1497102,38.0,3.122211237105201,3.1661023448085817,31,6,0.0,44
EMP-005360,2016-06-22,Operations,Senior,39,Male,565352,45.0,2.8165717739115035,2.521239042596842,9,9,,0
EMP-005361,2020-03-10,IT,Lead,33,Male,1647474,85.0,2.242159735034664,1.9002028134631002,36,2,1.0,3
EMP-005362,2016-07-16,IT,Senior,28,Female,1525470,70.0,3.0429585481866925,2.439484394800546,8,6,0.0,10
EMP-005363,2021-08-13,HR,Junior,29,Male,736070,91.0,1.5110399812937052,2.2652793396816326,5,2,1.0,38
EMP-005364,2021-09-16,Marketing,Senior,34,Male,1211649,97.0,4.680502285904934,3.245253599136836,8,3,1.0,22
EMP-005365,2018-03-15,Operations,Junior,36,Male,1247108,78.0,1.9917611982299492,3.8037755295214524,18,0,1.0,0
EMP-005366,2015-09-21,Marketing,Junior,24,Male,1122716,88.0,3.8861234896952292,4.531436458912618,14,4,0.0,3
EMP-005367,2018-09-22,Operations,Mid,53,Female,1608723,39.0,4.508034587453752,1.0441694315389256,43,5,0.0,31
EMP-005368,2021-04-20,Operations,Manager,29,Female,1378833,55.0,1.5866884497003357,1.2967867058067184,41,3,0.0,43
EMP-005369,2015-09-16,IT,Senior,35,Male,670701,86.0,3.935062422068128,3.8770506816967427,0,3,1.0,20
EMP-005370,2019-10-26,Finance,Lead,53,Male,1849084,57.0,3.4541110194839346,1.2741977608416772,45,9,0.0,7
EMP-005371,2019-01-02,IT,Junior,49,Female,1868549,90.0,4.666491598307546,,28,3,,47
EMP-005372,2018-04-18,Marketing,Senior,42,Male,1893396,47.0,4.694491357549274,4.899523020658284,2,7,0.0,10
EMP-005373,2017-05-18,Operations,Lead,56,Male,1238371,36.0,4.745193185240886,4.3054947843545355,13,1,0.0,17
EMP-005374,2016-02-03,IT,Manager,29,Female,1601820,101.0,3.174889342724548,4.899312935664918,20,7,1.0,41
EMP-005375,2019-10-01,IT,Mid,27,Male,433187,86.0,4.797688521469025,4.89088825931566,8,9,1.0,1
EMP-005376,2018-12-08,Finance,Manager,47,Male,378357,116.0,1.8074969935777574,3.419665131462632,0,4,0.0,47
EMP-005377,2016-10-18,Operations,Mid,38,Female,1912191,42.0,2.622713030229462,3.385986875847967,13,4,0.0,44
EMP-005378,2015-08-22,HR,Lead,58,Male,614712,98.0,3.4009082211351283,3.7376784022898573,28,2,,34
EMP-005379,2018-03-08,Finance,Junior,52,Female,968885,104.0,4.619002232232041,3.783354598743001,3,4,1.0,45
EMP-005380,2018-07-13,Finance,Manager,38,Female,350297,89.0,4.1861169242512295,2.903464038002803,18,9,1.0,19
EMP-005381,2020-08-25,Finance,Junior,30,Female,1848961,,3.0570305872445434,1.0751958438225917,46,6,1.0,25
EMP-005382,2019-04-30,Sales,Mid,34,Female,1910751,65.0,2.0155486939928644,3.2409874863944257,39,8,1.0,2
EMP-005383,2019-04-13,HR,Senior,37,Female,1938220,10.0,3.9063248837597295,40.45597705648766,15,8,0.0,34
EMP-005384,2020-06-01,Marketing,Junior,31,Female,1744540,117.0,2.3488127016459286,1.8853016850921769,0,9,1.0,10
EMP-005385,2015-04-16,Finance,Lead,54,Female,1689244,56.0,1.563938369029784,2.759061785300194,26,8,1.0,44
EMP-005386,2015-11-25,Marketing,,25,Male,1686768,4.0,1.5514378189602733,4.288694881503274,7,8,1.0,15
EMP-005387,2015-11-28,HR,Junior,59,Male,1788505,111.0,4.157580225024281,1.7307522365403516,45,0,0.0,5
EMP-005388,2021-08-05,Sales,Junior,38,Male,1506775,25.0,4.149084285896297,3.0738560664967887,16,7,1.0,35
EMP-005389,2015-06-27,Sales,Manager,49,Male,1400654,,2.9065346880356575,3.858035329002052,4,4,0.0,44
EMP-005390,2020-07-08,IT,,38,Female,958828,113.0,1.44754690055193,1.0691960624484018,47,2,1.0,4
EMP-005391,2015-05-18,Finance,Senior,28,Female,725707,77.0,3.8887305692512526,1.5816367740269235,13,3,1.0,37
EMP-005392,2017-02-09,Operations,Mid,32,Female,596579,103.0,4.742219489729371,2.8271125653668503,11,0,0.0,38
EMP-005393,2017-07-08,IT,Senior,30,Male,570686,52.0,4.788995810582971,3.9709764904457274,39,6,0.0,18
EMP-005394,2015-05-02,Marketing,Senior,27,Female,1070461,,4.77841705675857,2.697362455679723,33,5,0.0,39
EMP-005395,2017-07-30,Marketing,Lead,56,Female,301948,103.0,1.58726077422626,2.6807687427282785,5,1,0.0,21
EMP-005396,2016-10-15,Finance,Lead,48,Female,519585,92.0,3.2004688212660555,1.5016321419393432,24,0,1.0,27
EMP-005397,2020-01-06,Operations,Mid,38,Female,373839,52.0,2.020421611861884,4.163408156557523,24,1,,44
EMP-005398,2017-03-20,HR,Senior,28,Female,1857296,58.0,3.380975495799681,2.1112327845086725,42,6,0.0,46
EMP-005399,2021-08-24,Finance,Lead,50,Male,534902,106.0,2.5893101134498013,2.5830581558612793,21,3,1.0,13
EMP-005400,2015-05-05,Marketing,Junior,45,Female,609606,1.0,4.087166008861137,3.1307390012414342,41,4,1.0,3
EMP-005401,2016-07-05,Marketing,Junior,43,Female,424244,93.0,3.349320542335286,2.0175618022276653,16,9,0.0,15
EMP-005402,2016-12-22,HR,Manager,53,Male,735913,88.0,2.1084590779792176,3.2469654341746725,22,3,1.0,7
EMP-005403,2018-09-08,Operations,Junior,38,Female,1770335,71.0,3.910394847128626,1.2041816788406519,47,2,0.0,32
EMP-005404,2015-01-25,HR,Junior,26,Male,1206242,111.0,1.2366296435248416,2.5227640234713276,25,1,0.0,37
EMP-005405,2021-01-10,Operations,Mid,24,Male,540998,83.0,1.890062986980722,3.005979816693972,44,8,0.0,31
EMP-005406,2020-04-05,IT,Mid,47,Female,1139467,115.0,3.4606134844967444,2.803117359987102,11,2,0.0,43
EMP-005407,2016-11-15,HR,Junior,55,Female,1455773,10.0,1.094927324575182,2.078944809831263,43,7,0.0,34
EMP-005408,2017-11-20,IT,Senior,29,Male,827755,34.0,1.3492501474754341,3.622848546938264,11,6,0.0,31
EMP-005409,2017-04-03,Sales,Manager,44,Female,1351777,23.0,2.2501610841642954,1.1978113237295478,33,1,1.0,3
EMP-005410,2018-12-06,IT,Manager,25,Male,356249,64.0,2.8708875010520716,4.609730257387415,17,5,0.0,10
EMP-005411,2017-01-18,Sales,Junior,45,Female,1790795,48.0,1.328032291932098,3.990751936973243,13,7,1.0,46
EMP-005412,2017-01-15,Operations,Mid,57,Male,1283147,96.0,3.1200537205588956,2.1205448751535747,18,8,0.0,39
EMP-005413,2015-08-04,Finance,Manager,46,Male,770143,27.0,3.488849256729096,2.1193364526347,11,1,0.0,21
EMP-005414,2016-05-14,Operations,Mid,29,Female,677107,10.0,4.235625339836746,1.1660524509790933,13,2,0.0,24
EMP-005415,2016-01-14,IT,Senior,30,Male,765641,97.0,1.8041540885981484,2.5631881026525254,46,9,0.0,13
EMP-005416,2020-10-14,Marketing,Senior,46,,1891753,,4.525304137630041,1.0866738260485729,3,5,0.0,47
EMP-005417,2015-01-19,Finance,Lead,32,Male,1614245,76.0,4.226214186764,3.1028654988100945,27,7,0.0,43
EMP-005418,2018-09-10,HR,Junior,43,Female,1887670,31.0,4.456464172777636,1.5265566454658326,40,8,1.0,2
EMP-005419,2021-10-27,IT,Junior,30,Male,1367573,71.0,3.523057234353465,3.415566287465395,14,1,1.0,33
EMP-005420,2018-09-26,Finance,Lead,44,Female,1903044,59.0,2.0291836331537785,3.21772021261615,37,2,1.0,29
EMP-005421,2016-11-18,Finance,Junior,26,Male,1798041,4.0,3.863164820079899,1.5465349651268459,41,6,1.0,37
EMP-005422,2018-03-05,HR,Mid,33,Female,1262809,92.0,4.981844573199508,1.7397295855967698,46,0,1.0,36
EMP-005423,2020-04-06,Finance,Mid,49,Female,916483,65.0,1.5567968729299428,4.156494550616655,7,0,0.0,31
EMP-005424,2015-08-18,IT,Lead,46,Male,1992507,117.0,1.3454570122185259,3.0856463992486147,31,1,1.0,45
EMP-005425,2019-10-29,Operations,,28,Female,1521016,24.0,2.4640131911962713,1.0268207723393021,32,4,1.0,10
EMP-005426,2015-06-03,Operations,Junior,24,Female,1781479,71.0,2.6296270617808295,1.6334366267249854,41,9,1.0,34
EMP-005427,2016-04-02,IT,Mid,24,Male,1328806,40.0,1.9770446126225996,2.1248744760850182,24,5,0.0,5
EMP-005428,2020-05-25,IT,Junior,35,Female,1367195,62.0,3.119119498577613,3.373902687273022,19,6,1.0,44
EMP-005429,2016-09-19,IT,Senior,35,Female,1632240,87.0,3.4402131164223344,,36,7,1.0,24
EMP-005430,2019-07-04,HR,Lead,47,Male,1780062,112.0,2.929287737946698,1.8906232173090718,14,5,0.0,41
EMP-005431,2015-09-08,Sales,Senior,59,Female,595461,35.0,4.436803612498556,1.4218583710518762,4,2,0.0,34
EMP-005432,2020-05-21,Marketing,Manager,36,Male,1302323,56.0,3.7502595655740674,4.811661492696453,6,6,0.0,13
EMP-005433,2015-09-15,Operations,Mid,35,Male,1936559,76.0,1.6075283971757681,3.294151307903523,1,5,1.0,32
EMP-005434,2017-03-12,HR,Manager,36,Male,725044,,3.6128150636052068,4.6795497898303235,24,-1,1.0,45
EMP-005435,2019-04-21,IT,Manager,29,Male,1589042,70.0,1.8989492171810358,3.944230164964283,33,4,1.0,2
EMP-005436,2019-07-19,Finance,Lead,49,Female,1026539,57.0,3.328448634306429,4.268173834101603,43,4,1.0,39
EMP-005437,2021-10-14,Marketing,Lead,55,Male,301745,87.0,3.6083131026335935,3.9401048132132357,0,9,0.0,2
EMP-005438,2016-07-03,IT,Junior,40,Female,1151103,36.0,2.941586124471514,1.9125075550631578,5,8,1.0,32
EMP-005439,2020-05-13,IT,,45,Male,397363,66.0,1.0989383866347522,3.1963626160709797,45,0,1.0,1
EMP-005440,2015-09-23,IT,Manager,30,Male,1951154,17.0,4.2443783094432455,2.9550094760975636,10,3,1.0,16
EMP-005441,2018-03-14,Marketing,Manager,33,Male,439575,75.0,2.5775568066261667,,29,4,0.0,20
EMP-005442,2016-09-18,Finance,Mid,44,Male,499921,71.0,3.9743683492920927,4.1738903831033465,20,8,1.0,12
EMP-005443,2017-12-21,Sales,Lead,35,Female,1903627,61.0,1.6758339946153842,3.4467517764453617,18,3,1.0,19
EMP-005444,2019-05-12,Sales,Manager,28,Female,1622276,69.0,4.221235093275225,3.483079435163345,39,7,1.0,46
EMP-005445,2020-01-14,HR,Junior,36,Male,1011627,68.0,3.6511441634245188,1.7245820992605232,41,8,0.0,44
EMP-005446,2020-09-01,Marketing,Mid,25,Female,1055381,115.0,1.0282493176419694,3.237256918537772,35,3,1.0,33
EMP-005447,2015-12-15,Operations,Manager,39,Female,1718345,20.0,1.606574070546123,1.2171181942104496,25,1,1.0,8
EMP-005448,2018-08-31,Finance,Mid,49,Female,1652838,118.0,2.840061538744852,3.50457529526516,2,8,1.0,14
EMP-005449,2019-04-09,HR,Mid,36,Male,1593769,18.0,3.0281256836574526,32.149061428689365,22,8,1.0,41
EMP-005450,2015-12-30,HR,Manager,58,Female,1692148,4.0,4.261452737567929,2.725421167621745,3,4,1.0,47
EMP-005451,2018-03-27,Operations,Junior,44,Female,851054,74.0,1.5140591087706903,1.2320876028121615,45,7,1.0,10
EMP-005452,2020-04-07,Marketing,Junior,51,,868007,19.0,3.9543864118121186,2.1622183075586077,20,5,0.0,36
EMP-005453,2017-06-27,IT,Senior,29,Female,467102,6.0,4.586240972888697,4.148623067843813,17,9,1.0,32
EMP-005454,2019-09-01,IT,Mid,26,Female,1574678,112.0,4.120420860181481,4.355894571055291,29,5,1.0,13
EMP-005455,2016-11-16,HR,Junior,27,Male,1708172,72.0,4.003070900914375,2.2428389480773054,11,7,0.0,30
EMP-005456,2019-01-21,IT,Senior,36,Male,1218696,118.0,4.546740691992522,1.0861264988892683,37,9,0.0,30
EMP-005457,2017-03-25,Finance,Mid,44,Female,758928,,2.050412597970478,4.372919424339951,23,5,0.0,11
EMP-005458,2020-02-21,Sales,Lead,54,Female,1493477,89.0,3.274252963820458,2.434689916520401,1,6,1.0,11
EMP-005459,2015-08-07,IT,Mid,51,Male,1904636,85.0,3.7306596217163634,4.638342986926709,45,1,1.0,43
EMP-005460,2019-06-22,Finance,Lead,51,Female,1524720,47.0,2.9268354585990974,2.469749244145926,19,3,1.0,13
EMP-005461,2019-08-16,Marketing,Lead,59,Female,1458978,103.0,4.700638058521026,1.7071023224386779,10,1,0.0,20
EMP-005462,2018-05-04,Marketing,Mid,25,Male,790592,10.0,4.788701377092831,1.2513225544533526,30,3,0.0,14
EMP-005463,2016-11-01,Operations,Manager,43,Male,884205,13.0,2.4309560717290477,1.133711278228827,47,8,0.0,5
EMP-005464,2015-07-25,IT,,34,Female,725815,73.0,1.1812618550039127,1.829588056173884,42,3,1.0,39
EMP-005465,2018-09-04,IT,Senior,44,Female,803083,91.0,4.740399415169675,3.120304192574181,17,7,1.0,19
EMP-005466,2017-08-19,Operations,Lead,49,Female,1316306,61.0,2.8701884136687617,1.9922308756058276,4,5,1.0,21
EMP-005467,2020-09-17,HR,Mid,39,Male,1193028,95.0,2.8334675436438364,1.0749959188994742,3,3,0.0,5
EMP-005468,2021-04-05,Operations,Junior,46,Male,1361974,95.0,2.821848882048154,2.750778816619284,13,3,1.0,39
EMP-005469,2017-08-07,Operations,,29,Female,346333,72.0,4.711209223893805,1.4238931353727353,4,1,1.0,13
EMP-005470,2016-02-01,Finance,Lead,56,Male,338700,86.0,3.879853444628974,1.3846512279061627,27,9,0.0,35
EMP-005471,2016-04-18,Operations,Manager,27,Male,1561599,85.0,1.1684904085375556,3.0030057929191463,15,1,0.0,13
EMP-005472,2018-06-02,Finance,Junior,43,Male,882146,59.0,2.352910959886034,1.0316251031913586,10,4,1.0,19
EMP-005473,2021-03-05,IT,Mid,37,Female,861843,,1.8734371230518705,1.735103769532779,28,0,1.0,41
EMP-005474,2017-07-26,HR,Mid,53,Female,1089742,69.0,4.267547447507232,2.3279266291461336,22,3,1.0,42
EMP-005475,2018-10-10,Operations,Lead,44,Male,1124009,83.0,3.870014058054777,3.2623989570045873,6,0,1.0,3
EMP-005476,2015-04-24,IT,Manager,50,Female,452119,31.0,3.896549479142199,4.495645846759402,31,9,1.0,32
EMP-005477,2015-03-15,Sales,Manager,31,Male,896807,96.0,1.7181621170775698,4.277049090869306,2,9,0.0,28
EMP-005478,2020-08-05,HR,Lead,41,Male,1280094,116.0,3.8204289520263934,2.092693587979683,11,2,0.0,32
EMP-005479,2018-05-15,Operations,Junior,38,Female,745096,8.0,3.32468041007904,1.0201753242554696,46,8,1.0,30
EMP-005480,2021-08-27,IT,Senior,41,Male,606735,15.0,1.994409528015026,2.6294557082534573,12,6,1.0,31
EMP-005481,2016-06-23,Sales,Manager,46,Female,1660295,109.0,2.7211593699892163,4.666497242342089,45,8,0.0,15
EMP-005482,2018-10-15,IT,Junior,35,Female,1638453,53.0,4.899135213503029,3.3251752083712893,21,5,1.0,2
EMP-005483,2018-06-16,IT,Lead,48,Female,865778,7.0,4.676577721818777,4.029563729348358,39,2,1.0,15
EMP-005484,2021-04-06,Finance,Lead,39,Male,771009,95.0,1.1983421009496014,4.862296932186851,17,2,0.0,8
EMP-005485,2021-11-01,HR,Lead,24,Male,744597,68.0,3.782657966296792,4.738416305969334,25,8,0.0,1
EMP-005486,2016-05-20,Finance,Lead,26,Male,1510114,100.0,2.2886990107510448,1.4199206608024206,29,9,0.0,45
EMP-005487,2020-05-12,Sales,Mid,50,Male,899352,112.0,1.651714108178716,3.7921997335447415,2,4,0.0,5
EMP-005488,2018-02-28,Sales,Lead,35,Female,1159176,79.0,3.6294954634265784,3.342074314802805,8,2,1.0,24
EMP-005489,2015-08-20,IT,Senior,35,Male,1918950,118.0,4.49024823634432,4.510680756716612,30,9,0.0,40
EMP-005490,2020-05-08,Marketing,Manager,33,Male,470306,67.0,1.7860949323621935,3.047490769736304,24,3,1.0,21
EMP-005491,2021-02-27,Finance,Junior,29,Male,1151423,5.0,2.079911558834232,4.056320433239271,10,1,0.0,39
EMP-005492,2017-07-19,Operations,Senior,32,Female,1122320,37.0,2.8794642347570383,2.3005152929668817,13,2,0.0,31
EMP-005493,2020-09-28,HR,Lead,56,Male,1489041,82.0,3.4629352060112657,2.8135608370553955,30,7,0.0,35
EMP-005494,2019-06-05,Operations,Lead,26,Male,1267407,101.0,3.91046416820207,,3,2,0.0,24
EMP-005495,2016-03-04,Finance,Senior,26,Female,841706,104.0,3.4244778512900194,4.122870058688958,37,7,0.0,25
EMP-005496,2017-10-27,Marketing,Junior,48,Female,708534,112.0,1.865464736488562,1.7326418660808436,7,8,0.0,13
EMP-005497,2016-03-11,Marketing,Mid,44,Male,983710,48.0,3.3961941204145085,4.654485821965235,18,4,1.0,41
EMP-005498,2020-10-28,Marketing,Senior,24,Male,937337,83.0,3.926957526869603,4.628507749271932,19,6,1.0,16
EMP-005499,2017-08-01,HR,Senior,53,Male,1270028,96.0,2.405844126682675,4.105194713689262,3,6,1.0,20
EMP-005500,2021-06-15,Operations,Manager,59,,636266,67.0,2.8478463798869393,3.668064791488048,48,3,1.0,32
EMP-005501,2021-08-11,IT,Manager,27,Male,1350927,95.0,2.2404023109389004,1.6010069566296483,31,-6,1.0,47
EMP-005502,2016-01-21,Marketing,Senior,31,Female,1121296,39.0,3.8225310376305153,,10,8,0.0,47
EMP-005503,2019-08-06,Sales,Mid,29,Male,1700969,90.0,2.9129488247316484,1.3787208008976242,2,1,0.0,47
EMP-005504,2018-01-18,IT,Manager,54,Female,869870,17.0,1.8021113407821838,3.717731665449544,42,0,1.0,3
EMP-005505,2017-04-04,IT,Junior,29,Male,1516582,7.0,4.094183484911257,3.534017262740754,20,8,0.0,42
EMP-005506,2018-04-03,Marketing,Lead,45,Male,358960,7.0,2.1462053108644374,3.4127388955253415,14,6,0.0,18
EMP-005507,2015-11-26,Sales,Mid,33,Female,430835,73.0,1.7946095700554476,1.1651097646002575,48,3,1.0,41
EMP-005508,2017-07-07,Marketing,Junior,58,Female,902813,,2.875024208080237,1.258675297793625,33,7,1.0,2
EMP-005509,2015-11-21,Operations,Junior,26,Male,326321,28.0,3.623035435872138,3.7090760949369024,43,4,1.0,25
EMP-005510,2020-03-30,Operations,Senior,53,Female,1393399,46.0,3.748013092908201,3.0415438619278645,16,2,1.0,47
EMP-005511,2015-07-23,Sales,Senior,35,Female,1169517,35.0,1.7977668121639194,2.722372044245781,31,4,1.0,3
EMP-005512,2017-08-05,Operations,Manager,35,Male,1174539,44.0,2.1065442463605715,2.6069635318026187,19,3,0.0,47
EMP-005513,2018-01-04,HR,Junior,31,Male,1598722,47.0,2.952295619519915,4.793373970039053,34,5,1.0,2
EMP-005514,2016-07-31,Operations,Senior,35,Male,1356408,61.0,4.979950134873935,4.666149695437188,8,3,1.0,40
EMP-005515,2021-10-26,IT,Junior,28,Male,1976065,117.0,4.818445543341678,3.515676373418282,47,0,0.0,42
EMP-005516,2017-07-12,Finance,Lead,46,Male,724104,37.0,2.586408602920122,,2,0,0.0,23
EMP-005517,2017-03-15,IT,Manager,53,Female,545193,66.0,4.308359662586735,1.0330295898089323,21,5,0.0,3
EMP-005518,2019-04-15,Sales,Senior,48,Male,1560546,26.0,3.939332604391594,3.3599776430254997,30,2,1.0,22
EMP-005519,2018-05-26,HR,Lead,26,Male,1185737,33.0,4.20210158290813,3.649144699055207,26,6,0.0,12
EMP-005520,2021-04-05,Marketing,Manager,50,Female,1835987,91.0,3.2813055119597503,2.1401451954320407,36,4,1.0,16
EMP-005521,2017-04-08,Operations,Senior,39,Female,1902532,,3.4577275904978997,1.8603713253325789,4,7,0.0,0
EMP-005522,2020-02-21,Finance,Manager,33,Female,1442193,6.0,2.3996768122781034,2.4346451495565717,15,2,1.0,36
EMP-005523,2019-01-02,HR,Senior,37,,710413,33.0,2.0827193377222035,1.1962926763769466,43,7,0.0,20
EMP-005524,2020-08-02,Sales,Junior,57,,1039638,64.0,2.9650814888033805,4.965151395926644,34,9,,20
EMP-005525,2020-10-21,Marketing,Manager,41,Male,927882,96.0,1.1758550906293954,2.426986663752459,41,4,0.0,37
EMP-005526,2016-07-27,Operations,Mid,37,Female,659318,23.0,2.40725723325557,1.0712026003127768,23,2,0.0,46
EMP-005527,2017-10-23,IT,Lead,29,Male,1707119,17.0,1.1017373657626979,3.5817390485248124,17,3,1.0,28
EMP-005528,2020-05-30,Marketing,Lead,39,Male,1281638,64.0,3.6223974794291953,2.2637263674856123,29,6,0.0,16
EMP-005529,2017-06-12,Marketing,Manager,39,Female,1385172,66.0,3.0706859183409287,2.6434889493534963,28,5,1.0,27
EMP-005530,2018-12-19,IT,Senior,24,Female,1890244,103.0,3.254033651051144,4.427605277625297,33,8,1.0,19
EMP-005531,2017-10-16,Sales,Mid,22,Male,1086287,72.0,1.38577177850168,2.7214395962707276,43,5,1.0,17
EMP-005532,2017-05-23,Marketing,Manager,32,Female,881103,67.0,2.5125193950388858,3.5459271384511206,40,6,1.0,6
EMP-005533,2019-12-03,Marketing,Junior,45,Female,1545419,26.0,1.764620819783961,4.373393636661529,6,1,1.0,29
EMP-005534,2021-02-17,HR,,40,Female,1889887,70.0,4.845064683753151,4.680021422154725,36,6,1.0,18
EMP-005535,2016-07-16,HR,Junior,59,Male,1329756,2.0,1.9135038972974616,2.9459970176745083,1,1,0.0,40
EMP-005536,2017-08-21,IT,Lead,47,Female,1343561,15.0,1.1296391323586064,1.0414670926397527,24,5,0.0,10
EMP-005537,2017-07-07,Marketing,Mid,40,Female,1869756,115.0,2.442899875131444,2.5060074469178493,15,1,1.0,43
EMP-005538,2018-03-28,Operations,Junior,24,,589579,71.0,2.7129538967188096,1.5915804011869912,41,6,0.0,29
EMP-005539,2020-11-29,Sales,Mid,29,Female,985956,63.0,4.770329448755704,1.813377524904634,4,8,1.0,41
EMP-005540,2021-09-10,IT,Manager,42,Male,440325,103.0,4.993532164262939,4.401290267422839,41,5,1.0,10
EMP-005541,2020-02-27,Finance,,53,Male,1759453,,3.8485878386246406,1.2632192649679266,3,9,0.0,33
EMP-005542,2015-03-25,Operations,Senior,49,Male,867554,80.0,3.0371274256536824,4.265382071597385,7,9,1.0,1
EMP-005543,2021-07-31,Finance,Lead,33,Male,674573,27.0,4.978559186482689,4.1947295403949045,37,5,0.0,24
EMP-005544,2016-03-30,Marketing,Junior,59,Male,1871730,89.0,1.5641937879884638,1.9708018356890107,47,7,0.0,17
EMP-005545,2021-01-27,Finance,Junior,23,Male,401496,59.0,1.4038837885273212,3.0033519250918506,37,8,1.0,36
EMP-005546,2019-09-15,HR,Junior,53,Female,1147035,24.0,1.00208314442175,3.3204513874661656,0,8,0.0,3
EMP-005547,2016-05-27,Finance,Senior,41,Female,375036,105.0,3.100757883059727,2.9549325951154706,15,7,1.0,40
EMP-005548,2015-02-19,IT,Junior,55,Male,1141003,46.0,4.99992731327176,1.6341797399751967,43,7,1.0,34
EMP-005549,2017-08-08,HR,Junior,33,Female,1533938,65.0,3.0143935413276326,3.4855165720932595,47,8,1.0,45
EMP-005550,2021-04-24,IT,Mid,59,Female,1108909,23.0,3.672251043487933,4.741332098335722,30,8,1.0,29
EMP-005551,2016-04-24,Marketing,Mid,29,Male,333263,8.0,4.308658646430189,4.277132083201798,23,9,1.0,32
EMP-005552,2021-04-07,Sales,Lead,51,Male,1801297,119.0,4.581409681439876,1.7562674066085098,22,9,0.0,29
EMP-005553,2015-06-03,IT,Lead,47,Male,1582644,10.0,2.2943024131876473,4.975343591127132,13,1,0.0,29
EMP-005554,2016-11-05,Marketing,Manager,35,Female,585548,35.0,3.367578831831789,,45,4,0.0,0
EMP-005555,2016-12-22,Operations,Junior,31,Male,864944,69.0,1.0241589539921705,1.2217772245380543,9,4,0.0,7
EMP-005556,2021-06-01,Operations,Lead,40,Female,1181490,93.0,2.0933669097542986,1.010905030702009,20,1,1.0,35
EMP-005557,2016-08-13,Sales,Senior,26,Female,446363,98.0,1.6375282506031894,2.3562611380480862,43,4,0.0,47
EMP-005558,2017-04-13,Marketing,Junior,25,Male,329097,88.0,3.95542767358418,4.263185526245487,5,0,0.0,34
EMP-005559,2015-08-08,IT,Lead,32,Female,707106,37.0,2.884921818743244,3.6125091242985268,43,4,0.0,25
EMP-005560,2015-09-08,Marketing,Mid,37,Male,873429,60.0,4.254332381390293,3.171789363398799,7,6,0.0,13
EMP-005561,2017-12-12,HR,Mid,27,Male,1562696,48.0,1.1608518197906172,4.347765337296092,2,5,1.0,28
EMP-005562,2020-09-10,Sales,Lead,39,Female,1574042,64.0,4.549591648458179,2.205977521671684,7,2,0.0,43
EMP-005563,2017-12-19,IT,Manager,50,Female,1093506,61.0,2.4511964673657887,4.883059165325447,14,4,1.0,40
EMP-005564,2016-06-02,IT,Junior,38,Female,1367818,60.0,2.8333786972133748,48.08326423462434,1,2,0.0,40
EMP-005565,2020-05-09,Marketing,Manager,43,Female,1345271,74.0,4.200373288778467,1.0721891279831421,7,0,0.0,41
EMP-005566,2015-05-28,IT,Mid,38,Female,656285,117.0,2.5833543296592434,1.7635683150363572,19,8,1.0,6
EMP-005567,2016-09-20,HR,Senior,34,Male,756413,93.0,4.744063149546076,2.5255561595701925,36,1,1.0,1
EMP-005568,2018-03-19,Operations,Senior,30,Female,1232750,9.0,1.2423233836682441,4.308948535573096,16,1,0.0,21
EMP-005569,2020-03-03,Marketing,Senior,23,Male,1774685,31.0,1.0830282836846385,2.2283985000073585,20,9,1.0,7
EMP-005570,2018-03-13,Marketing,Mid,48,Female,1405624,87.0,4.773652571797445,3.9329252881822314,7,9,0.0,34
EMP-005571,2021-09-07,Marketing,Manager,37,Female,1609859,47.0,3.4303904800986507,3.673960328571472,14,9,1.0,34
EMP-005572,2015-09-26,Operations,Manager,54,Male,1655031,28.0,1.9453809621497937,1.975884817878339,47,8,1.0,12
EMP-005573,2020-04-18,Operations,Junior,22,Male,1018997,85.0,2.0351721451771354,2.24002460097585,22,3,0.0,33
EMP-005574,2017-06-16,Operations,Mid,36,Female,908948,24.0,1.4765426640274555,4.090813751960173,24,3,1.0,25
EMP-005575,2021-08-13,HR,Mid,32,Female,1789714,23.0,2.2935649496306207,2.000968257226587,39,8,1.0,21
EMP-005576,2015-12-15,Finance,Mid,52,Female,1526531,82.0,1.0451787502223442,4.930098784222572,34,1,0.0,36
EMP-005577,2021-02-01,HR,Junior,53,Male,616780,44.0,3.8028926274580566,4.7280844067356425,40,8,1.0,32
EMP-005578,2021-03-28,Sales,Lead,45,Male,828789,119.0,3.0034949499132986,4.97555102972002,20,2,1.0,18
EMP-005579,2017-11-23,Operations,Manager,29,Female,1085515,87.0,2.5467608732311224,,19,-4,0.0,4
EMP-005580,2018-04-15,Finance,Senior,25,Male,509452,119.0,2.444375934273814,2.5288319765217198,49,4,1.0,14
EMP-005581,2021-08-26,Marketing,Lead,50,Male,824653,5.0,1.10620422909934,2.0540561074596613,22,5,1.0,18
EMP-005582,2017-10-17,Marketing,Mid,33,Male,761649,61.0,4.209949479920414,3.9449594380442905,23,6,0.0,46
EMP-005583,2018-01-21,Marketing,Mid,42,Male,1065048,47.0,2.2977415523812925,2.7495971238369457,13,2,0.0,40
EMP-005584,2018-08-15,IT,Junior,32,Male,706196,95.0,1.6425474240477418,3.2263168033179754,10,8,0.0,28
EMP-005585,2019-01-29,Sales,Senior,30,Female,1139441,25.0,1.5734359324488931,3.4619152334711845,46,1,0.0,7
EMP-005586,2018-06-20,Operations,Junior,26,Male,515141,79.0,2.7871943669363106,4.33062822400832,38,4,1.0,13
EMP-005587,2019-09-29,HR,Manager,31,Male,1123680,34.0,1.0587375449364638,1.3923855010060007,42,3,0.0,29
EMP-005588,2018-02-01,HR,Mid,47,Female,1873103,110.0,1.5011854776753695,2.9997614575503593,14,6,0.0,22
EMP-005589,2021-04-26,Marketing,Junior,23,Male,1558642,22.0,4.642648948261226,4.442460938804189,11,4,0.0,24
EMP-005590,2021-06-06,Finance,Junior,59,,1361906,4.0,4.18740498438844,2.376314668129086,1,8,1.0,15
EMP-005591,2018-02-18,Marketing,Mid,42,Male,801759,47.0,3.9525804970018936,3.6540720760992076,31,8,1.0,6
EMP-005592,2019-05-19,Sales,Manager,22,Female,1937020,92.0,2.4281476382987237,2.234023305502438,9,6,1.0,6
EMP-005593,2019-02-22,Operations,Senior,30,Male,1082610,102.0,2.351672573840819,4.193720104851923,41,7,0.0,37
EMP-005594,2020-02-25,Operations,Junior,35,Male,1769653,1.0,4.906646606210675,2.2544378215066136,47,3,0.0,13
EMP-005595,2021-01-19,Sales,Junior,36,Male,1973103,43.0,2.5388772509502107,4.061668636584688,43,1,0.0,35
EMP-005596,2015-12-22,Marketing,Lead,59,Male,1161107,23.0,4.80741412149332,4.1140217849172735,13,6,1.0,47
EMP-005597,2017-01-26,IT,Manager,35,Female,1447747,118.0,4.7409154488101475,3.8037586395226084,19,5,0.0,16
EMP-005598,2016-03-21,HR,Lead,46,Female,710106,33.0,1.2500398653326297,2.7704248876663398,46,7,,19
EMP-005599,2017-10-08,Sales,Senior,48,Female,682902,20.0,3.3792055460035306,2.8059174572399344,14,3,1.0,1
EMP-005600,2018-11-01,HR,Manager,36,Male,472924,33.0,2.4169736819618293,2.9435231697739783,33,0,1.0,28
EMP-005601,2017-05-04,Operations,Senior,27,Male,1321972,110.0,2.6131942635076233,16.561628732731222,8,6,1.0,11
EMP-005602,2021-02-19,IT,Senior,29,Male,860224,85.0,4.186345569854998,3.082229005479692,32,7,0.0,18
EMP-005603,2019-02-21,Marketing,Mid,44,Male,1475227,112.0,2.2686124861997796,3.355116163450271,35,4,0.0,9
EMP-005604,2017-08-01,HR,Mid,38,Female,987934,28.0,4.66757769555934,1.2229033724264147,27,0,1.0,21
EMP-005605,2015-10-21,Sales,Lead,35,Male,771423,93.0,4.166094720165299,3.390275669543196,3,2,0.0,2
EMP-005606,2016-02-15,IT,Manager,30,Male,342332,5.0,2.346757331670578,4.518270216999113,4,0,0.0,7
EMP-005607,2019-10-21,Sales,Lead,58,Male,774080,86.0,2.7875020296478668,3.3689336479536522,7,0,1.0,26
EMP-005608,2020-12-02,HR,Mid,28,Male,884415,105.0,3.656743334216853,1.9697920041068575,3,1,0.0,9
EMP-005609,2018-09-13,IT,Mid,26,Male,807573,74.0,2.808458809046422,3.7138762100829843,19,0,0.0,23
EMP-005610,2021-10-10,IT,Mid,24,Female,1249044,115.0,4.444493381652431,3.6440459713993443,20,7,0.0,34
EMP-005611,2019-01-02,Sales,Senior,48,Male,940362,16.0,2.551621476477404,2.3228875871837684,11,1,1.0,40
EMP-005612,2019-04-22,Finance,Lead,59,Male,601630,84.0,1.6381014318780531,2.5697688035107613,4,6,0.0,9
EMP-005613,2018-03-11,Operations,Manager,40,Female,1468337,56.0,1.6846855517642494,3.319090692776849,14,0,1.0,45
EMP-005614,2015-09-11,Finance,Lead,34,Male,1659397,79.0,2.3953162640416665,4.313808897647034,7,7,0.0,18
EMP-005615,2015-07-06,IT,Senior,22,Male,1784441,99.0,1.7653794773475484,2.7023855284595366,2,1,1.0,43
EMP-005616,2021-08-20,Operations,Lead,31,Male,1192392,25.0,1.4543176906503459,3.935143698720379,29,6,1.0,15
EMP-005617,2018-08-12,Marketing,Senior,41,Male,1519876,44.0,1.5392612419563516,3.9000524939341976,30,9,0.0,34
EMP-005618,2018-05-12,HR,Senior,37,Male,1383220,94.0,2.0050962020147365,3.253754019364134,13,3,1.0,23
EMP-005619,2016-05-08,Operations,Senior,39,Male,1889641,57.0,1.3954457376115599,4.811893393961364,4,0,0.0,15
EMP-005620,2017-03-08,Finance,Manager,45,Male,1648799,27.0,4.646877607093524,4.669228914447231,17,4,0.0,9
EMP-005621,2016-08-05,HR,Senior,54,Female,573317,69.0,1.0419596646657148,4.660111489072168,23,3,0.0,5
EMP-005622,2018-06-13,HR,Lead,30,Male,812733,100.0,3.7265626021701164,2.339474400344345,42,0,1.0,5
EMP-005623,2019-11-09,HR,Lead,22,Male,560015,23.0,4.709959487786065,4.133999928811148,15,9,0.0,13
EMP-005624,2021-10-19,Operations,Lead,35,,1745920,56.0,1.5392480413140306,4.0410886528152705,14,7,0.0,45
EMP-005625,2016-05-21,HR,Manager,24,Female,438576,54.0,1.091417339538972,2.784381728043339,3,9,0.0,24
EMP-005626,2020-05-26,Marketing,Lead,43,Female,767299,58.0,2.5069159594882318,4.447572591446205,17,0,1.0,10
EMP-005627,2018-07-10,Sales,Lead,46,Male,1675962,26.0,2.5184292808774957,1.215523081780432,34,-7,0.0,27
EMP-005628,2015-12-09,HR,Lead,30,Female,1916664,72.0,3.6088452547382386,4.24360849631374,43,6,1.0,20
EMP-005629,2021-08-14,IT,Manager,41,Female,718419,20.0,1.6049766909266965,1.5907807800243172,42,1,0.0,9
EMP-005630,2021-05-29,IT,Senior,27,Female,914457,18.0,2.5451486335315243,4.093646887378258,27,6,1.0,38
EMP-005631,2015-05-29,Sales,Senior,49,Male,895931,22.0,3.868774684257395,4.959834828540776,5,9,1.0,32
EMP-005632,2019-07-23,Operations,Junior,38,Male,1030237,61.0,3.1713648463442454,3.3897055131493774,38,9,1.0,20
EMP-005633,2016-05-25,HR,Mid,57,Female,970182,96.0,4.014237609441286,4.02578514822374,13,5,1.0,17
EMP-005634,2015-01-12,Sales,Senior,53,Male,373542,19.0,3.494424331989433,1.0591187953685144,35,8,0.0,17
EMP-005635,2020-12-03,Operations,Mid,31,Male,657446,68.0,3.0019138873828712,3.5563362402676595,29,2,1.0,11
EMP-005636,2015-06-17,Sales,Senior,46,Male,1737689,69.0,4.479490120251684,3.982789801057679,4,0,1.0,18
EMP-005637,2015-10-20,Marketing,Mid,53,Male,992858,109.0,2.2681535320809334,1.364254235939705,15,6,1.0,15
EMP-005638,2020-09-09,Finance,Junior,48,Female,1607853,58.0,2.4323298856219298,4.2948263076671,46,6,1.0,10
EMP-005639,2019-03-05,Sales,,32,Male,1443044,112.0,1.1559823912181098,2.1198887548695597,4,4,0.0,15
EMP-005640,2017-11-22,Operations,Senior,28,Male,675332,12.0,3.2317556348681644,3.7105462329833254,2,9,0.0,11
EMP-005641,2017-09-07,Finance,Lead,49,Male,1717458,52.0,1.7702743073458596,3.2389754398255755,27,3,1.0,29
EMP-005642,2021-10-11,Finance,Manager,43,Male,1817554,111.0,1.0116204102048996,4.658054629798709,41,1,1.0,33
EMP-005643,2020-01-01,IT,Mid,50,Male,706147,37.0,1.865918746014319,1.0186284633500913,37,3,0.0,7
EMP-005644,2016-04-10,Sales,Lead,59,Female,1593409,37.0,4.67768186440205,4.5645943716384245,34,0,1.0,14
EMP-005645,2018-12-21,Finance,Lead,57,Female,805951,26.0,2.2143267792074184,1.2216575617910803,26,1,0.0,19
EMP-005646,2017-09-04,Finance,Manager,51,Female,1781462,84.0,3.321360745825231,2.179660395791149,40,1,0.0,13
EMP-005647,2016-04-08,Operations,Lead,42,Male,1692212,75.0,4.663547818913582,1.7411400385060394,0,5,0.0,9
EMP-005648,2015-10-13,Finance,Manager,43,Male,1103310,75.0,4.8171385111712794,2.979862592009763,22,1,1.0,33
EMP-005649,2020-07-27,Finance,Junior,38,Female,919129,51.0,2.9582932225890595,3.1413357061902536,34,4,0.0,10
EMP-005650,2021-01-07,Marketing,Senior,44,,1847958,84.0,4.879361164403834,3.6227234368924024,0,1,1.0,17
EMP-005651,2021-10-22,HR,Junior,31,Female,1000136,11.0,2.127140370222719,3.066964127055107,26,2,1.0,42
EMP-005652,2017-08-30,HR,Junior,23,Male,1495969,,4.797848563100844,3.1883145062929983,40,0,0.0,42
EMP-005653,2018-09-17,Operations,Junior,31,Male,470226,,1.7561433416252754,3.1051288668808277,36,2,1.0,47
EMP-005654,2019-02-19,Marketing,Mid,24,Male,491740,7.0,4.246926247960131,4.804004777803925,45,0,0.0,36
EMP-005655,2020-11-03,HR,Manager,38,Male,1492927,84.0,4.718935167288539,4.135911523542164,43,6,0.0,8
EMP-005656,2020-05-16,Finance,Junior,58,Male,1043529,56.0,2.1862842888262737,2.3321723038494575,18,0,0.0,37
EMP-005657,2016-01-07,HR,Manager,56,Male,744250,20.0,1.6694560612741167,15.835711933173355,9,9,0.0,9
EMP-005658,2019-10-22,IT,Senior,30,Male,588670,33.0,1.0478649756445968,3.6687549337186622,18,7,1.0,16
EMP-005659,2018-12-04,HR,Senior,29,,452257,71.0,3.0200699886658993,2.781092287169884,44,7,0.0,13
EMP-005660,2020-02-14,HR,Manager,46,Male,1662215,108.0,3.5971299995890575,2.956742813327796,24,7,0.0,28
EMP-005661,2016-12-10,HR,Mid,32,Male,852465,6.0,4.811391888918062,3.132267705029133,27,4,1.0,24
EMP-005662,2016-11-18,Sales,Mid,39,Male,1230469,45.0,4.336980181158461,1.7304446499252535,13,6,0.0,17
EMP-005663,2015-10-23,Marketing,Mid,33,Female,1565250,10.0,2.697428727986053,2.0714469496181054,36,2,0.0,23
EMP-005664,2018-02-01,IT,Manager,46,Male,1477304,119.0,1.2125501456815004,4.432919343018304,12,1,0.0,9
EMP-005665,2018-11-27,Operations,Manager,30,,1379765,22.0,4.365119194729246,3.0219878446393107,5,9,0.0,16
EMP-005666,2021-07-31,Operations,Senior,55,Female,1252385,35.0,3.5389642412728994,2.1509239760853656,6,5,1.0,12
EMP-005667,2016-09-05,IT,Lead,33,Male,1401035,9.0,1.3360245656732759,1.123034382417163,27,0,,25
EMP-005668,2018-08-05,Operations,Senior,56,Male,966084,11.0,2.8093644248260614,4.329971645448113,21,3,,37
EMP-005669,2017-04-16,Sales,Mid,22,Female,1565345,36.0,3.488927407263632,4.528173256382756,9,7,0.0,6
EMP-005670,2019-07-04,HR,Junior,45,Male,558424,45.0,1.4621500447526743,2.673706878046699,45,0,0.0,2
EMP-005671,2016-12-16,IT,Manager,28,Male,1392499,2.0,3.5048274859297064,4.2956482389810775,15,7,1.0,37
EMP-005672,2015-05-23,Finance,Mid,43,Female,1534025,35.0,3.217594087234505,2.8947627661691895,4,9,1.0,1
EMP-005673,2016-03-28,Marketing,Lead,38,Male,734928,10.0,4.153202726564551,3.760271664625738,41,6,1.0,26
EMP-005674,2015-10-26,IT,Junior,530,Female,1127594,108.0,2.7044279309909762,2.3083898491408728,49,9,0.0,17
EMP-005675,2018-02-08,Finance,Junior,32,Female,337094,27.0,3.8916888233304494,4.408382312576126,47,3,0.0,9
EMP-005676,2018-04-18,IT,Junior,23,Male,1418108,60.0,3.2039300824230836,1.782536260135037,40,3,1.0,16
EMP-005677,2015-12-26,HR,Senior,57,Female,562186,106.0,4.194210193820037,1.0753963916878306,30,6,1.0,3
EMP-005678,2018-08-11,IT,Mid,33,Male,1437462,45.0,4.943185060229872,2.1136805350512695,22,9,0.0,19
EMP-005679,2015-02-27,Sales,Manager,23,Female,1792616,96.0,3.44163595881022,4.703555331799362,3,5,1.0,0
EMP-005680,2017-09-11,Sales,Lead,56,Male,713043,26.0,1.9659665881288482,1.6698569305727013,49,2,1.0,27
EMP-005681,2016-08-24,Sales,Lead,56,Male,1058225,12.0,3.2303895320119045,3.090218591181812,5,5,1.0,38
EMP-005682,2016-11-24,Operations,Manager,28,Male,1517658,76.0,3.564404650425166,4.77526639445189,43,7,,39
EMP-005683,2019-05-12,Marketing,Junior,43,Female,1019602,97.0,1.761537522680952,1.2218735753332388,4,7,1.0,40
EMP-005684,2019-02-01,Finance,Mid,32,Female,717909,46.0,4.433527497762782,3.846131113239087,6,5,1.0,3
EMP-005685,2020-04-08,Sales,Junior,450,Female,1427936,70.0,3.3528002374140455,1.7769526816398575,17,6,1.0,2
EMP-005686,2015-01-02,Operations,Senior,52,Male,881977,51.0,3.1400360833985492,2.691421266976562,36,3,1.0,0
EMP-005687,2021-04-27,HR,Mid,27,Male,1844779,45.0,2.92194532271057,3.3062505590185953,18,9,0.0,46
EMP-005688,2016-11-11,Operations,Junior,36,Female,1423355,80.0,4.059223576394082,4.511898519364317,2,3,0.0,40
EMP-005689,2021-01-06,Marketing,Mid,57,Male,1494305,55.0,2.5835230415222115,3.743247443716582,18,4,0.0,6
EMP-005690,2015-04-01,Operations,Lead,42,Male,941003,83.0,3.5321326422023347,2.909161667713188,39,6,0.0,17
EMP-005691,2020-10-28,IT,Manager,470,Female,320550,34.0,2.7147679057734506,1.6138871263403476,6,4,1.0,27
EMP-005692,2018-05-05,HR,Mid,55,Male,1106171,33.0,4.167435076925607,3.0174130919372493,6,3,1.0,37
EMP-005693,2018-11-28,HR,,46,Male,1375077,43.0,1.7928641782270027,1.9143846464434242,41,1,1.0,13
EMP-005694,2019-05-29,Sales,Manager,58,Male,1791086,90.0,4.061798663795572,1.0614884563074312,16,7,1.0,44
EMP-005695,2019-06-23,HR,Senior,58,Male,1156344,61.0,1.883864568304391,3.8414214692722655,7,0,0.0,26
EMP-005696,2017-07-01,Marketing,Junior,53,Male,1448191,7.0,3.7355237534926915,3.59607835702631,36,0,0.0,42
EMP-005697,2021-02-17,Finance,Senior,47,Male,951972,114.0,2.7075058190164847,4.332640030720929,12,7,1.0,45
EMP-005698,2021-06-21,HR,Junior,34,Female,850781,74.0,2.921831521840594,4.008658147473176,40,2,1.0,44
EMP-005699,2020-06-10,Sales,Lead,38,Male,564497,84.0,3.215348915685415,1.3456740930271769,15,5,1.0,47
EMP-005700,2018-06-24,Finance,Senior,40,Female,1723903,100.0,4.851206112452848,4.16163989055814,32,6,1.0,35
EMP-005701,2016-11-11,Sales,Senior,47,Female,567834,32.0,4.439408422866508,3.702791321031418,36,6,0.0,40
EMP-005702,2020-07-14,IT,Manager,28,Male,1461665,91.0,1.0089416043367252,4.418549953279332,22,4,1.0,1
EMP-005703,2015-03-31,Sales,Manager,46,Female,1253657,18.0,1.3909299285927337,4.3627338790124295,28,6,0.0,35
EMP-005704,2021-04-28,Finance,Junior,27,Male,1017616,61.0,4.227425317425725,3.738656251849931,47,9,1.0,30
EMP-005705,2021-05-28,HR,Manager,24,Male,1107358,36.0,3.923233783692337,2.617164273057975,39,8,1.0,0
EMP-005706,2020-09-28,HR,Mid,42,Female,1611454,19.0,3.6079267890475686,4.265801379307231,21,2,1.0,28
EMP-005707,2016-12-23,HR,Mid,39,Male,742188,39.0,3.906612812944479,,23,9,1.0,33
EMP-005708,2020-12-12,Marketing,Manager,55,Male,548808,92.0,3.6834105050818677,2.9197733973170896,9,2,0.0,0
EMP-005709,2018-05-03,Finance,Senior,28,Female,1808905,99.0,1.64560418866319,2.9310095162906418,1,8,0.0,0
EMP-005710,2016-11-14,Sales,Senior,42,Female,940851,77.0,4.97236735825776,4.223394969237943,1,2,1.0,6
EMP-005711,2021-10-03,Operations,Manager,42,Female,837281,99.0,1.819776700418446,3.662528088691985,3,8,0.0,10
EMP-005712,2016-05-06,HR,Mid,36,Male,632972,33.0,1.2886497834005088,2.1530070037472,31,9,0.0,17
EMP-005713,2015-12-26,Operations,Lead,27,Female,1194027,108.0,4.126992134411129,1.0691295397378822,47,1,0.0,28
EMP-005714,2018-01-12,Sales,Lead,52,Male,1787646,92.0,3.528658129331518,3.480136516315896,47,5,0.0,15
EMP-005715,2017-07-26,Operations,Mid,48,Male,362378,32.0,4.038060589927732,4.772664522289141,33,3,0.0,33
EMP-005716,2020-02-21,IT,Senior,52,Male,320574,20.0,4.447413791582441,3.067874429949598,42,7,0.0,26
EMP-005717,2016-12-22,Marketing,Junior,38,Male,896103,84.0,2.3869762202492,3.3641895769711625,30,4,1.0,46
EMP-005718,2019-06-19,IT,Junior,54,Female,1143153,20.0,1.5993977911146655,1.0418958320604417,4,9,0.0,24
EMP-005719,2016-12-01,Marketing,Junior,50,Male,1881305,77.0,2.791231629726786,1.4475721052833612,43,2,1.0,42
EMP-005720,2020-02-19,HR,Junior,33,Male,520444,6.0,1.4324068094894513,4.8435025006035515,5,5,,43
EMP-005721,2018-10-28,Marketing,Lead,26,Male,1727282,31.0,2.4868511173386136,2.089224634441798,30,3,1.0,23
EMP-005722,2017-04-13,Marketing,Senior,27,Female,1446031,50.0,1.355426265289199,3.8827262692231557,35,3,1.0,28
EMP-005723,2018-07-04,HR,Junior,36,Male,496730,49.0,3.5003979142443074,4.00508769035674,24,0,0.0,23
EMP-005724,2017-06-18,IT,Lead,43,,1918577,107.0,4.187802483339501,1.8879112804568488,40,8,0.0,32
EMP-005725,2016-08-09,HR,Manager,33,Female,1042067,49.0,4.296386000869386,4.248231946629532,0,2,0.0,15
EMP-005726,2015-11-22,Operations,Mid,28,Female,547627,114.0,4.1632122993452985,1.1848153946831208,20,6,1.0,18
EMP-005727,2020-11-12,Sales,Lead,57,Female,779360,111.0,2.454545854559059,2.815231202473655,17,3,0.0,45
EMP-005728,2019-06-01,Sales,Mid,59,Female,323069,90.0,3.244509959299642,4.326750453895942,37,0,1.0,22
EMP-005729,2019-01-02,HR,Senior,25,Female,840055,96.0,4.586741415551343,1.4654600385896872,27,4,1.0,6
EMP-005730,2015-01-26,Finance,Lead,38,Female,1535955,80.0,2.6661521663217154,4.95391402563625,18,4,1.0,21
EMP-005731,2018-02-13,Marketing,Lead,52,Male,701112,86.0,3.3271496123520157,4.115007868672999,11,3,1.0,22
EMP-005732,2015-07-23,HR,Junior,25,Female,448177,117.0,3.0209198883422186,3.8298644651687495,49,9,1.0,1
EMP-005733,2020-07-24,IT,Senior,27,Male,740901,75.0,1.5345787604693766,1.318731964275747,24,2,0.0,10
EMP-005734,2017-09-07,IT,Manager,41,Male,538027,9.0,2.453391250804212,3.002824301916427,30,8,1.0,46
EMP-005735,2020-12-01,HR,Lead,57,Male,1223155,69.0,2.991408645812898,4.037733628187919,24,3,1.0,18
EMP-005736,2020-08-21,HR,Manager,51,Male,1633023,12.0,2.609473452307352,2.1405390596208993,10,6,1.0,47
EMP-005737,2015-10-23,Finance,Manager,52,Female,1006888,86.0,3.222249396232877,1.1422997758783398,33,5,1.0,23
EMP-005738,2017-02-19,Finance,Junior,25,Female,1474006,113.0,3.675166802229589,3.215008789983435,30,3,1.0,3
EMP-005739,2015-12-10,Sales,Junior,49,Female,1960923,33.0,3.063375169060391,4.919998466415944,26,7,0.0,15
EMP-005740,2016-04-02,Sales,Manager,51,Female,517214,9.0,1.6038223927675253,4.829053117505631,45,7,0.0,18
EMP-005741,2021-09-28,IT,Mid,57,Female,1979907,68.0,2.3212450846014763,2.177868740100419,25,3,1.0,13
EMP-005742,2019-01-17,Marketing,Manager,31,Male,1566911,48.0,1.4523132640251637,2.436381643230383,19,3,0.0,7
EMP-005743,2016-02-27,Finance,Manager,33,Male,1950353,110.0,1.0985018101111286,4.888119542964061,31,5,1.0,44
EMP-005744,2016-06-18,Finance,Manager,37,Female,1131201,44.0,4.593967048373203,,38,5,0.0,17
EMP-005745,2020-03-21,HR,Junior,56,Male,361864,23.0,4.834696190861536,4.700868340624684,47,4,1.0,25
EMP-005746,2021-09-08,Operations,Mid,34,Male,1550391,48.0,3.726533748195638,1.9700179538064004,44,7,1.0,25
EMP-005747,2016-10-13,Marketing,Junior,41,Male,734218,5.0,4.257923251092462,2.1114861415705914,35,3,1.0,20
EMP-005748,2020-10-19,IT,Lead,58,Female,1701155,116.0,1.712357461621529,3.7439102591481497,41,2,0.0,37
EMP-005749,2020-05-25,Finance,Senior,24,Female,387051,44.0,2.5789103209963873,4.638825695216182,41,3,1.0,7
EMP-005750,2020-04-25,Finance,Lead,57,Male,830810,114.0,2.2898130194929545,1.2646344042917765,11,1,1.0,7
EMP-005751,2016-09-26,IT,Senior,32,Female,597296,40.0,2.353283061442701,4.683179649634587,43,5,1.0,25
EMP-005752,2018-11-16,Marketing,Junior,27,Male,1311016,67.0,3.3008051182316076,4.99353647810801,6,2,0.0,5
EMP-005753,2018-04-17,Operations,Manager,31,Male,1467806,12.0,3.7003358931410752,4.524799988173838,0,9,0.0,29
EMP-005754,2020-07-25,Sales,Mid,42,Female,1954005,94.0,1.776940199884936,,5,0,1.0,27
EMP-005755,2016-11-14,Marketing,Mid,26,Female,1460153,113.0,2.8879766824712205,3.6032869846847864,18,3,0.0,34
EMP-005756,2020-01-18,Sales,Lead,36,Male,539798,98.0,2.178983907595453,4.722717143262869,24,1,1.0,25
EMP-005757,2016-02-14,IT,Lead,30,Female,538065,88.0,4.082948606591058,1.705801288218535,25,3,1.0,10
EMP-005758,2020-02-15,IT,Senior,52,Male,1505940,90.0,4.559170559854535,3.3632187746984137,25,3,0.0,13
EMP-005759,2019-02-02,Finance,Junior,57,Male,922455,90.0,3.9688890952462237,3.960196357701566,16,0,1.0,11
EMP-005760,2016-12-18,Marketing,Mid,49,Female,1213685,84.0,4.695791487120667,4.302714829562074,34,2,0.0,22
EMP-005761,2019-02-27,Finance,Senior,58,Male,999134,38.0,3.6846078238967492,2.5762594683059494,49,2,1.0,25
EMP-005762,2016-09-18,HR,Lead,57,Male,1307809,25.0,3.9244681844909253,3.0254418896893465,1,3,1.0,28
EMP-005763,2017-03-21,Marketing,Junior,59,Male,1379335,62.0,2.7631371796362454,3.0726336177419147,1,2,1.0,32
EMP-005764,2019-02-23,Operations,Mid,31,Female,782047,89.0,1.909502703427302,2.0594830341954906,0,6,0.0,11
EMP-005765,2019-03-31,Sales,Manager,29,Female,390757,3.0,1.3802492754136728,2.36450691302832,16,1,,40
EMP-005766,2016-07-25,Sales,Mid,25,Female,620889,85.0,1.4140568228784418,1.792355183997425,13,4,0.0,29
EMP-005767,2015-11-12,Operations,Junior,22,Male,835702,79.0,3.628021226394417,2.31680392354646,39,1,1.0,37
EMP-005768,2017-11-07,Finance,Lead,34,Female,1364536,24.0,2.349611544767537,43.2084436577998,35,7,1.0,47
EMP-005769,2016-08-15,HR,Senior,30,Female,1583403,50.0,4.998095971054905,2.0465617369973317,15,3,1.0,8
EMP-005770,2017-10-17,Operations,Mid,25,Male,417964,25.0,2.9302055975101466,2.914675977824808,40,7,0.0,33
EMP-005771,2016-07-04,Operations,Junior,32,Female,1720788,62.0,3.740912583904005,4.800402253561085,14,7,0.0,21
EMP-005772,2021-04-25,IT,Mid,38,Female,1056222,68.0,1.7337371336136638,3.972940219280406,38,9,1.0,29
EMP-005773,2020-05-24,Operations,Junior,23,Male,1234768,22.0,4.242992394186693,4.8632153392282165,24,7,1.0,17
EMP-005774,2018-06-27,Operations,Manager,28,Female,1236708,47.0,2.793679452475032,4.53515182282994,44,3,1.0,44
EMP-005775,2017-02-15,Marketing,Junior,52,Male,354840,47.0,4.260379516707159,3.7345296095195613,13,3,1.0,10
EMP-005776,2015-01-29,HR,Senior,33,Male,1834248,64.0,4.805625527001014,3.074828013508203,38,2,0.0,37
EMP-005777,2018-08-29,Marketing,Lead,27,Male,1491174,3.0,3.5981313120011227,,14,3,1.0,23
EMP-005778,2021-02-01,IT,Senior,41,Female,733192,106.0,4.474663662728576,,5,9,1.0,14
EMP-005779,2019-10-14,Sales,Manager,55,Male,540430,41.0,3.4192875606489173,2.08775473987497,32,0,1.0,27
EMP-005780,2019-05-02,Marketing,Manager,56,Male,1774361,112.0,3.5265750418372606,4.764295741625436,25,9,1.0,11
EMP-005781,2019-01-11,Operations,Junior,40,Male,1958308,41.0,3.345509437077119,1.3055532297132237,37,1,0.0,47
EMP-005782,2020-08-03,IT,Manager,23,Male,591302,32.0,2.1456355487236225,3.89916466106735,0,5,0.0,1
EMP-005783,2017-07-10,Sales,Junior,58,Female,1899081,93.0,3.1206797284930463,1.2695961490351273,17,5,0.0,32
EMP-005784,2017-05-02,Sales,Manager,46,Female,1862194,8.0,2.148817328465398,1.667016179686307,1,2,1.0,34
EMP-005785,2016-01-01,Sales,Senior,34,Male,527215,69.0,4.538707418038951,3.1976984914193465,29,4,0.0,5
EMP-005786,2015-08-19,IT,Junior,44,Female,1755267,22.0,1.294076147796691,1.4475462454134442,8,8,1.0,4
EMP-005787,2020-04-05,Operations,Junior,52,Female,1790160,80.0,2.7195207842616806,2.4873141397487495,2,8,0.0,9
EMP-005788,2018-12-10,Sales,Junior,45,Female,487493,80.0,2.5286357103199504,3.49664379599629,19,3,1.0,43
EMP-005789,2018-10-28,Sales,Junior,42,Male,1349736,71.0,2.0138482427230895,4.789459914006995,49,0,1.0,10
EMP-005790,2016-11-29,Operations,Manager,24,Male,1406453,61.0,4.657824090417435,4.212077407379854,37,5,0.0,4
EMP-005791,2019-04-12,Operations,Senior,48,Female,638515,,3.1651655816294277,4.391541665681919,43,2,1.0,3
EMP-005792,2015-09-14,Marketing,Lead,28,Female,972708,23.0,2.063110127090691,3.645624499054475,32,7,1.0,16
EMP-005793,2016-09-26,Operations,Junior,40,Female,1980040,75.0,4.732998544441198,2.1446509614710885,37,2,0.0,10
EMP-005794,2015-06-02,Sales,Junior,35,Male,1625718,33.0,3.9878977412349292,2.4912922466657723,4,1,0.0,21
EMP-005795,2017-04-26,Operations,,59,Male,1458139,74.0,4.878605057972859,4.2242246423675525,24,7,0.0,1
EMP-005796,2017-06-07,HR,Lead,57,Male,799752,15.0,3.9757401690017415,4.0975947939981205,4,1,0.0,46
EMP-005797,2019-11-12,Marketing,Mid,34,Female,1523276,5.0,3.9762808496177,4.698745549012614,47,9,0.0,11
EMP-005798,2021-04-17,HR,Junior,57,Female,437527,40.0,3.7043970926479495,3.3099314049636384,45,5,0.0,8
EMP-005799,2018-08-30,Sales,Junior,47,Male,623192,,2.1993922558585064,1.4994813681672468,4,3,1.0,18
EMP-005800,2021-04-17,Operations,Mid,25,Male,993404,97.0,3.129053420954472,4.546747074222397,36,7,,37
EMP-005801,2016-07-14,HR,Senior,34,Male,344571,62.0,1.8905949928264927,3.8721153703258735,8,7,1.0,15
EMP-005802,2016-12-01,Sales,Manager,54,Male,881299,119.0,2.711840589676335,4.062594396823117,48,9,1.0,35
EMP-005803,2016-02-17,IT,Mid,53,Female,1755013,104.0,3.1696880916629,3.445110282393961,25,0,1.0,37
EMP-005804,2015-05-10,Sales,Manager,49,Female,1666134,7.0,2.988862784753083,4.103659963322854,40,6,0.0,5
EMP-005805,2017-06-05,IT,Lead,42,Male,906188,86.0,2.310308085994317,3.1788367176283208,29,6,,14
EMP-005806,2019-07-26,Operations,Junior,58,Male,957734,14.0,1.4371298099148113,1.4883708793533978,37,5,1.0,25
EMP-005807,2018-09-16,HR,Senior,56,Female,1343918,55.0,4.883747223661418,4.899862480020076,22,5,1.0,33
EMP-005808,2021-06-04,Marketing,Manager,28,Male,1881078,36.0,3.522140196969539,,20,2,1.0,32
EMP-005809,2019-09-05,HR,Senior,31,Male,1313235,91.0,3.0463838377472725,3.2640040646716733,1,7,0.0,24
EMP-005810,2019-08-18,Sales,Lead,45,Male,1277272,76.0,1.595269687476871,3.5040887553133944,18,5,0.0,24
EMP-005811,2015-06-11,Marketing,Manager,51,Male,417664,49.0,2.3612343386243575,3.474812962876619,39,7,1.0,17
EMP-005812,2020-06-29,HR,Manager,41,Male,422515,12.0,2.759875390211362,2.6952075135309737,39,5,0.0,27
EMP-005813,2017-01-11,Operations,Lead,49,Male,1467564,61.0,2.858931637043568,1.6386046607269615,1,5,1.0,10
EMP-005814,2020-05-08,HR,Mid,37,Male,1256726,91.0,3.7637339733917865,3.8491477971052315,14,4,1.0,42
EMP-005815,2020-08-10,Marketing,Mid,45,Male,1209831,17.0,3.538494703110452,2.8388508197456392,7,6,1.0,33
EMP-005816,2019-10-24,Operations,Junior,55,,1078928,82.0,4.846175156615665,1.5394582776837868,11,0,0.0,15
EMP-005817,2017-06-07,Operations,Lead,59,Male,462237,91.0,2.334341955295753,3.1363534415258676,29,0,0.0,38
EMP-005818,2019-01-14,Sales,Senior,54,Female,1955174,23.0,4.560496427982775,3.4525892762334434,30,6,1.0,34
EMP-005819,2019-03-26,Finance,Junior,53,Male,1585077,36.0,1.3586478745337875,3.9961753646957705,17,9,1.0,4
EMP-005820,2015-02-13,Sales,Manager,29,Female,1180569,12.0,2.929486383421431,3.8388485834520094,6,6,0.0,41
EMP-005821,2017-08-29,Operations,Junior,39,Female,487622,98.0,3.7536684067363937,3.502598661658635,48,6,1.0,3
EMP-005822,2019-09-24,Sales,Manager,35,Female,1203208,,4.128064438815768,4.171135494519714,13,3,,21
EMP-005823,2018-02-15,Marketing,Mid,22,Female,1246314,76.0,3.5500892141685174,3.2468124867786803,9,6,0.0,15
EMP-005824,2019-08-15,HR,Manager,22,Female,846430,95.0,3.6634808267454564,2.131127704738377,28,9,0.0,12
EMP-005825,2015-12-14,IT,Junior,44,Female,1960587,57.0,3.861387891703747,3.301823694655856,14,1,0.0,5
EMP-005826,2019-05-22,IT,Mid,59,Female,1125976,103.0,2.7915081906629715,4.106645432391223,42,3,1.0,44
EMP-005827,2021-01-06,Sales,Mid,26,Male,1840264,14.0,2.5680616663014177,3.593751536225336,31,4,0.0,45
EMP-005828,2018-05-28,Operations,,26,Female,1998499,96.0,3.046693465179356,4.227215592756634,21,3,1.0,15
EMP-005829,2019-11-20,IT,Junior,42,Male,1502965,61.0,2.955071468540201,2.8770109453744532,8,8,0.0,42
EMP-005830,2015-06-04,HR,Junior,38,Female,1557644,20.0,1.3978859370979078,3.7324643803252977,41,7,0.0,7
EMP-005831,2017-01-09,Operations,Junior,43,Female,1731021,48.0,1.9472301687311266,2.695697618808921,2,9,0.0,21
EMP-005832,2017-10-24,HR,Junior,31,Female,1307625,50.0,2.8694909281614764,3.0199343054435555,35,0,0.0,27
EMP-005833,2021-05-21,Sales,Manager,35,Male,956628,116.0,3.2826185546211573,4.305531863368782,26,5,0.0,14
EMP-005834,2017-11-07,Operations,Mid,58,Male,888521,51.0,2.3952826730967387,1.1100851813267565,25,6,1.0,2
EMP-005835,2015-09-24,Marketing,Lead,59,Male,990613,114.0,3.1530006996101485,1.7642756181370096,23,9,1.0,28
EMP-005836,2016-03-22,HR,Mid,460,,402138,95.0,4.285411688262364,3.205761542148203,43,9,0.0,33
EMP-005837,2018-08-05,Operations,Mid,51,,1736921,84.0,1.7704513564716136,,45,6,1.0,12
EMP-005838,2020-04-23,HR,,56,Female,1781190,50.0,3.640638972800683,4.687020681786159,46,3,1.0,19
EMP-005839,2021-04-09,IT,Senior,23,Female,1184647,111.0,3.1800774731068713,3.5781472848227978,15,4,1.0,44
EMP-005840,2019-05-19,Marketing,Junior,49,Male,435759,69.0,4.247720459360054,4.611914683311625,34,5,0.0,33
EMP-005841,2021-03-02,Marketing,Senior,41,Female,1658330,103.0,4.360258894636964,1.5345605475491824,32,1,0.0,15
EMP-005842,2018-08-27,Sales,Junior,52,Male,508795,,4.977953137604775,2.7012444728810223,8,0,0.0,40
EMP-005843,2015-07-28,IT,Manager,31,Male,1807913,49.0,2.494455160324618,2.4752419876249165,7,9,1.0,47
EMP-005844,2020-02-29,Sales,Junior,53,Female,968867,9.0,4.359415341248728,2.195815703733006,39,9,0.0,42
EMP-005845,2020-05-05,IT,Lead,26,Female,432185,37.0,4.568953789610329,1.456547115698446,39,7,,38
EMP-005846,2015-12-18,Operations,Mid,26,Male,674688,24.0,3.779917306151422,1.2778405873388303,43,5,0.0,33
EMP-005847,2016-03-15,Operations,Junior,26,Female,1670046,12.0,2.6423816070978567,2.039653480654768,2,1,0.0,8
EMP-005848,2018-03-19,Sales,Mid,58,Male,926276,33.0,4.355002900513431,3.7140988231498047,42,5,0.0,22
EMP-005849,2015-08-05,Sales,Lead,48,Female,1997709,93.0,4.871240501537596,4.679516791367343,4,9,1.0,40
EMP-005850,2020-11-07,HR,Lead,44,Male,1567810,105.0,3.7266355197931795,4.539738378947304,6,5,0.0,20
EMP-005851,2017-11-15,Operations,Junior,54,Female,655465,4.0,1.3714903327790942,3.775352462681137,35,5,0.0,23
EMP-005852,2020-01-10,Sales,Senior,43,Female,1597979,25.0,2.9975090014159433,2.5480632828687892,36,9,1.0,29
EMP-005853,2018-08-08,Operations,Manager,39,Male,1153873,64.0,3.348919318499307,1.6213588009310649,30,3,0.0,13
EMP-005854,2018-09-05,Marketing,Junior,59,Female,819854,77.0,1.9734150382190299,1.784666573191556,3,2,1.0,15
EMP-005855,2019-05-19,HR,Lead,52,Female,677417,43.0,2.3181974876611537,2.234688901633464,3,4,0.0,17
EMP-005856,2016-04-08,Sales,Senior,57,Female,1654428,89.0,1.1743111028831432,3.128828228542897,44,4,1.0,24
EMP-005857,2015-10-02,IT,Manager,36,Male,1453374,30.0,4.563734508248695,1.3547711627113044,29,2,0.0,18
EMP-005858,2016-09-06,Marketing,Senior,58,Female,400655,118.0,1.0086481224680046,3.497085580497232,17,5,1.0,41
EMP-005859,2019-04-12,HR,Manager,47,Female,1181436,114.0,3.0916039191083864,4.590832936631161,9,5,1.0,2
EMP-005860,2016-02-27,HR,Senior,51,Female,1702502,53.0,4.058775619307677,2.855885802580194,45,6,1.0,31
EMP-005861,2020-09-26,Marketing,Senior,41,,1552693,60.0,2.209632181528437,4.087111386661253,41,9,0.0,24
EMP-005862,2020-09-07,IT,Lead,45,Male,1909563,77.0,1.0863939318589662,2.7832393792360755,30,7,0.0,27
EMP-005863,2016-02-13,Sales,Senior,25,Female,1530300,54.0,4.913433647695568,3.0423369254431,28,2,1.0,45
EMP-005864,2018-05-06,Finance,Lead,33,Male,1645552,56.0,4.400803158149102,2.714958145055775,19,5,1.0,43
EMP-005865,2021-07-10,Finance,Senior,24,Male,1585792,69.0,3.4481495960716084,2.4327354973897792,30,3,0.0,16
EMP-005866,2018-04-18,Operations,Lead,38,Male,1924221,40.0,2.3156176893443656,1.3656813666563425,35,6,1.0,4
EMP-005867,2016-07-18,Operations,Lead,51,Male,1789950,55.0,1.121439962953616,1.7801372171766268,45,4,1.0,5
EMP-005868,2016-07-17,Sales,Junior,24,Male,336221,63.0,4.246457041203248,4.0779187384201,22,7,0.0,17
EMP-005869,2020-09-09,IT,Junior,46,Female,1654275,4.0,2.4862278841664742,2.832852180163125,25,2,0.0,17
EMP-005870,2020-07-08,Marketing,Lead,28,Male,1010526,92.0,1.387162168445645,4.862225456517305,23,0,1.0,38
EMP-005871,2018-04-02,IT,Senior,30,Male,588800,108.0,4.860589836268191,4.798285059414983,44,7,1.0,42
EMP-005872,2018-10-20,Finance,Junior,30,Female,891252,,1.0629414600882305,2.014353427734044,46,1,0.0,35
EMP-005873,2017-06-07,Finance,Mid,49,Male,871274,106.0,2.295705706119221,4.874116566960035,7,3,0.0,27
EMP-005874,2015-10-20,Marketing,Mid,26,Male,684889,99.0,1.3422103017718308,3.6641333258645634,6,4,1.0,12
EMP-005875,2018-12-21,Sales,Lead,50,,801147,44.0,1.4668081235907526,1.0675843568556105,26,5,1.0,34
EMP-005876,2020-06-06,Marketing,Mid,40,Male,973519,30.0,4.165218434645892,1.587619917128675,19,3,1.0,41
EMP-005877,2016-12-29,Operations,Mid,46,Male,409196,64.0,2.2375294840173727,4.473271550937257,8,5,1.0,5
EMP-005878,2018-11-15,Operations,Lead,32,Female,1950047,28.0,4.864146353045579,1.6773013446064713,32,6,0.0,23
EMP-005879,2016-04-13,Operations,Senior,27,Female,1041485,78.0,2.6327031202881246,1.6980844875587833,16,8,0.0,31
EMP-005880,2015-02-16,Sales,SENIOR,28,Male,1525220,60.0,2.783531963703534,4.4870705922116105,37,3,1.0,34
EMP-005881,2016-02-17,IT,Junior,36,,1453480,57.0,1.552528785840503,1.91028463592821,23,5,1.0,16
EMP-005882,2021-07-26,Finance,Mid,58,Female,1468883,67.0,4.613162866301122,3.939431060587598,40,3,0.0,42
EMP-005883,2018-03-04,Sales,Lead,29,Male,1947876,115.0,2.255160842382288,3.993087155371306,7,4,0.0,18
EMP-005884,2018-12-09,IT,Manager,38,Female,302964,39.0,3.37917509826693,1.6013864137931284,16,9,0.0,6
EMP-005885,2019-05-07,Finance,Lead,54,Male,791174,97.0,2.5752519017702147,1.3012577734235098,5,6,1.0,2
EMP-005886,2019-05-09,Marketing,Senior,55,Female,1570081,27.0,2.1594139297967883,2.6172326773900663,8,8,0.0,28
EMP-005887,2015-11-11,Marketing,Manager,23,Male,1239477,55.0,3.6868211579043804,2.890693706164633,11,5,1.0,9
EMP-005888,2018-01-14,IT,Manager,35,Female,717641,104.0,3.4327712416052996,1.8916296983788103,48,0,,12
EMP-005889,2019-01-17,Operations,Manager,26,Male,797712,29.0,1.105901635213185,2.0792893322288957,33,0,0.0,40
EMP-005890,2018-04-04,HR,Junior,29,Male,1486401,37.0,4.77256662245403,2.9757072270701723,11,6,0.0,40
EMP-005891,2015-01-31,Sales,Senior,32,Male,1980265,22.0,2.2262602687726405,2.037511124559963,13,5,0.0,16
EMP-005892,2020-11-05,HR,Senior,39,Male,628564,110.0,1.9539303815973055,2.6121120798150317,2,7,1.0,21
EMP-005893,2016-11-26,IT,Lead,23,Female,402563,81.0,2.353688332584956,,12,1,1.0,27
EMP-005894,2021-05-17,HR,Manager,29,Male,1385814,23.0,3.753930181916538,3.24430809417791,11,4,1.0,16
EMP-005895,2015-01-22,IT,Junior,28,Female,351150,104.0,4.915903317570246,1.3410928441644994,42,1,0.0,37
EMP-005896,2020-11-26,Operations,,48,Female,1624845,7.0,3.4604269245523858,4.34976908907252,30,3,1.0,8
EMP-005897,2018-06-20,IT,Mid,59,Female,1483208,90.0,2.5567861013721935,2.1026804137137423,24,5,0.0,7
EMP-005898,2016-07-02,IT,Manager,43,Male,1289664,4.0,3.4036958927383956,2.64109602995885,38,1,0.0,24
EMP-005899,2019-05-20,Sales,Senior,52,Male,1361013,95.0,1.2233355172818063,3.720838133622961,29,1,0.0,28
EMP-005900,2017-12-10,IT,Junior,35,Female,1909458,101.0,4.852683207670137,4.675285575819371,36,3,1.0,40
EMP-005901,2015-06-15,Operations,Lead,56,Female,1086249,94.0,2.8776270661671215,2.7592089610379125,4,8,1.0,20
EMP-005902,2020-10-29,Finance,Mid,57,Male,1667867,96.0,3.511593867713159,4.9498092390362896,9,3,0.0,32
EMP-005903,2020-09-26,Finance,Lead,43,Male,416363,57.0,3.1558462959232076,4.277301136513021,7,3,1.0,32
EMP-005904,2016-07-09,Finance,Lead,52,Male,1055274,26.0,1.079451648977627,3.1372758232465605,23,4,1.0,27
EMP-005905,2021-05-23,Sales,Manager,22,Female,1569102,33.0,3.2863998954088194,2.4740758736360706,16,2,0.0,47
EMP-005906,2015-08-06,Marketing,Manager,27,Male,1817552,76.0,1.8918025830955538,2.428457642831526,35,6,1.0,13
EMP-005907,2021-03-28,Operations,Junior,52,Female,1613722,24.0,3.943428540912879,3.3465720065483056,29,8,0.0,16
EMP-005908,2017-06-13,Sales,Manager,36,Female,1108586,58.0,1.3141555403503666,2.905454352309869,25,1,0.0,21
EMP-005909,2017-08-24,HR,Manager,55,Male,1949887,74.0,1.3473552137859275,3.8729514534641187,40,6,1.0,5
EMP-005910,2016-12-27,Operations,Manager,58,Male,1728479,26.0,4.420820023192128,3.922616783342254,17,0,1.0,11
EMP-005911,2019-10-23,Operations,Lead,27,Female,1893349,85.0,1.066598730602939,4.427000588077466,1,0,1.0,25
EMP-005912,2018-07-04,Marketing,Junior,58,Female,1148252,66.0,2.9719708594535814,1.0988008155569151,21,8,0.0,12
EMP-005913,2015-07-14,Marketing,Lead,23,Female,1165926,95.0,1.5563037563845663,4.109082104327931,46,7,0.0,15
EMP-005914,2018-06-18,Sales,Senior,38,Female,1998138,36.0,4.990635215168926,1.786683732845848,5,0,0.0,16
EMP-005915,2021-03-10,IT,Junior,25,Female,1258100,58.0,3.2575893404639555,3.2599751146781837,37,3,0.0,47
EMP-005916,2018-05-05,Operations,Lead,22,Female,1632300,64.0,3.1384885507018483,2.2838653391424915,8,3,0.0,17
EMP-005917,2020-12-11,Finance,Junior,39,Male,1059067,91.0,1.613074972502928,,16,4,1.0,14
EMP-005918,2020-03-14,Finance,Lead,26,Male,929826,14.0,3.7902339794554347,2.2797645199509406,7,4,1.0,32
EMP-005919,2017-06-12,Sales,Lead,33,Female,1859220,112.0,3.1523775597504606,1.5418805781507428,23,9,1.0,35
EMP-005920,2019-10-14,Operations,Manager,36,Male,917755,107.0,1.02564007905701,2.6708934016913815,2,6,1.0,16
EMP-005921,2016-10-03,Sales,Lead,51,Male,466017,69.0,3.492163329837483,4.706458778114701,30,0,0.0,33
EMP-005922,2016-09-04,HR,Senior,33,Male,858308,50.0,1.8203543526818846,4.8284015357608165,22,6,0.0,29
EMP-005923,2018-10-21,Sales,Mid,35,Female,622232,75.0,1.806628383035373,2.1578444070604452,27,2,0.0,7
EMP-005924,2015-08-30,Operations,Lead,32,,501055,58.0,4.175937004554382,1.9011854861044157,43,7,1.0,9
EMP-005925,2018-09-30,IT,Senior,47,Female,648334,1.0,4.527667612200115,2.813386736618743,41,4,1.0,27
EMP-005926,2017-10-19,IT,Senior,26,Female,408925,57.0,3.2739277746751507,3.4409740270196796,10,4,1.0,30
EMP-005927,2018-05-17,HR,Lead,48,Female,1322560,49.0,2.7684137008325433,3.274177151428909,3,9,1.0,8
EMP-005928,2019-06-05,Sales,Senior,55,Male,722686,58.0,4.9145706813140055,3.1693186774527455,14,7,1.0,35
EMP-005929,2020-01-24,Marketing,Mid,48,Female,558980,79.0,1.1020134245166644,3.8408624691623388,25,8,0.0,17
EMP-005930,2020-09-07,Finance,,49,Female,1136233,55.0,4.468574916138506,1.5690181631181757,35,4,1.0,41
EMP-005931,2019-07-02,Marketing,Mid,26,Male,1369806,112.0,4.329295800210117,1.101131063098792,8,3,1.0,45
EMP-005932,2020-05-08,Sales,Junior,27,Male,670008,9.0,1.4842724899899697,4.510256676117592,28,4,1.0,1
EMP-005933,2019-09-20,IT,Manager,22,Male,1828550,32.0,4.965951155207158,1.9899218736878392,43,8,1.0,15
EMP-005934,2019-06-16,Marketing,Junior,29,Male,1028184,75.0,3.2562879942179204,3.480750519199848,36,9,0.0,6
EMP-005935,2018-09-11,IT,Senior,37,Female,1861588,43.0,4.660496933542353,4.491043748223884,19,8,1.0,21
EMP-005936,2020-01-27,HR,Mid,26,Female,1775424,18.0,2.7417249363392973,1.8832229638850757,46,3,1.0,31
EMP-005937,2020-09-01,Sales,Manager,54,Female,1883538,19.0,4.734481995244371,16.295379036879023,12,8,1.0,10
EMP-005938,2021-05-26,Operations,Junior,42,,892584,52.0,2.9625449532267902,3.105822243864444,38,9,0.0,12
EMP-005939,2016-03-05,Finance,Mid,49,Male,873524,23.0,2.662394385249133,3.0271937992044355,8,6,1.0,31
EMP-005940,2017-04-10,Sales,Junior,40,Female,1323155,,2.772819477544419,4.759244796461754,2,7,0.0,42
EMP-005941,2016-10-08,HR,Junior,44,Female,1416752,107.0,3.6550225874250577,4.361935115717033,0,9,1.0,10
EMP-005942,2019-11-06,Operations,Junior,56,Female,867633,2.0,2.2230887500260126,4.630711035682493,19,4,1.0,38
EMP-005943,2019-08-16,Operations,Senior,37,Female,1483541,5.0,3.556260434837783,1.5306505131168504,8,3,1.0,29
EMP-005944,2018-05-23,Operations,Manager,36,Male,722313,64.0,4.970651200307306,3.816429489979912,31,8,1.0,29
EMP-005945,2016-10-07,IT,Lead,26,Male,1042786,22.0,1.0056271923362692,25.249751970012642,13,2,1.0,10
EMP-005946,2017-10-23,IT,Mid,31,Female,307397,39.0,1.4731271164303639,2.9645448103233654,49,6,1.0,33
EMP-005947,2020-03-04,Marketing,Junior,48,Female,1631517,66.0,3.827080509690196,4.244183759160773,4,6,,7
EMP-005948,2015-09-23,Marketing,Junior,32,Female,1864875,71.0,3.8346779090169534,2.7226884562281284,48,8,1.0,27
EMP-005949,2020-03-11,Finance,Lead,46,Female,1565330,11.0,3.560387347868348,4.090185943053932,6,1,0.0,5
EMP-005950,2016-05-18,IT,Junior,53,Male,1492024,36.0,4.910916182822141,3.5297457327953183,43,4,1.0,14
EMP-005951,2021-08-06,Operations,Junior,22,Male,1923438,62.0,4.144486209749886,1.9329724482157293,28,7,1.0,14
EMP-005952,2016-08-14,Marketing,Manager,24,Male,1314152,11.0,2.2496481259992804,3.205990683782053,28,0,1.0,26
EMP-005953,2015-11-27,Sales,Mid,52,Male,823752,26.0,4.013862316433869,1.576866785149818,18,6,1.0,45
EMP-005954,2017-02-07,IT,Lead,39,Female,1817168,86.0,3.5528647191921277,4.012672698140303,28,7,0.0,23
EMP-005955,2020-10-13,Operations,Junior,41,Female,1223619,17.0,1.5970485724679149,4.598177554986975,15,9,1.0,31
EMP-005956,2015-05-31,Sales,Manager,38,Female,876783,47.0,2.8067930523799167,4.895056717036951,6,1,0.0,15
EMP-005957,2021-08-27,Sales,Mid,54,Male,454132,3.0,4.430758098575824,4.635052373600864,25,8,1.0,11
EMP-005958,2020-03-16,Sales,Manager,56,Female,453220,12.0,3.691973299992224,2.4928164960565242,26,8,0.0,35
EMP-005959,2015-12-22,Marketing,Senior,51,Male,821705,,4.675808682650869,4.64619335314328,0,2,1.0,15
EMP-005960,2020-09-11,IT,Junior,49,Female,1316344,6.0,4.0624055780123935,1.5881030464150565,28,6,0.0,20
EMP-005961,2017-04-15,Sales,Junior,40,Male,1017399,39.0,1.7418094075415702,3.318762921270903,47,0,0.0,4
EMP-005962,2015-05-31,Sales,Manager,42,Male,1115511,115.0,2.5710519113128414,4.86593104527886,16,4,1.0,0
EMP-005963,2015-11-12,HR,Mid,26,Female,837141,49.0,2.9415014698180943,1.8900906838002642,27,9,0.0,9
EMP-005964,2016-09-02,HR,Mid,31,Female,725834,14.0,2.5476063805784235,4.763117131187716,9,3,0.0,45
EMP-005965,2019-01-14,Marketing,Mid,39,Female,1635271,104.0,1.3043202759003112,3.5075952923438103,34,2,1.0,40
EMP-005966,2019-01-04,Finance,Mid,51,Male,479825,65.0,3.742645778760714,3.607289862084052,5,1,1.0,41
EMP-005967,2017-06-18,Finance,Senior,29,Female,1426829,17.0,1.810654318444334,1.0393999519755157,3,1,1.0,6
EMP-005968,2017-03-05,Sales,Junior,59,,1532056,17.0,2.114666631075403,1.5573579536367461,4,0,1.0,29
EMP-005969,2017-08-30,Operations,Lead,59,Male,1958289,,3.076266045195508,3.236977395288511,15,9,0.0,13
EMP-005970,2015-08-28,Sales,Junior,48,Male,1545157,103.0,4.206342412098783,4.02418516496393,17,1,1.0,10
EMP-005971,2021-08-21,Finance,Senior,48,Female,757512,37.0,1.1188662234488511,2.041515853523596,18,1,0.0,28
EMP-005972,2016-06-03,IT,Manager,31,Male,1075669,75.0,4.754919623393672,3.6168556773748515,34,9,1.0,23
EMP-005973,2019-05-14,Operations,Manager,39,Female,1168928,89.0,2.5340805096818113,2.610145279839919,36,3,1.0,30
EMP-005974,2020-09-30,HR,Junior,57,Female,355446,13.0,2.71591825277917,1.720172911153333,16,0,0.0,36
EMP-005975,2016-04-29,HR,Manager,46,Male,1621077,79.0,1.0398423357613198,4.135757051803658,7,5,0.0,36
EMP-005976,2015-04-28,Sales,Lead,29,Male,1185105,31.0,3.263935560925385,4.92184252014515,1,5,0.0,21
EMP-005977,2019-09-09,Sales,Lead,28,Male,1313527,109.0,3.525027458469839,4.385625282871871,14,9,0.0,29
EMP-005978,2017-04-17,Finance,Lead,32,Male,1692816,76.0,3.5686724117408293,2.6584198796973024,1,6,1.0,38
EMP-005979,2015-12-03,Operations,Senior,35,Male,549513,14.0,4.239329871444353,4.744368973651298,33,5,1.0,15
EMP-005980,2016-06-25,Finance,Mid,40,Female,1005087,43.0,3.132271801320037,1.3046452759446132,5,0,0.0,43
EMP-005981,2021-08-02,Sales,Manager,57,Female,428819,20.0,1.8165344586658603,1.4151546510174442,43,4,1.0,22
EMP-005982,2016-08-26,Marketing,Mid,24,Male,1729580,81.0,1.7659359822647769,3.081488040084606,22,4,1.0,19
EMP-005983,2020-01-28,Marketing,Junior,29,Female,855376,89.0,4.523069190223394,3.603582668570096,13,7,1.0,11
EMP-005984,2019-08-03,Marketing,Mid,33,Female,1401384,58.0,2.648241434164854,4.063253850074917,11,3,0.0,35
EMP-005985,2017-04-22,Marketing,Mid,52,Female,1314032,111.0,4.057087744322827,3.746558260029665,24,8,1.0,44
EMP-005986,2015-11-23,Operations,Mid,32,Male,940009,52.0,1.4327304313009934,1.8594458795329674,17,4,0.0,47
EMP-005987,2021-07-17,Operations,Mid,23,Female,567815,97.0,2.980050157582322,3.5153180588219834,9,9,1.0,4
EMP-005988,2020-10-18,HR,Manager,33,Male,1058160,17.0,2.769363088922662,1.1071010364026117,33,7,1.0,38
EMP-005989,2017-08-26,Operations,Senior,23,Male,357672,21.0,1.6300858522412578,1.6758204697197,17,1,0.0,26
EMP-005990,2018-06-21,IT,Mid,53,Male,1152638,91.0,2.1854769969333567,2.5529688724391697,19,8,0.0,45
EMP-005991,2017-04-21,HR,Mid,36,Female,1010578,109.0,4.81755019035511,3.903918301261017,21,0,0.0,28
EMP-005992,2016-07-03,Marketing,Junior,45,Male,334953,14.0,1.5858466197126804,4.105577977557039,25,4,,21
EMP-005993,2015-08-28,HR,Senior,41,Male,345773,7.0,1.301114012848875,2.82520564361992,30,0,0.0,39
EMP-005994,2017-12-28,Sales,Lead,33,Female,1435496,70.0,1.4713856944575356,2.7765069122982347,12,2,1.0,22
EMP-005995,2015-01-30,Sales,Mid,40,Female,1971943,115.0,3.9088507219770365,4.040940068629009,25,6,1.0,25
EMP-005996,2020-07-23,Marketing,Senior,41,Female,1309565,102.0,2.964058566944188,1.798249009216839,30,6,0.0,13
EMP-005997,2019-09-24,Sales,Junior,28,Female,1311387,25.0,1.5995007131460066,3.1499427943083966,16,0,0.0,28
EMP-005998,2017-11-24,Finance,Manager,40,Male,840142,,1.0126636224779766,3.8503014878012487,12,6,0.0,25
EMP-005999,2017-05-05,Marketing,Junior,47,Male,1358151,36.0,4.596785613811604,4.254885504059922,37,6,0.0,21
EMP-006000,2016-11-20,HR,Senior,32,Male,1488376,6.0,4.599660475101796,1.4655030892546757,35,0,0.0,17
EMP-006001,2016-07-03,HR,Senior,56,Male,677546,70.0,2.793029381845035,3.888075178066825,34,4,1.0,25
EMP-006002,2020-02-22,Sales,Junior,43,Female,991963,22.0,3.753364608865265,2.4217765030007334,44,6,1.0,17
EMP-006003,2015-03-27,Marketing,Manager,55,Female,1642641,14.0,2.549037663001538,2.154867892193488,25,2,1.0,20
EMP-006004,2017-06-27,IT,Mid,51,Male,1505859,89.0,3.6200265807366394,2.4405867979805964,48,7,1.0,17
EMP-006005,2021-06-24,IT,Senior,30,Male,655234,22.0,3.375869807951649,1.6798637835473698,3,1,0.0,9
EMP-006006,2018-04-21,Operations,Junior,35,Male,1172956,35.0,3.6248794518789262,2.2154726305276826,34,1,0.0,42
EMP-006007,2015-07-25,Operations,Junior,27,Male,1992147,27.0,1.5175572111914772,4.988481948317597,2,5,0.0,20
EMP-006008,2021-11-02,Operations,Manager,41,Female,338943,98.0,3.679609092683792,2.5212193726377503,39,5,1.0,38
EMP-006009,2021-11-04,Sales,Lead,40,Male,1031140,5.0,1.8450290634130884,4.480917321243734,47,8,1.0,27
EMP-006010,2019-06-26,Sales,Senior,56,Male,1197071,88.0,2.918513435653045,4.5720852158400875,19,5,0.0,26
EMP-006011,2016-03-23,IT,Mid,48,Female,354165,22.0,4.284726683644824,4.074939510784296,1,3,1.0,34
EMP-006012,2017-11-19,Operations,Manager,34,Male,807685,13.0,4.086155316031194,4.18339608721822,40,3,0.0,13
EMP-006013,2021-10-09,Sales,Mid,53,Female,1959624,41.0,3.048670540154587,1.5116960857888877,44,0,1.0,43
EMP-006014,2016-11-07,Marketing,Senior,50,Female,1861050,18.0,4.210784011069565,3.912777772169279,2,6,0.0,33
EMP-006015,2021-09-17,Sales,Senior,41,Male,967220,44.0,2.1115931917973096,16.51518877350963,5,5,0.0,41
EMP-006016,2016-06-22,Operations,Manager,56,Female,1550457,51.0,3.3157787260223817,1.7985330338406809,15,7,0.0,37
EMP-006017,2020-10-12,Finance,Junior,58,Female,1059557,76.0,1.0830537057119476,4.453263462383421,13,1,0.0,36
EMP-006018,2021-07-12,Marketing,Senior,46,Female,1859241,,3.759379901684566,3.1117814617413626,26,6,0.0,47
EMP-006019,2020-04-20,Operations,Mid,59,Female,556950,108.0,1.4015501651823414,4.1864389330505265,41,8,0.0,15
EMP-006020,2019-02-03,Operations,Manager,45,Female,1896455,109.0,4.038183509129748,3.1543432727930862,47,6,1.0,34
EMP-006021,2018-01-31,Operations,Senior,40,Male,317281,42.0,2.8231789904140183,2.2394480779438095,12,7,0.0,31
EMP-006022,2016-02-26,Sales,Lead,49,Female,1164948,3.0,1.0096717361862777,3.349044926539118,21,4,0.0,4
EMP-006023,2017-02-06,HR,Senior,52,Female,514372,4.0,4.091819107597994,2.5108686662547752,38,2,1.0,24
EMP-006024,2019-04-06,IT,Lead,45,Male,1270535,27.0,2.563161494690205,1.7087352976146621,45,2,1.0,31
EMP-006025,2016-03-28,HR,Junior,58,Male,455014,7.0,2.6792009136761057,4.835415404229534,8,8,,6
EMP-006026,2021-11-01,HR,Junior,30,Female,1087285,34.0,4.504516757133733,3.7374714158295617,41,5,1.0,43
EMP-006027,2017-03-11,Finance,Lead,41,Female,1355341,23.0,2.6582141157634926,4.337999986347234,25,3,0.0,7
EMP-006028,2021-11-03,Marketing,Mid,56,Male,316169,24.0,3.8275475022246352,2.5053806423833955,19,0,0.0,16
EMP-006029,2020-09-28,Finance,Senior,31,Male,1370078,,4.304509845767723,1.532513071778638,37,4,0.0,24
EMP-006030,2015-07-23,Finance,Senior,49,Male,1088125,108.0,2.3323551403069303,3.226357195625774,31,9,0.0,29
EMP-006031,2019-03-18,IT,Senior,32,Male,1035878,40.0,3.624540450425749,1.050430803885945,38,5,1.0,37
EMP-006032,2020-01-24,Finance,Lead,43,Male,1076491,10.0,1.248057527142873,2.2432281926829862,8,9,0.0,28
EMP-006033,2015-11-17,IT,Manager,54,Female,1832668,78.0,2.3428571278579704,,23,3,1.0,9
EMP-006034,2015-12-20,IT,Manager,49,Male,542201,77.0,2.9435103867362304,2.319439535815631,38,5,1.0,3
EMP-006035,2016-10-01,Finance,Senior,52,Female,345308,30.0,3.0002906084553174,3.9428810188237566,9,6,1.0,4
EMP-006036,2019-12-31,Finance,Senior,44,Female,343477,22.0,1.7667762060092191,3.0380503525712124,6,1,1.0,46
EMP-006037,2015-04-24,IT,Lead,32,Male,821966,,3.7537553865603877,3.6793733891775395,20,5,0.0,32
EMP-006038,2019-12-15,Marketing,Lead,40,Male,496589,54.0,1.6674909627576282,2.8615093961972202,49,4,0.0,8
EMP-006039,2017-12-22,Marketing,Junior,44,Female,1607022,71.0,1.513015411146101,4.714501052626417,1,7,0.0,43
EMP-006040,2019-05-27,Operations,Lead,50,Male,1119115,4.0,4.381660355141212,3.1926439629231447,41,8,1.0,5
EMP-006041,2016-04-12,Operations,Manager,59,Female,1988820,110.0,3.9053284301023745,4.089960907019,26,2,0.0,46
EMP-006042,2016-04-20,Finance,Manager,54,Male,605960,25.0,3.4796188644835753,2.694419477821755,16,0,0.0,15
EMP-006043,2020-09-06,IT,Mid,24,,1377594,38.0,1.633871508436949,4.476246960733099,28,1,,33
EMP-006044,2019-05-27,Finance,Senior,30,Female,1111818,42.0,1.9064079272652648,1.3395792657564352,41,0,0.0,14
EMP-006045,2018-04-23,Finance,Manager,51,Male,486731,45.0,2.5436631110050048,2.5967401497780087,0,8,1.0,40
EMP-006046,2015-07-02,Marketing,Manager,59,Female,1822428,34.0,4.944586060368878,3.9462586839263816,37,1,0.0,30
EMP-006047,2020-07-01,Finance,Manager,30,Female,1104320,11.0,3.297112866776057,3.9760544930389057,7,3,0.0,5
EMP-006048,2016-03-29,IT,,44,Male,1339343,118.0,1.9189249366513494,1.1950815884479482,32,7,1.0,28
EMP-006049,2016-12-25,Marketing,Lead,52,Male,1458781,29.0,2.9966868063873897,4.143443435965107,0,3,0.0,27
EMP-006050,2020-01-18,HR,Manager,54,Female,754032,16.0,4.33855185677913,1.68061850720947,1,7,1.0,14
EMP-006051,2017-05-23,Operations,Senior,22,Male,1076629,80.0,2.9355087636614927,3.6781218216879825,21,3,1.0,3
EMP-006052,2021-03-25,IT,Senior,470,Female,1193518,101.0,3.4680266610626607,3.261697227352214,44,3,1.0,16
EMP-006053,2018-05-10,IT,Mid,29,Male,1176592,49.0,4.063547750788322,4.774177907894629,21,0,1.0,43
EMP-006054,2017-09-16,IT,Lead,59,Female,770604,1.0,3.430106772952757,4.054943583466477,18,5,0.0,7
EMP-006055,2017-12-10,IT,Lead,32,Female,1625872,82.0,4.3996136099214365,1.6849524059275898,7,5,0.0,24
EMP-006056,2020-11-05,Finance,,38,Female,1041210,53.0,1.360496038656556,4.322037941480578,48,3,1.0,38
EMP-006057,2018-03-04,HR,Manager,46,Female,820287,99.0,1.9476583353129402,4.96780614686095,2,2,0.0,47
EMP-006058,2019-10-29,HR,Lead,42,Male,1161624,13.0,4.052068057675221,2.4290526851132874,27,0,0.0,36
EMP-006059,2015-12-23,Finance,Mid,49,Male,344676,57.0,4.307210384855779,2.1402183522259492,17,2,1.0,39
EMP-006060,2015-04-27,Finance,Mid,37,Female,598199,25.0,3.830247283004007,3.691660874110158,13,4,1.0,46
EMP-006061,2020-02-12,Marketing,Senior,24,Male,1000390,19.0,4.227693986281436,1.3772348680148645,36,6,1.0,17
EMP-006062,2019-09-27,IT,Junior,39,Male,1043016,30.0,2.535002152475938,4.041111609187972,22,2,1.0,12
EMP-006063,2018-11-11,Marketing,Manager,39,Male,1501337,90.0,2.2663046541312095,3.8173226814264356,15,1,0.0,14
EMP-006064,2015-07-31,IT,Junior,50,Male,405544,91.0,3.4245472545956828,3.594068920368557,6,8,0.0,34
EMP-006065,2015-04-18,IT,Senior,23,Male,997145,54.0,3.9079979976736703,2.086264393073281,21,4,0.0,27
EMP-006066,2015-07-18,Marketing,Manager,53,Male,1446243,86.0,1.4218686393285775,3.5947105737894405,27,8,0.0,12
EMP-006067,2015-03-01,IT,Mid,32,Female,1404616,108.0,4.998007936670945,4.830254512422979,44,5,0.0,28
EMP-006068,2015-11-16,Marketing,Mid,52,Male,378751,117.0,2.918488069773644,4.214106259449402,42,1,0.0,21
EMP-006069,2016-03-26,IT,Junior,59,Female,801579,99.0,4.865538605570424,3.335221897808424,43,6,1.0,41
EMP-006070,2015-04-02,HR,Mid,37,Female,637598,17.0,3.2243108380619105,1.3650709983164142,49,2,1.0,13
EMP-006071,2015-11-28,Sales,Mid,26,Male,1270559,28.0,1.9438012541480005,1.944980121530325,28,1,1.0,17
EMP-006072,2020-05-21,Sales,Lead,23,Female,1409207,63.0,4.157303092358546,4.159968633397659,13,9,0.0,38
EMP-006073,2017-11-11,Marketing,Manager,38,Male,1384538,40.0,1.4509683912895097,4.365052638317868,42,9,0.0,14
EMP-006074,2015-08-17,IT,Manager,54,Female,1272658,64.0,4.106870387047423,4.747451054158592,43,8,0.0,25
EMP-006075,2015-08-21,Sales,Junior,37,Female,430040,36.0,2.3674085410073253,2.950675498543016,25,0,1.0,19
EMP-006076,2019-03-14,Sales,Lead,27,Female,707573,31.0,2.794782295528472,1.8732375461311568,12,5,1.0,13
EMP-006077,2016-06-13,HR,Lead,59,Male,1758124,70.0,2.9026139694242064,1.4601639226811765,42,1,1.0,10
EMP-006078,2015-09-19,IT,Manager,44,Male,1723430,67.0,4.016591029430794,2.4948619009820416,24,4,1.0,40
EMP-006079,2019-01-23,Operations,Lead,40,Male,1235876,3.0,4.788268604061477,,28,0,0.0,35
EMP-006080,2020-12-18,Operations,Mid,38,Male,1813526,3.0,2.088907182969974,4.277823956669227,46,4,1.0,0
EMP-006081,2015-10-31,Marketing,Mid,34,Female,1296666,,1.3312201461135325,1.935644981718593,13,9,0.0,18
EMP-006082,2018-02-06,Sales,Lead,33,Female,1861105,94.0,1.367832909603135,2.7816986147579614,35,5,0.0,46
EMP-006083,2015-06-25,Sales,Lead,55,Male,1621078,98.0,2.185224274376103,3.2621591196677233,19,8,1.0,13
EMP-006084,2015-11-10,HR,Lead,53,Male,859649,68.0,4.909725051958601,3.919463862495583,29,3,0.0,44
EMP-006085,2018-04-30,Finance,Senior,57,Male,1663275,110.0,4.255646500368323,3.4022797790808355,11,2,0.0,34
EMP-006086,2015-09-23,Marketing,Lead,43,Female,815101,69.0,3.2468221300817754,1.914241754453843,3,5,0.0,5
EMP-006087,2015-11-10,HR,Lead,34,Male,1552562,10.0,3.020375619867164,4.821764704335064,33,9,1.0,11
EMP-006088,2018-04-19,Sales,Senior,35,Female,1909788,85.0,2.809536814108663,3.7767480955886668,37,5,0.0,33
EMP-006089,2019-02-10,IT,Senior,28,Male,998365,88.0,4.529098563530601,1.452008910715239,27,4,0.0,13
EMP-006090,2020-02-17,IT,Junior,37,,533604,68.0,3.859104967120102,2.3769806325287184,14,2,0.0,39
EMP-006091,2020-01-11,HR,Senior,33,Male,1668100,103.0,1.610333139696635,2.3440365243497174,19,1,1.0,26
EMP-006092,2016-01-25,IT,Lead,25,Male,530642,35.0,4.934719149214571,1.3820644739739842,31,8,0.0,17
EMP-006093,2020-02-28,HR,Mid,46,Female,709874,44.0,1.7237321148165416,3.60592371017985,13,8,,9
EMP-006094,2018-11-09,HR,Manager,51,Male,694050,105.0,2.406234983027582,,42,3,0.0,27
EMP-006095,2021-09-24,IT,Junior,35,Female,1193381,78.0,3.2173997848110965,4.10538379008487,49,9,1.0,6
EMP-006096,2016-06-04,Finance,Senior,41,Female,1700098,87.0,2.908786848637557,1.4786565225924968,43,3,0.0,22
EMP-006097,2017-04-15,Finance,Lead,45,Female,913667,43.0,2.5933384885487514,2.9270583153624785,0,1,0.0,45
EMP-006098,2018-08-18,Finance,Mid,56,Male,658278,103.0,2.967776077547751,3.624303801984455,40,6,1.0,3
EMP-006099,2021-10-26,Finance,Senior,24,Female,555522,23.0,2.8553276403578707,3.39999254130196,48,3,0.0,36
EMP-006100,2021-08-03,Sales,Manager,24,Male,1691201,12.0,3.1374501697499695,1.7654083934360019,22,7,1.0,33
EMP-006101,2016-02-17,HR,Mid,55,Male,587236,,2.7830648338326958,1.3670309310172506,9,8,0.0,34
EMP-006102,2020-06-15,IT,Mid,48,Female,1630092,45.0,2.5873943017296743,2.1278221791649514,19,2,1.0,23
EMP-006103,2018-11-28,Marketing,Junior,43,Female,1890870,49.0,1.7231666458810295,4.018400760796466,46,8,1.0,25
EMP-006104,2018-02-01,HR,Manager,28,Female,1000465,47.0,4.179931935323728,2.289326679174238,43,7,0.0,23
EMP-006105,2016-07-26,IT,Junior,32,Female,618036,42.0,4.61475582612308,3.242002225403388,14,8,1.0,31
EMP-006106,2017-02-19,Operations,Mid,23,Female,889169,3.0,4.471209952304063,4.835694358239534,22,3,0.0,36
EMP-006107,2018-12-29,IT,Junior,37,Male,1706942,118.0,3.1521531354223162,,42,4,0.0,14
EMP-006108,2015-08-08,IT,Junior,22,Female,1994896,30.0,4.326585985634507,4.254331938900469,11,6,1.0,18
EMP-006109,2019-06-04,Operations,Lead,55,Male,1766496,74.0,3.0227379772637897,4.225878818520155,25,1,0.0,41
EMP-006110,2018-10-11,HR,Manager,40,Male,1079264,1.0,3.2898166803294977,1.5692946842595963,39,8,1.0,44
EMP-006111,2020-03-31,IT,Junior,39,Female,449935,75.0,3.570563932002252,2.3930599025375185,23,7,1.0,25
EMP-006112,2019-02-08,IT,Manager,43,Female,1893552,68.0,1.9403797112334802,1.3220024929632195,35,4,0.0,11
EMP-006113,2015-12-13,HR,Lead,46,Female,669326,64.0,4.193541032606571,4.551182212813213,13,4,1.0,47
EMP-006114,2015-01-09,Operations,Lead,44,Male,600696,110.0,3.4016043870677524,1.129308574271148,42,1,0.0,4
EMP-006115,2018-01-04,IT,Junior,36,Female,1719716,68.0,1.6250398831406447,,39,7,1.0,23
EMP-006116,2016-02-07,Sales,Lead,38,Female,1635741,101.0,2.5587305632032185,4.004158132486188,38,5,1.0,41
EMP-006117,2017-01-01,Operations,Mid,50,Female,623103,84.0,4.0511261205846765,4.723644141583423,43,4,1.0,0
EMP-006118,2020-12-20,Finance,Mid,29,Female,483066,81.0,4.069005685296888,1.8321082702592566,44,5,1.0,29
EMP-006119,2019-09-20,Marketing,Junior,57,Female,945089,57.0,4.319283068538726,1.746763285669687,29,2,1.0,37
EMP-006120,2018-07-19,IT,Junior,37,Male,448042,112.0,1.3047488273337242,,4,2,1.0,35
EMP-006121,2021-01-31,HR,Lead,31,Female,542590,104.0,2.976675355834563,3.0064629347573946,41,7,1.0,2
EMP-006122,2015-10-08,Sales,Senior,56,Male,1542667,103.0,2.273521041417381,2.7850804823666335,19,8,0.0,20
EMP-006123,2018-08-28,HR,Junior,59,Male,1679431,81.0,3.587611776359558,4.280635856102954,15,6,0.0,44
EMP-006124,2015-08-14,Operations,,28,Male,1666294,39.0,3.840049824516992,2.7607108606128854,13,1,0.0,1
EMP-006125,2018-03-31,IT,Lead,29,Female,788651,,1.530950130423724,4.2923601084492145,39,7,0.0,4
EMP-006126,2021-03-24,HR,Senior,29,Female,1260108,44.0,2.21869003372566,4.488986444691644,5,0,0.0,44
EMP-006127,2018-05-09,Marketing,Lead,51,Female,1310684,110.0,2.0634671078629925,1.413028713123896,4,1,,41
EMP-006128,2018-10-19,HR,Junior,49,Female,874374,107.0,3.2767014956400264,3.6076579806998947,34,7,1.0,23
EMP-006129,2016-01-31,HR,Mid,48,Female,1216653,86.0,1.568226349357312,3.978651362400998,20,7,0.0,18
EMP-006130,2021-07-10,IT,Manager,47,Female,1855216,79.0,3.9559387165729767,3.576156727923108,20,7,0.0,15
EMP-006131,2021-03-19,Operations,Manager,57,Male,1502624,110.0,4.533987394725955,2.261527778247739,44,9,1.0,47
EMP-006132,2020-03-22,Finance,Mid,40,Male,771180,,3.1307225682125397,1.7369979059601048,49,9,1.0,0
EMP-006133,2018-03-10,HR,Senior,52,Male,1969787,33.0,2.835833884211342,4.3155853385778515,11,2,1.0,26
EMP-006134,2021-05-06,HR,Senior,50,Male,841656,42.0,2.07105301049662,4.672741229624204,23,5,1.0,40
EMP-006135,2017-09-09,Operations,Mid,38,Female,862819,14.0,1.9279763164866317,29.828927273512654,31,5,1.0,32
EMP-006136,2016-12-23,Finance,Senior,22,Male,1049406,66.0,4.347778070429989,2.2087790924872213,2,9,1.0,12
EMP-006137,2019-03-19,IT,Junior,39,Male,1298518,119.0,1.2178577641659252,3.0496058946674878,23,0,1.0,18
EMP-006138,2021-04-18,Marketing,Mid,33,Female,1000010,18.0,2.7753276237698112,4.705832590641873,7,2,0.0,46
EMP-006139,2015-03-16,Marketing,Mid,55,Female,396787,82.0,2.2215807434607706,4.260103146192187,28,1,1.0,0
EMP-006140,2016-11-20,Operations,Manager,38,Male,1187676,18.0,2.311643097671862,1.6916053341372579,36,4,1.0,1
EMP-006141,2015-05-16,HR,Senior,38,Male,1626134,20.0,4.458863641021781,2.118560004416399,0,7,,47
EMP-006142,2016-12-29,Marketing,Junior,29,Male,1298294,23.0,4.914175603788617,4.934326312272026,24,6,0.0,19
EMP-006143,2015-04-04,HR,Manager,31,Male,1564377,73.0,3.1153107375559475,1.384234384906868,26,4,1.0,33
EMP-006144,2018-10-18,Finance,Manager,22,Female,1916281,20.0,3.219462114367866,1.8767177056607567,9,9,1.0,38
EMP-006145,2019-06-23,Finance,Lead,48,Female,607808,11.0,3.191933769816164,4.701007591614717,39,0,1.0,25
EMP-006146,2020-06-28,HR,Senior,22,Female,1726069,9.0,4.484442420825754,2.7065867510226043,33,7,0.0,13
EMP-006147,2021-09-08,HR,Junior,59,Female,1023948,9.0,1.853514850913498,4.549135541940556,39,1,,26
EMP-006148,2015-04-11,HR,Junior,48,Male,1029445,34.0,4.029983718085122,3.744013202766954,35,2,1.0,2
EMP-006149,2021-07-28,Marketing,Lead,23,Female,436686,29.0,2.2355963446284917,3.7606779621072812,9,8,1.0,44
EMP-006150,2016-06-28,Operations,Manager,43,Male,993497,116.0,1.5185798167845554,2.734574702411916,3,8,0.0,36
EMP-006151,2018-01-12,IT,Senior,38,Male,1032611,53.0,3.474276043229114,4.6312617000883884,25,7,0.0,0
EMP-006152,2020-04-03,IT,Senior,55,Male,1817587,28.0,2.932809962478071,2.4203438326950266,28,6,1.0,31
EMP-006153,2017-06-02,Finance,Manager,50,Female,1746288,91.0,3.546988731146914,,8,2,0.0,15
EMP-006154,2020-07-24,Finance,Lead,56,Male,1420958,115.0,2.97562462659181,3.4062517967309067,14,2,1.0,10
EMP-006155,2015-07-22,Operations,Junior,39,Male,1526504,,1.5039332487397012,1.2370751068819685,28,6,0.0,36
EMP-006156,2016-05-12,Sales,Junior,22,Female,585454,37.0,2.62048362825562,2.2557503334720064,29,2,0.0,31
EMP-006157,2018-11-27,Sales,Senior,42,Female,759639,14.0,2.75948611005209,2.1641601936026595,14,8,0.0,14
EMP-006158,2020-09-14,Operations,Senior,57,,1758287,5.0,1.5945837712239381,1.3557393467953536,40,-3,0.0,42
EMP-006159,2018-05-21,Sales,Senior,36,Female,532603,46.0,3.1340311470887836,2.436672816087884,46,4,1.0,19
EMP-006160,2019-11-13,IT,Lead,23,Male,1822117,112.0,4.960234689607267,3.4105717384387906,42,1,1.0,16
EMP-006161,2015-12-11,HR,Manager,41,Female,1768916,117.0,3.4224458612150586,2.4628110531982323,32,4,1.0,45
EMP-006162,2016-11-30,Operations,Senior,22,Female,993912,,4.886602165304065,1.6768280646770237,16,8,0.0,12
EMP-006163,2017-05-02,Sales,Senior,54,Male,1248376,17.0,1.8915956375241572,4.979382317769709,1,5,0.0,47
EMP-006164,2017-06-23,Marketing,Mid,30,Male,670279,119.0,1.884102631453156,3.003790551111049,11,7,0.0,9
EMP-006165,2016-09-02,Marketing,Manager,23,Male,1465907,80.0,4.910033049567866,2.035957976822198,25,8,0.0,39
EMP-006166,2019-04-01,Finance,Senior,50,Female,1018970,64.0,4.075193749979349,4.0818826244535185,15,9,0.0,25
EMP-006167,2016-02-08,Finance,Senior,46,Male,1353252,16.0,1.5184898194522494,3.144256788538925,6,0,0.0,27
EMP-006168,2020-07-14,Operations,Senior,43,Male,1601397,29.0,1.975572584306672,1.2002218683211638,21,8,0.0,27
EMP-006169,2020-07-23,IT,Lead,52,Male,744178,37.0,1.9224760151224833,2.514461977302356,35,9,1.0,25
EMP-006170,2016-12-14,HR,Mid,31,Male,591350,119.0,2.2253302393690193,2.489747519598134,37,2,0.0,19
EMP-006171,2015-06-06,IT,Mid,25,Female,1063821,65.0,2.4578853517607326,4.972695662615001,37,3,1.0,26
EMP-006172,2020-12-20,Sales,Manager,27,Male,1246163,58.0,3.575524968791414,3.2966911283188303,45,5,0.0,16
EMP-006173,2017-03-07,IT,Junior,41,Male,1861383,27.0,2.6362713784823995,4.429949961644729,21,9,1.0,33
EMP-006174,2015-08-13,HR,Junior,37,Female,1724273,88.0,4.17568291711336,3.5546294163018413,13,8,1.0,27
EMP-006175,2015-01-16,IT,Junior,50,Male,395174,78.0,1.032307269088994,4.249543312533028,31,4,0.0,15
EMP-006176,2021-07-26,Finance,Senior,390,Female,1606828,102.0,3.36631984636105,2.374933969700645,30,5,0.0,46
EMP-006177,2015-03-31,Finance,Mid,36,Female,1795632,,4.379602030015604,3.655924750688519,0,5,0.0,7
EMP-006178,2021-05-01,HR,Lead,48,Female,1065376,100.0,4.220665182649185,4.045857005332682,35,6,1.0,34
EMP-006179,2018-12-30,Sales,Lead,23,Male,1889128,63.0,1.6851197780283051,4.573247026937469,46,5,0.0,20
EMP-006180,2015-07-09,Operations,Lead,24,Male,696403,80.0,2.403304224963246,2.0941829247018733,15,8,1.0,27
EMP-006181,2017-09-20,IT,Lead,48,Male,1116805,29.0,3.1546970074767824,3.6597570323896074,39,4,1.0,1
EMP-006182,2020-10-17,HR,Senior,54,Female,990180,2.0,3.6502128334405244,4.085777127018519,40,8,0.0,32
EMP-006183,2017-07-05,Finance,Lead,40,Female,1056576,48.0,2.2200472154557107,4.664489292339587,31,6,1.0,22
EMP-006184,2015-11-19,Finance,Lead,31,Male,936541,58.0,1.6363958130490426,1.9343824824177798,27,3,0.0,41
EMP-006185,2021-02-19,Sales,Manager,52,Female,782983,4.0,1.6260997673401136,2.6881070084436223,8,5,1.0,22
EMP-006186,2017-05-15,IT,Senior,55,Female,1548082,10.0,3.4239743656265422,3.8436251254062404,15,4,0.0,35
EMP-006187,2015-10-03,Sales,Lead,34,Male,1519765,37.0,2.0938638649311474,1.424308255232682,14,3,1.0,17
EMP-006188,2019-08-17,Marketing,Junior,44,Female,1218507,2.0,3.9023157612973627,3.188637588427207,43,0,1.0,33
EMP-006189,2016-01-09,Marketing,Mid,40,Male,482336,48.0,4.036743900463986,2.887406192221028,8,7,1.0,34
EMP-006190,2015-04-19,HR,Manager,52,Female,955560,62.0,1.371747983787459,2.501282315973051,10,2,1.0,20
EMP-006191,2018-11-22,HR,Junior,48,Male,1977424,88.0,2.7337727942750125,1.9943955552333583,4,3,1.0,40
EMP-006192,2021-08-09,HR,Mid,34,Male,1725531,5.0,1.3350328080122926,4.741010606119318,26,7,1.0,43
EMP-006193,2015-10-09,Sales,Mid,40,Male,407391,114.0,3.8072782183609513,2.857632182683177,23,7,0.0,4
EMP-006194,2019-11-28,HR,Mid,36,Female,1248837,59.0,1.241436322275998,1.1471935048369994,45,3,0.0,13
EMP-006195,2015-07-08,HR,Mid,24,Male,849627,41.0,1.0980345512279825,2.1316958837606466,11,7,0.0,2
EMP-006196,2016-01-08,Marketing,Senior,53,Female,991244,37.0,3.1160299636340825,4.089332315004829,46,2,1.0,11
EMP-006197,2017-10-27,IT,Junior,26,Female,528787,111.0,3.502427655006641,2.7875335612448393,17,0,0.0,2
EMP-006198,2020-10-12,Marketing,Lead,30,Female,1339293,29.0,3.998429274342127,3.640026029563755,25,3,1.0,6
EMP-006199,2021-03-19,Finance,Manager,46,Female,1207341,105.0,3.337481612440904,4.496061949092934,14,1,1.0,2
EMP-006200,2017-03-31,HR,Lead,26,Female,798178,104.0,4.044030887244254,2.654952576872231,44,4,1.0,24
EMP-006201,2020-06-25,Operations,Lead,27,Female,379386,54.0,3.8937154411469015,3.5995731903446124,19,8,0.0,21
EMP-006202,2018-06-21,Marketing,Junior,27,Male,828711,96.0,2.0482365442189288,4.1468252135110975,24,4,0.0,27
EMP-006203,2017-02-19,Marketing,Senior,56,Female,495356,93.0,1.6613688185094935,2.4025124525799266,30,4,0.0,8
EMP-006204,2021-03-30,IT,Manager,42,Male,842169,20.0,2.1548879859686036,2.09907679160405,18,4,1.0,38
EMP-006205,2018-04-06,Operations,Junior,22,Female,1715384,49.0,1.8762165853307655,4.338329675137812,27,1,0.0,12
EMP-006206,2017-12-15,Operations,Junior,30,Male,396456,,2.021806877088079,3.700998095379602,18,0,0.0,17
EMP-006207,2016-05-31,Operations,,32,Male,1061354,26.0,4.6566573189896285,2.540093422403084,24,5,0.0,40
EMP-006208,2016-02-16,Operations,Junior,55,Female,1606396,63.0,1.3546054963159113,1.787535895201044,7,6,1.0,12
EMP-006209,2017-07-31,Marketing,Lead,31,Male,784540,21.0,3.2090855245605328,2.2570477917853315,7,2,,27
EMP-006210,2020-11-06,Sales,Mid,53,Female,1825028,111.0,2.406326698681023,3.2854145718700805,18,5,1.0,24
EMP-006211,2015-11-05,Finance,Senior,22,Male,941246,115.0,2.0345615520115654,1.6348044491658724,28,4,0.0,9
EMP-006212,2017-04-03,HR,Mid,49,,1998672,17.0,4.705115598220243,2.494216549816146,13,1,1.0,12
EMP-006213,2015-09-08,HR,Junior,39,Male,830418,100.0,3.6874940532952643,1.644385745255018,2,2,1.0,16
EMP-006214,2016-09-22,IT,Senior,45,Male,340184,38.0,1.988448133313847,1.5729082369831908,48,1,1.0,23
EMP-006215,2017-04-17,Marketing,Manager,32,Female,700418,,3.9539289565447846,4.527023518366917,22,0,0.0,42
EMP-006216,2021-05-11,IT,Junior,34,Male,1240566,62.0,3.8921968699479814,2.4299164585444006,47,9,1.0,17
EMP-006217,2015-05-17,HR,Senior,36,Female,1219383,109.0,2.6943057380366935,1.8718823911913711,28,6,1.0,37
EMP-006218,2018-11-16,Marketing,Mid,30,Female,1327883,118.0,2.8151818603959184,3.750811695451182,40,2,0.0,7
EMP-006219,2018-02-12,Operations,Junior,59,Male,670596,91.0,4.7540475262872794,1.385829476356113,2,5,1.0,17
EMP-006220,2020-10-15,IT,Junior,25,Male,865925,11.0,1.3411838828795712,3.8263814374188168,9,0,0.0,47
EMP-006221,2019-02-25,HR,Mid,44,Female,1212216,42.0,1.4947577971042314,4.3154178706130075,6,1,0.0,45
EMP-006222,2018-06-09,Sales,Mid,48,Female,1147686,9.0,3.321939209918183,2.8028849423058464,3,2,1.0,40
EMP-006223,2019-09-08,Sales,Junior,40,Male,643698,23.0,3.9020957752740064,1.2243013824794318,7,1,0.0,21
EMP-006224,2021-01-23,Marketing,Mid,35,Male,640569,87.0,3.413298380966235,3.41859555018136,24,2,1.0,45
EMP-006225,2018-02-02,Marketing,Mid,29,Male,1788071,22.0,2.9256854283277582,2.0183643670115803,48,0,1.0,29
EMP-006226,2020-08-17,HR,Senior,34,Female,680245,46.0,3.512850926495879,1.77905119731131,12,9,,5
EMP-006227,2019-07-19,IT,Manager,44,Male,1846329,80.0,2.7724662936428945,2.09533729610377,22,7,1.0,6
EMP-006228,2018-03-05,HR,Mid,55,Male,908619,70.0,3.96984067137217,4.289319632479506,34,3,1.0,15
EMP-006229,2017-08-01,IT,Senior,51,Male,1275405,80.0,4.959239002212577,1.1747111876717686,42,8,1.0,35
EMP-006230,2020-10-12,Sales,Manager,39,Female,1007783,43.0,3.652591052251169,3.7425570824473993,26,2,1.0,47
EMP-006231,2016-02-04,Sales,Mid,42,Male,470890,88.0,2.8137195032593256,3.195906266146454,21,1,0.0,45
EMP-006232,2021-08-07,Operations,Manager,33,Male,369022,74.0,4.227638271897211,4.989429291142272,12,9,0.0,28
EMP-006233,2020-05-18,HR,Junior,48,Male,791290,102.0,4.505243820376434,4.216363002026558,2,9,0.0,18
EMP-006234,2019-07-26,IT,Lead,55,Male,921498,100.0,1.3521493011148538,4.099429796518358,7,5,,39
EMP-006235,2016-02-17,Operations,Senior,25,Male,417052,90.0,1.0173786621788508,1.5822423587514556,45,9,0.0,42
EMP-006236,2021-05-24,IT,Senior,48,Male,875549,108.0,2.1573508428096577,1.9673315085848366,18,8,0.0,15
EMP-006237,2017-01-13,Finance,Junior,51,Female,1437725,110.0,3.8754691269530523,2.024718908198824,31,1,,5
EMP-006238,2015-06-09,Finance,Manager,26,Female,1313959,84.0,4.659809524013227,2.426718289048129,40,9,1.0,18
EMP-006239,2015-11-15,IT,Manager,45,Male,992295,21.0,2.153599726572995,3.587190481109553,34,7,,42
EMP-006240,2018-07-17,Sales,Junior,24,Female,1602820,23.0,3.239739119133303,1.9912964437457843,19,3,0.0,38
EMP-006241,2015-09-12,Sales,Manager,44,Male,756416,63.0,4.093917584419573,2.100918172329115,2,8,1.0,18
EMP-006242,2018-08-30,Finance,,22,Male,1910223,53.0,2.500542475043046,3.5306719827089887,21,0,1.0,25
EMP-006243,2017-08-29,Sales,Senior,34,Female,302234,100.0,2.1480173848928548,3.7185763697687033,11,9,0.0,17
EMP-006244,2018-04-15,HR,Manager,30,Female,913693,2.0,3.426038428458807,4.626788360070504,43,8,0.0,33
EMP-006245,2019-06-16,Operations,Senior,41,Female,843766,19.0,2.192675995914135,3.70082838730363,20,1,1.0,25
EMP-006246,2020-10-06,IT,Manager,47,Male,373329,34.0,4.125041711082183,1.2531694748079985,20,3,0.0,3
EMP-006247,2018-05-27,IT,Manager,59,Male,712530,41.0,2.285439819210234,,20,6,0.0,39
EMP-006248,2020-04-02,Marketing,Manager,42,Female,1552967,84.0,2.242115640319596,2.1976208468331118,18,2,0.0,39
EMP-006249,2015-06-13,Marketing,Senior,33,Male,1088725,62.0,1.665186251313421,3.0504008204462667,14,2,0.0,3
EMP-006250,2017-12-20,Marketing,Junior,30,Male,1012730,104.0,1.7885180898127162,4.932295826209174,21,6,1.0,1
EMP-006251,2021-08-12,Marketing,Manager,33,Male,1286100,,2.232925646086946,2.820555227480508,9,3,0.0,28
EMP-006252,2020-03-21,Finance,Mid,48,Female,773263,39.0,2.1149838296124335,,40,5,1.0,18
EMP-006253,2018-09-08,Sales,Lead,51,Male,458316,47.0,1.1549880604011795,2.1926641693135185,24,6,0.0,37
EMP-006254,2019-11-25,Operations,Lead,46,Male,300206,66.0,1.4527061687655585,1.282794578328831,48,1,0.0,32
EMP-006255,2018-04-25,Operations,Mid,57,Female,1593622,6.0,1.759052679955328,2.0995959142678116,16,1,1.0,46
EMP-006256,2016-04-05,IT,Lead,53,Male,956976,47.0,3.310181390042214,2.740581843089628,20,6,0.0,42
EMP-006257,2017-09-25,Finance,Mid,57,Female,441190,44.0,3.803456424480864,2.2241338389034473,42,0,1.0,8
EMP-006258,2021-08-03,Marketing,Junior,49,Female,1503601,9.0,2.819645310028975,1.5907595874925442,6,8,0.0,40
EMP-006259,2020-10-22,Operations,Senior,42,Female,1553082,20.0,3.2811413117297206,4.78043615426205,6,6,0.0,15
EMP-006260,2021-03-24,IT,Junior,27,Male,443757,17.0,3.8414689630302012,4.04924742544882,10,4,0.0,26
EMP-006261,2018-07-06,Finance,Mid,32,Male,465020,115.0,4.585594005004596,3.9668751708842374,23,9,0.0,6
EMP-006262,2015-01-27,IT,Senior,38,Male,943442,2.0,4.775908079329927,1.456059668585577,45,4,1.0,26
EMP-006263,2021-01-28,Marketing,Mid,52,,753988,78.0,1.1957927389476848,2.8436997646937168,12,4,,27
EMP-006264,2015-10-10,HR,Junior,35,Female,1530161,72.0,4.5334815451079375,1.0039172845323634,23,7,0.0,42
EMP-006265,2021-02-01,Operations,Junior,28,Male,1895017,97.0,1.50640664884313,48.834530845900765,22,6,1.0,16
EMP-006266,2020-10-31,Sales,Junior,37,Female,781119,81.0,1.098293240700626,1.407564394001363,44,3,0.0,16
EMP-006267,2019-08-12,HR,Senior,37,Female,1496995,23.0,2.9680143920555597,2.075467533022167,5,4,,39
EMP-006268,2019-02-14,HR,Junior,52,Male,1793708,1.0,1.5242763662651506,4.427650230549052,18,9,0.0,38
EMP-006269,2021-04-25,Marketing,Manager,27,Male,1279280,89.0,2.764034604084456,1.8635542371442568,47,8,1.0,39
EMP-006270,2021-10-01,Marketing,Lead,39,Male,1464719,73.0,4.2690026008076964,2.5459450318282997,44,4,0.0,35
EMP-006271,2018-01-19,Finance,Mid,42,,1737691,65.0,2.989284117153055,4.535858315868853,19,8,0.0,20
EMP-006272,2018-04-03,Marketing,Manager,45,Female,1716899,28.0,2.9599169527540377,4.451532937763028,25,3,1.0,42
EMP-006273,2015-01-08,Marketing,Manager,34,Male,485436,71.0,2.81580448924173,1.7815014078596576,17,2,1.0,31
EMP-006274,2015-02-23,Finance,Mid,45,Male,1270805,76.0,4.830315872341357,4.99355996316579,4,1,0.0,41
EMP-006275,2017-12-31,IT,Senior,56,Female,1979276,74.0,2.842194608938228,3.5728199464334036,46,3,0.0,25
EMP-006276,2017-12-04,HR,Manager,31,,1383023,26.0,2.489291500418287,2.391148587908028,49,4,0.0,24
EMP-006277,2020-02-13,Operations,Mid,36,Male,359454,68.0,3.222375799326671,1.4877460793717048,33,-5,0.0,45
EMP-006278,2019-01-10,Marketing,Lead,28,Female,489091,62.0,1.262830545857975,2.581442362663287,8,3,1.0,37
EMP-006279,2017-09-30,IT,Junior,37,Male,1954752,32.0,1.8700003420953881,2.0227981492392804,27,7,1.0,19
EMP-006280,2021-06-06,Finance,Junior,39,Female,824888,17.0,3.4505425097979163,4.166182188162653,16,6,1.0,36
EMP-006281,2021-10-04,IT,Lead,24,Female,667314,,2.755853714449698,4.942172322000731,38,0,0.0,12
EMP-006282,2016-11-16,Marketing,Manager,52,Female,1489229,9.0,4.5472703390169436,2.0289015143781577,33,7,1.0,31
EMP-006283,2016-05-22,Operations,Lead,45,Female,549702,39.0,1.3459327851852567,2.3978368887514243,48,8,0.0,25
EMP-006284,2016-02-16,Marketing,Senior,31,Male,1590565,80.0,4.979626621377616,4.396029742478916,36,6,0.0,30
EMP-006285,2017-12-14,Sales,Senior,59,Female,1111399,34.0,4.083594979126275,,38,9,0.0,31
EMP-006286,2018-06-06,IT,Lead,29,Male,364997,113.0,3.9591447998300033,1.65813965964769,22,2,0.0,5
EMP-006287,2015-12-18,Marketing,Manager,44,,1529477,104.0,3.8614389058366623,4.030859479455661,16,2,0.0,10
EMP-006288,2017-06-10,HR,Manager,48,Male,1260393,84.0,2.9310079504500743,32.86204489999307,7,2,1.0,4
EMP-006289,2021-10-08,HR,Manager,52,Female,1928701,60.0,4.2503831135564925,4.91569398569452,17,3,1.0,22
EMP-006290,2017-02-06,Sales,Senior,48,Female,1436034,55.0,3.5822924395927327,1.0200370067039493,43,8,1.0,33
EMP-006291,2017-11-10,IT,Mid,35,Male,564244,87.0,4.391655664624491,4.2456784977408155,39,4,1.0,7
EMP-006292,2019-09-03,Operations,Senior,50,Female,683734,119.0,1.94050153525674,4.081699832435728,47,1,0.0,8
EMP-006293,2017-08-13,HR,Senior,33,Female,751187,27.0,2.297354071841223,2.955374491825413,1,4,1.0,30
EMP-006294,2016-01-18,Operations,Mid,44,Female,1645582,73.0,4.404516081258411,1.3678060282869153,17,4,0.0,7
EMP-006295,2016-06-17,Finance,Junior,45,Male,541175,7.0,3.6412345796911127,4.969622116398805,6,8,0.0,47
EMP-006296,2021-05-12,Operations,Lead,45,Male,1958558,34.0,4.340606093897199,1.1950918709857064,2,3,1.0,43
EMP-006297,2016-08-01,Sales,Lead,52,Female,739362,5.0,1.6758352006466297,4.921923167789139,33,6,0.0,47
EMP-006298,2017-10-22,Marketing,Lead,24,Female,1339594,3.0,3.34785715117464,3.18698445235685,37,8,0.0,40
EMP-006299,2020-08-08,HR,Manager,34,Female,1644927,79.0,2.2793717470591037,4.066265555374626,32,1,1.0,6
EMP-006300,2018-09-12,Marketing,Lead,44,Male,1779271,91.0,4.171505962479921,1.3044990739178575,38,7,0.0,34
EMP-006301,2019-10-22,Sales,Lead,47,Female,813978,66.0,3.326563644793573,32.84058893490521,4,7,1.0,14
EMP-006302,2021-07-04,Marketing,Junior,56,Male,1847920,27.0,2.1402210901447067,1.0891113327013877,48,5,1.0,31
EMP-006303,2015-01-19,IT,Manager,43,Male,317821,41.0,3.161928412355112,1.887446306198186,39,2,1.0,1
EMP-006304,2019-07-17,Marketing,Lead,45,Male,934972,112.0,3.9649893563014884,4.749708647352323,21,6,1.0,7
EMP-006305,2016-10-08,IT,Junior,43,Female,1017003,94.0,2.2850136153811027,2.140618360127636,31,5,1.0,6
EMP-006306,2020-08-21,Marketing,Senior,50,Female,805619,40.0,4.334636418319496,1.0462318428837207,39,9,,21
EMP-006307,2021-08-22,Operations,Lead,58,Male,377088,20.0,4.546110093196869,4.257543070183468,37,6,,18
EMP-006308,2021-05-12,IT,Junior,32,Female,1908253,118.0,1.8395640256766002,2.3557549880607698,37,2,1.0,6
EMP-006309,2021-08-13,Sales,Senior,38,Male,1631024,19.0,3.7817172236795056,1.9573886024984661,47,0,0.0,43
EMP-006310,2020-09-08,Marketing,Mid,51,Male,424979,78.0,2.1722081872263783,2.948362042667461,7,6,1.0,33
EMP-006311,2018-03-20,HR,Lead,29,Female,1018774,67.0,2.386507987134091,2.7328780630675324,45,8,0.0,32
EMP-006312,2018-04-14,Sales,Manager,49,Male,439809,65.0,2.119805336143977,3.001247786543437,27,0,0.0,37
EMP-006313,2020-11-13,IT,Senior,23,Female,1904331,29.0,1.175003114633907,4.535461143021861,17,6,0.0,30
EMP-006314,2018-01-01,Finance,Lead,48,Male,751697,35.0,4.176375898468539,1.1262872716986716,6,6,1.0,47
EMP-006315,2021-04-27,Sales,Junior,33,Male,717611,12.0,4.049729238524032,2.676592159199848,7,4,0.0,45
EMP-006316,2020-05-19,Marketing,Mid,28,Male,1791480,43.0,4.8919379714671365,3.4296642647019038,23,6,0.0,13
EMP-006317,2015-03-12,Sales,Manager,45,Male,735321,,3.424589908096954,3.402487381976455,44,8,0.0,42
EMP-006318,2018-08-17,IT,Junior,24,Male,1955205,20.0,4.125569258376907,4.769072745667739,9,7,1.0,22
EMP-006319,2016-08-10,Finance,Manager,39,Male,1540406,115.0,1.4071921326796546,1.2447462376509124,13,2,0.0,45
EMP-006320,2017-11-22,Marketing,Senior,48,Male,1887721,80.0,2.0342414982654216,3.1752351110687727,14,9,1.0,21
EMP-006321,2019-10-27,HR,Manager,59,Female,389880,98.0,1.697331290396693,1.576792463273979,15,0,0.0,47
EMP-006322,2018-07-11,Finance,Mid,42,Male,726567,66.0,3.674740555193719,1.6551517625805339,45,3,0.0,39
EMP-006323,2020-04-25,Sales,Lead,38,Male,496110,76.0,2.4368766153969337,2.8952044302870594,25,2,0.0,34
EMP-006324,2016-08-24,Marketing,senior,45,Male,711649,6.0,1.852677440135968,1.2711201335345028,45,2,0.0,12
EMP-006325,2019-04-17,Marketing,Lead,43,Female,1136879,77.0,4.7872438473606636,4.2050915732120675,29,7,1.0,1
EMP-006326,2018-08-22,Operations,Manager,46,Male,578215,58.0,4.790764477418241,3.8445889377846023,12,2,0.0,17
EMP-006327,2020-12-25,IT,Junior,39,Male,1324399,114.0,2.0913909921199005,3.3841280669789353,5,5,1.0,23
EMP-006328,2016-03-29,IT,Manager,46,Female,1438486,33.0,3.5980561631155177,3.5281202392391955,23,4,1.0,22
EMP-006329,2018-12-19,Operations,Mid,34,Female,905612,118.0,1.762407492984583,4.317882489668451,22,8,0.0,46
EMP-006330,2017-04-26,HR,Manager,34,Female,514985,91.0,2.018549476589893,4.9569256270323585,47,1,1.0,46
EMP-006331,2017-07-18,IT,Lead,39,Female,1803314,92.0,1.9101304638405479,4.0147261872461595,43,5,0.0,29
EMP-006332,2019-01-17,Marketing,Junior,51,Female,884491,51.0,3.3658340747191415,1.3452548705625902,17,1,1.0,35
EMP-006333,2021-04-01,Marketing,,26,Male,1656939,89.0,4.50416999214807,3.133179965356399,30,9,0.0,42
EMP-006334,2016-05-09,Finance,Senior,34,Female,1871442,109.0,2.845247930503855,1.085083571341765,40,6,0.0,31
EMP-006335,2021-09-09,Sales,Senior,23,Female,592736,45.0,4.074361727149902,3.638351877590852,20,2,0.0,40
EMP-006336,2019-05-22,Finance,Lead,400,Female,466922,,4.576134587743286,1.5606556054817138,39,7,0.0,30
EMP-006337,2021-10-04,Marketing,Senior,45,Male,579193,65.0,4.939983379437914,1.6574377016049535,13,8,0.0,39
EMP-006338,2017-03-04,Sales,Junior,43,Male,842831,72.0,2.6102183583154788,3.6417578297212336,36,4,1.0,22
EMP-006339,2015-06-07,HR,Manager,55,,593411,8.0,2.063533909934526,4.354541797177687,48,0,1.0,37
EMP-006340,2021-04-14,Finance,Manager,46,Female,741186,48.0,4.43044630369571,2.5293922057230165,33,1,0.0,16
EMP-006341,2018-07-07,HR,Junior,31,Male,526449,31.0,1.5675644113071194,2.286700809844657,16,7,1.0,14
EMP-006342,2018-06-01,IT,Manager,59,Female,1574097,40.0,3.0138187850946765,2.413121946303059,17,9,0.0,0
EMP-006343,2018-12-30,IT,Manager,28,Female,1254572,109.0,4.329006801968466,4.969306679773239,0,0,0.0,15
EMP-006344,2020-09-24,HR,Senior,54,Male,1154412,41.0,3.481553269228103,4.380299248138315,15,9,0.0,7
EMP-006345,2019-05-30,HR,Lead,30,Male,1100107,24.0,1.2973122388245852,1.9962756478045538,43,2,1.0,0
EMP-006346,2019-02-23,Marketing,Lead,29,Female,1456847,66.0,4.412574451038539,2.5093658391879607,36,0,1.0,6
EMP-006347,2015-06-16,Marketing,Junior,36,Male,1932724,114.0,4.155305027653496,3.1047728294436814,15,5,1.0,27
EMP-006348,2018-01-22,Marketing,Mid,45,Female,574653,46.0,1.4336484165336945,4.307304492347202,41,6,1.0,30
EMP-006349,2018-05-29,Operations,Manager,34,Female,1578981,67.0,3.9606737422760454,4.4767724824392765,23,3,0.0,7
EMP-006350,2015-12-21,Marketing,Junior,59,Female,1689472,88.0,4.261636544493786,2.8804879526307,6,9,1.0,46
EMP-006351,2016-09-07,Finance,Mid,27,Female,724059,4.0,1.2657349754789209,1.9838989485489695,22,4,1.0,9
EMP-006352,2016-02-05,Finance,Senior,58,Male,525336,35.0,1.9231936768301758,4.6563873954318,22,2,1.0,10
EMP-006353,2017-09-16,IT,Senior,24,Male,1356403,92.0,1.0502642595861817,,43,7,0.0,9
EMP-006354,2020-07-21,Marketing,Junior,39,Male,1013015,30.0,3.599942066238155,2.9227612459993098,46,4,1.0,11
EMP-006355,2015-08-30,IT,Mid,50,Male,1187682,4.0,1.1802209212413133,4.5878152360638165,14,6,1.0,39
EMP-006356,2020-08-13,HR,Manager,30,Female,818077,39.0,1.7259334974090237,2.262699931519686,14,6,0.0,25
EMP-006357,2019-01-24,HR,Senior,39,Female,743454,51.0,1.346738911745966,2.900660617862346,24,9,1.0,6
EMP-006358,2016-04-10,IT,Mid,50,Male,1638877,22.0,2.0659157642983668,3.0799377407222996,36,5,,39
EMP-006359,2018-02-13,Operations,Senior,30,Male,823356,25.0,3.3432154224239032,3.2208066957613792,37,7,0.0,45
EMP-006360,2019-03-23,IT,Manager,41,Female,998239,,4.823908168288063,3.4595093276634965,27,4,0.0,43
EMP-006361,2015-12-09,Finance,Lead,39,Male,1375512,77.0,1.6053688893274476,4.313772925719746,11,0,1.0,33
EMP-006362,2016-05-17,Finance,Manager,32,Male,871971,40.0,3.457768619965826,3.4117594478173987,22,4,1.0,2
EMP-006363,2018-05-18,HR,Lead,27,Male,1964784,91.0,1.4258171614613575,2.649271643836976,16,2,1.0,26
EMP-006364,2017-12-08,IT,Senior,35,Female,1172271,82.0,3.588675785819481,2.7044097902392292,27,0,0.0,17
EMP-006365,2020-06-19,IT,Manager,43,Female,935954,27.0,4.042503935252329,3.7423482111242063,29,0,1.0,6
EMP-006366,2017-01-15,IT,Lead,40,Female,540305,21.0,1.0560370930562208,1.223422972444712,12,0,0.0,3
EMP-006367,2017-09-26,Marketing,Mid,270,Female,422769,71.0,1.9390750529374343,4.53064097776072,46,3,1.0,45
EMP-006368,2019-09-03,Operations,Manager,29,Female,1680527,24.0,2.2246132206167215,24.91986947756879,6,3,0.0,6
EMP-006369,2015-12-15,IT,Senior,58,Female,1570380,86.0,3.1002913222517963,2.424856368896673,10,2,0.0,30
EMP-006370,2019-01-04,Marketing,Lead,49,Male,465846,5.0,1.9078096951899233,4.350559215401218,48,1,1.0,11
EMP-006371,2016-07-30,Marketing,Junior,31,Female,944495,41.0,2.98810515298431,2.0034630376739315,1,4,,28
EMP-006372,2016-02-22,Sales,Lead,44,Female,1968398,,1.859462527942592,4.813564858072109,40,2,1.0,27
EMP-006373,2021-10-18,IT,Junior,44,Male,1476104,38.0,2.3410329454471555,4.7338203587391225,1,9,0.0,35
EMP-006374,2021-08-14,IT,Senior,40,Male,790178,60.0,4.4983833470142125,4.288886193701686,4,1,1.0,28
EMP-006375,2019-01-07,Operations,Senior,43,Male,1319839,104.0,3.9101315144769107,2.486818125817222,28,8,0.0,37
EMP-006376,2017-11-21,IT,Manager,300,Male,1692772,68.0,2.2151692272127472,2.155172808878555,44,7,0.0,7
EMP-006377,2020-10-16,Sales,Junior,51,Male,304255,38.0,2.775644819818887,1.3970800790854847,14,7,1.0,33
EMP-006378,2018-03-11,Finance,Mid,52,Female,566181,34.0,2.2386185683430604,2.084543845889054,8,2,1.0,47
EMP-006379,2018-12-08,Operations,Junior,41,Male,546012,64.0,3.5430981213490313,1.8325564361034719,17,9,0.0,9
EMP-006380,2020-09-16,Finance,Senior,49,Male,1862169,5.0,1.782115280396173,4.735271119020533,15,9,1.0,3
EMP-006381,2019-03-21,IT,Manager,27,Female,1263013,62.0,4.396535834575429,3.784863523553363,48,6,0.0,7
EMP-006382,2020-12-03,IT,Mid,24,Female,432587,73.0,3.45337322296766,,28,0,0.0,3
EMP-006383,2017-07-26,Operations,Senior,31,Male,783348,25.0,4.607867356993203,2.6314266885028297,7,1,0.0,37
EMP-006384,2020-03-06,Marketing,Junior,50,Male,973979,65.0,4.202785875553838,1.3421550348503706,24,8,0.0,16
EMP-006385,2015-11-02,Finance,Senior,22,Male,1187601,8.0,2.874093637846552,2.9488840506667913,14,2,0.0,37
EMP-006386,2015-12-06,Finance,Lead,35,Female,1492555,29.0,2.0811222052638607,2.6807682538967197,45,0,1.0,23
EMP-006387,2016-06-05,IT,Junior,59,Male,813867,60.0,1.6641270097071108,2.205327420931902,16,2,0.0,31
EMP-006388,2017-05-21,HR,Junior,28,Male,339142,103.0,3.5599244344967413,2.1459485540829033,0,4,1.0,24
EMP-006389,2017-12-09,Sales,Junior,41,Female,1499976,63.0,1.1910420560188597,4.932090928782262,1,5,0.0,20
EMP-006390,2015-09-04,Sales,Junior,59,Female,1607437,112.0,1.2841317987795255,2.0031086136750744,24,0,0.0,12
EMP-006391,2021-06-02,Sales,Senior,57,Female,1295984,8.0,1.6301808452433337,1.786749230131818,21,0,0.0,18
EMP-006392,2021-01-30,IT,Lead,59,Male,1897878,85.0,2.3606400219963444,4.662092134834397,8,6,1.0,21
EMP-006393,2018-01-14,HR,Mid,55,Male,1469365,32.0,1.1333179313615696,2.791609689618901,42,6,1.0,9
EMP-006394,2015-08-15,Operations,Senior,52,Male,1173530,69.0,2.1881079291635417,2.7693366626556477,24,6,1.0,35
EMP-006395,2019-09-04,Operations,Senior,47,Male,442287,17.0,3.27554331100172,1.3020197254302799,4,2,0.0,1
EMP-006396,2015-10-13,IT,Lead,36,Female,1295893,31.0,2.607138819407762,3.3276934923760355,35,9,0.0,28
EMP-006397,2017-12-14,Operations,Senior,57,Female,522837,59.0,3.5066564932941184,3.360845542271184,40,4,1.0,12
EMP-006398,2017-11-11,IT,Lead,38,Male,1134909,10.0,1.279280448010879,4.88602023199206,8,2,0.0,12
EMP-006399,2021-03-29,Operations,Senior,28,Male,351157,73.0,4.982131466382579,4.924564658274637,1,8,,38
EMP-006400,2018-03-03,IT,Manager,43,Male,359990,37.0,1.284750700080886,1.1770440984792025,26,1,1.0,36
EMP-006401,2015-06-14,HR,Mid,32,Male,989860,,1.4310867895408514,4.89266174887355,46,8,0.0,27
EMP-006402,2021-01-07,Finance,Junior,42,Female,1909223,79.0,3.1916701455998306,1.8732759411756064,39,8,1.0,38
EMP-006403,2018-08-01,Finance,Manager,44,Male,529936,93.0,2.3171639358136478,3.9326193112294803,22,1,1.0,4
EMP-006404,2015-11-15,HR,Senior,41,Male,1384365,19.0,4.339619906015605,2.4938393066590625,36,6,0.0,9
EMP-006405,2019-05-11,IT,Lead,55,Male,963082,99.0,1.2642067304848106,3.766982084251747,36,5,1.0,35
EMP-006406,2018-08-27,Finance,Lead,50,Male,378697,33.0,4.737654577064692,2.3045620945657395,16,3,0.0,42
EMP-006407,2017-10-08,HR,Mid,23,Male,1089152,112.0,3.673878215855246,4.488643857863062,26,6,1.0,34
EMP-006408,2016-01-29,IT,Senior,41,Female,1092448,19.0,4.999120586962492,3.7720180269310783,14,0,0.0,1
EMP-006409,2020-03-19,IT,Mid,42,Female,1917756,58.0,4.3692781794450894,4.0381700990710465,25,8,0.0,9
EMP-006410,2015-07-01,Sales,Lead,44,Male,1508488,64.0,2.819878463749916,3.498273741139467,33,2,1.0,25
EMP-006411,2021-09-28,Operations,Manager,39,Male,310941,44.0,4.904989997418963,3.209111077925556,25,7,,27
EMP-006412,2019-10-16,Operations,Lead,45,Female,780159,117.0,3.7066809477412686,3.2501663072021723,36,2,1.0,8
EMP-006413,2018-11-01,Finance,Manager,33,Female,1193189,93.0,1.9953864825417575,2.4963987590160586,30,7,1.0,37
EMP-006414,2019-06-21,IT,Lead,45,Male,1796926,31.0,4.3581213185730405,2.4305162982165784,31,2,1.0,28
EMP-006415,2019-12-03,Marketing,Senior,23,Male,1945132,32.0,4.452892694052134,3.8728814444393094,7,7,0.0,38
EMP-006416,2019-12-05,Operations,Junior,33,Male,1182476,59.0,3.1678059463628103,1.6334009126661981,12,0,1.0,26
EMP-006417,2021-07-31,Finance,Manager,39,Female,1932574,8.0,4.945703595975041,3.7650845009818665,1,1,0.0,29
EMP-006418,2017-02-13,IT,Manager,29,Male,1414425,37.0,2.9317605751507254,4.759152025055067,27,5,0.0,42
EMP-006419,2016-06-29,Operations,Junior,31,Female,551680,113.0,3.675485169660662,4.825470619502753,47,2,1.0,36
EMP-006420,2021-10-30,IT,Mid,59,Female,1915377,49.0,1.5523602903137435,1.969521091124832,49,3,1.0,28
EMP-006421,2020-08-04,Sales,,36,Female,1457115,99.0,4.471296842421941,2.0577238731509926,2,1,1.0,30
EMP-006422,2018-05-14,HR,Senior,53,Female,1304048,95.0,3.659576129940983,1.1660333522950195,27,7,1.0,6
EMP-006423,2015-08-13,IT,Senior,27,Female,1845528,17.0,4.109748453957472,4.230282100274243,43,5,1.0,43
EMP-006424,2018-09-28,HR,Manager,39,Female,1139553,112.0,2.4301961020760854,4.021324951421482,8,1,1.0,45
EMP-006425,2016-06-26,Operations,Mid,34,Male,1051335,20.0,4.350487014675668,2.9211259107757077,45,5,1.0,15
EMP-006426,2021-06-18,Operations,,44,Female,844113,77.0,4.738602823810844,2.6808582242849726,45,4,1.0,17
EMP-006427,2017-09-17,Sales,Senior,27,Male,913839,72.0,1.6522968185281734,1.0152987301313159,30,6,0.0,47
EMP-006428,2021-09-18,IT,Lead,33,Male,817962,41.0,3.9991290536218727,1.0834515410485799,10,1,,5
EMP-006429,2020-09-23,HR,Junior,41,Male,758324,118.0,3.298742332291784,4.959261470798184,1,3,1.0,46
EMP-006430,2016-07-23,IT,Mid,53,Male,365035,38.0,4.142892198611436,2.4508879782408712,45,8,1.0,14
EMP-006431,2016-06-12,Operations,Lead,44,Female,1359417,109.0,1.313035793560959,,20,7,1.0,22
EMP-006432,2016-01-13,Sales,Mid,43,Male,611486,102.0,4.956877795873268,3.051110289243413,13,0,0.0,35
EMP-006433,2018-10-08,HR,Mid,59,Female,1238065,110.0,4.1145672343807504,4.8701979981732375,21,9,,34
EMP-006434,2020-04-02,HR,Lead,52,Male,1026659,10.0,4.85471481957253,2.3730453246945293,39,5,1.0,38
EMP-006435,2020-05-23,HR,Mid,50,Male,414276,110.0,2.2199024353540833,3.7363464196994314,29,2,1.0,21
EMP-006436,2017-06-07,Marketing,Senior,48,Female,1285472,54.0,4.10223653578468,3.3127409421965375,8,3,1.0,31
EMP-006437,2021-08-23,Operations,Manager,39,Female,546153,84.0,2.832768973510885,1.3080501824246813,34,2,1.0,28
EMP-006438,2017-01-23,Finance,Manager,58,Female,1459336,111.0,2.460305201244539,3.2205000970657305,45,9,0.0,44
EMP-006439,2016-11-10,Finance,Mid,44,Female,1723292,26.0,3.4959372546611513,3.8302508198211354,45,3,1.0,12
EMP-006440,2020-10-21,Marketing,Manager,43,Male,455107,32.0,3.323079785539811,,2,6,1.0,30
EMP-006441,2015-09-04,Marketing,Senior,26,Male,376830,64.0,4.3245406625790075,3.876082705952315,18,4,0.0,4
EMP-006442,2020-01-17,Marketing,Senior,55,Male,1642097,97.0,1.414444235124992,3.2580927893190488,28,7,0.0,26
EMP-006443,2017-06-18,Operations,Manager,47,Male,986272,58.0,3.8315548239534487,3.004639822752241,40,5,0.0,16
EMP-006444,2016-01-03,IT,Junior,38,Male,1784655,,1.0376489762318717,3.860869836724623,9,8,0.0,4
EMP-006445,2016-11-02,Marketing,Lead,51,Male,1104237,92.0,3.2685288891389512,1.0688966774514803,19,5,0.0,12
EMP-006446,2017-08-30,Sales,Junior,49,Male,1214749,39.0,4.715406460805099,,1,4,1.0,16
EMP-006447,2017-10-21,Operations,Lead,57,Female,760179,30.0,1.878200767597296,1.4217685099633854,2,6,1.0,5
EMP-006448,2017-12-05,IT,Junior,34,Male,536886,109.0,1.6560006862096315,23.740218788255746,20,1,0.0,27
EMP-006449,2016-08-17,IT,Junior,48,Female,1897015,6.0,3.2183973874273963,1.7224827382231096,30,8,1.0,38
EMP-006450,2016-12-21,Finance,Mid,51,Female,1167907,54.0,1.3182717285090453,1.4189379578792378,0,0,1.0,5
EMP-006451,2021-10-03,Operations,Junior,50,Female,1365387,13.0,4.506312658063254,1.0233159073886502,14,5,0.0,24
EMP-006452,2015-03-28,Finance,Manager,48,Female,1150283,21.0,3.108592654200509,36.05400182013618,37,5,1.0,12
EMP-006453,2019-01-21,Sales,Manager,48,Female,1204907,37.0,3.1664713884949873,2.232406871191732,30,0,1.0,7
EMP-006454,2017-10-06,IT,Senior,45,Female,396895,78.0,2.3016072399668834,4.351745182322372,6,0,0.0,11
EMP-006455,2018-12-02,IT,Lead,31,Female,1378992,82.0,3.174019600016993,2.958733621781319,12,0,1.0,15
EMP-006456,2018-07-12,HR,Junior,37,Male,339252,53.0,4.853325115281093,1.1786096760824338,36,8,0.0,4
EMP-006457,2019-07-03,Finance,Mid,38,Female,704062,80.0,2.8338243106558934,3.1701181981604156,10,0,1.0,8
EMP-006458,2019-03-25,Finance,Manager,49,Male,1674565,17.0,3.2412051031972235,2.1265831756149787,19,0,1.0,22
EMP-006459,2017-03-22,Operations,Junior,36,Male,1666649,19.0,3.2778776913150103,4.359624673774185,49,1,0.0,9
EMP-006460,2017-06-15,Sales,Mid,40,Male,521020,5.0,4.676985136575796,1.8879256502431434,32,9,0.0,47
EMP-006461,2021-07-23,HR,Mid,51,Male,1881064,45.0,2.220749744418969,1.6358030284324432,32,7,1.0,32
EMP-006462,2021-03-27,Sales,Mid,48,Female,784198,42.0,3.3887488423475225,3.364704777437773,9,0,1.0,25
EMP-006463,2020-03-07,HR,Junior,25,Female,786764,86.0,2.3961023441129865,4.801320804964147,42,1,0.0,40
EMP-006464,2020-07-10,HR,Junior,39,Male,1267825,20.0,3.9908564719806066,2.714015378354875,13,6,0.0,3
EMP-006465,2020-08-03,IT,Mid,26,Female,1083837,100.0,2.4575226791397276,3.8602381660667455,20,0,1.0,15
EMP-006466,2016-03-03,Finance,Lead,28,Male,1356432,78.0,3.9646254694093144,3.1272628460979495,34,6,1.0,26
EMP-006467,2018-04-24,Finance,Senior,53,Male,1374888,52.0,2.4462979379927483,2.0907692272292326,39,5,1.0,2
EMP-006468,2017-08-07,Finance,Mid,37,Female,529446,40.0,3.0558830232463423,2.875470372052731,44,7,0.0,44
EMP-006469,2015-08-11,Sales,Junior,51,Male,768402,84.0,2.671916891529362,3.5683187844859163,3,9,1.0,16
EMP-006470,2015-06-06,IT,,32,Male,1509924,76.0,4.0559610000375805,3.4621345502802896,11,4,0.0,8
EMP-006471,2019-01-16,HR,Junior,39,Male,1847555,53.0,1.920153068786305,3.863109268801954,0,0,1.0,0
EMP-006472,2019-04-26,Finance,Junior,50,Female,1700935,52.0,1.3026429363606895,1.8452720433740977,4,2,1.0,8
EMP-006473,2016-10-11,Operations,Junior,28,Female,861739,55.0,3.736124400013686,2.966073904192763,26,1,0.0,20
EMP-006474,2018-02-20,Operations,Manager,34,Female,1842743,78.0,2.94287084605685,2.5434815965378115,39,2,1.0,9
EMP-006475,2016-12-15,HR,Junior,46,Male,1729397,118.0,1.1584966156360652,2.0649124014827898,42,4,0.0,28
EMP-006476,2017-10-09,Marketing,Mid,51,Male,651145,64.0,3.77823918950249,,44,7,0.0,39
EMP-006477,2015-03-11,Finance,Mid,43,Female,607787,101.0,3.5293239968000445,4.718405931699941,26,9,1.0,35
EMP-006478,2020-02-16,Finance,Manager,43,Female,638379,,1.1509252717340472,3.7081351220061163,5,5,1.0,3
EMP-006479,2015-10-23,Operations,Manager,35,Female,1185213,47.0,4.430506860092056,2.345986658411948,38,7,1.0,6
EMP-006480,2020-07-15,Finance,Junior,26,Male,754466,69.0,3.421659425995574,2.153758275361177,13,3,0.0,31
EMP-006481,2016-10-26,HR,Junior,33,Male,1469996,13.0,2.1650446078747834,2.2908796622970193,28,2,1.0,36
EMP-006482,2018-10-26,HR,Mid,52,Male,651729,108.0,3.5350690266035047,4.897854531280394,33,8,0.0,30
EMP-006483,2020-02-07,IT,Lead,53,Male,1258485,106.0,2.2569025052670173,4.859994503134569,9,3,0.0,30
EMP-006484,2019-10-26,Sales,Senior,24,,1279645,11.0,3.049571440749222,2.9955423464982713,45,1,0.0,0
EMP-006485,2015-04-11,Finance,Senior,31,Female,680934,40.0,1.8237317820898689,4.091436704198656,8,0,1.0,43
EMP-006486,2015-03-12,Operations,Senior,26,Female,1469577,40.0,1.8847471257680928,2.396815426846424,8,6,0.0,15
EMP-006487,2020-10-28,IT,Junior,37,Female,1083254,23.0,1.8891546127157377,1.9655635160828147,15,0,1.0,10
EMP-006488,2017-10-11,Sales,Junior,55,Male,511607,68.0,3.9064253906657713,3.0206239351555872,46,3,0.0,41
EMP-006489,2019-10-11,Operations,Lead,28,Female,847082,99.0,3.4099964816554116,,37,2,0.0,3
EMP-006490,2020-05-11,Finance,Senior,56,Female,496384,78.0,3.881323396700553,1.5454933208127608,39,9,0.0,38
EMP-006491,2015-06-01,Marketing,Manager,57,Female,703984,31.0,3.37625018098682,4.051175439896,32,-1,0.0,45
EMP-006492,2017-11-27,HR,Manager,49,Male,812028,100.0,4.324707680308018,1.1442623457489138,21,9,0.0,22
EMP-006493,2017-12-27,Marketing,Senior,40,Male,1844098,95.0,2.422921659667464,1.805748260629501,44,6,0.0,16
EMP-006494,2019-04-15,Operations,Mid,35,Male,1558255,69.0,4.01724183559139,,4,9,1.0,3
EMP-006495,2019-01-01,Marketing,Junior,32,Male,970611,95.0,4.357534730463964,1.4955121075803177,0,3,1.0,34
EMP-006496,2015-05-13,Sales,,43,Female,582655,16.0,2.0475318261984947,4.732632648017691,40,5,,41
EMP-006497,2017-05-08,Operations,Mid,30,Male,1929997,12.0,2.7985843010933555,3.517603058094532,48,4,0.0,21
EMP-006498,2020-05-11,Operations,Mid,42,Male,1464423,40.0,4.580764963679526,4.35252764120112,33,9,0.0,22
EMP-006499,2019-04-14,Operations,Mid,39,Female,1229018,67.0,4.43037675200875,4.187397028871695,5,2,0.0,40
EMP-006500,2020-05-08,HR,Junior,43,Female,386667,110.0,1.4318248658503578,39.449439084364556,26,9,1.0,10
EMP-006501,2020-01-21,Sales,,32,Male,1171416,89.0,3.230494493471187,2.492856757540852,25,6,0.0,37
EMP-006502,2018-04-05,HR,Junior,50,Female,1208787,77.0,3.275052776464025,4.118916615069503,13,4,0.0,24
EMP-006503,2021-05-26,Operations,Senior,50,Female,1425003,119.0,2.5175496122800403,1.1311842079018968,49,5,1.0,4
EMP-006504,2020-12-10,Marketing,Manager,31,Female,1725491,92.0,3.1876555666293944,4.813972113842201,29,5,0.0,4
EMP-006505,2020-01-22,Marketing,Senior,32,,468320,86.0,1.6198996791765836,2.9587853408623173,30,6,1.0,30
EMP-006506,2021-08-16,Finance,Lead,24,Male,1282469,26.0,4.060568371408328,1.9665936561988655,42,8,0.0,30
EMP-006507,2019-06-30,Finance,Lead,43,Male,1682340,28.0,2.268525129615326,3.936931485536954,33,0,1.0,4
EMP-006508,2020-08-31,Marketing,Junior,26,Female,1718651,38.0,1.8883232716595288,3.4792602934429517,33,5,1.0,21
EMP-006509,2019-11-03,Marketing,Junior,44,Male,1986098,,4.268040390131099,3.726044441921395,23,-5,1.0,26
EMP-006510,2016-06-28,HR,Mid,41,Male,1940160,104.0,4.639222117680659,4.607226274182813,0,0,1.0,9
EMP-006511,2018-04-19,Finance,Senior,40,Male,1581728,63.0,3.359894678051634,4.341205875471477,44,7,1.0,14
EMP-006512,2015-12-10,IT,Junior,53,Female,1043623,64.0,4.377396819616596,1.0362332881395768,37,5,1.0,4
EMP-006513,2018-10-22,Finance,Manager,55,Male,666419,82.0,1.7757242422083692,2.5309186738096354,41,1,0.0,38
EMP-006514,2021-01-09,Marketing,Junior,46,Male,589198,41.0,1.196667689785357,2.73648769132045,1,1,1.0,7
EMP-006515,2021-05-30,IT,Lead,22,Male,1578025,87.0,3.472778583245519,3.3838238310036717,10,2,0.0,26
EMP-006516,2015-11-23,Finance,Mid,51,Female,1932762,72.0,3.113355212096252,1.7621833625906045,24,5,0.0,45
EMP-006517,2016-12-03,Sales,Junior,44,Male,1784135,11.0,4.593634945484977,4.080479058669224,0,4,0.0,4
EMP-006518,2019-06-08,Operations,Lead,45,Female,726622,95.0,1.1820696742366938,2.3169729774652956,45,3,0.0,43
EMP-006519,2015-05-05,Operations,Senior,58,Female,1016055,,2.1652448354186737,3.2012428283794927,49,8,1.0,24
EMP-006520,2015-09-18,IT,Manager,28,Male,1461976,56.0,1.3018529816742634,3.833738277086731,8,0,0.0,44
EMP-006521,2018-01-22,HR,Mid,36,Male,1198304,62.0,1.26940255159916,4.569789658088591,38,4,0.0,19
EMP-006522,2021-07-31,Sales,Manager,52,Male,304769,101.0,2.156666845594403,3.7181306781995884,39,0,1.0,4
EMP-006523,2018-08-16,HR,Lead,39,Female,881245,15.0,4.267223999692106,3.5311671734381602,0,8,1.0,19
EMP-006524,2019-12-31,Finance,Lead,40,,1726147,67.0,3.04763813556201,4.817166496006147,25,2,1.0,24
EMP-006525,2016-09-13,Sales,Lead,30,Male,700652,26.0,2.054414582836674,4.063628130933381,40,4,1.0,27
EMP-006526,2019-10-18,Finance,Lead,41,Male,788887,114.0,1.9287352249636918,3.3045581609605095,34,1,0.0,25
EMP-006527,2018-06-29,Marketing,Manager,52,Male,1934405,62.0,3.694839947555314,2.908257751354698,21,-9,1.0,5
EMP-006528,2020-10-21,HR,Lead,26,Female,554287,65.0,3.2871998937258637,1.698358971226262,15,5,1.0,43
EMP-006529,2016-12-28,Finance,Lead,32,Male,1360838,64.0,2.757247809861435,4.583604435446389,38,1,1.0,7
EMP-006530,2018-02-17,Marketing,Mid,32,Male,1759458,59.0,1.6151553955404223,2.0657617704052074,16,2,1.0,10
EMP-006531,2016-01-15,Sales,Senior,26,Female,1206725,99.0,1.3689931269065148,4.690295579263015,49,1,1.0,42
EMP-006532,2016-04-19,Operations,Manager,56,Female,679881,11.0,1.1013772849689856,4.515598324291206,8,8,1.0,20
EMP-006533,2020-10-14,Sales,Senior,31,Male,339278,51.0,3.6440899247067593,1.32845782863067,14,3,1.0,44
EMP-006534,2020-02-03,HR,Senior,59,Male,1852955,117.0,1.1845102947409631,2.7553291175128938,40,2,0.0,32
EMP-006535,2017-03-30,IT,Senior,57,Male,320144,69.0,3.1734457706287142,3.117780722533869,40,5,,12
EMP-006536,2021-04-04,Operations,Lead,47,Male,727603,71.0,1.7330975086587497,2.1450386558081993,4,5,0.0,26
EMP-006537,2021-08-15,Finance,Mid,40,Female,511207,99.0,4.99410379692433,3.0891887864559635,10,8,0.0,26
EMP-006538,2016-01-17,Operations,Mid,56,Male,1599239,13.0,4.373685166253624,4.7060004283224455,49,1,0.0,39
EMP-006539,2015-04-22,Operations,Senior,32,Male,1028414,112.0,3.9762683378343793,3.7727541298899827,41,4,0.0,39
EMP-006540,2015-07-31,IT,Junior,35,Male,905909,20.0,3.5639532304176216,3.2715674571787057,41,3,1.0,44
EMP-006541,2016-01-16,Sales,Senior,50,Female,628541,21.0,4.025420178866719,,7,9,1.0,22
EMP-006542,2019-10-17,Sales,Mid,37,Male,301539,12.0,4.325132222237734,4.960809943597616,7,3,1.0,36
EMP-006543,2017-06-17,Finance,Junior,54,Male,932099,104.0,4.21199498764121,1.6490535204911851,27,8,0.0,9
EMP-006544,2018-12-08,HR,Junior,51,Female,1256705,64.0,3.13931390273648,2.7900095998477963,17,9,0.0,29
EMP-006545,2019-04-08,HR,Manager,31,Female,1458873,68.0,4.142296488966361,2.7437428186138932,13,5,1.0,29
EMP-006546,2016-01-22,IT,Manager,59,Male,1408431,79.0,3.241330233710492,3.4032973598569214,46,1,0.0,36
EMP-006547,2018-01-19,Marketing,Lead,29,Female,609492,116.0,1.7577764418452189,4.346761564359515,29,6,0.0,20
EMP-006548,2015-07-07,HR,,54,Female,817640,69.0,1.1378398052614087,2.1259492994735556,20,8,1.0,24
EMP-006549,2019-01-08,Marketing,Lead,24,Female,1093244,78.0,4.490462532571989,3.124988380303242,18,8,1.0,17
EMP-006550,2021-11-01,IT,Lead,29,Male,1016098,45.0,3.0718545899667666,1.205403374049311,18,8,1.0,26
EMP-006551,2019-02-03,IT,Lead,37,Female,1368160,111.0,2.5899984528346423,1.5030231491476025,6,6,1.0,44
EMP-006552,2021-08-30,Finance,Lead,38,Female,1821043,11.0,1.2775788255982112,2.1886870787935777,34,8,1.0,1
EMP-006553,2015-07-14,Finance,Senior,24,Female,1944486,49.0,4.7155887437726545,2.875330841126162,10,9,0.0,47
EMP-006554,2018-02-13,Marketing,Junior,44,Female,1765007,67.0,3.742319101710815,1.485873703790745,9,5,0.0,35
EMP-006555,2015-01-29,IT,,25,Female,385556,41.0,2.8839096486333538,3.833248180334539,20,8,1.0,37
EMP-006556,2018-12-10,Marketing,Junior,23,Female,1188747,95.0,4.856836757684336,3.807464654545171,25,0,1.0,4
EMP-006557,2020-01-28,Marketing,Manager,50,Female,1310358,105.0,4.7502798516003395,1.3641252268595037,13,2,1.0,27
EMP-006558,2019-07-28,HR,Lead,32,Male,411056,34.0,2.606673058013551,4.157120247919715,39,2,0.0,46
EMP-006559,2015-02-13,Sales,Mid,27,Male,1729790,32.0,4.89505634772374,34.29559459350098,23,1,0.0,17
EMP-006560,2018-12-03,Finance,Senior,53,Male,558124,77.0,3.932320574246212,4.495607008570648,16,4,1.0,37
EMP-006561,2020-11-09,IT,Mid,35,Female,1322237,111.0,2.7698395802643443,3.8793389483996785,5,3,0.0,17
EMP-006562,2018-05-14,Finance,Lead,59,Male,413644,71.0,3.57598479048859,2.9179000211039976,11,0,1.0,5
EMP-006563,2021-04-03,Sales,Junior,560,Female,1014937,88.0,4.976550359657031,1.4590333951382903,14,6,0.0,26
EMP-006564,2017-12-29,Marketing,Junior,59,Female,1907727,29.0,4.445253318477841,1.3320636424108643,21,9,1.0,47
EMP-006565,2019-06-14,IT,Lead,29,Male,979051,57.0,3.907909919286101,3.6624095257795024,24,5,0.0,2
EMP-006566,2017-12-09,Sales,Junior,51,Male,1915691,36.0,3.797007775259351,2.611977177627879,1,0,1.0,6
EMP-006567,2016-09-23,Marketing,Lead,51,Female,1868206,97.0,2.9287631889851933,4.489211542441831,47,5,1.0,13
EMP-006568,2019-07-03,HR,Mid,45,Male,1294460,107.0,4.75967918429744,3.0098384810262586,21,5,1.0,34
EMP-006569,2020-02-29,Operations,Junior,26,Male,841430,,1.7457691442452186,3.3992586002332144,16,6,1.0,22
EMP-006570,2020-09-27,HR,Junior,29,Female,627754,70.0,3.678606230641751,4.87565558699167,10,8,0.0,46
EMP-006571,2018-12-24,Marketing,Mid,51,Male,679409,15.0,2.4592678021899,2.8453438795898047,49,3,0.0,24
EMP-006572,2017-08-10,HR,Junior,53,Female,1023593,77.0,2.9325820925571744,3.4515812729359934,17,2,0.0,11
EMP-006573,2020-12-31,Sales,Mid,54,Female,739250,17.0,2.6671095720751556,3.594302043947518,7,2,1.0,46
EMP-006574,2019-11-02,Operations,Senior,54,Male,1044397,43.0,3.2087444751576393,2.549687697006754,18,2,0.0,3
EMP-006575,2019-09-19,IT,Junior,37,Male,1091993,39.0,3.821537019664187,1.3656277799744294,28,3,0.0,6
EMP-006576,2020-06-29,Marketing,Mid,44,Female,854938,43.0,3.8898859867591926,2.210638969462757,4,2,1.0,26
EMP-006577,2021-03-18,HR,Lead,51,Male,1969290,12.0,2.237645173250213,,20,2,0.0,42
EMP-006578,2020-06-27,Sales,Lead,22,,1955675,10.0,1.7096892092593747,4.172646246213782,10,9,1.0,16
EMP-006579,2021-06-30,Sales,Junior,38,Female,1761683,81.0,4.260984253501427,,30,8,1.0,37
EMP-006580,2020-05-30,HR,Mid,31,Male,1925608,109.0,1.9849546855082636,4.548252044289404,41,8,1.0,42
EMP-006581,2018-07-01,Marketing,Lead,39,Male,1452547,75.0,2.722753169418382,4.093362608536356,28,7,1.0,0
EMP-006582,2017-04-08,Sales,Manager,46,Female,1578492,46.0,4.4170255911640925,4.069065353523203,13,0,0.0,6
EMP-006583,2017-01-12,IT,Junior,29,Female,1636050,63.0,1.2452695550266566,4.830774289449394,18,9,1.0,1
EMP-006584,2015-11-13,IT,Lead,47,Male,814353,87.0,1.907415589249723,1.4553989857204024,47,7,0.0,15
EMP-006585,2015-06-12,Operations,Junior,32,Female,1562418,45.0,3.8050001692191935,3.285779536907934,11,1,0.0,24
EMP-006586,2019-05-11,Sales,Junior,33,Female,1493866,10.0,3.359900074633655,4.642221462009379,9,0,1.0,25
EMP-006587,2018-08-01,Sales,,29,Male,1615110,85.0,1.6364382528375598,3.4296830224780503,23,5,1.0,23
EMP-006588,2020-05-04,Sales,Lead,53,Male,665783,34.0,1.3494804763921282,3.0004912263548693,44,2,0.0,40
EMP-006589,2020-05-11,IT,Junior,32,Female,969357,26.0,1.6577939164094557,1.578023467647324,5,-6,0.0,36
EMP-006590,2018-01-09,HR,Manager,50,Female,519974,28.0,3.4706133225287688,1.2290816193206715,12,8,0.0,28
EMP-006591,2016-11-30,Finance,Junior,34,Male,979198,8.0,1.0042135636260188,4.526764878850486,14,2,1.0,9
EMP-006592,2018-12-29,Sales,Manager,29,Female,1762762,69.0,3.1407811752912784,4.324173955648797,27,9,1.0,34
EMP-006593,2018-03-10,Operations,Lead,48,Female,1092100,39.0,3.063984070381773,3.6530729681451892,38,9,0.0,0
EMP-006594,2017-06-04,Sales,Manager,45,Male,436769,54.0,3.3049940230057664,1.7968729269363486,10,6,0.0,35
EMP-006595,2017-05-19,HR,Junior,54,Male,1687345,87.0,3.6888944606442156,3.2367177194039956,32,0,0.0,0
EMP-006596,2017-06-13,Sales,Mid,35,Female,878800,77.0,2.2150762260242565,2.6128036614833565,5,0,1.0,6
EMP-006597,2021-10-20,IT,,46,Female,871221,110.0,1.6884554928205842,1.1034829428367363,43,2,1.0,32
EMP-006598,2017-12-24,Operations,Manager,59,Male,1759143,8.0,3.982093472127111,3.064426214726642,40,4,0.0,13
EMP-006599,2016-11-03,Finance,,23,Male,1355426,58.0,1.3602586881936936,4.500503003978777,41,1,1.0,13
EMP-006600,2020-10-18,Sales,Mid,54,Female,1841089,110.0,2.900250507267255,1.814946838787138,19,6,0.0,29
EMP-006601,2016-08-29,Finance,Manager,54,Female,848240,37.0,3.611823111925401,,11,3,1.0,43
EMP-006602,2020-03-12,Marketing,Mid,34,Female,1536832,54.0,4.9099760269655395,4.9075325480588665,23,0,0.0,28
EMP-006603,2020-05-24,Finance,Lead,45,Female,1249076,119.0,4.99035202315731,4.112697843429967,27,4,1.0,39
EMP-006604,2019-11-28,HR,,56,Male,1884827,112.0,2.9535653537681887,18.814051791142642,45,8,1.0,12
EMP-006605,2015-09-29,Operations,Lead,42,Male,1921684,45.0,1.1100177847027104,3.722368166501873,36,5,,37
EMP-006606,2020-02-09,Finance,Lead,34,Female,727988,39.0,1.7670923782920198,4.0857963676706515,13,6,0.0,5
EMP-006607,2017-03-13,IT,Junior,24,Male,695236,62.0,1.7350934158646507,3.288952386215891,7,0,0.0,37
EMP-006608,2020-03-02,Operations,Manager,29,Female,869558,14.0,3.091756875871709,4.639897507312547,30,0,1.0,41
EMP-006609,2015-12-12,Operations,Mid,30,Male,1162248,68.0,3.8813604609972656,2.498328450948433,15,2,1.0,4
EMP-006610,2018-11-14,Marketing,Junior,26,Male,625986,57.0,2.1355685278978638,4.537308696569934,8,3,1.0,18
EMP-006611,2017-12-26,Operations,Junior,23,Male,1896845,108.0,4.913020233170148,2.394467494834269,30,1,1.0,5
EMP-006612,2017-06-17,Finance,Mid,52,Female,1193918,81.0,1.2563473236688947,1.4498584583356267,34,2,0.0,1
EMP-006613,2019-01-10,HR,Lead,52,Male,987214,98.0,3.5953537688705755,3.480955248598774,49,3,1.0,36
EMP-006614,2017-03-14,Operations,Senior,47,Female,960708,106.0,1.0528682065392334,1.1562035300804991,24,9,1.0,17
EMP-006615,2021-05-28,Marketing,Manager,34,Male,1281986,16.0,4.632460684522278,2.2023942960358505,39,0,1.0,22
EMP-006616,2015-03-20,Marketing,,38,Female,1612539,71.0,3.181609134507085,4.047787782732355,20,2,1.0,21
EMP-006617,2015-01-07,Marketing,Senior,46,Female,704450,26.0,3.0097722858187366,1.256371114114406,49,8,1.0,4
EMP-006618,2019-07-13,Finance,Lead,34,Male,386051,66.0,3.071835027868165,3.0483471468592005,46,8,0.0,2
EMP-006619,2016-09-08,Operations,Mid,41,Male,1920541,21.0,4.1218739611810085,1.8083163405297853,30,2,1.0,39
EMP-006620,2019-10-04,Sales,Manager,25,Male,1491419,29.0,1.3087514691988864,1.7503369992015125,33,8,1.0,45
EMP-006621,2020-01-06,Finance,Lead,28,Male,1061647,109.0,2.975201548849468,2.090394949795824,46,9,1.0,39
EMP-006622,2020-03-23,Sales,,39,Female,687454,90.0,3.558467544252109,3.554564716280395,0,7,1.0,44
EMP-006623,2017-09-23,HR,Junior,55,Male,450545,89.0,4.022268926131838,1.083552747750363,46,7,1.0,27
EMP-006624,2015-10-09,Marketing,Senior,46,Female,666295,71.0,2.4668625171949023,1.194914663451966,27,0,0.0,41
EMP-006625,2018-06-14,HR,Mid,42,Female,1618360,44.0,1.4993733603972514,1.669247348021278,33,2,0.0,11
EMP-006626,2018-11-25,HR,Lead,47,Female,800026,33.0,3.045943838166883,2.4342494181721857,38,7,1.0,21
EMP-006627,2020-12-05,Finance,Mid,41,Female,1029539,10.0,4.993624391754389,3.7914578856073375,26,4,0.0,9
EMP-006628,2016-09-17,HR,Junior,29,Male,1515388,32.0,3.123389735666667,4.665938351033466,34,7,0.0,28
EMP-006629,2016-04-28,Finance,Mid,32,,360311,11.0,3.3761928836401176,2.7242327715956285,8,9,1.0,27
EMP-006630,2021-08-20,Sales,Manager,33,Male,502852,95.0,3.7441702016749865,2.6330338759567606,4,8,0.0,43
EMP-006631,2018-04-30,IT,Lead,44,Male,1236725,42.0,4.892515492780246,4.387650976411937,10,5,1.0,19
EMP-006632,2015-08-30,Sales,Lead,52,Female,1023519,2.0,3.020510929586105,3.2152402174453494,17,4,0.0,19
EMP-006633,2018-05-12,Finance,Lead,30,Male,594839,65.0,4.397114391271009,4.458772369781672,15,5,0.0,14
EMP-006634,2017-06-06,Finance,Mid,38,Male,1743282,97.0,2.0248265031640327,1.3856167924171077,25,2,1.0,3
EMP-006635,2020-12-28,Sales,Junior,50,Female,1260149,14.0,3.8904864720727055,1.5860384418724633,24,1,1.0,32
EMP-006636,2020-01-23,IT,Junior,47,Female,449308,104.0,1.6984672076942364,2.497490693518913,40,6,1.0,4
EMP-006637,2018-10-13,IT,Junior,58,Male,1377348,29.0,1.0344380190287725,2.3168297338287998,6,1,1.0,32
EMP-006638,2018-03-01,Finance,Senior,51,Male,1765545,14.0,4.640889473977861,2.7567544946250067,35,2,1.0,1
EMP-006639,2018-06-18,Sales,Manager,54,Female,799930,82.0,2.2950899723846634,2.356969930760309,30,8,0.0,37
EMP-006640,2021-04-24,HR,Manager,44,Female,540372,91.0,1.3401073048521228,4.237247693490534,17,6,1.0,39
EMP-006641,2016-11-17,Marketing,Lead,34,Male,1141553,48.0,1.901347372690258,2.794118314114046,47,7,0.0,47
EMP-006642,2016-09-16,Finance,Junior,24,Female,1379840,44.0,2.196728251941376,2.036944112468831,35,4,0.0,44
EMP-006643,2016-02-03,IT,Manager,41,Male,571848,88.0,2.5312826122829013,3.2464546800024996,40,5,1.0,10
EMP-006644,2015-07-09,Marketing,Junior,39,Female,961242,2.0,2.4643638231115363,2.7363748757799744,27,3,1.0,11
EMP-006645,2020-12-23,Sales,Mid,46,Male,1021211,85.0,4.697667253533843,4.085117871243705,25,1,0.0,23
EMP-006646,2021-03-16,HR,Mid,51,Male,1456795,86.0,4.954604839581412,1.913372678767371,11,7,0.0,28
EMP-006647,2017-06-01,Operations,Lead,47,Male,414423,80.0,3.3536990827216813,4.7757407944462225,22,0,0.0,21
EMP-006648,2017-02-21,HR,Manager,36,Female,1578188,68.0,3.7957152179138864,3.071244405786991,41,1,1.0,23
EMP-006649,2018-12-07,IT,Mid,23,Male,1647618,73.0,3.3121942759498646,1.5788822711832013,24,7,1.0,3
EMP-006650,2017-08-09,Sales,Senior,49,Female,1726392,87.0,1.7450344098935897,1.9568325659476198,30,2,0.0,26
EMP-006651,2015-03-23,IT,Senior,33,Female,631082,18.0,2.673507388174406,1.1965511584183415,19,8,0.0,34
EMP-006652,2018-05-03,HR,Manager,24,Male,863876,3.0,3.7022664015632225,3.7733147817699693,12,0,1.0,1
EMP-006653,2019-05-06,IT,Junior,35,Male,1781518,6.0,2.1069777935582366,1.8801477669638604,4,0,,33
EMP-006654,2018-07-26,Operations,Manager,33,Male,614014,17.0,2.317611149756833,4.757484309091183,1,7,0.0,2
EMP-006655,2019-11-13,IT,Manager,28,Male,917727,79.0,2.2723409086818727,1.2634807542906596,16,8,0.0,27
EMP-006656,2016-02-11,Operations,Lead,40,Male,357854,117.0,1.9514755185279182,2.4831786643798557,9,0,1.0,22
EMP-006657,2016-05-10,Finance,Senior,37,Female,1269603,23.0,4.516096450965334,2.7239072614522506,38,3,0.0,7
EMP-006658,2019-12-26,Operations,Mid,47,Male,1937750,45.0,1.2102743026448062,1.062903760561841,13,7,1.0,44
EMP-006659,2021-08-26,Marketing,Lead,30,Male,1917586,111.0,3.774435020967653,4.26771336889948,22,3,1.0,25
EMP-006660,2016-09-14,Operations,Junior,30,Male,1061073,99.0,4.2185290564764255,2.0610358407026466,3,5,1.0,17
EMP-006661,2019-06-20,Sales,Mid,52,Male,370675,33.0,2.6058371819242154,4.536084301105012,2,2,0.0,37
EMP-006662,2018-12-20,IT,Manager,51,Male,1280690,65.0,2.3260602320993784,2.934842404721681,44,1,1.0,3
EMP-006663,2015-11-11,Marketing,Junior,35,Male,1199826,85.0,2.9270309107075665,4.0515695142410575,13,7,1.0,27
EMP-006664,2017-01-04,IT,Junior,50,Male,1319421,60.0,1.9381975323158542,4.751669621679305,42,5,1.0,34
EMP-006665,2017-05-23,Sales,Lead,41,Male,1146573,89.0,2.5848832616201007,4.335733002110224,18,3,1.0,18
EMP-006666,2019-04-12,Operations,Mid,24,Male,1810298,50.0,2.585085245354649,3.7955705675176508,6,7,0.0,20
EMP-006667,2017-02-27,HR,Senior,41,Male,1450892,16.0,1.0427905121269427,4.421377695037809,44,6,,47
EMP-006668,2018-07-26,Operations,Senior,38,Female,1549829,10.0,3.898773307191193,1.3554659655627654,28,1,0.0,4
EMP-006669,2018-11-11,Sales,Junior,35,Female,337351,39.0,1.6815807581974611,2.9375786478664287,37,7,0.0,22
EMP-006670,2018-07-26,Finance,Manager,40,Male,420455,20.0,2.679717025755975,1.1011092043615864,16,9,0.0,17
EMP-006671,2017-03-05,Marketing,Senior,45,Male,1549517,31.0,3.9201059486623455,4.933876218005105,15,9,1.0,16
EMP-006672,2017-04-16,HR,Mid,44,Male,1491630,72.0,2.318314569469456,3.043650334014091,16,2,1.0,13
EMP-006673,2016-02-16,Finance,Lead,460,Male,1378080,9.0,4.947465050409544,4.0579678050075945,22,2,0.0,41
EMP-006674,2017-09-25,IT,Lead,53,Female,1112650,31.0,3.7648957633179334,1.469698148838615,48,6,1.0,28
EMP-006675,2019-07-04,Marketing,Manager,48,Male,1152805,36.0,2.5822381408581134,2.3692981386120278,46,7,0.0,34
EMP-006676,2021-10-18,Finance,Manager,36,Male,340763,1.0,3.5551566358567177,4.284778670868095,36,9,1.0,41
EMP-006677,2015-04-01,HR,Junior,32,Male,331419,107.0,4.357072642030218,3.8567548898931983,4,5,0.0,23
EMP-006678,2018-07-27,IT,Junior,32,Male,1257912,35.0,3.309349965611669,2.246020824032924,19,3,1.0,11
EMP-006679,2016-08-22,IT,Lead,33,Female,1123591,69.0,2.9129833863186465,1.0303526908880611,8,6,1.0,25
EMP-006680,2018-02-25,IT,Manager,30,Female,467340,20.0,4.230388889632202,2.4770477906265076,49,3,1.0,47
EMP-006681,2018-03-30,HR,Manager,53,Female,1801451,28.0,3.747248277415156,1.1215769576365706,7,1,0.0,32
EMP-006682,2019-12-29,Marketing,Senior,31,Female,1270965,63.0,4.906899460504619,3.722522306011462,33,8,1.0,29
EMP-006683,2016-08-02,Finance,Senior,25,Female,1259705,70.0,1.4035313964509464,2.4978515575987212,33,2,0.0,30
EMP-006684,2021-01-28,HR,Lead,43,Female,313945,91.0,4.573282825175222,1.9825403915913222,34,2,1.0,24
EMP-006685,2019-05-20,IT,Lead,57,Male,1046143,111.0,4.0000741081032,2.1122030266987046,1,6,0.0,17
EMP-006686,2018-05-20,HR,,44,Female,416862,26.0,1.6345538005270415,3.416705811856459,25,2,0.0,9
EMP-006687,2020-03-20,Marketing,Junior,51,Male,737363,109.0,4.232087184320131,1.7706817821792606,4,5,1.0,30
EMP-006688,2020-05-27,Operations,Mid,55,Male,918038,112.0,1.9541729628158473,1.7858518875548186,47,1,0.0,13
EMP-006689,2021-08-18,HR,Junior,53,Female,343946,45.0,3.8099307366244957,4.580880635845897,18,0,1.0,24
EMP-006690,2015-11-19,Marketing,Manager,34,Female,1940678,81.0,3.8687938160154265,1.2174419416093771,30,3,1.0,32
EMP-006691,2020-12-19,Marketing,Mid,59,Female,1741798,59.0,3.4939599496728846,2.481903908035864,16,4,0.0,14
EMP-006692,2018-05-09,Sales,Junior,54,Male,1736382,60.0,3.0649438057189253,2.5707284729194404,3,0,0.0,19
EMP-006693,2021-01-22,IT,Manager,24,Female,1428240,56.0,3.2583256224232526,2.6545970097003924,11,7,0.0,42
EMP-006694,2017-08-11,Finance,Manager,31,Male,1752404,37.0,4.023337299248174,3.106562990057399,6,0,0.0,30
EMP-006695,2016-03-22,Marketing,,40,,743489,30.0,2.3741757697888075,3.531080115281743,47,7,1.0,9
EMP-006696,2021-02-13,Marketing,Mid,39,Male,1955170,37.0,3.0869999120361573,1.5151478177596926,14,9,1.0,14
EMP-006697,2017-03-22,Marketing,Junior,45,Female,807892,18.0,4.209683651786968,3.62587365161204,32,1,1.0,3
EMP-006698,2021-03-07,Sales,Mid,38,Male,400594,2.0,2.8929709604719203,4.369467777543887,45,8,,12
EMP-006699,2019-11-15,IT,,47,Male,1290206,6.0,2.407451608006229,2.899943581645998,17,1,0.0,18
EMP-006700,2017-06-13,HR,Junior,35,Male,581142,7.0,4.539026669889969,3.2779889930868964,3,2,0.0,28
EMP-006701,2019-12-07,Sales,Senior,51,Male,1467390,61.0,4.4836354432818,1.1060239955510607,6,8,1.0,21
EMP-006702,2021-05-21,Finance,Junior,43,Male,1533205,44.0,1.0789583458395828,4.423416209631232,5,9,1.0,38
EMP-006703,2020-03-30,HR,Senior,22,,636870,67.0,4.832983382177751,3.8425091442681967,19,1,0.0,32
EMP-006704,2018-12-15,Marketing,Junior,54,Female,1796665,23.0,3.500461873973678,4.8593534813872274,16,8,0.0,14
EMP-006705,2018-07-25,Finance,,54,Female,1790646,10.0,4.99435922754707,4.591375009533973,5,9,1.0,34
EMP-006706,2018-11-20,Sales,Senior,43,Male,1034350,63.0,1.4534591812899689,2.9330254690957056,20,2,0.0,32
EMP-006707,2017-05-29,Finance,Junior,59,,1809178,34.0,2.772886028736662,4.042361584427493,31,0,1.0,2
EMP-006708,2016-08-13,IT,Mid,57,Male,594165,33.0,3.6776152337206547,3.7285209138793736,32,3,1.0,43
EMP-006709,2015-04-10,Sales,SENIOR,32,Female,1639483,93.0,3.005429147134874,4.538272698703484,11,6,0.0,43
EMP-006710,2020-10-15,Sales,Lead,52,Female,1691005,48.0,4.755423442922268,3.7460944938633545,12,8,0.0,8
EMP-006711,2016-01-18,Operations,Senior,38,Female,1022419,36.0,1.4126612867555624,3.5482656473792527,6,9,1.0,13
EMP-006712,2019-10-18,Marketing,Junior,27,Female,856126,104.0,4.899421349491902,2.6352105554448224,35,8,0.0,8
EMP-006713,2018-01-02,HR,Senior,57,Male,714410,100.0,2.871068700140788,3.52673517783542,13,7,0.0,18
EMP-006714,2020-04-25,Sales,Lead,43,Male,1350375,78.0,3.677242081697386,1.892851131925283,44,0,1.0,12
EMP-006715,2015-01-16,Sales,Lead,22,,961346,21.0,2.1379082498869435,1.2733719546184847,34,9,0.0,15
EMP-006716,2015-07-13,Marketing,Lead,33,Male,1774875,64.0,3.5793324601536662,2.8514259062606064,6,7,0.0,9
EMP-006717,2020-12-05,Sales,Senior,39,Male,591464,37.0,2.2765844764621694,4.065809681087939,47,5,1.0,21
EMP-006718,2015-08-31,Operations,Manager,28,,1012690,,1.6775051010613224,4.268041719064881,19,1,1.0,21
EMP-006719,2019-08-02,Marketing,Mid,44,Female,1596832,27.0,3.8728263673129275,4.824751066013873,12,4,0.0,14
EMP-006720,2017-03-22,Finance,Manager,59,Male,1508381,,3.223301172693606,1.530003905969557,27,6,0.0,32
EMP-006721,2020-06-27,Marketing,Mid,27,Male,547037,43.0,4.008781645123217,1.6562726875355236,33,9,0.0,42
EMP-006722,2016-05-11,Sales,Lead,52,Female,930809,51.0,4.325725945826964,4.247879624687242,23,6,0.0,24
EMP-006723,2020-06-27,Operations,Lead,50,Male,492857,27.0,2.247969410685229,2.718324918181881,31,3,0.0,8
EMP-006724,2016-01-10,Sales,Lead,54,Female,1561213,6.0,3.2932755333207555,3.8959740046467926,46,1,1.0,16
EMP-006725,2021-02-10,IT,,56,Female,1620926,59.0,3.1682843872206643,2.3329090650415707,19,4,1.0,6
EMP-006726,2017-11-23,Marketing,Mid,59,Female,1935638,80.0,2.3501682812718543,1.5881931096124333,17,9,1.0,12
EMP-006727,2016-07-10,HR,Lead,37,Male,1033645,46.0,1.4242163653274278,2.6595227841669478,23,7,0.0,27
EMP-006728,2017-04-15,HR,Senior,48,Male,536135,14.0,1.84428744232704,1.7136711373347455,30,0,1.0,7
EMP-006729,2020-08-07,Sales,Senior,47,Male,1055553,5.0,1.3913488815029393,2.0898517116648256,7,0,0.0,16
EMP-006730,2018-04-08,Finance,Manager,31,Male,1141633,5.0,4.705939286944483,1.2949165850657556,41,2,1.0,32
EMP-006731,2016-04-25,Finance,Mid,41,Female,1090355,65.0,1.8624459304069325,4.28422186201216,0,6,1.0,14
EMP-006732,2017-08-25,Operations,Manager,42,Female,570043,80.0,2.497348700214245,1.3575468755967317,18,0,1.0,23
EMP-006733,2020-12-05,Marketing,Junior,58,Male,1270647,19.0,2.73009813280366,2.0656423053808086,41,8,0.0,27
EMP-006734,2021-02-27,IT,Manager,57,Male,1584938,24.0,2.329624917191759,2.7782672602942013,20,9,0.0,2
EMP-006735,2015-10-02,Operations,Manager,58,Female,816176,100.0,3.3970273466035326,4.356817807893938,7,3,0.0,22
EMP-006736,2015-03-15,Sales,Lead,26,Male,1389293,72.0,4.8636594271793925,4.079232396031738,33,7,0.0,19
EMP-006737,2019-09-05,Operations,Lead,43,Female,1788791,115.0,1.5014858316403732,1.3547074017523975,2,0,1.0,28
EMP-006738,2020-10-28,HR,Mid,41,Male,1983562,89.0,1.124914584411406,2.0615011221922135,19,9,1.0,16
EMP-006739,2018-05-12,Operations,Senior,41,Female,1442198,105.0,1.6963904895509674,3.425935054392545,24,5,0.0,11
EMP-006740,2016-03-11,HR,Junior,43,Female,1321268,66.0,3.269804668355751,3.326517872294108,6,7,0.0,14
EMP-006741,2020-07-07,Finance,Lead,26,Male,799430,29.0,1.384415446866448,4.235924916040455,21,8,1.0,44
EMP-006742,2021-07-11,Sales,Senior,30,Male,1972564,63.0,4.125200086522417,3.951731372633694,9,2,1.0,2
EMP-006743,2020-03-09,Sales,Mid,39,Female,1427595,61.0,1.8183777212254397,1.5327129896663427,1,4,1.0,1
EMP-006744,2021-06-24,IT,Lead,44,Male,1983265,15.0,1.635927886689597,3.9994913814996473,0,1,0.0,4
EMP-006745,2017-06-09,Marketing,Mid,50,Female,710438,104.0,1.7326732859891742,4.303956433548453,36,9,0.0,43
EMP-006746,2015-02-17,Finance,Mid,28,Female,1416909,31.0,2.073962998208133,4.852912895889906,28,0,0.0,16
EMP-006747,2020-08-09,Finance,Lead,39,Male,1781903,13.0,3.7148067056461365,4.728511446268207,36,9,0.0,46
EMP-006748,2016-03-13,Operations,Mid,34,Female,510661,40.0,1.8883760579420712,2.5853016014893235,13,1,1.0,21
EMP-006749,2020-04-10,Sales,Junior,36,Male,1256858,115.0,3.8744315964984044,4.0396533430970685,36,9,1.0,19
EMP-006750,2016-12-11,Finance,Junior,52,Male,908798,79.0,3.979223171355305,2.468750699101699,1,4,0.0,1
EMP-006751,2020-12-02,IT,Manager,44,Male,331638,21.0,1.258388639127387,3.7078418419687837,37,6,1.0,13
EMP-006752,2016-08-22,Marketing,Senior,52,Female,1713120,13.0,1.518152977194959,2.7915233467315024,49,9,1.0,31
EMP-006753,2019-04-29,IT,Junior,52,Female,984426,114.0,3.4652622263179547,3.481692783351315,8,4,1.0,35
EMP-006754,2020-12-23,Operations,,40,Female,1384475,30.0,3.394681915526487,4.610366613636458,43,2,1.0,25
EMP-006755,2016-10-21,HR,Senior,31,Female,1032166,71.0,4.743644685616247,,20,5,0.0,15
EMP-006756,2017-09-09,IT,Manager,37,Male,1633725,115.0,2.964248078335996,1.976747077473762,19,5,0.0,32
EMP-006757,2018-01-08,Finance,Mid,53,Male,755692,57.0,1.7189414819353064,3.561222104038555,49,4,1.0,5
EMP-006758,2017-10-20,HR,Lead,59,Male,1055890,38.0,1.5765162942777504,4.322839373390812,4,9,0.0,12
EMP-006759,2018-10-13,IT,Senior,51,Female,1700207,76.0,3.0072143481280516,3.833826070749047,9,2,1.0,38
EMP-006760,2018-05-17,Marketing,Manager,57,Female,1312451,105.0,2.094400896262799,4.301326889498568,0,8,0.0,29
EMP-006761,2021-03-07,Sales,Manager,38,Female,796040,5.0,4.656227096680616,2.0801275213493318,28,3,1.0,20
EMP-006762,2020-09-25,HR,Junior,43,Male,1767964,9.0,2.305059723934923,3.3383951625065915,12,2,1.0,1
EMP-006763,2020-01-17,HR,Senior,38,Female,1607306,96.0,3.0714269172020607,4.220091373383932,0,3,1.0,43
EMP-006764,2021-04-05,IT,Mid,55,Female,1011167,117.0,1.8302662484450907,4.125931136539421,46,1,1.0,22
EMP-006765,2019-04-20,HR,Manager,41,Female,1336577,38.0,4.085573322672177,3.243746593967451,47,2,,47
EMP-006766,2021-02-20,Marketing,Lead,51,Male,1269540,111.0,4.330122411738355,3.4593839843636514,2,3,0.0,7
EMP-006767,2021-06-26,Marketing,Mid,56,Female,1056305,71.0,4.124049196307002,3.2569018760008484,20,2,1.0,43
EMP-006768,2016-01-29,Marketing,Manager,41,Male,1409159,51.0,3.390396553671446,3.385123229622044,15,2,1.0,33
EMP-006769,2019-12-23,Operations,Junior,26,Male,1669505,55.0,2.8031645400856613,1.0367855035955151,16,7,1.0,43
EMP-006770,2019-07-01,Marketing,Junior,45,Female,1931655,20.0,3.701988742442015,3.710152497104308,35,1,0.0,32
EMP-006771,2019-08-03,Finance,Mid,45,Female,1203963,112.0,1.2943696781588203,3.9808056090953174,18,4,0.0,45
EMP-006772,2020-06-01,Marketing,Mid,33,Male,1142875,26.0,3.1347005971420403,2.733249313204487,21,1,0.0,20
EMP-006773,2015-02-22,Finance,Lead,42,Female,441143,105.0,2.2368968976542973,2.390132208560309,6,4,0.0,39
EMP-006774,2021-05-09,Operations,Mid,53,Male,784624,48.0,3.6372219671214183,1.436661193174496,33,1,0.0,1
EMP-006775,2021-06-23,HR,Manager,33,Male,1627206,27.0,1.0833022463780577,1.9377732808591115,1,7,1.0,5
EMP-006776,2015-05-20,Sales,Senior,37,Male,1344616,17.0,3.4706142408191765,2.008122006661472,6,7,1.0,24
EMP-006777,2020-08-26,HR,Manager,49,Female,1425608,91.0,1.8904725707548442,1.0721150293600425,10,8,0.0,13
EMP-006778,2016-01-22,Sales,Mid,49,Male,1686463,82.0,4.7208641028444625,3.223554366966187,45,7,0.0,17
EMP-006779,2021-02-14,IT,Senior,41,Female,543341,94.0,3.3203095056492673,4.927525888718929,15,4,0.0,23
EMP-006780,2017-10-27,Operations,Junior,52,Female,1524041,53.0,3.5880391946847894,3.0873398140713286,12,1,1.0,44
EMP-006781,2017-05-17,Marketing,Mid,41,Female,1303399,83.0,4.995992882295761,3.1327966487896046,29,0,1.0,39
EMP-006782,2016-05-08,Sales,Lead,49,Female,1395127,82.0,4.8056263381756565,1.6205658752425678,45,4,0.0,36
EMP-006783,2020-06-24,IT,Junior,53,Male,329219,83.0,2.357655343248195,3.628783898224749,31,9,0.0,3
EMP-006784,2015-09-25,Operations,Manager,33,Male,1701378,3.0,2.4133838236218175,2.2812909855053576,18,1,0.0,6
EMP-006785,2021-06-11,Operations,Senior,28,Female,1069553,108.0,2.5184779649975915,4.266372994822339,35,1,1.0,36
EMP-006786,2018-06-12,IT,Lead,31,Female,1785707,45.0,3.7956028552230747,4.612973296464658,42,5,1.0,39
EMP-006787,2021-07-04,Marketing,,52,Male,1515784,26.0,3.2087670497763323,3.8227577351312885,27,9,0.0,18
EMP-006788,2015-09-29,Sales,Lead,48,Male,884318,36.0,1.5740325076361685,2.5076402380068092,25,0,1.0,3
EMP-006789,2015-11-06,Operations,Senior,27,Male,1245390,116.0,2.1027192041116023,2.0025926367330174,32,8,0.0,35
EMP-006790,2020-03-08,Sales,Senior,48,Male,579781,47.0,2.490739669489431,4.581223205489685,40,0,1.0,40
EMP-006791,2020-07-02,IT,Senior,51,Male,1096606,77.0,3.1821121883389787,3.632183919945249,42,0,1.0,19
EMP-006792,2019-12-06,Finance,Manager,59,Female,532257,44.0,4.476643335424358,3.114044238469997,20,9,1.0,25
EMP-006793,2017-05-18,Finance,Lead,44,Male,1737787,39.0,4.954365403065352,4.519854040470913,12,2,1.0,43
EMP-006794,2016-05-21,Marketing,Mid,46,Male,1006053,58.0,4.584489093564568,2.1788294079262713,22,8,0.0,20
EMP-006795,2018-12-11,Sales,,32,Male,944151,5.0,4.523685315829407,3.7359043311301154,14,5,1.0,44
EMP-006796,2018-11-06,Operations,Junior,23,Female,1206574,60.0,1.739080940545878,4.077937442894806,31,3,0.0,5
EMP-006797,2015-04-06,Sales,Manager,50,Male,1333478,92.0,1.3273613379350255,1.7956252538896136,15,9,1.0,23
EMP-006798,2019-03-25,Sales,,38,Female,1835603,28.0,2.5014439377368687,2.073254582940976,22,3,0.0,0
EMP-006799,2016-12-21,IT,Manager,44,Male,594936,23.0,1.232536203098455,3.6858595997205654,21,8,1.0,22
EMP-006800,2017-02-02,Operations,Senior,33,Female,1204267,86.0,1.2343551970982913,1.4804850156270426,4,7,0.0,43
EMP-006801,2020-05-05,Marketing,Junior,35,Female,1202235,62.0,1.1417634644699355,2.103959681581301,24,0,1.0,7
EMP-006802,2018-01-21,HR,Junior,58,Male,926662,95.0,3.0898508536618494,4.874547490806765,3,4,0.0,12
EMP-006803,2015-02-26,Sales,Mid,27,Male,1321327,24.0,1.18102878981247,1.119508609472759,44,2,0.0,46
EMP-006804,2015-02-26,Sales,Mid,39,Female,1158823,,2.564784545826356,2.3025126190585254,41,8,1.0,42
EMP-006805,2015-06-24,IT,Lead,26,Female,1964057,50.0,2.6614754599770363,2.3332989417590952,0,9,1.0,4
EMP-006806,2018-09-14,IT,Mid,560,Female,933267,50.0,2.3415131767899533,3.385454425450336,22,3,1.0,36
EMP-006807,2018-12-09,Marketing,Mid,27,Female,395011,41.0,3.7261312093528094,4.8519129612627765,41,7,1.0,30
EMP-006808,2019-06-16,HR,Lead,48,Female,405137,61.0,2.3172797962334197,2.3878437437651785,42,0,0.0,23
EMP-006809,2021-10-19,Sales,Junior,57,Female,1951471,20.0,1.9857606856827936,1.795913745228833,32,7,0.0,28
EMP-006810,2017-09-19,Finance,Manager,47,Male,1358820,33.0,4.768050208619006,2.1483715213055095,42,2,0.0,40
EMP-006811,2020-09-07,Sales,Junior,54,,1117602,112.0,4.908849729952589,2.2073779306301358,40,7,0.0,34
EMP-006812,2020-08-12,Finance,Junior,35,Female,880366,56.0,3.2546083230860585,4.478647107815466,0,1,1.0,8
EMP-006813,2017-03-07,HR,Junior,48,Female,899854,38.0,2.035324400062769,1.2868985492045573,3,5,1.0,7
EMP-006814,2020-04-27,IT,Mid,38,Male,1312324,83.0,3.719575861948641,2.7118287249407635,35,1,1.0,32
EMP-006815,2015-07-25,Operations,Mid,38,Male,949862,18.0,4.0424373484240625,4.885284156231251,15,9,1.0,2
EMP-006816,2021-05-03,Marketing,Senior,35,Female,1749623,20.0,4.074002249374008,2.0945441769099897,43,4,1.0,26
EMP-006817,2017-03-29,Operations,Lead,26,Female,1451248,13.0,4.732096674447166,4.831529332092888,39,7,1.0,44
EMP-006818,2018-03-31,IT,Senior,33,Female,1808612,96.0,4.438700143841995,2.8794318543473807,44,4,0.0,6
EMP-006819,2018-11-08,Operations,Senior,28,Female,1784118,15.0,4.3219037647982566,4.515605320898237,13,0,0.0,12
EMP-006820,2016-10-24,HR,Junior,33,Male,1711448,113.0,4.390013978720194,47.65947018255283,6,0,1.0,16
EMP-006821,2015-03-08,Sales,Junior,31,Male,1078528,89.0,1.0291826506795836,3.4938980693862467,32,2,0.0,30
EMP-006822,2021-01-26,Sales,Senior,54,Female,823553,11.0,2.2451465935711243,4.982800690907876,29,8,0.0,4
EMP-006823,2016-02-02,Operations,Mid,57,Female,664467,57.0,2.0426186890638474,4.253931553887703,41,7,1.0,38
EMP-006824,2017-12-23,Finance,Lead,25,Male,1310520,15.0,3.828743166984087,2.034116790400981,0,0,1.0,40
EMP-006825,2019-02-22,Sales,Lead,46,Male,1445223,109.0,3.214713847213959,38.09915589018687,6,2,0.0,45
EMP-006826,2020-09-17,Operations,Junior,38,Male,1807867,75.0,1.8119276751724582,1.543302793229468,49,3,1.0,17
EMP-006827,2015-12-11,HR,Junior,30,Male,692415,78.0,1.8615135321455472,2.3581298767063803,43,7,0.0,21
EMP-006828,2019-09-14,Sales,Junior,32,Female,1954868,42.0,4.857052643549404,4.3616743872596775,45,2,0.0,7
EMP-006829,2015-07-27,Operations,Lead,41,Female,822399,72.0,2.2203195234518884,4.738862325381742,3,5,1.0,46
EMP-006830,2020-02-25,IT,Manager,25,Female,871035,118.0,2.5550924069974514,1.7561590975553916,1,7,0.0,1
EMP-006831,2021-09-17,IT,Mid,47,Female,896513,54.0,2.800619154059121,2.2106063784570593,48,6,0.0,44
EMP-006832,2016-12-29,Operations,Mid,58,Female,963296,30.0,3.626907614204626,4.37854597691009,7,6,0.0,28
EMP-006833,2015-01-23,IT,Senior,41,Male,893368,5.0,3.189559635339239,2.8214782808468084,23,5,0.0,42
EMP-006834,2015-09-02,HR,Manager,26,Male,727349,77.0,1.6897932948649115,3.274344428382886,29,8,0.0,7
EMP-006835,2018-08-12,HR,Manager,43,Female,780742,81.0,2.8281771583388764,3.1534623578809478,6,0,1.0,5
EMP-006836,2016-04-15,HR,Manager,56,Male,1667147,117.0,3.4079501940550476,2.434761061314006,43,8,0.0,25
EMP-006837,2017-01-19,Marketing,Manager,23,,1869663,78.0,4.081023577006649,3.6804020068962737,1,5,1.0,21
EMP-006838,2019-06-15,Operations,Junior,50,Female,1793771,88.0,2.019614154450699,2.2328389891615243,40,6,1.0,23
EMP-006839,2018-10-12,HR,Senior,52,Female,567214,2.0,3.9965804886341263,3.465773017980104,24,1,1.0,35
EMP-006840,2017-04-07,Operations,Mid,26,Female,808317,27.0,4.066445203445443,2.023512480860081,18,0,0.0,39
EMP-006841,2016-11-25,Marketing,Mid,47,Male,679549,55.0,1.8026957385072282,3.5311333712915998,19,5,0.0,45
EMP-006842,2017-08-30,HR,Lead,46,Male,1070451,,4.235054285236456,4.951120570565812,3,6,1.0,21
EMP-006843,2015-05-03,IT,Junior,41,Female,988886,51.0,4.8945217635884415,2.7568731385444223,19,4,1.0,46
EMP-006844,2016-09-23,IT,Junior,26,Female,1665152,62.0,1.9658658153379185,3.9294972592956934,7,0,0.0,15
EMP-006845,2017-08-13,Finance,Manager,46,Female,850750,88.0,2.910716417541246,2.4446346592058936,44,4,1.0,29
EMP-006846,2020-12-29,Sales,Mid,33,Male,856475,55.0,3.788156098818524,1.131777510912357,45,8,,20
EMP-006847,2019-01-21,Marketing,Senior,47,Male,839635,108.0,2.4623117475889935,4.184889074488151,45,9,0.0,8
EMP-006848,2016-08-29,HR,Mid,23,Male,1279138,28.0,2.7696310575326657,1.9468074362039034,41,0,0.0,34
EMP-006849,2015-03-05,Operations,Manager,27,Female,598894,23.0,4.701131418939999,4.948275876088768,40,5,0.0,19
EMP-006850,2016-08-15,Sales,Lead,37,Female,1896954,110.0,4.711677450406843,,24,4,0.0,43
EMP-006851,2020-06-08,Operations,Manager,23,Male,1071876,61.0,3.72999727726232,1.506433494855207,43,1,0.0,24
EMP-006852,2015-01-23,Sales,Mid,52,Male,1073731,71.0,2.015161814710641,3.551376910941135,27,5,0.0,25
EMP-006853,2019-10-03,Sales,Manager,46,Male,1008504,76.0,2.9743967560071423,3.9685259048538546,42,6,0.0,30
EMP-006854,2017-12-20,Finance,Junior,23,Male,723779,53.0,3.290236483999291,1.4334104935597027,7,7,0.0,11
EMP-006855,2016-05-11,Sales,Junior,22,Female,1903312,58.0,2.679678471398397,4.961782302939442,1,6,0.0,2
EMP-006856,2017-05-16,Finance,Mid,540,Male,1334068,45.0,2.0076059520461516,4.898424584904939,43,7,1.0,38
EMP-006857,2020-08-11,HR,Mid,23,Male,479161,18.0,3.9648628576548828,2.4537025562727526,1,3,1.0,37
EMP-006858,2015-10-10,Finance,Mid,31,Male,1217829,13.0,1.4211226145560465,4.380234689201837,43,5,1.0,6
EMP-006859,2018-01-19,Finance,Mid,47,Male,527750,63.0,3.6291721990863977,2.9296214239171965,36,0,1.0,6
EMP-006860,2018-09-04,IT,Mid,47,Female,828559,33.0,2.982055930726792,2.399738491651462,40,2,1.0,36
EMP-006861,2019-06-24,IT,,44,Male,1106517,71.0,2.801611468066574,1.1817929782485006,29,9,1.0,26
EMP-006862,2017-05-14,HR,Mid,39,Female,787166,69.0,1.6238200859563925,3.162408409316217,44,5,1.0,20
EMP-006863,2018-11-26,Marketing,Mid,29,Female,1720416,63.0,2.9212258970486715,2.237298612161797,31,5,0.0,9
EMP-006864,2020-07-02,Finance,Lead,54,Male,1453594,112.0,3.7824839193503035,2.9569528259709337,21,2,,41
EMP-006865,2021-10-31,IT,Senior,40,Male,1033063,112.0,2.230275413075299,2.736725918097654,23,1,1.0,36
EMP-006866,2015-11-23,Sales,Junior,35,Female,924520,61.0,2.7184971058260423,2.2200847394444847,37,6,0.0,1
EMP-006867,2020-06-27,Finance,Lead,46,Female,1899276,82.0,2.936818611999736,1.5866628938665222,39,2,0.0,8
EMP-006868,2018-06-22,Operations,Lead,27,Female,689623,79.0,4.051920730044497,3.0959144997557178,21,6,1.0,33
EMP-006869,2015-06-13,Finance,Lead,33,Male,1429601,65.0,4.881924770279532,3.8004158610060887,2,1,0.0,35
EMP-006870,2020-12-05,IT,Lead,31,Male,1596735,,1.1482336952307146,4.222409287932841,29,3,1.0,0
EMP-006871,2017-07-20,IT,Mid,35,Female,1173121,63.0,3.4291947749609446,2.6608715872984328,37,1,1.0,40
EMP-006872,2020-07-21,HR,Senior,46,Female,1594630,13.0,1.6321099707283357,3.0069401170903296,11,6,1.0,33
EMP-006873,2020-12-19,Operations,Lead,39,Female,1701501,21.0,1.9693190938891174,4.282927867540446,27,7,1.0,29
EMP-006874,2019-09-06,Finance,Manager,54,Female,1441377,20.0,2.782219679444778,4.385228862639204,31,5,1.0,2
EMP-006875,2019-01-10,Marketing,Junior,28,Male,1528213,99.0,2.2319285727041716,3.7257118407997667,10,0,1.0,26
EMP-006876,2021-11-04,IT,Manager,26,,1376042,37.0,1.1244204726707916,3.117534113762976,33,8,0.0,26
EMP-006877,2019-04-24,HR,Manager,22,Female,366821,57.0,4.715489143730255,2.2126094033067067,49,2,1.0,33
EMP-006878,2019-03-03,Operations,Manager,25,Female,1748124,41.0,4.352619647750963,3.887717588570569,9,0,0.0,20
EMP-006879,2015-12-12,Operations,Senior,30,Male,723754,30.0,4.265958755058087,3.56299015615801,15,4,1.0,34
EMP-006880,2019-04-02,Finance,Junior,37,Male,1978459,60.0,2.4217685250640404,4.854027471715636,21,2,1.0,19
EMP-006881,2016-08-07,IT,Junior,58,Male,664820,73.0,2.271799974439671,1.436627099569201,48,0,,4
EMP-006882,2021-01-10,Marketing,Manager,34,Male,755711,71.0,4.221936112473999,4.105855835479656,30,1,0.0,11
EMP-006883,2019-04-08,HR,Manager,45,Male,734180,46.0,3.033246612540562,2.490760802026381,43,8,0.0,11
EMP-006884,2021-04-17,Operations,Lead,35,Male,646482,37.0,4.691617931485702,,20,5,1.0,4
EMP-006885,2020-03-23,Sales,Senior,28,Female,982361,11.0,3.9812184340330807,4.533628100563064,1,8,1.0,31
EMP-006886,2019-06-10,Marketing,Mid,44,Male,898855,79.0,1.599234976776104,4.310447950111026,36,3,1.0,6
EMP-006887,2021-01-11,IT,Lead,28,Female,403874,98.0,1.274840018831474,2.840074837834534,9,5,0.0,31
EMP-006888,2017-01-01,Sales,Lead,36,Female,813165,86.0,4.902702058963525,1.9185100069924275,27,4,1.0,29
EMP-006889,2021-03-28,Sales,Senior,59,Female,364456,23.0,3.943684048293108,3.2453409617199287,23,8,1.0,28
EMP-006890,2015-04-17,Marketing,Manager,42,Female,1281277,55.0,3.804668943119323,3.5711942283916915,39,0,0.0,38
EMP-006891,2018-12-20,HR,Senior,28,Male,557132,35.0,3.1771687567347096,4.0309598116338545,35,1,1.0,16
EMP-006892,2019-09-25,IT,Lead,50,Female,911950,111.0,2.430045033507386,4.4351613008021875,4,1,0.0,28
EMP-006893,2015-04-03,IT,Junior,56,Female,1858723,2.0,4.515151510208014,1.1104557218031217,36,9,0.0,16
EMP-006894,2015-07-07,Operations,Mid,27,Female,332101,61.0,2.241409950687124,3.589455948971499,38,8,1.0,3
EMP-006895,2015-10-07,Sales,Junior,50,Male,1761067,42.0,2.551207069343403,3.042551415721005,30,3,1.0,11
EMP-006896,2016-10-07,IT,Mid,53,Female,455427,73.0,1.5698567491253033,1.111426618958304,36,8,1.0,6
EMP-006897,2021-08-18,Operations,Junior,33,Female,1355984,14.0,2.444737745173746,3.9815195921404323,26,3,1.0,15
EMP-006898,2018-12-11,HR,Junior,35,Male,313435,75.0,1.4784585350514878,4.423003505296114,0,2,0.0,34
EMP-006899,2018-06-07,Marketing,Senior,48,Female,1755490,114.0,4.817613986499952,1.027811195193479,2,5,1.0,7
EMP-006900,2018-12-29,Sales,,51,Male,1859481,60.0,2.5542752795448407,3.180442966986572,28,9,0.0,6
EMP-006901,2017-10-18,Marketing,Junior,57,Male,1231970,74.0,3.5793023994458593,1.3341433623812362,30,8,1.0,14
EMP-006902,2021-02-06,Finance,Manager,43,Male,1915615,4.0,2.951409236711408,2.8997484506157916,19,9,0.0,0
EMP-006903,2018-07-17,Operations,Mid,59,Female,1382292,103.0,2.4101383991735603,4.001447654296957,18,6,1.0,24
EMP-006904,2016-04-19,Finance,Junior,450,Male,1469322,71.0,2.8248928457996145,4.236173141896529,25,0,0.0,37
EMP-006905,2016-03-02,Marketing,Mid,54,Female,565198,77.0,1.0407915354900905,2.3713667635328206,13,9,1.0,19
EMP-006906,2020-04-06,Operations,Manager,46,Female,994395,15.0,2.9595749512416987,,39,6,0.0,31
EMP-006907,2017-07-06,Finance,Mid,27,Male,1204817,98.0,3.379757360609654,2.0987404113599673,10,4,0.0,12
EMP-006908,2019-11-14,Sales,Manager,28,Male,1271194,101.0,1.0321196337273348,2.7897119032872353,27,1,0.0,4
EMP-006909,2020-08-01,Finance,Mid,22,Male,1925000,8.0,1.1768317503592285,4.438367845257803,7,1,1.0,24
EMP-006910,2016-04-03,IT,Lead,31,Female,873159,110.0,4.177883407664018,2.4834999065533188,8,3,0.0,16
EMP-006911,2015-05-30,Finance,Junior,23,Male,1742777,9.0,4.274372758887368,1.2266641289846394,11,5,1.0,31
EMP-006912,2020-08-16,IT,Lead,47,Male,1703847,1.0,2.0338457322902643,4.509081660110847,30,7,0.0,39
EMP-006913,2018-05-02,IT,,40,,1382753,89.0,1.0935398461934542,1.461695444940366,39,7,0.0,33
EMP-006914,2016-09-13,IT,Senior,47,Female,1800973,92.0,3.387737500761748,4.811691073299409,8,0,1.0,29
EMP-006915,2018-08-25,Operations,Junior,42,Female,1576583,88.0,1.742227979436315,1.446534415878597,48,9,0.0,32
EMP-006916,2020-12-09,Sales,Lead,54,Male,547520,41.0,2.2510515167397087,3.819508770271821,0,3,0.0,8
EMP-006917,2020-01-20,HR,Lead,24,,637508,92.0,3.8852979802219707,2.4963231896186446,33,0,0.0,37
EMP-006918,2020-09-03,HR,Manager,50,Male,720891,70.0,2.3626767998347096,1.4359748698862207,29,7,0.0,33
EMP-006919,2020-08-06,Operations,Senior,48,,1086074,105.0,4.909196881796836,4.341866630646418,23,7,1.0,17
EMP-006920,2018-02-12,HR,Manager,32,Female,345114,72.0,2.3214393681743934,2.183097446626975,42,4,0.0,26
EMP-006921,2015-11-28,Sales,Junior,50,Female,957359,69.0,1.5343127010816913,1.5700518472994993,37,2,1.0,18
EMP-006922,2019-07-12,Operations,Lead,31,Female,1704224,,2.0637815029685664,3.8214279155294264,24,8,0.0,38
EMP-006923,2021-05-22,HR,Mid,35,Male,1698266,55.0,2.3179740561180293,2.8215230984233393,31,1,0.0,32
EMP-006924,2021-09-10,IT,Manager,53,Female,733220,36.0,3.766951193730228,4.821859095666275,22,7,0.0,12
EMP-006925,2021-08-01,Finance,Manager,42,Female,897069,92.0,1.6921777942929772,4.76597953111566,30,3,0.0,27
EMP-006926,2015-12-17,Operations,Manager,47,Female,1162014,21.0,2.6459291330465367,1.4635221395844122,46,1,1.0,33
EMP-006927,2017-03-28,IT,Manager,44,Male,558089,98.0,4.1971081678403905,3.3336224047075054,2,3,1.0,39
EMP-006928,2018-10-22,Marketing,Senior,50,Female,1897038,75.0,2.200985247049092,1.0203675794598968,12,3,0.0,33
EMP-006929,2016-10-20,Sales,Junior,58,Female,1540818,92.0,2.2578764426144056,3.7024449778390616,11,2,1.0,35
EMP-006930,2016-08-21,IT,Manager,57,Male,1805898,28.0,1.953717412156195,2.5516925867766425,26,5,1.0,13
EMP-006931,2017-04-10,Marketing,Senior,53,Female,722923,79.0,3.602558973218661,3.479207465363369,17,1,0.0,23
EMP-006932,2015-01-02,IT,,39,Male,665038,17.0,2.8582819332687572,1.2774831507604731,12,6,1.0,0
EMP-006933,2016-11-17,HR,Lead,31,Female,1415641,35.0,4.867126988637715,4.498136703416137,2,7,0.0,2
EMP-006934,2020-07-09,Sales,Senior,30,Female,943681,95.0,4.4579246776640105,2.1990026147002943,10,0,0.0,18
EMP-006935,2019-05-13,IT,Senior,26,Female,1147960,106.0,3.9035882891175877,3.8389509695476867,10,6,0.0,22
EMP-006936,2021-02-18,Finance,Lead,35,,1072549,47.0,4.638700914294732,2.0585969099030295,28,9,1.0,7
EMP-006937,2016-11-07,Sales,Lead,38,Male,1829328,66.0,4.374234057175885,3.0681524154217357,2,1,0.0,8
EMP-006938,2018-05-01,Marketing,Lead,25,Male,1045935,80.0,3.7630636278605833,2.3653825857068473,35,5,,47
EMP-006939,2020-12-12,Finance,Manager,22,Male,1419837,80.0,4.087814072619041,4.273258574962028,33,8,0.0,21
EMP-006940,2017-08-27,HR,Manager,59,Male,825088,118.0,3.6329625280125777,,35,9,1.0,4
EMP-006941,2018-07-29,Finance,Senior,28,Female,1435047,106.0,2.5122391218835953,1.834395945823696,37,4,0.0,26
EMP-006942,2021-10-01,Operations,Lead,41,Female,1933450,116.0,3.0918490141486576,3.278556952239444,26,5,0.0,43
EMP-006943,2015-11-11,IT,Lead,40,Female,1553028,10.0,2.248622847012974,2.672047950325323,28,7,1.0,29
EMP-006944,2021-01-30,Sales,Lead,40,Female,1392609,23.0,4.819333409746217,4.366096892601801,0,5,1.0,15
EMP-006945,2021-04-04,Operations,Junior,39,Female,1083998,60.0,2.7036746571886145,3.4091364128521864,43,7,1.0,31
EMP-006946,2019-06-03,Operations,Senior,26,Female,1743134,60.0,2.687556666037178,1.910662730358064,37,5,1.0,23
EMP-006947,2021-06-06,HR,Senior,49,Male,1763154,106.0,3.6326027241569294,1.2204303089740454,3,1,1.0,40
EMP-006948,2018-06-25,Operations,Senior,55,Female,1554422,10.0,3.0324950400993647,4.216927805226298,45,5,1.0,14
EMP-006949,2019-07-28,HR,Junior,27,Female,1619807,29.0,1.2658618041144205,3.0327580435675876,14,7,1.0,46
EMP-006950,2016-12-16,Finance,Lead,34,Male,998265,74.0,3.807577501845283,3.7278455218977298,49,0,0.0,1
EMP-006951,2018-05-16,Finance,Mid,33,Male,1350282,116.0,2.778778581084022,1.2485197866031021,18,4,0.0,1
EMP-006952,2019-10-26,Marketing,Lead,51,Male,1029769,107.0,1.7085429272374761,2.447033018261754,28,5,0.0,6
EMP-006953,2020-03-30,Operations,Lead,29,Male,721350,14.0,4.200219506255275,1.4068567628852455,18,8,0.0,2
EMP-006954,2016-06-07,Finance,Lead,27,Female,996538,115.0,4.717793202370076,3.0747150888965677,38,9,0.0,3
EMP-006955,2018-11-06,HR,Junior,27,Female,1009284,90.0,3.621371786847688,1.5889559723782458,31,3,0.0,0
EMP-006956,2016-06-07,IT,Mid,52,Male,898396,82.0,1.8457648467998213,4.956316482158533,19,8,1.0,13
EMP-006957,2016-10-25,Marketing,Mid,41,Female,1883238,99.0,3.2070257004794454,4.21361514971405,14,3,1.0,43
EMP-006958,2017-04-25,Finance,Lead,41,Male,1702567,115.0,4.2052595137764275,4.721772484120743,27,7,0.0,2
EMP-006959,2019-10-04,IT,Junior,50,Male,1470586,8.0,4.681807456989535,2.9320917533905657,20,2,0.0,8
EMP-006960,2017-04-07,Finance,Manager,56,Female,1016698,93.0,2.2765408539377354,1.439295510126846,38,9,1.0,3
EMP-006961,2021-01-19,Sales,Lead,58,Male,1123336,80.0,2.319328398953771,3.5408905688997336,2,8,,25
EMP-006962,2015-06-23,Finance,Mid,41,Female,1004446,70.0,2.595467325933866,2.5563418893413425,2,7,0.0,25
EMP-006963,2020-03-07,Finance,Manager,37,Female,827161,74.0,3.6775816971728363,2.7029515155027837,15,6,0.0,1
EMP-006964,2017-08-30,HR,Mid,54,Female,1048802,57.0,4.066653116528309,2.9845190217148407,45,8,0.0,35
EMP-006965,2016-04-15,Finance,Manager,46,Male,1615399,17.0,4.4867184794076564,3.1552877521963434,20,5,1.0,29
EMP-006966,2021-09-17,Sales,Junior,27,Female,323909,5.0,1.5633011644570782,2.7734503601872533,20,8,1.0,16
EMP-006967,2016-07-28,Operations,Junior,39,Female,886874,80.0,2.282058348549329,2.2720872100519847,12,8,1.0,6
EMP-006968,2018-05-05,IT,Manager,39,Female,709599,55.0,2.8505168999678694,3.4637200259380716,29,4,1.0,35
EMP-006969,2018-04-30,HR,Mid,28,Female,368633,64.0,4.056347846996022,1.4627719580346592,20,0,1.0,4
EMP-006970,2020-11-11,IT,Lead,58,Female,1534418,15.0,4.6324805235094555,4.300308006126215,36,3,0.0,45
EMP-006971,2018-07-01,Marketing,Manager,26,,1182648,19.0,1.436675504407729,1.6231921782264283,7,1,0.0,39
EMP-006972,2021-10-29,Marketing,Senior,54,Female,1543718,79.0,2.691032643382394,2.998592581002982,18,0,1.0,14
EMP-006973,2015-05-01,IT,Junior,48,Male,1360939,41.0,3.405199672482103,3.1952765534247587,11,2,0.0,47
EMP-006974,2020-06-10,Finance,Lead,39,Female,1622894,6.0,1.3030958239413986,2.711627276098623,10,0,0.0,6
EMP-006975,2015-07-13,Sales,Manager,36,Male,300341,74.0,2.430409447708281,,43,1,1.0,17
EMP-006976,2019-07-17,Marketing,Junior,39,Male,1235814,81.0,2.17463048599196,3.0287796582423874,29,0,1.0,9
EMP-006977,2021-06-11,Marketing,Senior,48,Male,301048,91.0,2.6358781207817423,1.1496987871574675,6,7,1.0,37
EMP-006978,2021-04-29,Finance,Senior,46,Male,434082,104.0,4.328504627341615,4.029446865520803,21,8,0.0,5
EMP-006979,2021-11-02,Sales,Lead,47,Female,1768887,78.0,4.182125262337247,4.653361666029808,11,1,1.0,9
EMP-006980,2020-05-31,Finance,Lead,35,Male,1671457,68.0,4.870864352173726,4.182591078743655,21,3,1.0,31
EMP-006981,2018-04-14,Operations,Junior,28,Male,307380,67.0,2.54407926759987,1.7730207949854755,32,7,0.0,38
EMP-006982,2019-04-18,HR,Mid,42,Female,1851433,24.0,1.114148264390609,4.672656643983969,12,9,0.0,0
EMP-006983,2016-11-04,Finance,Mid,55,Female,1370618,2.0,3.5546812796794485,1.3643623687809447,32,7,1.0,35
EMP-006984,2019-02-01,Sales,Mid,22,Male,1775537,52.0,4.8917911625629955,4.999979719336676,17,8,0.0,29
EMP-006985,2015-12-20,Sales,Junior,24,Male,1138352,27.0,4.28221674945496,1.225668948207491,42,5,0.0,10
EMP-006986,2019-03-28,IT,Junior,45,Male,1590962,52.0,1.4942748378785105,3.555481130392958,18,0,0.0,22
EMP-006987,2020-09-24,HR,Mid,59,Female,1495105,35.0,1.23924935488848,1.6311965153025012,35,9,1.0,20
EMP-006988,2017-07-02,Operations,Senior,27,Female,401338,78.0,3.892443440949651,2.215522987266524,38,6,1.0,44
EMP-006989,2015-12-09,HR,Junior,56,Female,1056559,97.0,2.0120239536454125,1.661548876302564,27,3,0.0,42
EMP-006990,2016-09-18,Marketing,Junior,28,Male,676269,26.0,2.1478027842439444,1.2255270416471316,25,7,1.0,14
EMP-006991,2015-12-31,IT,Manager,47,Female,840421,21.0,2.3717993160830386,2.226564204060847,4,5,1.0,46
EMP-006992,2015-01-20,Operations,Mid,24,Male,1396721,13.0,1.7733282729043363,3.770394093656457,13,0,0.0,34
EMP-006993,2020-01-11,Sales,Lead,31,Male,1837119,85.0,3.8966834712641263,4.316247949222065,33,5,0.0,30
EMP-006994,2018-03-30,Sales,Mid,43,Male,1409808,12.0,3.801495491414627,4.619011180874491,44,7,0.0,19
EMP-006995,2018-07-03,Operations,Lead,31,Male,886421,94.0,4.061951411746099,4.284170559774026,23,5,0.0,38
EMP-006996,2016-03-23,Sales,Senior,57,Female,1515885,21.0,3.3368656260468783,1.2875066290323822,16,1,1.0,25
EMP-006997,2017-05-07,Finance,Junior,40,Female,1528002,63.0,2.980934454459902,,20,5,1.0,46
EMP-006998,2016-01-06,Sales,Junior,32,Female,429159,21.0,3.051628558452819,2.4336349889076767,26,6,0.0,3
EMP-006999,2018-03-11,Finance,Senior,55,Female,1052178,57.0,3.1016386684621224,1.0420730233166497,27,0,0.0,23
EMP-007000,2015-07-08,Finance,Lead,29,Male,1902688,60.0,2.3761023476265106,2.2222140708062055,32,1,1.0,9
EMP-007001,2017-04-25,Finance,Lead,35,Female,1557765,90.0,2.346755919268505,3.514493374347512,38,5,0.0,24
EMP-007002,2020-01-19,Finance,Senior,59,Male,1151562,59.0,3.75609994625774,2.7472857636796957,9,1,0.0,36
EMP-007003,2019-08-26,IT,Mid,440,Male,690178,99.0,3.737109233502996,2.02117791186929,36,4,1.0,0
EMP-007004,2015-03-05,HR,Manager,22,Female,1167225,32.0,3.173253806930281,3.3944395285246824,47,4,0.0,45
EMP-007005,2019-01-31,IT,Lead,29,Female,448513,94.0,4.199385830382069,1.9366007700515486,1,9,1.0,20
EMP-007006,2017-12-26,Sales,Mid,24,Male,1584940,65.0,3.2066308443161806,3.465811092102587,5,0,0.0,36
EMP-007007,2018-05-24,Sales,Lead,43,Female,1893393,72.0,1.0121209261061752,3.5365777019702653,20,2,0.0,26
EMP-007008,2018-10-27,Finance,Junior,41,Male,653557,117.0,2.093147860469335,1.424113252020144,36,6,0.0,11
EMP-007009,2020-09-10,Sales,Senior,26,Male,986801,88.0,4.088786334714351,2.902292518536153,12,6,1.0,31
EMP-007010,2021-07-24,Finance,Senior,23,Female,919799,22.0,4.141551507294844,2.8581266364042044,41,7,0.0,19
EMP-007011,2020-08-14,Marketing,Junior,22,Male,1850673,105.0,3.991146034520252,4.613683679520447,40,3,0.0,30
EMP-007012,2016-01-26,Finance,Mid,58,Male,1081308,105.0,4.741443817695867,3.9206752329648227,11,8,0.0,46
EMP-007013,2015-07-18,Operations,Lead,48,Female,1157643,114.0,3.254570441477491,3.413071388465243,49,8,0.0,30
EMP-007014,2017-06-15,Sales,Senior,44,Female,609057,116.0,3.060034897634205,3.682436082934828,35,9,1.0,12
EMP-007015,2019-02-06,Marketing,Junior,52,Male,1528046,111.0,2.603352472689226,4.730421493183138,14,6,1.0,9
EMP-007016,2018-04-22,IT,Senior,45,Female,661580,8.0,1.6258526753354445,1.3606913185910163,46,0,1.0,12
EMP-007017,2020-06-26,Sales,Senior,35,Female,1785615,50.0,2.162412195979261,2.7857403410161883,4,7,0.0,11
EMP-007018,2021-02-19,IT,Junior,28,Female,892687,53.0,4.825872752029168,4.878303841240806,10,6,0.0,4
EMP-007019,2020-09-27,Marketing,Mid,36,Female,1093633,13.0,1.6421600101983205,1.9488689423647831,34,7,0.0,13
EMP-007020,2017-03-29,HR,Manager,43,Male,1324494,4.0,3.345434138057566,1.4407173745693238,13,8,1.0,7
EMP-007021,2020-12-18,Sales,Mid,26,Male,665759,81.0,3.0161682146641513,4.354820568731437,11,5,0.0,40
EMP-007022,2018-10-29,Marketing,Mid,38,Male,326922,118.0,1.430154342632,1.7901109401670032,32,6,1.0,13
EMP-007023,2020-01-29,Sales,Mid,47,Female,360909,115.0,3.814203288816527,1.44549160397866,1,8,0.0,22
EMP-007024,2019-12-13,Sales,Lead,40,Female,737153,19.0,3.211317686646019,1.9747661559149337,16,1,,40
EMP-007025,2015-02-22,Sales,Manager,28,Male,1340389,,3.783133377467109,4.338301689607125,26,0,1.0,37
EMP-007026,2016-11-03,Sales,Manager,53,,1058901,19.0,2.0050272288855275,,8,8,1.0,14
EMP-007027,2017-08-23,Marketing,Manager,56,Female,1614038,53.0,2.799020537307933,1.5341817996024347,9,7,1.0,3
EMP-007028,2019-03-18,Finance,Manager,59,Male,598975,103.0,3.7795028868285248,4.129240501177208,32,-7,1.0,36
EMP-007029,2019-09-05,Finance,Mid,36,Male,1706148,87.0,2.874043969816223,1.761521512887703,40,1,0.0,33
EMP-007030,2015-06-21,Marketing,Mid,26,Female,1681671,99.0,3.942193999361603,3.8821471704268498,18,7,0.0,3
EMP-007031,2021-05-03,Finance,Junior,48,Female,558759,70.0,2.4420969075028265,2.0941310118204206,9,6,1.0,29
EMP-007032,2015-12-13,Marketing,Manager,41,Male,1114832,115.0,1.495331968027462,1.7634296005269907,42,3,0.0,1
EMP-007033,2019-01-06,IT,Mid,28,Male,1866479,115.0,2.084697537606531,4.136899867602597,45,6,0.0,35
EMP-007034,2019-02-20,Marketing,Manager,53,Male,1181057,61.0,4.55782593115668,4.880550714189222,13,3,0.0,10
EMP-007035,2017-12-26,HR,Senior,41,Male,1787111,11.0,2.5934355165666156,1.8304942960476187,36,3,0.0,26
EMP-007036,2020-10-13,Sales,Manager,36,Female,1275675,14.0,3.1247421183149218,2.5897958802315326,31,0,0.0,32
EMP-007037,2015-06-30,IT,Mid,41,Male,1580991,47.0,1.9588637333379149,3.126492761921472,29,9,0.0,32
EMP-007038,2019-06-03,Marketing,Lead,59,Female,1723482,56.0,1.567991358050548,2.595931111614519,40,0,0.0,39
EMP-007039,2018-07-23,Marketing,Manager,37,Female,1595075,23.0,3.1004213635237163,1.3675329688013171,19,4,0.0,30
EMP-007040,2019-07-24,Finance,Senior,24,Male,1197694,48.0,2.5422711789653447,2.3542375738510817,29,4,1.0,20
EMP-007041,2019-07-10,Marketing,Manager,22,Female,754690,34.0,1.2160984833231967,2.7978322630319816,49,1,1.0,14
EMP-007042,2019-11-08,Marketing,Junior,57,Female,1484124,103.0,3.09779959384132,3.6303280603359225,33,3,0.0,6
EMP-007043,2021-03-04,Finance,Senior,29,Male,361452,93.0,4.134357473150542,4.428595163229024,23,0,0.0,6
EMP-007044,2015-09-01,HR,Mid,42,Male,787642,33.0,4.245394625814523,1.0857767390094577,20,9,0.0,29
EMP-007045,2020-05-29,Operations,Mid,48,Female,801525,115.0,2.23665394098975,3.5559777265801378,29,3,0.0,26
EMP-007046,2021-04-01,Operations,,25,Male,1411559,75.0,1.891157957829913,4.404391167325141,27,4,1.0,7
EMP-007047,2015-02-04,Marketing,Lead,29,Female,329856,106.0,4.617491005077693,2.928720716774394,42,2,1.0,17
EMP-007048,2017-12-05,Finance,Junior,37,Male,1377407,25.0,1.7409634508404888,2.550432551862371,37,5,0.0,24
EMP-007049,2017-10-28,IT,Lead,34,Male,1671789,104.0,2.1371606750725745,2.9171814346232545,47,2,1.0,16
EMP-007050,2018-10-28,Marketing,Mid,59,Male,329612,60.0,3.3366347321264067,4.394046334104872,39,4,1.0,0
EMP-007051,2015-09-18,IT,Junior,46,,1077973,103.0,2.501337086320753,2.6383592203727577,18,1,0.0,38
EMP-007052,2016-04-13,IT,Lead,35,Female,1803634,21.0,3.6441453621724396,4.936798342258431,42,7,1.0,15
EMP-007053,2019-11-28,IT,Senior,25,Female,1915474,33.0,4.27101012445447,3.6812002109175963,43,0,0.0,20
EMP-007054,2019-04-25,Operations,Manager,39,Male,1726993,91.0,2.61202601999419,1.8309056633400322,25,1,1.0,19
EMP-007055,2015-02-06,HR,Mid,35,Female,793580,110.0,2.5106376650894004,3.2070101258379937,41,5,0.0,23
EMP-007056,2021-08-15,Sales,Manager,22,Female,820127,73.0,3.241888576551341,4.2381137817758425,36,8,0.0,23
EMP-007057,2015-10-02,Sales,Manager,40,Female,421239,93.0,4.37911474807384,3.1079248318747186,47,4,0.0,25
EMP-007058,2020-03-09,Finance,Lead,57,Male,576750,65.0,4.8710497937266855,1.1974084386551231,29,8,0.0,5
EMP-007059,2018-01-28,Sales,Mid,30,Female,1515384,103.0,2.407830357135916,1.7737463881758524,22,6,1.0,28
EMP-007060,2015-09-02,IT,Lead,59,Male,836586,84.0,3.861800964103668,4.221170886771441,10,0,1.0,36
EMP-007061,2018-04-11,Operations,Lead,23,Male,1949543,10.0,2.6448323109004575,3.0489756847597733,19,6,0.0,2
EMP-007062,2015-08-27,Operations,Manager,26,Female,1814785,49.0,4.562587184364355,2.471362376207745,2,3,1.0,28
EMP-007063,2016-09-01,Finance,Manager,42,Female,746434,3.0,4.81061471008271,4.487689543312498,3,1,1.0,22
EMP-007064,2020-07-17,Marketing,Senior,34,Male,1607530,46.0,4.388040311350322,1.096245204249617,31,7,1.0,19
EMP-007065,2017-10-31,Operations,Lead,38,Female,716535,61.0,2.2579556380657126,3.2966037634414436,32,6,1.0,16
EMP-007066,2020-08-30,Operations,Mid,51,Female,1818058,49.0,2.8964262113628414,2.550003938119737,49,1,1.0,21
EMP-007067,2016-05-20,Sales,Manager,34,Female,1398738,26.0,3.9198161730335426,3.162919345048103,19,1,1.0,16
EMP-007068,2019-12-22,HR,Senior,55,Female,1462830,96.0,1.525261370142808,3.684427441228791,17,9,0.0,25
EMP-007069,2017-11-29,Finance,Mid,30,Female,634394,79.0,3.3819093763097157,1.87210312683214,44,6,0.0,11
EMP-007070,2018-09-21,HR,Manager,57,Female,1768774,34.0,3.0448512951632005,2.818165824024132,20,8,1.0,13
EMP-007071,2021-01-25,Marketing,,45,Female,1884200,5.0,2.88952932029358,4.828324345925978,29,6,1.0,18
EMP-007072,2017-06-07,Finance,Junior,37,Male,1460398,110.0,1.5364167254901515,2.713203496397373,22,8,1.0,34
EMP-007073,2015-07-18,HR,Manager,40,Female,1829509,34.0,4.88946804395775,3.469091315126264,3,3,0.0,11
EMP-007074,2021-08-05,Finance,Mid,33,Male,1269246,63.0,4.060158429197483,4.508556510568526,6,4,0.0,23
EMP-007075,2016-08-09,Sales,Manager,55,Female,1701779,25.0,1.415917022191306,4.333504312736352,40,1,0.0,10
EMP-007076,2019-11-10,Sales,Manager,47,Male,908616,86.0,1.1774981496627266,1.1423104693439865,2,0,1.0,37
EMP-007077,2021-06-03,IT,Junior,41,Male,1512082,16.0,4.18755606588308,1.0226497509681334,30,2,1.0,10
EMP-007078,2019-05-21,HR,Junior,26,Female,574665,44.0,2.7439708937781986,2.281115443644754,23,1,1.0,45
EMP-007079,2015-08-28,IT,Manager,56,Male,615796,38.0,3.1866106720510206,4.815155473227794,37,5,0.0,11
EMP-007080,2020-05-15,Marketing,Mid,45,Male,1115103,25.0,3.672621342877579,3.4815279816948306,46,5,0.0,39
EMP-007081,2017-06-26,IT,Mid,40,Female,829633,88.0,3.712998382870442,1.9269444830815212,32,5,1.0,39
EMP-007082,2016-02-07,Finance,Senior,42,Male,1214234,26.0,2.9802080495132635,3.5306286822712916,39,8,0.0,45
EMP-007083,2020-06-19,IT,Mid,38,Male,1646552,4.0,1.3980198031168891,3.54646168389503,7,7,0.0,39
EMP-007084,2018-03-11,HR,Senior,23,Male,615757,88.0,4.925809759059171,2.508073639724332,23,3,0.0,25
EMP-007085,2019-06-02,HR,,29,Female,1706459,69.0,2.2836270402644336,2.958229547058348,33,7,0.0,18
EMP-007086,2017-09-13,Marketing,Mid,31,Male,1133403,48.0,3.032939789034947,3.9635725421466605,15,3,1.0,23
EMP-007087,2015-04-29,Operations,Junior,33,Male,1107243,15.0,4.23835723840889,4.608869270625725,42,-7,1.0,43
EMP-007088,2017-04-04,Sales,Mid,41,Female,1152265,74.0,4.793817907510768,4.013764179884378,1,6,0.0,33
EMP-007089,2015-01-21,HR,Senior,390,Female,410399,61.0,2.7368724173476497,2.5621507913798585,9,3,1.0,34
EMP-007090,2018-05-31,Finance,Manager,46,Male,755153,13.0,2.493887106643837,3.7463708825024136,1,7,1.0,10
EMP-007091,2017-02-15,Sales,,48,Female,1796738,78.0,1.04225045823876,3.0913064051302386,22,6,1.0,24
EMP-007092,2015-11-15,Finance,Manager,23,Male,661668,96.0,2.66250537174454,2.5827855971509805,17,1,1.0,2
EMP-007093,2019-12-22,HR,Manager,38,Female,909691,29.0,3.3978141026396544,2.3559523314366375,48,2,1.0,29
EMP-007094,2015-02-12,Sales,Mid,53,Female,1176328,78.0,3.654406468869176,3.979209033361203,10,8,0.0,32
EMP-007095,2016-08-17,IT,Mid,49,Female,632740,55.0,3.3173896488437413,20.4247509268499,25,6,0.0,32
EMP-007096,2019-12-08,HR,Lead,29,Female,1039707,100.0,2.5267454292090243,2.909951911169586,43,5,1.0,14
EMP-007097,2016-02-28,Operations,Senior,31,Male,340129,80.0,3.2372833519586766,1.8705195240493642,37,1,1.0,21
EMP-007098,2021-01-06,IT,Manager,48,Female,1189896,13.0,1.8031084998690199,3.5175159125893583,15,1,1.0,35
EMP-007099,2019-11-17,Sales,Manager,41,Female,542757,6.0,3.765303539746072,1.0317894189988448,8,0,0.0,4
EMP-007100,2015-05-26,Finance,Senior,25,Female,824574,47.0,4.869624166283577,4.247215968148064,3,5,0.0,18
EMP-007101,2020-02-01,Operations,Manager,38,Male,627916,46.0,1.2318269308917267,3.2547496805892058,33,4,1.0,8
EMP-007102,2016-10-08,Sales,Manager,39,Male,621024,103.0,2.8574673637496613,2.940559354480505,27,7,1.0,30
EMP-007103,2017-10-05,HR,Lead,33,Female,1650234,104.0,3.7629524298268584,2.3788211745080683,23,7,0.0,9
EMP-007104,2021-11-05,Sales,Lead,56,Female,699674,6.0,3.1687844307912445,1.2436124018022108,36,0,0.0,12
EMP-007105,2017-05-05,HR,Mid,25,Female,672535,14.0,4.500698782527107,3.9282989690932757,36,1,1.0,6
EMP-007106,2020-10-19,Sales,Lead,29,Female,1509342,73.0,1.0029175026453374,4.914266838788812,34,9,0.0,17
EMP-007107,2020-01-11,IT,Senior,52,Male,1824435,114.0,1.278032197280265,3.937994958317028,16,7,1.0,0
EMP-007108,2018-01-29,Finance,Junior,40,Female,405407,90.0,4.117086379957024,3.7624554765733467,19,8,1.0,35
EMP-007109,2015-11-23,Marketing,Junior,29,Male,667542,59.0,2.879302192964114,3.681205224195033,13,5,0.0,10
EMP-007110,2017-03-25,Marketing,Junior,48,Female,896934,29.0,4.15491441573673,2.4230026703262477,1,5,1.0,38
EMP-007111,2021-06-10,Marketing,Manager,34,Male,1068947,54.0,2.3919926419113615,3.538476493099651,18,5,0.0,3
EMP-007112,2016-01-18,Marketing,Senior,52,Female,1343995,27.0,2.319820064950725,4.614375556294592,29,2,1.0,35
EMP-007113,2020-02-09,Finance,Lead,38,,1625072,48.0,3.332429787065316,3.9682395853505135,10,9,0.0,29
EMP-007114,2021-09-16,IT,Mid,35,Female,973998,48.0,2.2998752691921127,1.8245283675008395,43,5,1.0,15
EMP-007115,2019-06-05,Marketing,Senior,57,Female,1399722,73.0,4.802507116623575,2.7573698651321337,43,5,0.0,26
EMP-007116,2017-05-01,HR,Lead,40,Male,1119621,8.0,1.9337869800357956,1.717010903330173,0,0,0.0,18
EMP-007117,2018-03-31,IT,Manager,33,Female,1904827,57.0,1.1644955711538612,1.9603821908411745,24,7,1.0,16
EMP-007118,2019-08-26,Sales,Mid,53,Male,1471035,60.0,3.4352890391861126,1.2057533276486598,44,8,1.0,43
EMP-007119,2016-08-10,Finance,Senior,55,Male,378303,31.0,3.475190573304478,2.0151278627540896,13,3,0.0,29
EMP-007120,2019-10-03,Marketing,Manager,37,Male,1061856,12.0,1.3923838762561407,3.9523936608578163,18,0,0.0,46
EMP-007121,2015-02-01,Operations,Mid,29,Female,653557,93.0,3.2343881370375778,3.6446755055687814,42,2,0.0,35
EMP-007122,2018-01-12,HR,Manager,33,Female,919840,33.0,4.473807606987867,4.060249897618762,29,5,1.0,30
EMP-007123,2021-02-13,Finance,Manager,46,Female,1660239,93.0,1.6937178806661173,3.392584450556843,0,8,1.0,15
EMP-007124,2016-04-22,IT,Junior,38,Male,496986,21.0,3.561516146672259,2.002895887738571,49,-3,0.0,34
EMP-007125,2021-02-12,Finance,Senior,34,Male,441524,51.0,1.0727392510220368,3.5046682023141087,12,2,1.0,28
EMP-007126,2017-06-13,HR,Mid,470,Female,1164524,97.0,3.9736573289200123,3.7454889173454164,17,3,0.0,18
EMP-007127,2017-07-19,HR,Junior,45,Male,330412,49.0,4.932341663160383,4.413523022030702,29,4,1.0,8
EMP-007128,2018-01-01,Operations,Lead,31,Male,1873662,87.0,1.9483007576380054,3.6682474764735638,18,3,1.0,4
EMP-007129,2020-02-19,IT,Senior,23,Female,635383,87.0,1.4376604884883109,3.2327103934872055,46,5,0.0,34
EMP-007130,2016-05-30,Operations,Lead,53,Male,1253094,90.0,3.9873170023071407,2.121467641759914,29,5,1.0,39
EMP-007131,2018-09-18,Marketing,Manager,45,Male,715091,73.0,3.441536307924454,3.679412522307556,12,4,0.0,43
EMP-007132,2019-06-02,Marketing,Junior,49,Female,1373119,9.0,3.662480998526375,4.184520428181685,41,9,1.0,36
EMP-007133,2015-11-21,IT,Lead,38,Male,1147531,16.0,4.604209758508336,3.0371414169253814,29,1,1.0,24
EMP-007134,2019-10-02,HR,Mid,42,Male,1059319,87.0,4.347413370446123,1.8491692315781028,30,9,0.0,2
EMP-007135,2020-01-22,IT,Senior,57,Female,387941,54.0,4.609609076572335,1.7474238094357966,9,9,0.0,31
EMP-007136,2020-01-25,Operations,Manager,49,Male,1564999,6.0,4.4402950809044,1.7637302858037587,19,0,,1
EMP-007137,2015-05-15,Finance,,27,Male,909848,89.0,4.7230940474177086,2.4043142447646906,6,6,1.0,37
EMP-007138,2019-06-05,Marketing,Junior,52,Male,498812,80.0,4.8713726743660075,2.7021223557760603,17,4,0.0,6
EMP-007139,2016-11-12,Operations,Mid,28,Male,576910,9.0,4.351821023352111,3.3740075331585544,47,3,1.0,7
EMP-007140,2017-11-14,Sales,Junior,27,Female,1076130,82.0,4.1022928787720065,3.337517512623961,38,1,0.0,44
EMP-007141,2020-10-04,Sales,Junior,30,,1866834,109.0,1.9815676177954433,1.7804772921769532,46,8,0.0,33
EMP-007142,2020-04-17,HR,Junior,38,Male,1176387,33.0,2.633187755953188,4.332283190271223,26,8,0.0,27
EMP-007143,2019-11-01,Finance,Manager,23,Female,435365,24.0,1.6466999996082103,1.242131582472564,35,7,1.0,1
EMP-007144,2021-04-23,HR,Lead,49,Female,1317574,30.0,3.176196868243609,3.2938330668141704,29,5,0.0,25
EMP-007145,2017-09-16,Marketing,Senior,36,Male,907352,110.0,3.0502188488253563,4.758457618603736,31,6,1.0,21
EMP-007146,2015-02-19,Sales,Mid,48,Female,622793,13.0,3.006368409341367,4.925814902820828,15,2,1.0,8
EMP-007147,2017-10-18,HR,Mid,41,Male,1082955,50.0,4.530405499412526,2.3870765093895563,22,3,1.0,16
EMP-007148,2018-04-18,Operations,Senior,24,Male,1480885,12.0,2.7331885084607244,1.9733250998092569,1,6,1.0,33
EMP-007149,2018-12-21,IT,Senior,27,Female,1759175,25.0,3.754196179062529,3.4107200428710462,9,8,0.0,35
EMP-007150,2017-12-30,Operations,Manager,48,Female,1213513,34.0,1.6057888735790757,4.037126271703077,35,8,0.0,36
EMP-007151,2019-07-06,Finance,Senior,30,Male,338053,,1.6884484248333673,2.2519601644271057,1,5,0.0,8
EMP-007152,2015-04-29,IT,Mid,44,Male,1615177,9.0,4.13228648188506,4.957650562906292,31,-3,0.0,28
EMP-007153,2019-03-19,Operations,Mid,51,Male,1941228,79.0,2.257298346561664,2.7944036943353723,40,6,0.0,11
EMP-007154,2017-09-30,Finance,Manager,44,Male,887729,45.0,4.446967322698718,2.3560954152495674,21,6,0.0,27
EMP-007155,2020-12-20,HR,Mid,45,Male,796107,37.0,4.520352280665635,3.709914991919934,0,7,0.0,21
EMP-007156,2016-03-13,Operations,Junior,25,Male,1435742,35.0,2.982601539686919,3.9348048799802635,1,3,0.0,23
EMP-007157,2019-12-03,Finance,Junior,39,Male,1090118,3.0,1.2388899297683995,1.1547224434771648,32,1,0.0,4
EMP-007158,2015-12-05,Finance,Manager,52,Male,753269,79.0,3.0855509177534888,1.6170816665038492,3,8,0.0,34
EMP-007159,2020-05-10,Finance,Junior,51,,1261520,103.0,2.4240300589782673,4.772303738543153,22,1,0.0,47
EMP-007160,2016-05-17,Finance,Senior,39,Female,813891,63.0,4.069232231493578,2.3174902051135238,18,8,1.0,26
EMP-007161,2016-06-23,Sales,Lead,54,Female,1224568,58.0,3.0620695516144334,3.114766736527818,23,6,0.0,40
EMP-007162,2018-08-19,Finance,Lead,58,Female,1424634,91.0,1.083636913139121,2.927205498448672,38,9,1.0,8
EMP-007163,2018-07-03,Finance,Manager,49,Male,1019578,69.0,2.6417363681449486,3.8152298676160394,10,9,0.0,38
EMP-007164,2020-07-02,Sales,Manager,51,Male,364518,7.0,4.743070207734132,2.502519702389862,33,6,0.0,3
EMP-007165,2016-12-19,Sales,Manager,37,Male,1176418,14.0,1.717109477210753,,13,6,0.0,39
EMP-007166,2016-10-10,Marketing,Senior,29,Female,1183889,21.0,1.592805191430117,1.6322324260813565,23,8,1.0,43
EMP-007167,2020-05-17,HR,Manager,22,,1839793,113.0,4.166398164244698,4.315257222926865,4,9,0.0,9
EMP-007168,2016-12-17,Marketing,Junior,37,Female,1553898,46.0,1.9389565993720486,4.234700742979148,23,7,0.0,43
EMP-007169,2015-03-20,IT,Senior,41,Male,465211,19.0,4.407986931561377,,41,3,,30
EMP-007170,2020-08-11,Marketing,Lead,22,Female,1355148,76.0,2.9151873414139176,2.7750588815181656,28,4,1.0,28
EMP-007171,2016-02-20,Marketing,Senior,27,Female,1599322,84.0,1.7935348958361033,4.281984458749826,22,3,0.0,9
EMP-007172,2019-04-05,Finance,Lead,41,Male,1527772,93.0,3.7979486454463975,2.4535276618204396,2,9,1.0,25
EMP-007173,2016-04-11,Finance,Mid,31,Male,1302552,111.0,1.845512795292131,3.2020833236884556,42,8,1.0,31
EMP-007174,2015-02-25,Operations,Lead,53,Male,782932,55.0,1.0038367186580697,3.742813433177085,24,4,1.0,30
EMP-007175,2016-11-10,Marketing,Junior,52,Male,1008500,68.0,4.695802316240589,1.9886205911491976,43,1,1.0,34
EMP-007176,2015-02-02,IT,Senior,24,Female,1642613,6.0,2.682016019871612,2.428806704118741,28,4,0.0,37
EMP-007177,2020-11-04,Finance,Junior,51,Male,1676609,71.0,2.2982303521433445,2.1060351962374955,29,4,1.0,45
EMP-007178,2019-09-12,Finance,Manager,33,Male,1070569,11.0,2.179588371177015,2.191137600044364,46,3,1.0,26
EMP-007179,2015-01-15,Marketing,Lead,48,Female,1953271,71.0,3.831581115924072,1.5954784701746147,47,8,1.0,1
EMP-007180,2017-11-16,Sales,Junior,38,Female,1844190,100.0,3.8797023099422665,4.947687799522948,3,3,1.0,34
EMP-007181,2019-05-16,HR,Senior,55,Female,1443446,80.0,2.2861510270209338,1.9274483197968895,29,5,0.0,34
EMP-007182,2016-07-21,HR,Junior,28,Female,487792,3.0,4.4987155306004425,1.4051102471928982,34,7,0.0,44
EMP-007183,2019-01-18,Sales,Manager,50,Female,1351381,81.0,4.558012819572804,3.485416494744184,11,7,1.0,17
EMP-007184,2021-08-12,IT,Senior,22,Female,873237,28.0,1.6894699454342845,1.3924676196381025,46,1,1.0,24
EMP-007185,2021-03-08,Operations,Lead,54,Female,1651518,,3.173681953031907,3.5445860643521847,28,4,1.0,41
EMP-007186,2018-07-23,IT,,40,Female,1828626,38.0,4.03221450757623,2.798544410509342,48,0,0.0,26
EMP-007187,2020-11-26,Operations,Manager,50,Male,1460507,63.0,1.515583477823451,4.692822527194039,45,0,0.0,19
EMP-007188,2020-11-12,IT,Junior,50,Male,1065674,44.0,4.821292734846131,4.815341749232622,1,8,1.0,16
EMP-007189,2020-06-10,Finance,Senior,48,Male,1776356,10.0,1.33471315203208,4.299368800010207,10,8,1.0,1
EMP-007190,2020-10-04,HR,Senior,47,Male,891318,118.0,3.8604777452096477,4.305192015694018,9,7,0.0,46
EMP-007191,2017-07-23,Operations,Lead,47,Female,1516661,82.0,4.724743440405012,3.6509992281115116,15,4,1.0,33
EMP-007192,2018-12-13,Operations,Lead,23,Female,451967,6.0,3.892050505518245,1.559418630661785,23,9,0.0,40
EMP-007193,2019-04-14,Operations,Senior,27,Female,1886452,41.0,4.375553777655023,3.4439222826552296,48,9,1.0,10
EMP-007194,2017-07-08,Finance,Mid,24,Female,1493933,66.0,2.013997369707562,4.401219368272125,35,3,1.0,4
EMP-007195,2018-07-31,Operations,Lead,37,Female,570314,42.0,2.9456695447074646,3.7824536804275133,47,2,0.0,34
EMP-007196,2021-07-12,Operations,Lead,59,Female,646173,14.0,4.803443050531939,4.611249920784532,15,2,1.0,39
EMP-007197,2016-07-21,Sales,Manager,48,Male,1964043,117.0,1.3558774167624286,,11,7,0.0,13
EMP-007198,2021-02-20,Operations,Mid,50,Female,1074071,14.0,4.766957011526941,31.305702322395923,36,3,1.0,15
EMP-007199,2016-12-22,IT,Manager,40,Female,1969874,13.0,4.642620366410615,4.831931823635637,27,3,1.0,27
EMP-007200,2019-11-24,Operations,Lead,55,Male,1600155,60.0,1.5777599817691463,,4,3,1.0,4
EMP-007201,2018-12-01,Marketing,Lead,53,Male,1670499,57.0,1.2538788652159125,1.7808806182216181,32,7,1.0,44
EMP-007202,2019-10-05,Operations,Manager,30,Male,1748950,71.0,4.945790966702695,3.7096377912593264,30,2,1.0,18
EMP-007203,2016-07-11,Finance,Lead,33,Male,665804,51.0,4.302906459545584,3.977660758248266,1,0,1.0,7
EMP-007204,2021-04-11,Sales,Lead,35,Male,1897818,5.0,4.503642324048945,4.216333595127927,43,9,0.0,45
EMP-007205,2018-02-28,IT,Mid,22,Female,1915474,31.0,4.2148019861609125,3.853640897541364,9,5,0.0,24
EMP-007206,2018-10-04,Marketing,Junior,57,Male,716001,109.0,1.804003351350011,3.898541474163649,8,4,1.0,27
EMP-007207,2019-03-13,Sales,Manager,31,Male,1754587,17.0,1.9276455567023403,4.577564705180353,45,1,0.0,16
EMP-007208,2018-12-08,Sales,Junior,37,Female,912066,114.0,4.384437326149849,1.1825681789311409,25,8,1.0,39
EMP-007209,2016-05-10,Marketing,Mid,33,Female,1040264,103.0,3.322367622046841,2.7939414065743975,28,9,0.0,27
EMP-007210,2021-04-04,HR,Lead,39,Female,539612,,1.4014655853163518,3.63485055260912,35,2,0.0,36
EMP-007211,2017-12-08,HR,Mid,35,Female,1045143,109.0,1.3381843386354557,4.563349164411614,18,5,1.0,21
EMP-007212,2016-11-21,HR,Lead,35,Female,1053477,75.0,1.2191583170416989,1.694290513514766,25,2,0.0,47
EMP-007213,2018-12-15,Sales,Lead,52,Male,1417820,70.0,4.034755115924719,2.685437297958271,10,4,1.0,47
EMP-007214,2020-03-18,Operations,Manager,34,Male,1983638,61.0,2.8315172824394947,4.348210969306587,2,6,1.0,17
EMP-007215,2021-04-25,Operations,Junior,23,Female,1479243,16.0,4.578551026889311,3.0896055415108434,35,3,1.0,16
EMP-007216,2018-07-04,Sales,Senior,38,Male,340137,76.0,3.929329791474564,4.079826083807175,33,4,0.0,46
EMP-007217,2016-02-23,HR,Senior,36,Female,994188,52.0,1.2876915526875332,4.314748873878042,20,9,1.0,8
EMP-007218,2018-01-05,Marketing,Mid,33,Male,1637562,82.0,4.868530360708112,3.1706965335812525,9,4,0.0,43
EMP-007219,2019-07-21,Operations,Lead,27,Female,1550506,101.0,3.240596612065291,2.9301927424906813,36,8,1.0,30
EMP-007220,2020-01-02,Operations,Senior,26,Male,1563276,59.0,2.2794715264317214,2.692202693038939,49,2,0.0,42
EMP-007221,2017-11-06,Sales,Senior,59,Female,809785,31.0,4.624485295079525,3.323583245202894,36,8,1.0,37
EMP-007222,2019-12-02,IT,Manager,48,Female,1824424,7.0,2.0678199187627406,1.3448433760274718,35,1,0.0,43
EMP-007223,2017-07-21,Sales,Junior,46,Male,1874099,30.0,3.8643044360205123,3.1171704105097273,39,5,1.0,33
EMP-007224,2016-11-07,Sales,Junior,28,Male,1285183,95.0,4.773804502489245,4.957207806374887,39,3,0.0,9
EMP-007225,2017-11-13,Operations,Junior,46,Male,549723,41.0,1.8553471885745791,2.921367892291098,25,3,0.0,22
EMP-007226,2020-08-28,Finance,Manager,39,Male,1781332,25.0,3.652853219206552,1.8972201061526204,37,1,0.0,35
EMP-007227,2021-02-06,IT,Mid,46,Male,1074743,78.0,2.071355238746612,3.374803174855014,46,6,0.0,19
EMP-007228,2020-05-25,HR,Lead,46,Female,1798568,58.0,2.4165509210197267,2.2864084886806175,5,2,1.0,37
EMP-007229,2020-06-08,Finance,Lead,26,Female,634801,40.0,2.6350297836517855,47.639374222641976,18,0,1.0,9
EMP-007230,2017-04-09,Operations,Junior,51,Female,574356,19.0,2.397512628892968,2.608866944762679,6,9,1.0,6
EMP-007231,2021-07-21,Finance,Manager,58,Male,923346,11.0,3.0180840492017955,3.280986348480482,9,2,1.0,4
EMP-007232,2019-01-08,IT,Senior,35,Male,1861877,34.0,4.859767486805948,2.7008633617758986,44,8,,14
EMP-007233,2017-05-07,Sales,Manager,43,Female,339913,100.0,2.2950174771507297,4.933581018992469,21,1,0.0,27
EMP-007234,2015-07-25,Marketing,Junior,30,Male,581543,72.0,3.6800717458117265,2.3394627448345124,37,3,1.0,39
EMP-007235,2015-09-16,Marketing,Senior,45,Female,1267994,71.0,1.265019043633755,4.581760559957814,49,6,0.0,6
EMP-007236,2016-06-06,Marketing,Senior,47,Male,393619,106.0,2.909164726375387,4.102443700233117,20,7,1.0,29
EMP-007237,2021-04-07,HR,Mid,51,Male,839772,82.0,4.550200850754251,2.4328357530611786,48,5,1.0,10
EMP-007238,2017-08-24,IT,Junior,59,Female,1918788,32.0,3.2676357370543396,2.1732869253985676,48,6,1.0,11
EMP-007239,2015-03-19,Finance,Lead,27,Female,1807264,10.0,4.254325436905775,3.3082388794339868,9,7,1.0,23
EMP-007240,2018-09-06,Operations,Manager,44,Male,1680173,119.0,3.123543826804566,2.149345684244277,34,6,0.0,41
EMP-007241,2019-09-21,HR,Mid,32,Female,1215687,29.0,2.7018783732386176,2.2870460082662536,13,8,0.0,31
EMP-007242,2016-08-29,Operations,Junior,39,Female,1237936,111.0,3.1242707941921655,3.3969860348952188,8,2,1.0,9
EMP-007243,2020-01-20,Operations,Senior,44,Female,1073418,50.0,2.1863430524991023,3.4308360464184244,28,5,0.0,43
EMP-007244,2018-09-23,IT,Mid,35,Female,1488157,105.0,3.2101411822167263,3.645978677328197,28,6,0.0,7
EMP-007245,2021-05-28,IT,Lead,42,,1822043,37.0,2.9778469749950953,4.18823757771306,23,1,0.0,35
EMP-007246,2019-10-25,Operations,Senior,59,Male,1586292,109.0,3.708098830478327,1.2432810804093406,10,7,1.0,10
EMP-007247,2016-02-01,IT,Senior,50,Female,1718101,85.0,1.3888358058612975,3.818563790069882,44,6,0.0,40
EMP-007248,2017-05-24,HR,Manager,37,Male,890960,109.0,4.210800346870036,1.8603146470247238,42,5,0.0,11
EMP-007249,2018-05-20,Marketing,Junior,54,Female,399046,95.0,2.5460072982818476,1.4110567077040321,40,6,1.0,24
EMP-007250,2015-03-03,HR,Junior,29,Male,806862,28.0,2.38220152236775,1.9076820116532232,12,4,1.0,11
EMP-007251,2018-10-02,Marketing,Mid,41,Female,522541,11.0,4.443725872466459,3.626379219579386,35,0,0.0,6
EMP-007252,2021-03-01,Marketing,Mid,44,Female,1756138,31.0,4.787055979881494,3.306034310679358,5,6,1.0,9
EMP-007253,2016-08-19,HR,Mid,44,Female,1788708,107.0,4.399717888722887,1.4345097019631274,44,1,1.0,37
EMP-007254,2021-06-13,Sales,Mid,28,Male,1559157,5.0,1.8159352664053312,3.717343348483386,49,6,1.0,35
EMP-007255,2018-07-29,Operations,Lead,22,Male,609919,93.0,2.819035689729767,3.7655329811012836,19,0,1.0,4
EMP-007256,2016-02-29,Operations,Lead,56,Female,1570792,88.0,4.802696835217468,4.567802190551603,44,4,0.0,40
EMP-007257,2017-01-29,Finance,Lead,35,Female,369564,118.0,2.699263854111682,,45,5,1.0,0
EMP-007258,2020-08-20,Operations,Lead,26,Female,710175,102.0,1.827115790148408,3.2234586937905547,31,6,0.0,7
EMP-007259,2018-11-28,HR,Manager,25,Male,897842,76.0,2.434274442531782,3.517518840344258,24,3,0.0,35
EMP-007260,2017-06-16,Marketing,Lead,39,Male,1331848,112.0,3.3483176489605886,3.724624673402632,4,3,0.0,19
EMP-007261,2019-07-25,Operations,Mid,37,Male,448881,,3.2042796238264044,4.3967016348309045,13,0,0.0,43
EMP-007262,2017-01-14,HR,Mid,29,Male,1213528,61.0,2.565944651374669,2.293301335026182,31,7,,8
EMP-007263,2016-01-03,Operations,Senior,33,Male,623896,60.0,4.56611800418891,1.8932186526285881,8,0,,1
EMP-007264,2020-11-25,IT,Senior,51,Female,1417387,25.0,4.091691508643848,2.6642608477950596,40,6,0.0,1
EMP-007265,2019-10-26,Sales,Senior,50,Male,1066224,95.0,2.3275106106871264,1.033218184441353,25,7,,40
EMP-007266,2016-02-07,IT,Junior,46,Female,371205,97.0,3.6719341614269325,4.553171445326195,13,9,1.0,46
EMP-007267,2021-09-26,Marketing,Lead,47,Female,895185,47.0,2.5624252875941838,1.5791318527486409,6,7,1.0,39
EMP-007268,2016-11-15,Finance,Lead,59,Male,488047,88.0,1.2728988910479302,1.3008462070694482,48,9,1.0,5
EMP-007269,2017-10-06,Operations,Manager,55,Female,1728983,55.0,2.879770628990514,4.534193662271607,36,8,0.0,42
EMP-007270,2019-02-24,Operations,Mid,59,Female,1567105,34.0,3.2435678444740956,3.2494312015321998,24,8,0.0,22
EMP-007271,2018-10-23,Operations,Manager,23,Female,1982158,65.0,4.972742296209516,1.7132463517852998,48,8,1.0,8
EMP-007272,2019-12-21,Sales,Junior,39,Female,1099977,15.0,3.251925912712561,1.4238012417836288,16,2,1.0,6
EMP-007273,2015-12-04,HR,Lead,35,Female,1549784,47.0,1.1214974346735072,3.380582419222155,25,8,0.0,1
EMP-007274,2015-06-21,HR,Senior,39,Female,1452887,15.0,2.185905985311435,2.730203277515751,7,6,0.0,39
EMP-007275,2021-04-21,Marketing,Senior,56,Male,1352093,76.0,3.307263703749749,4.990087407254546,31,4,0.0,18
EMP-007276,2016-03-29,Operations,Mid,40,Male,479100,66.0,1.9262892447822693,1.8416161564348137,27,0,0.0,22
EMP-007277,2020-01-30,IT,Manager,44,Male,1818842,,3.3678048218500316,1.7809639606938732,43,4,1.0,5
EMP-007278,2018-09-01,IT,Junior,58,Female,1015739,107.0,2.2306179647391904,1.8806797516493812,4,1,1.0,20
EMP-007279,2018-05-26,IT,Manager,27,Male,1339699,77.0,4.381744649526205,4.132664095481671,2,4,0.0,36
EMP-007280,2017-04-24,IT,Mid,42,Male,592384,82.0,1.3677364353552002,1.137629613098587,13,7,0.0,2
EMP-007281,2021-09-24,Finance,Mid,38,Male,820387,97.0,3.5903075668539355,2.4098602128655258,27,1,0.0,17
EMP-007282,2019-10-10,HR,Senior,55,Male,938093,55.0,3.106534757649951,3.8442228415668764,20,0,0.0,3
EMP-007283,2019-09-29,Sales,Lead,35,Female,1719155,8.0,4.968573739729374,3.5957350105880064,46,7,1.0,33
EMP-007284,2018-12-27,Marketing,Senior,37,Male,945349,90.0,3.1831164602389865,4.360895383133855,45,6,0.0,38
EMP-007285,2015-02-06,IT,Mid,53,Male,642560,36.0,4.242649180200383,1.8263556520236701,35,1,0.0,23
EMP-007286,2020-05-11,Sales,Mid,24,Male,473130,23.0,3.3663057703547947,3.229864209819973,17,1,0.0,40
EMP-007287,2016-11-15,Finance,Mid,44,Male,1687335,38.0,2.740943473419489,,32,4,1.0,2
EMP-007288,2018-08-06,HR,Mid,30,Male,1408893,118.0,3.605879100167459,4.53575182691471,6,8,0.0,37
EMP-007289,2020-04-03,IT,Junior,26,Female,375056,89.0,1.8628855977975385,2.4998296999597316,41,1,1.0,35
EMP-007290,2015-10-03,Operations,Junior,54,Male,814758,70.0,4.1538733937446555,4.756555951650865,17,1,1.0,31
EMP-007291,2017-08-07,Finance,Mid,49,Female,1775210,28.0,4.64137829984732,2.37845245177171,6,7,0.0,17
EMP-007292,2017-12-14,IT,Junior,50,Male,875074,25.0,2.860352581468207,3.9837110740163935,36,3,1.0,39
EMP-007293,2020-09-25,Marketing,Junior,27,Male,1150874,8.0,4.903022804820624,4.34949476210538,16,1,0.0,2
EMP-007294,2016-04-30,IT,Mid,47,Male,1062084,103.0,4.996385614837922,1.9470861917671058,26,9,1.0,42
EMP-007295,2019-05-16,IT,Mid,33,Female,979424,32.0,4.656602465041597,3.144910509539291,21,3,1.0,41
EMP-007296,2018-11-16,IT,Mid,32,Female,1596309,,2.6084631717552047,1.0662224690678186,20,8,1.0,15
EMP-007297,2020-03-20,IT,Mid,26,Female,1419137,7.0,3.5728339691117963,1.7985475199845857,25,9,1.0,26
EMP-007298,2019-05-12,Marketing,Lead,49,Male,985040,62.0,1.9333380863003558,4.220474194502668,10,8,0.0,40
EMP-007299,2015-08-16,Marketing,Mid,49,Female,1662310,13.0,3.4311339054528305,3.8776787970566233,38,7,1.0,8
EMP-007300,2016-01-15,Operations,Senior,46,Female,1129494,22.0,1.9905700184762787,4.832403740074814,11,4,0.0,0
EMP-007301,2018-03-17,Finance,Manager,44,Male,1287392,43.0,2.675787301491832,1.371562824884359,38,1,1.0,36
EMP-007302,2015-12-30,IT,Senior,40,Male,1723795,26.0,4.967257373242292,1.774817716302557,25,0,0.0,44
EMP-007303,2017-11-30,HR,Senior,23,Female,622132,82.0,3.860028371248642,4.647938432074997,20,5,0.0,41
EMP-007304,2021-05-14,Marketing,Manager,48,Male,1069778,61.0,2.27395538450627,2.385689391167489,17,6,1.0,33
EMP-007305,2017-07-21,HR,Manager,41,Male,1433397,50.0,1.2051009792002403,1.8302254125640753,2,9,1.0,27
EMP-007306,2018-02-23,Sales,Senior,40,Female,1303709,93.0,3.6061993436615447,1.6239680363289724,2,4,,9
EMP-007307,2019-03-04,Sales,Senior,23,Female,1566697,114.0,1.5771421413531543,4.68652078710274,12,0,0.0,40
EMP-007308,2017-02-24,IT,Senior,43,Female,1868244,10.0,4.841130353037439,3.8248539721192265,13,2,1.0,6
EMP-007309,2015-12-27,HR,Mid,34,Female,1356771,89.0,4.337355782881322,,23,8,1.0,39
EMP-007310,2021-08-12,HR,Junior,28,Female,1656732,35.0,3.107663697006025,4.202990853841567,45,6,1.0,4
EMP-007311,2017-04-03,Sales,Mid,34,Male,417957,110.0,4.6265086775425805,4.259059925486413,12,1,0.0,28
EMP-007312,2018-06-11,Marketing,Manager,36,Male,1223375,94.0,1.4259657349221668,2.6960891762270394,21,7,1.0,40
EMP-007313,2018-10-31,Sales,Junior,29,Female,947069,67.0,4.226513866769599,3.0244793419191685,7,5,1.0,8
EMP-007314,2020-03-22,Finance,Junior,24,Male,1971267,29.0,3.61456039088006,4.368715145248444,29,8,0.0,13
EMP-007315,2020-03-14,HR,Junior,31,Female,1543001,58.0,2.113515584061649,1.972671625550043,47,8,1.0,18
EMP-007316,2015-07-07,Sales,Junior,25,Female,891258,53.0,1.9926101898931776,2.3823812614253064,17,7,0.0,8
EMP-007317,2016-08-15,HR,Lead,45,Male,1275262,65.0,3.452755132554782,4.521112622547965,22,6,0.0,8
EMP-007318,2020-11-23,Operations,Lead,53,Female,1389310,33.0,4.375949128852872,3.594521321254773,40,7,1.0,41
EMP-007319,2021-08-08,Marketing,Manager,25,Female,1169091,86.0,2.866662087830397,1.5674165594558476,47,9,0.0,30
EMP-007320,2019-05-24,Marketing,Senior,49,Male,1817541,83.0,3.008183079726442,3.3829959482427507,9,9,0.0,10
EMP-007321,2020-01-01,IT,Junior,55,Male,1883585,60.0,3.160142363777086,3.116413479456138,31,9,0.0,26
EMP-007322,2018-12-17,Marketing,Mid,39,Female,481396,24.0,2.971574021531132,3.6926524899638973,14,1,0.0,20
EMP-007323,2019-10-24,Marketing,Mid,53,Female,1517237,63.0,2.598128370532304,1.2167515705223662,20,4,1.0,44
EMP-007324,2018-08-26,Operations,Senior,450,Male,771814,15.0,2.683679786307437,1.9264566872275877,13,4,1.0,23
EMP-007325,2020-03-07,Sales,Manager,25,Male,1474741,22.0,1.4643892238135146,1.8797364497831515,39,5,0.0,30
EMP-007326,2017-06-15,Finance,Mid,23,Female,1647447,112.0,1.4525838757930987,4.604558038063522,5,7,1.0,16
EMP-007327,2021-02-26,Operations,Senior,36,Male,1206310,29.0,4.585255524261926,3.532244623032498,38,1,1.0,26
EMP-007328,2016-02-03,HR,Junior,42,Male,541735,42.0,2.0936874563010273,4.681992918596588,8,3,1.0,8
EMP-007329,2017-10-15,Sales,Manager,22,Female,444387,97.0,2.446451646745233,,28,1,1.0,5
EMP-007330,2015-11-03,IT,Senior,24,Male,1169592,,4.97963111238783,4.561292815035079,46,7,0.0,38
EMP-007331,2017-09-12,HR,Senior,37,Female,758460,75.0,1.9623828225593591,1.1916866159864736,22,9,0.0,41
EMP-007332,2015-10-05,IT,Senior,28,Male,1656071,91.0,1.1617215312842863,4.270404738072107,41,7,0.0,35
EMP-007333,2020-12-05,Marketing,Manager,42,Male,565823,1.0,3.988729669297714,1.0146137544553184,30,8,0.0,16
EMP-007334,2019-09-21,Marketing,Senior,45,Female,1480062,47.0,1.0158875527896383,4.376123488774692,9,0,0.0,18
EMP-007335,2018-06-19,HR,Manager,29,Male,1826249,53.0,1.0313979462815315,1.57923606422872,12,5,1.0,34
EMP-007336,2016-08-05,IT,Mid,28,Male,402456,,4.638211705900117,4.505845979452511,19,7,,44
EMP-007337,2019-11-28,Finance,Manager,55,Female,1795381,100.0,4.492141421514848,3.092777905099091,49,9,1.0,10
EMP-007338,2016-09-15,Marketing,Junior,45,Female,606004,89.0,2.5879053245125334,4.803972151237537,17,2,0.0,33
EMP-007339,2016-08-08,Sales,Mid,29,Male,1026011,116.0,2.9898237739858358,2.8029880701738765,24,2,1.0,10
EMP-007340,2017-09-23,HR,Lead,53,Male,1789304,98.0,2.145728095880519,1.3767406806439415,39,7,1.0,10
EMP-007341,2017-07-12,Finance,Manager,33,Female,750198,35.0,1.0633236056182924,1.2641564760109025,39,1,1.0,9
EMP-007342,2021-10-04,Sales,Mid,50,Female,565171,49.0,4.139700807940014,1.9549609621009152,42,4,0.0,2
EMP-007343,2018-07-04,Sales,Mid,52,Male,1035720,86.0,3.2071021553171217,4.257971679470341,36,7,1.0,7
EMP-007344,2015-01-23,Finance,Manager,58,Male,1954698,10.0,3.133596585829532,2.7647970618070477,14,4,1.0,19
EMP-007345,2019-03-30,HR,Manager,59,Male,953097,107.0,3.8559192266851454,2.7673073934302423,37,5,1.0,22
EMP-007346,2015-02-11,Finance,Manager,43,Male,984466,81.0,2.6607708280902016,4.502866094342439,5,6,1.0,24
EMP-007347,2021-10-14,Marketing,Manager,41,Female,1563355,80.0,4.072736104655691,3.8910819106915464,46,9,0.0,45
EMP-007348,2020-08-03,IT,Senior,58,Male,1896252,,1.0891322852680276,4.453681749832485,15,9,0.0,0
EMP-007349,2018-12-31,Finance,Junior,44,Male,1798854,91.0,4.090042316401382,2.153391310637653,44,8,1.0,36
EMP-007350,2021-02-24,Marketing,Lead,30,Male,1209194,22.0,2.554327448611198,,13,0,1.0,31
EMP-007351,2018-04-16,Sales,,46,Female,311600,43.0,2.0521038863436583,1.4493262391885198,26,7,0.0,10
EMP-007352,2021-09-04,HR,Senior,37,Female,1340826,80.0,3.8542483965465295,1.7128325293885402,44,6,0.0,36
EMP-007353,2018-04-04,IT,Senior,33,Male,1447988,67.0,3.3511608508115347,1.8127461939916971,5,6,1.0,3
EMP-007354,2017-12-23,IT,Junior,24,Male,689948,119.0,4.6364572545830605,4.0493224469573,35,8,0.0,1
EMP-007355,2015-02-19,Finance,Lead,50,Female,476804,90.0,3.4139684616364216,3.2671990178790744,3,8,0.0,20
EMP-007356,2018-02-23,Operations,Mid,54,Female,1456948,45.0,1.482210700478876,1.1857481717952818,46,6,0.0,36
EMP-007357,2018-02-03,Sales,Junior,44,Female,923522,16.0,2.1077711873022027,4.370241991331642,15,7,1.0,47
EMP-007358,2016-11-13,Operations,Mid,38,Female,1433634,91.0,1.8741284680319161,2.1216892798286566,12,8,1.0,41
EMP-007359,2019-11-21,Sales,Mid,29,Female,1540606,116.0,2.4015283870242548,4.591063451014909,26,9,0.0,33
EMP-007360,2015-01-11,HR,Mid,46,Male,742419,90.0,2.3467221313246847,4.2217853557902,46,8,1.0,19
EMP-007361,2017-03-27,Operations,Senior,50,Female,614715,72.0,2.893421246112751,3.624945376917704,26,7,0.0,11
EMP-007362,2016-08-01,Marketing,Mid,24,Male,818690,8.0,4.842939241208022,3.6560065164768747,48,5,1.0,36
EMP-007363,2015-12-05,IT,Senior,42,Female,1153104,52.0,4.897069866103095,4.611814458348061,16,9,0.0,40
EMP-007364,2016-10-05,Operations,Manager,58,Male,1838263,14.0,3.276866054822777,2.4677503153119504,40,2,0.0,20
EMP-007365,2015-09-26,Operations,Lead,46,Male,959105,13.0,4.7297834007733,1.1083723835829318,48,0,0.0,28
EMP-007366,2015-08-16,Operations,Manager,29,Male,1924862,36.0,3.8376906951858722,2.585137416517258,24,0,1.0,22
EMP-007367,2018-07-23,Marketing,Manager,40,,798261,39.0,3.306266831750075,3.9876018955736363,21,0,0.0,44
EMP-007368,2018-06-12,Finance,Manager,44,Male,375824,13.0,2.3396319310111267,2.492386336794238,27,3,0.0,21
EMP-007369,2018-09-26,Marketing,Manager,36,Female,806980,70.0,3.48464552717871,4.5933805246417485,23,6,0.0,47
EMP-007370,2021-10-09,HR,Senior,29,Male,334968,71.0,2.2852671216659193,2.837289989650274,28,1,0.0,27
EMP-007371,2017-07-17,HR,Mid,50,Female,648731,25.0,3.2362894134413835,1.8004108849155016,44,7,1.0,14
EMP-007372,2016-11-20,Operations,Senior,28,,1078972,90.0,3.933328635805305,3.3443287824393604,12,4,1.0,27
EMP-007373,2020-04-06,Finance,Senior,30,Male,1150029,14.0,4.267464134136688,1.4630403154274405,13,9,1.0,8
EMP-007374,2018-12-11,Sales,Senior,56,Male,456276,104.0,3.8907456518729626,1.6952242604279597,31,2,0.0,19
EMP-007375,2016-08-03,IT,Lead,28,Female,1380555,87.0,2.208240949041772,4.6004965025550035,12,0,1.0,6
EMP-007376,2019-12-28,IT,Junior,38,Male,729142,15.0,2.4288496401793025,2.890747638224316,1,4,0.0,3
EMP-007377,2015-10-26,Sales,Senior,38,Female,954331,102.0,3.739503417472296,1.2549841670105701,1,8,1.0,11
EMP-007378,2015-08-28,Operations,Manager,54,Male,1102998,40.0,4.768257006483569,2.976358832293063,39,0,1.0,21
EMP-007379,2021-05-14,Operations,Senior,45,Male,1788055,94.0,3.7962172057911134,4.519939045681493,40,3,0.0,46
EMP-007380,2021-06-21,IT,Mid,54,Male,828905,102.0,1.8519446844999492,4.272273059819671,10,2,1.0,20
EMP-007381,2016-11-14,Operations,Junior,45,Female,526167,61.0,1.4342679662732376,4.60210596145049,48,0,1.0,42
EMP-007382,2019-09-27,IT,Junior,39,Male,1332263,53.0,4.92135303047197,4.012159784960602,19,4,0.0,8
EMP-007383,2020-05-20,Sales,Senior,42,Male,399082,58.0,4.895090775054476,1.8614263710598378,25,0,0.0,24
EMP-007384,2016-11-12,HR,Lead,35,Female,839734,45.0,4.543056527022292,2.6295203994678094,35,-1,1.0,46
EMP-007385,2018-09-17,Operations,Manager,59,Male,936770,100.0,4.536422419130987,4.967376157719826,10,9,1.0,33
EMP-007386,2020-10-13,HR,Lead,31,Male,504145,37.0,4.038170857819906,3.2815119325136837,32,2,0.0,23
EMP-007387,2018-01-25,Marketing,Senior,44,Female,642605,70.0,2.6329582011620185,4.855418884517864,22,5,0.0,24
EMP-007388,2019-03-03,IT,Lead,54,Female,1705593,59.0,3.487073276399933,1.7590191542478402,0,6,0.0,45
EMP-007389,2016-06-07,HR,Manager,23,Female,552220,46.0,1.7927810849093442,,41,3,0.0,20
EMP-007390,2016-08-02,Operations,Manager,24,Male,611913,50.0,4.935120707424101,2.3635289859955355,32,3,0.0,8
EMP-007391,2018-10-16,Operations,Manager,26,Male,1179495,92.0,2.6688110614402123,3.9956269592967075,25,4,1.0,18
EMP-007392,2017-09-02,Finance,Manager,30,Male,1448393,60.0,4.663110114718375,1.4885371629229844,47,5,1.0,10
EMP-007393,2015-12-07,Sales,Lead,42,Female,1796396,77.0,1.04694314329448,3.1511259861935383,46,9,1.0,43
EMP-007394,2018-07-06,Finance,Lead,56,Female,379512,95.0,1.7787393408069998,2.8813714757509232,15,5,1.0,42
EMP-007395,2015-09-02,Sales,Senior,52,Male,461018,75.0,4.144151808971924,4.64585124721998,29,2,1.0,1
EMP-007396,2019-08-02,Finance,,51,Male,1017019,73.0,4.309137891797155,4.822234886453748,6,5,,26
EMP-007397,2021-06-02,Finance,Mid,25,Female,1489244,9.0,1.5150600287773264,1.5617125971480186,49,5,0.0,24
EMP-007398,2016-09-20,IT,Manager,35,Male,1282138,108.0,1.1670480122150027,4.298315077350102,4,5,0.0,21
EMP-007399,2018-01-06,IT,Senior,42,Male,1400198,56.0,3.7489855158178447,3.11509577464111,1,6,0.0,27
EMP-007400,2018-09-08,Finance,Lead,58,Female,1376568,74.0,4.495949413517085,2.5075209585065865,45,5,0.0,6
EMP-007401,2019-05-16,Marketing,Mid,42,Female,515493,86.0,3.107992602736487,1.0640466244366436,15,5,0.0,42
EMP-007402,2015-04-16,Finance,Manager,50,Female,1092913,69.0,4.365167111518954,3.2715366760801876,36,4,1.0,20
EMP-007403,2015-08-14,IT,Junior,30,Male,433588,66.0,4.311295233862415,1.743541223594864,16,4,1.0,17
EMP-007404,2021-10-23,Operations,Manager,22,Female,1857434,98.0,3.667818719351055,3.103853671960183,9,7,1.0,34
EMP-007405,2019-08-27,Sales,Junior,32,Male,1464580,20.0,3.7091680341298963,1.788792058980543,46,0,0.0,20
EMP-007406,2016-01-30,HR,Manager,27,Female,1301276,24.0,2.478652720022507,1.6991546948308809,17,4,0.0,43
EMP-007407,2015-09-26,Sales,Mid,57,Male,993318,8.0,2.356857582989007,4.347229592815588,48,0,1.0,27
EMP-007408,2021-01-11,Operations,Mid,52,Male,1081226,92.0,2.0142931419516086,3.9256852762654133,18,0,0.0,0
EMP-007409,2020-04-27,Marketing,Lead,59,Male,743253,31.0,3.3843791372948915,4.684684609213402,4,0,1.0,17
EMP-007410,2019-11-17,Marketing,Manager,29,Female,948792,93.0,2.9359937429888445,1.637277491715389,18,6,0.0,3
EMP-007411,2017-02-22,Finance,Junior,42,Female,400275,99.0,4.004046673708077,,4,7,1.0,40
EMP-007412,2018-03-04,Finance,Senior,51,Female,1003711,35.0,3.103848784834963,4.6465438290663865,26,9,0.0,15
EMP-007413,2021-09-21,HR,Manager,51,,1909193,96.0,1.3223550776763484,1.9725580041367108,35,4,1.0,16
EMP-007414,2018-11-02,Sales,Lead,51,Female,988121,106.0,1.7090749321431793,4.424381318867066,2,5,1.0,17
EMP-007415,2015-02-21,Sales,Senior,46,Male,554152,89.0,1.9306270264743821,4.822585260199801,1,6,0.0,43
EMP-007416,2020-12-26,IT,Junior,53,Male,1428463,19.0,4.768770470072882,1.971648912321443,14,0,0.0,33
EMP-007417,2020-04-02,Operations,Junior,34,Female,1250006,101.0,4.000449690863075,3.4934061706712645,7,9,1.0,24
EMP-007418,2021-10-08,IT,Lead,52,Female,818550,50.0,3.3620233159952777,1.5496533072014693,37,3,1.0,18
EMP-007419,2021-03-08,Marketing,Manager,59,Male,1265654,72.0,2.967079585590104,4.4530971233043,20,4,0.0,47
EMP-007420,2019-08-21,HR,Manager,29,Male,1164827,27.0,2.916086032129496,4.723742388692607,23,4,0.0,14
EMP-007421,2016-02-07,Sales,,28,Male,644509,61.0,3.2707276575829916,2.3705837312494475,26,0,0.0,32
EMP-007422,2017-08-25,IT,Lead,39,Female,1056301,119.0,1.6333877551742049,2.7542490160158013,38,6,1.0,0
EMP-007423,2016-05-06,Marketing,Junior,510,Male,1386704,60.0,1.7278444445117334,4.9242817459676465,16,0,1.0,24
EMP-007424,2017-10-24,Finance,Mid,31,Female,358086,61.0,1.3563391014958581,,18,0,0.0,20
EMP-007425,2018-06-18,Sales,Senior,45,Female,649490,104.0,3.013281207868974,3.0994819127669984,48,2,0.0,3
EMP-007426,2020-01-12,Finance,Manager,46,Female,491901,41.0,2.88538753279544,2.127619004032975,11,7,0.0,15
EMP-007427,2017-02-03,Operations,Mid,50,Female,1962763,8.0,4.7185770289268465,3.2852096269684328,20,3,,7
EMP-007428,2017-04-05,Operations,Mid,59,Male,1504164,35.0,4.346635828923546,3.9181207613908784,40,1,1.0,13
EMP-007429,2019-09-20,HR,Lead,24,Female,1003783,48.0,4.051991043706071,3.656809939790145,48,4,1.0,22
EMP-007430,2015-06-16,Sales,Lead,31,Female,1471495,61.0,1.6728067975722767,4.879675280473181,38,5,0.0,40
EMP-007431,2015-05-24,Finance,Lead,43,Male,1447609,91.0,4.322199914545937,4.200892766221857,35,0,1.0,33
EMP-007432,2016-05-05,Finance,Junior,55,Male,1741251,32.0,4.820263278737679,2.655072065214795,15,9,1.0,45
EMP-007433,2017-05-20,Operations,Manager,39,Female,508174,65.0,4.068700829023627,4.505037047824507,44,7,0.0,10
EMP-007434,2017-11-04,Operations,Manager,55,Male,530277,51.0,2.875210077767923,,47,3,0.0,14
EMP-007435,2015-01-03,Operations,Mid,22,Female,1547880,94.0,4.634697909937488,4.091218685628075,30,5,0.0,42
EMP-007436,2016-04-26,Sales,Senior,54,Female,1645783,35.0,1.972257749124846,4.445047367693503,47,2,1.0,4
EMP-007437,2017-07-29,Operations,Lead,42,Male,1759999,93.0,2.4443157659211363,4.467944494726051,12,7,1.0,13
EMP-007438,2016-11-21,Marketing,Junior,42,Female,1653789,59.0,3.342650773949496,2.9592155518874854,27,0,0.0,29
EMP-007439,2020-09-05,Marketing,Mid,29,Male,1996402,56.0,1.08965394499478,4.661110680416271,23,0,1.0,7
EMP-007440,2015-05-04,Sales,Mid,24,Female,1868284,100.0,1.219734606055468,3.6046725212270894,42,3,0.0,3
EMP-007441,2017-12-06,Operations,Lead,29,Male,678957,108.0,4.60667474308238,,21,4,0.0,35
EMP-007442,2021-03-02,HR,Senior,44,Female,614620,42.0,3.8498835880635003,2.039737305115944,33,9,1.0,9
EMP-007443,2021-01-16,IT,Senior,45,Male,1303055,59.0,3.6514495177874484,3.322759409581688,5,6,1.0,41
EMP-007444,2016-05-03,HR,Junior,47,Female,1118042,87.0,1.0215069966502681,21.810136643048956,46,5,0.0,41
EMP-007445,2018-12-07,Sales,Manager,44,Female,1454770,101.0,1.5915909842763996,4.102290742915132,40,9,1.0,29
EMP-007446,2018-10-12,HR,Junior,52,Male,1344118,111.0,3.9674051228131675,1.383658924102801,45,8,0.0,31
EMP-007447,2016-10-21,Marketing,Junior,36,Female,870010,61.0,1.4833835730667038,20.662165682811754,37,7,0.0,45
EMP-007448,2020-12-10,Operations,Junior,37,Male,947296,91.0,2.032874982320437,3.47811436977513,49,3,0.0,29
EMP-007449,2018-11-15,Sales,Lead,59,Female,1265472,,1.5731563631943106,1.9252771949265348,28,3,,36
EMP-007450,2016-02-02,IT,,49,Female,1635960,99.0,4.013720305090587,4.973380519200011,19,8,0.0,20
EMP-007451,2016-01-31,Marketing,Junior,47,Male,327978,82.0,2.756919184518099,1.5870797069576144,31,0,0.0,29
EMP-007452,2021-06-27,HR,Manager,31,Male,801473,84.0,1.9090699820593575,4.229079506686103,7,7,1.0,20
EMP-007453,2016-05-22,IT,Junior,33,Male,1442823,31.0,2.0979008910816597,4.46643367843401,46,0,1.0,6
EMP-007454,2019-10-22,Finance,Junior,25,Female,502202,34.0,2.691183782391558,1.5128646175356133,27,3,0.0,12
EMP-007455,2019-01-18,HR,Junior,38,Male,1051733,73.0,1.6218326692829557,4.323906610326187,6,6,1.0,36
EMP-007456,2015-03-13,Operations,Senior,56,Male,1021940,74.0,3.445893766542204,3.1467027629966204,21,9,1.0,4
EMP-007457,2020-12-05,Finance,Junior,26,Male,988475,50.0,2.4787288565655228,2.081683484723921,1,6,0.0,19
EMP-007458,2015-10-28,Finance,Manager,33,Male,809106,56.0,2.314257975758262,1.7570860774028287,9,5,1.0,39
EMP-007459,2020-03-15,HR,Mid,39,Male,1647975,40.0,3.0671603329689106,1.849908006679804,29,1,1.0,17
EMP-007460,2019-06-29,IT,Junior,41,Female,1598400,85.0,4.2602035430881875,3.761687497833559,48,4,0.0,26
EMP-007461,2019-04-25,Finance,Lead,48,Male,1161096,81.0,1.2292432658184609,3.8358478318205744,15,5,0.0,5
EMP-007462,2019-08-15,Sales,Senior,28,Female,1392984,64.0,1.7857638904864324,3.7986663531020977,25,6,0.0,45
EMP-007463,2016-03-29,Sales,Lead,39,Male,1422507,62.0,1.3121640620715924,1.960619658133675,19,6,0.0,36
EMP-007464,2019-03-04,IT,Manager,42,Male,1670223,28.0,2.250663717436445,,10,0,0.0,4
EMP-007465,2019-02-01,IT,Lead,49,Female,634906,24.0,4.232094493966994,3.140920862132711,17,5,0.0,42
EMP-007466,2019-12-05,Marketing,Manager,29,Female,481065,34.0,2.3934039817169346,3.7281836103828563,29,6,,5
EMP-007467,2020-07-24,Finance,Mid,36,Female,821799,18.0,4.991200703364408,3.746072581212369,41,9,1.0,29
EMP-007468,2018-04-12,IT,Junior,41,,1917177,107.0,4.7762870108316715,2.3815531793508913,33,3,,3
EMP-007469,2015-06-24,Sales,Mid,36,Male,1082280,1.0,1.2141546368557457,4.4317442064843515,10,9,0.0,38
EMP-007470,2021-03-05,HR,Lead,32,Female,1345397,9.0,4.829196580040296,3.85211837878235,32,0,0.0,10
EMP-007471,2021-04-28,HR,Mid,420,Male,1249519,105.0,1.9852989349003782,3.073866150809231,47,1,0.0,29
EMP-007472,2016-02-08,Marketing,Manager,32,Male,1201383,37.0,3.7368253151526725,3.7584983789377464,3,6,0.0,37
EMP-007473,2019-06-09,Operations,Senior,42,Male,1368959,23.0,3.658231022611818,4.760485690179672,1,0,0.0,32
EMP-007474,2015-10-08,HR,Lead,57,Female,551145,88.0,2.1695668439200397,4.66640339453146,36,2,1.0,21
EMP-007475,2020-10-05,Marketing,Manager,30,Female,308434,117.0,2.7063528713333014,4.333613328863374,18,6,,9
EMP-007476,2018-11-26,IT,Senior,36,Male,1458226,84.0,1.4374334350609588,4.564708261914911,3,0,0.0,19
EMP-007477,2019-07-30,IT,Mid,30,Female,345601,3.0,4.599721405733651,4.891872336005388,9,2,1.0,13
EMP-007478,2021-08-22,HR,Junior,35,Female,1258536,68.0,3.750132351018745,1.639605592330272,49,6,0.0,20
EMP-007479,2020-10-09,Finance,Junior,59,Male,822703,62.0,1.5702645388857026,2.275455502764638,32,3,0.0,32
EMP-007480,2017-08-08,Finance,Mid,32,Male,1781595,5.0,1.5017429919278906,3.1070200427282306,13,8,1.0,4
EMP-007481,2015-04-02,Finance,Manager,31,Male,643761,117.0,1.7575001749364545,1.8849750007048947,45,5,0.0,7
EMP-007482,2018-09-26,Marketing,Mid,44,Male,748671,62.0,1.056264453361941,4.743567093523833,31,2,1.0,23
EMP-007483,2021-06-15,IT,Manager,39,Male,1742405,105.0,4.574397438013708,4.209922542189,17,7,0.0,14
EMP-007484,2021-06-05,Marketing,Junior,27,Female,584778,9.0,1.0277168837193207,3.762672648977037,5,3,1.0,23
EMP-007485,2016-08-02,Sales,Mid,24,Female,784442,73.0,4.062343341101838,1.377909152497776,38,2,0.0,18
EMP-007486,2016-08-30,IT,Junior,47,Male,1789915,77.0,4.445236288826569,4.794566847247287,41,3,0.0,10
EMP-007487,2016-01-30,IT,Senior,26,Male,1242417,1.0,2.5113785926723926,3.9639882290494546,15,5,0.0,46
EMP-007488,2018-09-08,Operations,Senior,49,Male,694288,6.0,1.7542831428658183,3.264036013691024,39,9,0.0,35
EMP-007489,2019-10-02,Operations,Senior,25,Male,1611095,65.0,1.3362949886266948,1.7665436611778365,23,7,0.0,38
EMP-007490,2020-05-04,Operations,Lead,27,Male,437667,76.0,4.061154227115391,1.373443929227225,29,6,0.0,3
EMP-007491,2021-10-06,Operations,Lead,48,Male,1171875,75.0,3.357356744321053,3.4188588006598217,39,8,1.0,11
EMP-007492,2021-01-06,Operations,Manager,26,Female,1059500,58.0,4.688542039009519,1.765465173853881,25,6,1.0,47
EMP-007493,2019-10-25,Operations,Senior,37,Female,870922,32.0,1.9571673636780242,3.9740046068568216,13,4,1.0,35
EMP-007494,2016-02-29,Operations,Junior,58,Male,574705,25.0,1.0406472449406325,2.770099209901732,17,3,0.0,26
EMP-007495,2019-03-24,Marketing,Senior,33,Male,1279718,53.0,3.567161156244712,,47,5,0.0,29
EMP-007496,2015-11-18,IT,Manager,36,Male,669304,74.0,4.6002205024065415,1.2981324790790034,29,3,1.0,41
EMP-007497,2016-12-17,HR,Lead,52,Female,755529,36.0,3.9866160193072453,3.7414768078562513,44,8,1.0,6
EMP-007498,2020-06-02,IT,Junior,47,Female,340838,90.0,3.6413612206341015,4.2300678728835654,6,5,0.0,47
EMP-007499,2020-02-06,Operations,Senior,25,Female,1507538,47.0,2.1493277772358153,2.9079716918927865,47,0,1.0,31
EMP-007500,2018-07-15,Sales,Lead,27,,498875,7.0,3.6427321710453686,1.846181478213011,48,6,1.0,21
EMP-007501,2020-09-06,HR,Mid,24,Female,1089725,56.0,3.300391021106047,3.1641604190444035,8,5,0.0,8
EMP-007502,2018-02-16,HR,Senior,39,Male,1457678,32.0,4.927148667881983,3.57008538161123,45,7,0.0,36
EMP-007503,2020-06-07,Marketing,Mid,39,Male,1143547,15.0,4.668667132123526,1.7859211702059592,22,5,0.0,15
EMP-007504,2019-07-05,Operations,Lead,30,Male,1835819,31.0,2.809214572496955,1.6007801930877412,19,3,0.0,23
EMP-007505,2016-02-13,Marketing,Manager,45,Male,1048049,90.0,4.932053635568304,4.336591145924023,18,5,0.0,18
EMP-007506,2015-08-30,IT,Manager,53,Female,1484295,55.0,4.93422793650334,4.537809858685231,48,1,1.0,8
EMP-007507,2015-05-06,Marketing,Mid,40,Male,1654580,20.0,1.802530973706281,1.866395057797527,3,5,1.0,4
EMP-007508,2020-08-07,Finance,Manager,37,Female,386965,57.0,1.8182489104541837,2.9298873836217187,26,5,0.0,6
EMP-007509,2018-07-10,Operations,Senior,44,Male,1998602,85.0,4.161353740817045,4.09075657606925,3,2,0.0,38
EMP-007510,2017-11-19,IT,Senior,28,,1655523,75.0,1.8067191382945413,2.3647969050636353,42,5,1.0,31
EMP-007511,2020-08-29,Finance,Mid,26,Female,1714780,22.0,2.2534570304616097,1.3805822791966746,5,8,0.0,42
EMP-007512,2019-08-20,Marketing,Junior,33,Female,1883633,60.0,3.925309567921965,1.4874667542442093,24,6,0.0,31
EMP-007513,2020-12-31,Finance,Lead,24,Male,981489,5.0,2.7872690034541328,2.5485489630118527,9,0,1.0,34
EMP-007514,2017-11-30,Sales,Junior,43,Male,1188785,60.0,3.5423318960473393,1.9211325662645748,15,0,1.0,31
EMP-007515,2015-08-18,Sales,Mid,33,Male,684230,65.0,2.0866490226969776,1.4329075133956692,19,9,1.0,45
EMP-007516,2017-10-24,IT,Senior,47,Female,1735117,42.0,3.170937720832383,3.956261242934889,16,4,0.0,38
EMP-007517,2017-12-26,HR,Junior,39,Male,1814888,40.0,4.931442360801172,4.475266238424187,27,1,1.0,2
EMP-007518,2018-04-25,Operations,Senior,41,Female,461118,92.0,1.4798043498971878,,23,8,0.0,28
EMP-007519,2017-12-12,Marketing,Manager,29,,1569763,61.0,4.737355341159764,2.3847405296402786,32,1,0.0,46
EMP-007520,2015-11-28,HR,Junior,22,Female,1294512,107.0,1.7212815141356512,3.5979171475336047,12,1,0.0,44
EMP-007521,2017-11-11,Finance,Junior,55,Male,632670,53.0,1.0834495625327274,2.834353923380147,17,1,1.0,11
EMP-007522,2017-12-31,Operations,Junior,22,Female,1332253,25.0,1.5296651397107008,4.8491261571242825,26,5,1.0,8
EMP-007523,2016-02-02,Marketing,Junior,55,Female,1753707,29.0,1.3540533129132166,1.1995534536719434,19,6,1.0,4
EMP-007524,2015-01-11,Marketing,Senior,38,Female,981965,,2.482615356518767,1.3488808306898834,21,0,0.0,4
EMP-007525,2021-04-22,IT,Mid,58,Female,1794113,100.0,3.4145711541377035,2.3254750365254138,0,5,1.0,24
EMP-007526,2021-07-20,Finance,Manager,56,Female,477498,51.0,1.597669363689128,3.8770957296774524,14,0,1.0,42
EMP-007527,2020-09-30,Marketing,Junior,52,Male,1329130,21.0,1.0645220117393182,2.4879737025645925,42,9,0.0,25
EMP-007528,2015-09-14,IT,Mid,29,Female,1839584,64.0,2.8376202717295556,4.21054566402427,35,3,1.0,28
EMP-007529,2018-10-13,Marketing,Junior,52,Female,1894624,,4.562772006816981,3.8625761901786824,46,7,1.0,45
EMP-007530,2017-01-31,Marketing,Senior,53,Male,525774,50.0,2.1788299255930146,4.764369392678756,44,3,0.0,25
EMP-007531,2020-06-18,IT,Senior,51,Female,1434038,109.0,2.5296475329997503,1.684898174192508,33,4,1.0,40
EMP-007532,2015-08-10,IT,Mid,22,Male,348745,24.0,1.287094710667005,3.126865683884283,49,4,0.0,38
EMP-007533,2015-10-29,Operations,Lead,54,Male,1038828,72.0,1.4799852160802631,2.0120652828168546,44,9,0.0,38
EMP-007534,2021-10-11,Marketing,Mid,22,Male,1891217,53.0,2.643656836681648,2.2746245992030394,0,4,1.0,42
EMP-007535,2017-01-28,IT,Lead,25,Female,573027,1.0,3.8605605589799907,2.51685875013413,7,4,1.0,11
EMP-007536,2020-06-24,Finance,Senior,40,Male,875110,4.0,1.0382200181132428,4.969364317406983,19,7,1.0,44
EMP-007537,2020-12-25,Sales,Mid,36,Male,1678519,69.0,1.4465106085478499,4.883570716693609,14,1,1.0,1
EMP-007538,2017-12-17,Sales,Lead,41,Male,1546581,48.0,1.937966534809597,,5,0,1.0,29
EMP-007539,2021-01-19,IT,Junior,41,,1672570,91.0,3.144802862474884,4.543670547934014,31,6,0.0,39
EMP-007540,2020-09-24,Finance,Lead,41,Male,1840916,31.0,1.285105480552534,2.8965942308806456,30,3,1.0,4
EMP-007541,2019-10-24,HR,Junior,40,Female,1300149,59.0,1.5694178660978264,2.272470406476029,18,6,1.0,36
EMP-007542,2015-05-18,Operations,Junior,29,Female,1142714,30.0,1.6451581768527328,2.2442077165864536,37,8,1.0,33
EMP-007543,2018-09-20,Operations,Lead,42,Male,715574,30.0,2.143414325573844,4.0002218815922825,29,4,1.0,1
EMP-007544,2016-01-11,Marketing,Junior,25,Male,860904,62.0,2.615083005816847,1.7794338495579223,38,2,1.0,37
EMP-007545,2015-05-28,Operations,Junior,47,Male,616754,17.0,1.4143536065160567,4.790800981854984,36,1,0.0,15
EMP-007546,2016-07-20,Operations,Lead,33,Male,1941138,38.0,3.8293896520064155,1.2852593021920407,2,0,0.0,40
EMP-007547,2021-06-29,IT,Manager,45,Male,1014215,7.0,3.068159679922721,4.278214520851795,27,7,1.0,3
EMP-007548,2017-12-03,IT,Manager,24,Female,1737745,7.0,3.213437843759695,1.4199106506023402,23,5,0.0,2
EMP-007549,2020-03-20,IT,Junior,58,Male,1396716,76.0,4.179461735646959,4.441402303123496,32,2,1.0,40
EMP-007550,2019-07-27,Sales,Junior,52,Male,1179104,45.0,3.2542118503187383,1.2223103040276961,10,2,0.0,5
EMP-007551,2017-07-14,Marketing,Senior,22,Female,922755,41.0,3.654477773716982,1.4773689409888977,24,2,0.0,32
EMP-007552,2017-02-26,Finance,Senior,25,Female,584434,3.0,2.5946263916457504,2.2565150751207117,10,0,1.0,37
EMP-007553,2017-11-22,Operations,Junior,22,Female,777856,55.0,4.0091982253683485,1.2498209113887344,44,5,0.0,45
EMP-007554,2015-02-15,Sales,,27,Female,1638987,69.0,1.9999924420913806,1.8194370301758491,0,9,0.0,6
EMP-007555,2021-01-11,Sales,,55,Male,1602162,21.0,4.293764982482893,2.583946299759288,9,6,1.0,47
EMP-007556,2017-06-28,IT,Senior,25,Male,892683,92.0,3.1875468026955867,2.651304150146602,2,8,0.0,30
EMP-007557,2021-01-11,Marketing,Manager,25,Female,1029202,67.0,2.3307362564588323,,15,6,1.0,6
EMP-007558,2021-01-28,IT,Lead,34,Male,1974596,85.0,4.341768093542955,2.1947529063280085,17,5,0.0,46
EMP-007559,2020-12-14,Marketing,Junior,450,Male,795805,58.0,3.6766995662863104,4.91722428875816,14,6,1.0,24
EMP-007560,2020-07-12,Sales,Mid,41,Female,475529,30.0,4.112951727990071,2.6461541510614164,40,4,0.0,19
EMP-007561,2017-06-29,IT,Junior,26,Male,750749,105.0,4.435727035843602,1.5086542210425082,11,8,1.0,41
EMP-007562,2017-01-18,IT,Manager,56,Female,460858,81.0,3.7048732438423495,3.8990667461115454,36,7,1.0,3
EMP-007563,2018-07-03,Sales,Junior,36,Male,1917107,7.0,3.3985233380378728,2.702353082689672,20,0,1.0,1
EMP-007564,2017-06-29,HR,Lead,58,Female,494575,58.0,4.609317192409479,1.9194960105125025,28,9,1.0,47
EMP-007565,2015-11-25,IT,Mid,31,Male,1991488,86.0,3.226115427765991,1.6719239341518946,36,1,,12
EMP-007566,2015-05-09,IT,Senior,47,Female,1873319,84.0,2.275408428635372,3.9361200999572947,33,0,1.0,17
EMP-007567,2015-11-29,Finance,Lead,32,Female,381048,7.0,4.70181312740978,1.0027077459349072,47,4,1.0,12
EMP-007568,2015-01-08,HR,Junior,23,Male,552175,75.0,1.5694977058817132,4.0022931355732645,8,8,1.0,4
EMP-007569,2015-04-11,Marketing,Junior,49,Female,1173162,31.0,2.248079293684504,1.1939103343588182,21,4,0.0,20
EMP-007570,2016-01-30,Sales,Senior,51,Female,918073,33.0,1.0586359552346254,4.023919619960587,28,9,1.0,26
EMP-007571,2016-06-28,IT,Manager,54,Male,512139,13.0,2.5367096846721733,4.0698875010682585,34,2,1.0,3
EMP-007572,2018-10-19,HR,Lead,56,,1487121,99.0,2.871561627662956,3.9770424625574883,3,0,1.0,8
EMP-007573,2017-10-12,IT,Mid,38,Male,1906037,19.0,4.958276662045048,1.2513180264936845,15,1,1.0,39
EMP-007574,2018-11-28,HR,Senior,35,Female,1701891,,4.147340510440918,1.3667073574131114,22,8,1.0,13
EMP-007575,2016-01-27,Marketing,Manager,48,,451650,7.0,4.086171663154669,2.2866443289465703,48,6,0.0,46
EMP-007576,2018-12-27,Operations,Mid,46,Male,869236,17.0,2.281401648039986,2.0278689557305714,12,9,0.0,37
EMP-007577,2021-08-20,Marketing,Junior,50,Female,1914135,71.0,1.5098128899792052,4.906003977777377,20,0,0.0,31
EMP-007578,2019-10-17,Sales,Manager,45,Female,1883410,25.0,4.578932931833505,3.781855790680811,42,5,1.0,20
EMP-007579,2020-03-05,IT,Manager,49,Female,1157540,7.0,4.176240008900949,3.0112901433339605,30,9,0.0,47
EMP-007580,2018-04-07,Sales,Senior,25,Female,582541,,1.9205898331204958,4.931554992470561,13,8,0.0,8
EMP-007581,2017-04-09,Operations,senior,58,,1939573,76.0,1.13444030896971,3.8928620600880257,3,7,1.0,5
EMP-007582,2021-10-08,Operations,Junior,23,Female,1166426,64.0,3.180335563299438,2.299209357310193,25,4,1.0,44
EMP-007583,2021-03-16,HR,Senior,26,Female,1824295,16.0,4.706956507032411,2.133623710841819,40,6,0.0,32
EMP-007584,2019-04-11,Finance,Mid,46,Male,1744910,110.0,1.9114841503770967,2.9134734725951716,41,9,0.0,20
EMP-007585,2016-04-02,Marketing,Senior,58,Female,312029,31.0,3.3820505919683885,2.7190563655629427,45,4,1.0,15
EMP-007586,2015-01-04,Finance,Mid,35,Female,1845417,14.0,3.8662792722279216,1.1806953439867942,23,4,1.0,36
EMP-007587,2019-12-26,Sales,Mid,45,Male,1168518,61.0,4.664278369589231,2.312195083197037,14,-6,1.0,8
EMP-007588,2015-08-11,Marketing,Senior,35,Female,653073,86.0,3.9458446814138166,1.4707741154377256,18,9,0.0,40
EMP-007589,2017-04-01,Marketing,Lead,41,Male,1811646,59.0,3.3478645011049526,1.3911429267857827,15,9,1.0,9
EMP-007590,2015-06-21,Sales,Senior,26,Male,1024060,80.0,3.489155249368197,1.2704704269982434,5,3,1.0,40
EMP-007591,2017-07-18,Sales,Lead,31,,1431494,87.0,2.6345300355532415,3.3986864214795025,16,6,1.0,44
EMP-007592,2020-03-04,Finance,Lead,28,Male,1563542,118.0,2.010570267906195,3.960505346403085,38,3,1.0,13
EMP-007593,2021-01-11,Operations,Senior,430,Male,1120141,96.0,1.7088267589710697,2.8358722616523044,49,8,0.0,47
EMP-007594,2020-05-09,HR,Manager,22,Male,755383,84.0,2.5929755915076482,3.880983789164116,47,9,1.0,45
EMP-007595,2016-01-23,Finance,Junior,34,Female,1439539,57.0,2.577115345571112,3.4393794222526632,16,3,1.0,34
EMP-007596,2019-12-17,IT,Junior,42,Male,473740,8.0,1.5989199808170733,4.872646823550159,7,6,1.0,0
EMP-007597,2016-04-11,IT,Lead,35,Female,960154,100.0,4.541841301032855,3.437018655494671,24,3,0.0,47
EMP-007598,2018-08-04,Finance,Senior,58,Male,1726681,75.0,4.165232192097831,,17,0,0.0,28
EMP-007599,2016-07-14,Marketing,Junior,34,Male,1225836,62.0,4.184888185791623,4.247914095105079,11,6,0.0,21
EMP-007600,2017-06-28,HR,Lead,37,Male,648683,98.0,2.906220140674921,3.560097269724004,7,8,0.0,11
EMP-007601,2019-01-09,Operations,Mid,46,Female,1659037,1.0,3.5327115359591645,4.157373558317437,29,5,0.0,2
EMP-007602,2021-05-22,Marketing,Mid,53,Female,790616,31.0,3.092094175160702,4.90293226284334,19,8,0.0,46
EMP-007603,2019-11-26,Sales,Mid,50,Female,1572952,105.0,2.824163408376842,3.1130707803677407,47,3,1.0,26
EMP-007604,2018-02-11,IT,Junior,27,Male,867897,4.0,2.6069126738232873,1.7820855138483007,30,5,0.0,45
EMP-007605,2020-03-25,Marketing,Manager,51,Male,1219877,74.0,3.212436470254412,1.0440536550291282,21,1,1.0,11
EMP-007606,2018-04-07,Finance,Lead,37,,1733018,80.0,1.6574482756605313,3.2800791624486125,0,4,0.0,11
EMP-007607,2018-01-27,Marketing,Junior,53,Female,1510867,28.0,2.0796661495629896,4.168448483278578,49,1,1.0,39
EMP-007608,2015-02-14,Sales,Mid,26,Male,961980,39.0,2.974756276397252,1.710666618678148,31,3,0.0,11
EMP-007609,2019-03-15,Finance,Manager,560,Male,944951,28.0,1.10232888235427,4.397212565617503,24,0,0.0,37
EMP-007610,2019-09-12,Sales,Lead,53,Male,1514662,98.0,2.1942283727741647,1.0896404959990798,19,4,0.0,29
EMP-007611,2015-03-16,HR,Junior,46,Female,504755,10.0,3.729142100342998,3.0675181433638956,47,3,0.0,40
EMP-007612,2018-10-07,IT,Manager,58,Female,1620288,38.0,4.778818409984979,,19,4,0.0,35
EMP-007613,2021-10-23,IT,Mid,53,Male,1623360,,3.136846749219149,1.2083698578076971,29,2,0.0,40
EMP-007614,2018-06-22,Marketing,,39,Female,1750815,30.0,2.6171598360708104,1.624409440983186,33,5,1.0,34
EMP-007615,2016-04-25,Marketing,Senior,31,Female,1286663,60.0,2.4114141769029462,3.082195622502727,37,3,1.0,24
EMP-007616,2015-01-21,Sales,Junior,39,Male,1890438,73.0,4.068896060488118,1.6952618553953491,39,7,0.0,7
EMP-007617,2016-06-27,Operations,Senior,54,Male,970605,96.0,1.5016183583227973,1.569579412496108,1,3,1.0,28
EMP-007618,2017-11-26,Sales,Mid,37,Female,612895,67.0,2.0596782624516226,4.326991271320132,39,3,1.0,35
EMP-007619,2017-06-22,Sales,Manager,30,Female,307642,54.0,4.059488856079177,2.164903578499808,45,0,0.0,18
EMP-007620,2020-07-08,HR,Manager,27,Male,546094,46.0,4.9399464846539125,1.8355034021774181,7,8,0.0,31
EMP-007621,2019-04-04,Finance,Senior,53,Male,1564747,,1.1164507555265129,2.94386314211424,18,3,1.0,19
EMP-007622,2015-02-03,Marketing,Senior,38,Male,921659,102.0,2.1575554317449166,1.376023873728276,17,8,0.0,8
EMP-007623,2019-08-24,Operations,Manager,38,Female,1533423,48.0,2.982291376697669,4.059818991441937,4,9,1.0,23
EMP-007624,2015-04-03,HR,Senior,41,Female,687583,90.0,1.302595162851219,2.7598317750610204,24,3,1.0,22
EMP-007625,2020-04-04,HR,Senior,25,Female,352396,74.0,1.160294896868936,2.940908519299232,44,6,1.0,1
EMP-007626,2017-08-22,Sales,Senior,27,Male,1797224,47.0,2.1553789090725983,2.563521146750084,36,6,0.0,21
EMP-007627,2021-09-30,IT,Lead,52,Male,676832,92.0,2.1321043294466735,1.18206672207176,0,1,1.0,18
EMP-007628,2017-11-18,HR,Mid,44,Female,1477160,9.0,1.4915488213001362,4.107725314339925,35,8,1.0,39
EMP-007629,2019-10-24,Finance,Lead,22,Female,1801402,53.0,3.826048986976598,4.995711439160402,12,9,0.0,42
EMP-007630,2015-10-25,HR,Manager,46,Male,734624,76.0,3.349986284138695,1.5267619554199139,7,7,1.0,46
EMP-007631,2021-07-01,HR,Mid,39,Male,1390973,77.0,3.2398080121150836,3.0157092449879834,10,4,1.0,26
EMP-007632,2021-06-12,Finance,Junior,54,Female,1603116,,1.0874075324478811,1.7420809240037514,30,2,1.0,18
EMP-007633,2015-10-27,Marketing,Manager,26,Male,1775878,112.0,3.8116791197680495,2.1049411836614396,44,9,0.0,4
EMP-007634,2016-04-20,Sales,Lead,28,Male,524580,39.0,3.988221879543156,3.1438091951019143,15,1,1.0,37
EMP-007635,2015-06-25,Operations,Junior,30,Female,996645,25.0,2.727222938996556,2.0389009046741267,25,7,0.0,35
EMP-007636,2018-10-06,Sales,Lead,43,Male,1718841,19.0,3.441092408336902,1.7418220492053007,3,2,1.0,21
EMP-007637,2021-03-06,Finance,Junior,23,Male,1745966,23.0,2.7634824029856615,3.9934715818313826,14,1,0.0,28
EMP-007638,2017-03-20,Sales,Senior,39,Female,1105153,60.0,2.8370608013502645,2.8562561285521433,19,3,0.0,1
EMP-007639,2021-02-19,Sales,Lead,23,Female,1940516,82.0,2.8946354859660834,3.1921730932803243,6,6,1.0,34
EMP-007640,2017-04-25,Finance,Mid,48,Male,1234003,17.0,3.193246282050616,2.1626502661777782,26,8,0.0,22
EMP-007641,2019-07-01,Marketing,Lead,44,Female,1121574,17.0,1.7393287849012316,2.293760020850973,46,0,1.0,38
EMP-007642,2015-03-13,Finance,Lead,41,Female,1313582,30.0,1.1946995822563866,3.7193428197692926,46,7,0.0,31
EMP-007643,2021-02-03,IT,Mid,31,Female,613513,43.0,3.895195196329786,4.808302180864255,38,7,0.0,27
EMP-007644,2020-09-19,Marketing,Senior,56,Male,814909,94.0,2.169485161519071,2.322740664975654,20,1,0.0,9
EMP-007645,2018-03-19,Sales,Mid,57,Male,832770,26.0,4.4469459036607315,1.5775965224677972,10,1,0.0,41
EMP-007646,2019-10-13,Sales,Lead,31,Female,1668597,113.0,3.128767177313841,,17,2,1.0,25
EMP-007647,2015-03-18,Finance,Manager,59,Female,389461,72.0,4.255253147584356,4.889446842156723,12,8,1.0,15
EMP-007648,2020-12-13,Operations,Lead,30,Male,1693999,19.0,3.3698974657624983,2.7968635342096326,21,0,0.0,42
EMP-007649,2016-08-11,Operations,Lead,36,Female,1456937,9.0,2.676618035945482,2.0712089129826463,14,0,1.0,3
EMP-007650,2018-07-31,HR,Manager,33,Female,938378,110.0,4.829249989088079,1.8144756034032192,41,7,1.0,13
EMP-007651,2020-05-24,HR,Senior,42,,754814,40.0,3.9668704944105047,4.972603907437637,30,4,0.0,24
EMP-007652,2016-12-03,Finance,Mid,40,Female,303482,56.0,4.4758472068996245,1.013854013254913,8,1,1.0,23
EMP-007653,2015-09-25,Operations,Senior,59,Female,1277578,23.0,1.0182388928782338,3.4391808166768048,27,8,1.0,14
EMP-007654,2018-06-22,Sales,Mid,58,Male,607277,94.0,2.2356436388307905,4.029423885504999,24,6,1.0,13
EMP-007655,2016-07-17,IT,Manager,47,Male,716219,56.0,2.9542291876032585,1.8418138752311637,26,8,1.0,32
EMP-007656,2016-12-25,IT,Senior,54,Female,1854781,48.0,4.6604113888429595,4.18782150724668,39,6,0.0,14
EMP-007657,2015-02-11,Marketing,Lead,54,Female,1348638,10.0,3.755872067293204,1.6379868242497464,27,1,0.0,32
EMP-007658,2016-03-06,Marketing,Lead,33,Female,1551656,33.0,1.4699358110624798,3.453616871796826,27,1,0.0,46
EMP-007659,2015-08-30,Finance,Lead,33,Male,1813910,48.0,2.5580569040860768,4.8899404411340175,14,1,1.0,40
EMP-007660,2021-03-05,IT,Manager,50,Female,1268644,29.0,2.1332329108638945,1.7305555454521335,47,1,0.0,28
EMP-007661,2019-12-18,Operations,Junior,51,Male,1202430,73.0,1.4738671390839073,4.72825949226774,36,4,1.0,44
EMP-007662,2016-01-23,Marketing,Junior,51,Female,584208,23.0,2.9801812663477816,4.7944310357649105,36,2,0.0,38
EMP-007663,2018-02-06,Marketing,Lead,29,Male,1941430,61.0,1.3628308729299503,3.74145696335085,11,0,,10
EMP-007664,2021-04-18,Marketing,Lead,41,Male,1446511,48.0,3.2176812433087685,2.6452077169571653,5,3,0.0,6
EMP-007665,2016-11-07,IT,Manager,35,Female,467754,20.0,3.836132376300548,3.5019618286486836,28,2,1.0,45
EMP-007666,2021-05-16,IT,Junior,55,Female,1616961,66.0,1.575342414364946,3.5524247187711975,18,5,1.0,14
EMP-007667,2017-05-02,Operations,Manager,43,Female,497784,18.0,3.070946377482465,1.9807326982527842,42,1,0.0,14
EMP-007668,2017-07-22,Operations,Senior,59,Female,1079964,17.0,1.9324438265725101,4.12615965507047,2,4,1.0,12
EMP-007669,2017-03-08,Operations,Junior,24,Female,354021,16.0,4.12300689201827,3.651525938231364,46,9,1.0,32
EMP-007670,2020-08-30,Marketing,Mid,35,Female,624454,45.0,2.5108400207371697,1.4437334684912555,28,3,1.0,32
EMP-007671,2018-04-12,Finance,Manager,48,Female,1805722,46.0,1.2941829184189815,2.6972744100434873,30,9,1.0,47
EMP-007672,2017-12-04,IT,Manager,55,Female,332109,112.0,1.3528129306146357,3.573387732188543,7,9,0.0,30
EMP-007673,2016-08-24,IT,Mid,37,Female,688458,12.0,2.8953303050576213,3.788785503977704,0,1,1.0,17
EMP-007674,2016-11-15,Marketing,Senior,36,Male,1882826,63.0,1.2565857921801684,1.4562738844783882,30,8,0.0,25
EMP-007675,2016-08-29,Operations,Lead,44,Female,1979502,49.0,1.3341150684670007,4.695925483081586,8,4,1.0,14
EMP-007676,2020-06-17,HR,Senior,38,Female,1162913,69.0,1.1477069129559072,,8,4,1.0,26
EMP-007677,2017-12-05,Finance,Mid,41,Male,732379,14.0,1.2481636850086009,3.0648450906874745,35,5,1.0,24
EMP-007678,2018-09-05,IT,Junior,43,Female,819282,99.0,4.47835881160223,4.676645979855854,39,6,1.0,7
EMP-007679,2020-06-11,Operations,Lead,34,Female,1129953,3.0,1.2481195819851352,1.4162326596260963,3,1,1.0,24
EMP-007680,2017-05-24,Marketing,Junior,37,Male,1606499,46.0,1.3425300078705886,3.52046568439987,13,5,1.0,14
EMP-007681,2020-10-21,Operations,Mid,49,Male,1491639,98.0,4.598845497338511,3.312423653408159,17,9,1.0,34
EMP-007682,2021-03-22,IT,Lead,23,Male,927998,40.0,2.8205255373213745,1.7664853332422212,15,4,1.0,9
EMP-007683,2021-07-21,Sales,Junior,55,Male,360041,76.0,2.649736166560811,4.666714784343448,39,4,1.0,21
EMP-007684,2019-01-01,Marketing,Junior,22,Female,783087,101.0,4.323158726764619,3.5892123658382413,0,9,0.0,41
EMP-007685,2016-06-08,Finance,Junior,42,Male,1390824,71.0,2.9933543261387285,2.065682854111541,9,0,1.0,7
EMP-007686,2016-08-20,HR,Lead,36,Female,1038874,97.0,2.4143641281381494,1.9959033260912857,18,7,1.0,31
EMP-007687,2016-01-17,Sales,Manager,37,Male,527179,119.0,3.9603140495967573,1.5076681994732817,36,2,1.0,28
EMP-007688,2018-01-27,HR,Mid,30,Male,1300260,64.0,1.1568434106363807,1.6251537009179633,25,2,1.0,19
EMP-007689,2017-10-17,Sales,Mid,30,Male,1188072,83.0,3.5540977269791183,2.0977720267897633,10,0,1.0,13
EMP-007690,2019-07-04,IT,Senior,46,Female,523172,115.0,3.619495806214161,2.2323961515979014,13,0,0.0,10
EMP-007691,2019-10-02,Marketing,Manager,37,Male,1800993,60.0,3.4394843352814304,4.454486486606065,29,8,1.0,4
EMP-007692,2021-03-21,Sales,Lead,56,Female,994953,,4.956405112360976,3.7502277040328416,15,6,1.0,3
EMP-007693,2015-04-12,Marketing,,49,Female,1328689,8.0,2.89719566697458,2.38166894944913,20,3,1.0,45
EMP-007694,2021-06-08,Marketing,Junior,52,Male,1985413,79.0,4.102037562559017,2.3970536395154456,25,8,1.0,35
EMP-007695,2015-04-11,Sales,Mid,32,Female,1302465,104.0,3.0578521912211776,1.531817542242833,5,6,1.0,36
EMP-007696,2015-07-18,Sales,Lead,46,Female,839212,90.0,2.4161202320981685,2.2075333051733472,42,4,1.0,20
EMP-007697,2019-11-16,Operations,Senior,34,Male,1729756,66.0,4.666944033295152,2.3730302352321355,22,0,1.0,13
EMP-007698,2018-07-29,Operations,Junior,53,Male,829372,7.0,2.383601243486635,1.3159843091981345,35,0,0.0,35
EMP-007699,2021-01-17,IT,Junior,41,Female,843030,4.0,2.4964183697625963,3.1689763027233364,42,1,1.0,40
EMP-007700,2019-11-25,Marketing,Junior,38,Female,1988197,69.0,2.804405507244573,3.556724313367965,26,6,0.0,1
EMP-007701,2015-02-05,HR,Manager,59,Female,1951228,74.0,3.4967374033208087,3.84699776084015,39,7,1.0,10
EMP-007702,2016-09-08,Operations,Mid,50,Male,861773,79.0,4.500126165807404,1.7544336587803429,8,8,0.0,8
EMP-007703,2017-07-25,IT,Manager,37,Male,489433,35.0,4.061694989710796,3.6343613620082063,0,2,1.0,38
EMP-007704,2016-01-04,Operations,Lead,53,Male,1830843,93.0,1.912387518740216,3.053811135236189,43,7,1.0,27
EMP-007705,2016-03-22,Sales,Senior,56,Male,533091,58.0,3.101507324382044,2.7238149034326864,2,0,0.0,22
EMP-007706,2015-08-28,Marketing,Senior,57,Female,388747,39.0,3.7052165880466803,1.2707083498180394,27,1,0.0,26
EMP-007707,2021-06-25,Operations,Junior,52,Female,1188983,32.0,3.4444824863499597,4.080345893739255,24,0,,11
EMP-007708,2018-12-27,Finance,Manager,35,Male,840146,67.0,2.392822932848537,3.6892086361553496,30,2,1.0,46
EMP-007709,2021-07-24,Finance,Mid,33,Female,495883,76.0,3.149022640839165,1.4241907017461317,28,1,0.0,18
EMP-007710,2020-05-26,HR,Junior,44,Male,1399841,3.0,2.2794685313185346,1.836491908933374,13,1,,7
EMP-007711,2017-09-13,Operations,Senior,51,Male,1044229,80.0,1.0697887107242767,1.5569912484253168,32,3,0.0,33
EMP-007712,2020-09-06,Marketing,Mid,51,Male,930881,91.0,1.5413147194178305,2.376946095759065,3,0,0.0,14
EMP-007713,2020-04-21,IT,,40,Female,788121,77.0,3.543318343957351,4.189028553499808,38,6,0.0,27
EMP-007714,2019-05-02,Sales,Mid,40,Male,390996,7.0,4.256842560154023,13.326080190980516,40,6,0.0,8
EMP-007715,2017-03-17,Sales,Manager,54,Male,1808090,29.0,1.4671443892975513,3.8564991796071912,38,5,1.0,29
EMP-007716,2018-12-25,IT,Junior,48,Male,719980,21.0,4.6016717447500985,1.6808915753107923,9,0,0.0,37
EMP-007717,2020-01-20,Operations,Senior,47,Female,1616572,13.0,3.465171006738846,4.242552942127967,12,4,1.0,29
EMP-007718,2019-04-17,IT,Senior,36,Female,1801334,109.0,1.0091168523031868,1.1797946727188031,27,2,0.0,25
EMP-007719,2017-08-27,HR,Lead,55,Female,702292,46.0,2.896601451506716,3.3900386338688557,16,2,0.0,33
EMP-007720,2021-06-08,Finance,Senior,32,Male,1837290,2.0,4.981318315464472,2.676103598540308,27,9,1.0,35
EMP-007721,2020-12-22,Operations,Senior,22,Male,1264210,59.0,1.9881250432444961,1.089825289959435,5,7,1.0,21
EMP-007722,2016-05-21,IT,Junior,35,Female,484802,32.0,1.4359776023286113,1.3980720684664703,25,6,1.0,24
EMP-007723,2019-08-25,Operations,Lead,33,Female,954887,100.0,1.4398515365039501,1.2811435259831025,23,2,0.0,1
EMP-007724,2015-06-27,Finance,Junior,37,Female,420146,63.0,2.8741052819695465,3.2578370961741916,34,3,1.0,25
EMP-007725,2021-02-20,Operations,Mid,41,Female,349162,27.0,2.2066051584263886,4.58339902805544,10,6,0.0,42
EMP-007726,2020-09-11,Finance,Mid,38,Female,310392,101.0,4.9113404002566,2.2641167115552157,0,5,0.0,0
EMP-007727,2015-11-28,Sales,Mid,40,Female,446646,107.0,1.6684864160266222,4.495430736419825,9,4,1.0,11
EMP-007728,2016-09-07,HR,Manager,32,Female,627364,78.0,1.123379718811083,3.0707460507198254,24,9,1.0,12
EMP-007729,2020-06-15,Sales,Junior,39,Female,619511,88.0,3.8861894279137084,4.704535402292737,6,4,0.0,3
EMP-007730,2021-02-04,Operations,Senior,40,Female,1788622,53.0,3.233152588640236,3.689827220941431,15,7,1.0,36
EMP-007731,2021-05-20,IT,Lead,31,Male,1660956,70.0,1.873805480042881,4.295411271844213,42,0,1.0,47
EMP-007732,2018-05-12,Operations,Junior,57,Female,1268750,76.0,2.907742042036927,4.310004374156776,5,4,0.0,25
EMP-007733,2017-10-05,Finance,Lead,46,Female,1417622,102.0,2.7808710089978113,2.533880518955626,22,2,0.0,14
EMP-007734,2015-05-27,HR,Lead,52,Female,932816,78.0,4.447937041336983,1.4586347611221688,31,7,0.0,0
EMP-007735,2018-03-27,Operations,Manager,28,Male,1098807,64.0,4.05445348910235,1.1153550389652724,18,4,0.0,7
EMP-007736,2021-10-06,IT,Senior,30,,493259,22.0,3.520307683923636,3.072191212461872,14,7,1.0,33
EMP-007737,2015-04-06,Sales,Junior,570,Male,317627,86.0,3.7855797687769357,4.080741906799845,2,4,1.0,23
EMP-007738,2017-06-01,Marketing,Lead,38,Male,1769088,117.0,1.0318262855650984,3.227455226347575,43,7,0.0,0
EMP-007739,2016-01-01,Sales,Senior,30,Male,911832,93.0,2.4063249659682806,3.2531219827642137,41,5,1.0,30
EMP-007740,2018-07-11,HR,Manager,56,Female,497448,95.0,3.127999462518059,1.6729504129213102,35,8,0.0,14
EMP-007741,2020-12-13,Marketing,Mid,30,Male,1522850,57.0,4.741194136570364,1.2990908575701683,31,1,1.0,7
EMP-007742,2016-07-12,Operations,Mid,320,Male,811123,3.0,2.0277594143102835,4.630681300685874,33,4,1.0,23
EMP-007743,2016-07-03,Operations,Manager,34,Female,759501,48.0,3.2374598133276336,1.3300383957281747,0,6,0.0,18
EMP-007744,2019-01-16,Operations,Manager,29,Male,470203,81.0,3.832326142089853,2.3638255309951743,5,1,0.0,47
EMP-007745,2021-09-06,IT,Senior,36,Female,1652686,34.0,1.9699983903064053,3.9664716806056464,46,4,1.0,18
EMP-007746,2016-12-07,Marketing,Mid,36,Female,909556,87.0,4.23446633389657,1.1945191015619185,9,6,0.0,5
EMP-007747,2021-03-31,Sales,Senior,27,Female,463772,108.0,1.701026742228433,1.7046784258378005,3,4,1.0,14
EMP-007748,2015-05-03,HR,,590,Female,436303,36.0,1.5426827993174088,3.687602366550417,7,5,1.0,23
EMP-007749,2020-11-29,Marketing,Junior,37,Male,1466647,23.0,2.8391468539589546,3.3980304091582108,34,3,,12
EMP-007750,2021-10-07,Operations,Lead,32,Female,1408068,114.0,3.8220939341210793,3.7961804892380937,17,8,1.0,29
EMP-007751,2016-12-16,HR,Lead,22,Female,529001,39.0,3.913526251777272,2.693199416810418,2,9,1.0,2
EMP-007752,2021-05-06,HR,Senior,53,Female,1003580,110.0,4.652992278738108,4.049930410221371,8,2,1.0,5
EMP-007753,2021-06-17,HR,Junior,50,Female,1665614,85.0,2.7208540404742476,3.6917890473367447,48,7,1.0,10
EMP-007754,2019-06-16,HR,Manager,56,Female,1983615,45.0,2.8903906724398327,4.510773504484757,10,2,0.0,30
EMP-007755,2017-10-18,HR,Mid,51,Male,893910,68.0,2.806794230269667,1.8923421004844636,37,9,1.0,6
EMP-007756,2016-07-22,HR,Junior,47,Male,1683390,27.0,1.469712411901647,3.442344463805313,30,7,1.0,33
EMP-007757,2015-01-17,Operations,Manager,38,Female,1862782,71.0,2.322523336551116,4.624654860793758,42,0,0.0,45
EMP-007758,2015-05-11,Sales,Junior,33,Male,515627,73.0,2.7963747177623803,3.075395600413542,34,8,0.0,35
EMP-007759,2017-05-10,HR,Lead,34,,1344772,16.0,1.228556909690567,3.577904956990406,45,6,0.0,5
EMP-007760,2020-12-12,Finance,Mid,37,Female,1346398,101.0,4.174421112918833,2.9058158385241137,36,0,0.0,12
EMP-007761,2015-11-28,IT,Mid,57,Female,646363,48.0,4.096855204685923,3.471825518933657,12,9,0.0,5
EMP-007762,2016-11-29,Operations,Lead,58,Female,1229915,76.0,4.219509518149351,4.57802773788789,31,9,1.0,0
EMP-007763,2017-10-18,Marketing,Mid,43,Male,354192,97.0,4.569682388113934,1.1014749114415165,15,3,1.0,42
EMP-007764,2020-07-15,Finance,Manager,29,Female,1207727,5.0,2.9047325621356643,2.907990104426231,39,7,0.0,34
EMP-007765,2015-09-02,IT,Manager,22,Male,361275,30.0,3.6653174452770942,4.410759458602799,48,4,0.0,40
EMP-007766,2016-07-26,IT,Lead,36,Male,564300,86.0,4.57126007709262,2.598297324535601,22,2,0.0,46
EMP-007767,2020-05-07,IT,Manager,42,,979724,73.0,4.236338024635319,3.0384764698162123,16,2,0.0,42
EMP-007768,2017-12-01,Marketing,Junior,44,Male,1460520,19.0,2.816327394151455,3.6657859614035444,31,8,0.0,18
EMP-007769,2015-11-06,Sales,Senior,46,Female,493725,2.0,3.679776254596281,2.816862437394732,17,5,1.0,34
EMP-007770,2019-10-15,HR,,31,,1265065,70.0,3.3661958568203523,4.859596241977728,35,2,1.0,30
EMP-007771,2019-08-28,Operations,Mid,33,Female,719978,52.0,1.6199126891732774,2.3274412243533904,31,1,0.0,37
EMP-007772,2021-08-21,Finance,Mid,44,Female,1437575,86.0,2.7360767260256367,4.961678561818452,8,3,0.0,8
EMP-007773,2018-09-27,Sales,Senior,51,Male,907841,,2.1855329312820557,2.328303103212151,24,-4,0.0,17
EMP-007774,2017-05-23,IT,Junior,59,Female,1645860,47.0,3.283637377459368,3.1199512411725516,27,3,1.0,12
EMP-007775,2018-10-29,Sales,Junior,47,Female,791058,49.0,3.3019354186787373,1.507156851268416,16,2,1.0,36
EMP-007776,2017-07-22,HR,Lead,44,Male,413463,43.0,1.184604732686421,1.8220976105911273,38,6,1.0,16
EMP-007777,2016-05-14,Operations,Junior,57,Male,1327645,117.0,1.287642942882027,1.0692799741569905,12,1,0.0,28
EMP-007778,2015-08-18,Operations,Manager,27,Female,1459316,94.0,2.52772894872941,1.0410237563638596,19,9,1.0,6
EMP-007779,2020-06-29,IT,Senior,48,Female,1890833,45.0,3.269309182477325,2.5911443247393446,15,4,1.0,10
EMP-007780,2021-06-15,IT,Junior,35,Male,646414,61.0,1.2422161452536562,2.2956215361624595,49,2,1.0,35
EMP-007781,2018-07-10,Marketing,Mid,28,Female,1191274,45.0,2.3865268918376836,3.279884274857262,32,4,1.0,38
EMP-007782,2018-01-02,Operations,Mid,38,Female,1353669,40.0,4.911520533162277,4.107729862321985,22,6,0.0,34
EMP-007783,2019-09-29,Sales,Senior,22,Male,682843,64.0,4.675939287357505,11.255699430833857,14,0,0.0,1
EMP-007784,2016-09-14,Operations,Mid,29,Male,1047988,68.0,2.991573001273722,3.8802304253381683,25,9,1.0,4
EMP-007785,2016-02-06,Marketing,Lead,57,Female,949201,68.0,4.895252499693244,2.1331097652843294,33,7,1.0,40
EMP-007786,2015-10-10,Finance,Lead,44,Female,1645638,66.0,2.615780654026814,1.1819355105992422,49,5,0.0,41
EMP-007787,2017-06-08,Finance,Manager,29,Male,1958694,90.0,3.7297832193896565,4.257014929309241,36,5,0.0,26
EMP-007788,2021-06-13,HR,Mid,36,Female,1479132,40.0,3.2064590940035025,2.7748426569402405,14,9,1.0,45
EMP-007789,2021-04-18,Marketing,Manager,29,Male,851532,61.0,1.3335662318810826,4.752463036699465,1,4,0.0,4
EMP-007790,2015-04-19,Sales,Mid,59,Female,1695734,61.0,1.3533355139917367,2.92888178993465,4,3,0.0,41
EMP-007791,2019-03-22,Operations,Lead,45,Male,1158180,30.0,1.9737120227155835,3.6855119599431725,35,9,1.0,3
EMP-007792,2020-07-17,Operations,Senior,54,Female,599451,71.0,3.535703207995287,1.494659703882384,3,8,,40
EMP-007793,2020-04-29,Sales,Lead,25,Male,1489009,30.0,3.131142157156254,4.371461925800894,42,7,0.0,27
EMP-007794,2015-10-04,HR,Manager,55,Female,366483,9.0,4.596528518462139,3.247817582358319,11,2,1.0,40
EMP-007795,2020-10-04,Operations,Manager,51,Male,1281072,,3.0939312492436923,1.0041102732843594,40,8,0.0,33
EMP-007796,2018-01-03,Operations,Manager,23,Male,1530801,,3.7457016840012796,,48,0,0.0,1
EMP-007797,2015-07-02,IT,Senior,40,Female,1638891,4.0,1.2701271811631085,2.282852567849499,41,1,1.0,43
EMP-007798,2020-11-10,Sales,Manager,52,Female,907562,12.0,2.3997619218818844,3.9370688024751628,15,6,1.0,25
EMP-007799,2015-05-01,Sales,Lead,55,Female,496806,51.0,2.9494927818691563,4.606501568097587,17,3,0.0,9
EMP-007800,2020-06-28,Finance,Manager,51,Female,635357,49.0,4.2696652382801785,4.3966157535593995,24,5,0.0,45
EMP-007801,2020-01-28,HR,Lead,23,Male,432523,20.0,3.1070113670084107,1.202074746820478,23,1,0.0,38
EMP-007802,2015-10-23,Marketing,Junior,34,Female,379032,46.0,2.2572644727344238,3.123584669659437,22,0,1.0,45
EMP-007803,2017-07-19,HR,Mid,300,Female,1411834,21.0,3.3948736511324316,1.6106083966857527,6,6,1.0,7
EMP-007804,2021-06-03,Marketing,Mid,40,Male,396766,33.0,2.783799295337687,1.2406539168844541,10,6,0.0,16
EMP-007805,2018-09-17,Operations,Manager,59,Female,1534101,31.0,2.2438900445473973,1.2479916369353021,5,4,1.0,17
EMP-007806,2020-01-24,Finance,,42,Male,1710208,57.0,3.898136316627301,4.6169572263960506,7,6,1.0,4
EMP-007807,2020-06-28,IT,Mid,49,Male,1782299,7.0,1.6318809033628976,4.801671610759541,14,8,1.0,22
EMP-007808,2021-02-14,HR,Junior,23,Female,450025,107.0,2.0515348409678986,1.9821799369344606,7,1,0.0,42
EMP-007809,2020-01-02,Finance,Lead,43,Female,1262186,57.0,1.1530505581200288,2.475212897998003,5,6,0.0,18
EMP-007810,2016-01-25,IT,Junior,31,Female,336311,37.0,2.3890197801558317,4.710248950477216,2,7,1.0,31
EMP-007811,2019-06-13,IT,Senior,40,Female,1944572,37.0,3.7804372174044754,2.8549017565598223,43,2,1.0,0
EMP-007812,2017-09-22,Marketing,Senior,24,Male,1008950,,1.0548141722155782,3.5289772520921474,26,2,1.0,12
EMP-007813,2016-09-09,Operations,Senior,29,,1948455,80.0,4.242025605802714,1.0607672201342928,1,2,,11
EMP-007814,2016-01-29,Sales,Manager,29,Female,644784,10.0,3.4804080541737874,41.59836928769682,14,0,0.0,18
EMP-007815,2019-02-12,Marketing,Manager,45,Male,437495,1.0,3.5082632196383554,1.7503714091356621,12,-6,0.0,27
EMP-007816,2018-08-02,HR,Mid,26,Male,1848651,64.0,4.706175977064699,3.8625074137926303,49,2,1.0,43
EMP-007817,2018-03-16,Finance,Lead,53,Male,1741107,39.0,3.1067114062751715,2.0590586855451756,1,1,1.0,4
EMP-007818,2020-03-29,Finance,Senior,36,Female,1992147,32.0,1.9082250974499182,1.3819597309939509,31,0,1.0,21
EMP-007819,2016-12-20,Marketing,Senior,47,Female,1872201,19.0,2.7890338782086097,1.7053974913654937,12,4,0.0,25
EMP-007820,2016-11-16,Finance,Manager,24,Female,1176164,61.0,4.455060977398848,4.835905317890466,20,8,1.0,32
EMP-007821,2019-12-09,Sales,Lead,23,Female,1664951,49.0,4.464712108837931,3.503835593289055,27,1,0.0,7
EMP-007822,2017-03-27,HR,Junior,51,Male,1532625,52.0,3.0247175122884653,1.43250727236545,21,0,1.0,28
EMP-007823,2017-03-05,Marketing,Mid,32,Male,1071280,85.0,1.3406151157617874,4.0100144529963835,47,5,0.0,19
EMP-007824,2021-03-10,IT,Lead,55,Male,1190312,112.0,1.4309741544409578,4.839430102740029,49,0,1.0,32
EMP-007825,2018-06-01,Marketing,Lead,45,Male,449174,80.0,4.692291991353552,2.9363136833658907,11,3,0.0,45
EMP-007826,2020-09-24,Marketing,Senior,36,Female,491680,35.0,2.1498337144704127,3.9224323483931007,7,1,1.0,46
EMP-007827,2021-10-08,Operations,Mid,49,Female,1231121,23.0,2.9455512300718163,1.2850647710814345,28,1,1.0,21
EMP-007828,2021-04-05,Marketing,Lead,36,Female,1327465,7.0,2.0870284039268694,3.5796947099617165,12,1,1.0,39
EMP-007829,2017-07-31,Operations,Lead,44,Male,1924690,78.0,4.910960064867403,1.2834403286157663,48,3,0.0,20
EMP-007830,2015-04-07,Finance,Senior,26,Female,1663040,48.0,4.456102191684142,,28,5,1.0,20
EMP-007831,2017-08-06,Finance,Junior,24,Female,1689970,11.0,1.9477904213554313,1.348594700436327,19,9,0.0,29
EMP-007832,2019-12-27,IT,Lead,47,Male,462700,76.0,4.993615691773274,3.890213322358921,32,0,0.0,18
EMP-007833,2020-02-26,Finance,Senior,37,Female,1480669,67.0,1.0413259596098747,1.3154880290710147,9,5,1.0,47
EMP-007834,2019-09-20,IT,Mid,22,Female,402409,65.0,2.14498387840607,4.177120332856216,37,3,1.0,9
EMP-007835,2015-01-24,Operations,Senior,54,Female,326589,114.0,4.044783954782163,2.316257141112746,21,3,0.0,44
EMP-007836,2020-04-28,IT,Mid,22,Male,543031,75.0,1.0066684472944027,2.771749285268517,28,-7,1.0,38
EMP-007837,2018-01-03,Sales,Junior,24,Male,624476,87.0,4.807079399379548,3.7889772004411495,19,8,1.0,36
EMP-007838,2015-02-08,HR,Manager,34,Female,1782765,79.0,1.9976404307294136,2.8377573094455117,49,8,1.0,29
EMP-007839,2021-10-05,Finance,Junior,29,Male,1196201,6.0,4.578443196618931,3.2695460220298296,21,0,1.0,37
EMP-007840,2019-08-09,Sales,Lead,33,Male,1555058,50.0,4.530653731595052,4.8978221174476495,18,9,0.0,45
EMP-007841,2017-09-13,HR,Senior,48,Male,1319265,24.0,1.7475340762579865,2.2443982867831145,7,5,1.0,9
EMP-007842,2017-11-02,Marketing,Mid,23,Male,1074330,,3.362245834532353,,41,9,0.0,43
EMP-007843,2020-04-10,Sales,Senior,42,Female,403818,116.0,3.2621109897204064,4.447449929784803,32,4,0.0,19
EMP-007844,2016-03-18,IT,Manager,40,Male,1671947,,1.5925381241470231,3.691659362017495,7,1,1.0,1
EMP-007845,2019-10-23,Finance,Senior,42,Female,1276688,64.0,2.943528227702948,4.614142208160066,45,1,0.0,0
EMP-007846,2015-11-01,IT,Junior,42,Male,717017,37.0,3.8214600140212784,1.1409418735234076,21,9,0.0,41
EMP-007847,2015-11-23,Marketing,Manager,58,Female,746021,78.0,3.0275495313893868,3.826948509613934,37,5,0.0,40
EMP-007848,2019-07-08,Marketing,Junior,24,Male,1638181,31.0,1.062528185120339,4.768162416728968,36,8,1.0,9
EMP-007849,2020-03-17,IT,Junior,46,Male,1991434,18.0,2.1820165870102772,2.445486825116115,30,8,0.0,4
EMP-007850,2016-06-15,Operations,Mid,57,Female,943662,66.0,1.2637858126152226,1.235324512091685,33,6,0.0,11
EMP-007851,2017-01-22,Sales,Lead,45,Male,1957014,59.0,3.959030033223579,,35,3,0.0,31
EMP-007852,2019-10-18,HR,Lead,51,Male,1284627,110.0,1.1021274435673214,3.4305091686215983,0,4,0.0,42
EMP-007853,2016-11-07,HR,Senior,56,Male,1672982,100.0,3.1261986084475044,3.580698753821265,10,1,0.0,5
EMP-007854,2020-04-01,Finance,Manager,57,Male,406020,101.0,3.7470897249108646,4.494611951772867,3,8,1.0,12
EMP-007855,2017-12-30,Operations,Lead,36,Female,609709,74.0,1.0755956914681994,4.437792496508274,25,3,1.0,30
EMP-007856,2021-01-10,Marketing,Senior,39,Male,1687920,52.0,2.699991863747623,4.890673939200388,17,0,,4
EMP-007857,2020-04-03,HR,Mid,47,Male,1172225,86.0,1.450183862434531,2.0231813517421102,23,0,1.0,45
EMP-007858,2021-11-02,Finance,Junior,28,Female,514610,40.0,1.7434927666993203,3.8591990507837095,37,9,0.0,30
EMP-007859,2016-05-21,HR,Senior,33,Female,838469,7.0,4.698720683856175,4.360150454590475,14,5,0.0,25
EMP-007860,2019-04-06,IT,Manager,52,Female,1431853,47.0,3.8788768136724308,1.364346522592561,27,8,1.0,8
EMP-007861,2020-10-17,Marketing,Senior,34,Male,514370,105.0,3.8009759694302367,3.1674442340199875,43,3,0.0,45
EMP-007862,2018-08-29,Finance,Junior,31,Male,1877874,41.0,1.0403412728191657,2.435564268743554,2,-9,0.0,39
EMP-007863,2017-09-16,HR,Lead,56,Female,657061,74.0,4.037542831215367,2.6404373793197946,16,5,0.0,31
EMP-007864,2017-11-11,Finance,Manager,33,Female,1791633,,4.964334863336477,4.107994493470569,40,2,0.0,8
EMP-007865,2019-06-14,Operations,Manager,29,Female,1432906,99.0,2.5522580207806915,1.405464421688709,12,8,0.0,21
EMP-007866,2020-01-12,Marketing,Junior,49,Female,834360,46.0,3.339545265048133,3.742214964439094,19,2,,24
EMP-007867,2015-09-17,Operations,Junior,48,Male,422173,17.0,4.907257637596013,4.710486865126192,25,1,0.0,26
EMP-007868,2018-04-15,Sales,Lead,42,Female,1153148,91.0,3.7294209054514695,1.3536304942107908,39,2,1.0,14
EMP-007869,2015-05-28,HR,Junior,32,Female,1802507,117.0,4.983311344882219,4.078003152444375,20,4,0.0,35
EMP-007870,2015-05-27,Sales,Junior,40,Male,1055252,90.0,2.3174685404010646,4.7988583564705465,15,3,1.0,42
EMP-007871,2018-02-19,IT,Mid,46,Male,1937640,13.0,1.9254532052561713,1.7349760372859455,7,1,0.0,1
EMP-007872,2016-07-16,Operations,Lead,37,Male,1008529,83.0,4.256895171359076,1.0813276568684906,11,6,1.0,29
EMP-007873,2020-12-29,Finance,Junior,40,Female,427356,,4.743169073445513,2.421895796861308,11,8,1.0,20
EMP-007874,2016-04-05,Sales,Junior,44,Female,895491,85.0,4.814148840663402,4.651693522842979,23,2,0.0,31
EMP-007875,2019-02-17,HR,Mid,26,Male,938371,107.0,2.629798065802375,3.0736026092342112,23,0,1.0,21
EMP-007876,2020-06-30,Sales,Manager,43,Male,1077321,25.0,1.4751801080308842,1.3424180148483922,16,3,1.0,10
EMP-007877,2021-10-27,HR,Senior,31,Male,1577985,79.0,4.376158009905425,3.3853812085403137,4,8,0.0,39
EMP-007878,2021-09-24,Sales,Lead,37,Female,638904,114.0,2.324483158579797,4.366238837867773,22,5,1.0,39
EMP-007879,2015-09-17,Marketing,Lead,47,Female,661748,114.0,3.6290161134344316,2.9263224436393216,0,9,1.0,32
EMP-007880,2019-10-26,Finance,Lead,41,Male,1786382,99.0,4.365008652260949,2.4635762897907174,34,3,0.0,20
EMP-007881,2016-02-24,IT,Senior,37,Male,1339870,50.0,2.0871129978956864,4.237887720073097,18,0,0.0,19
EMP-007882,2017-09-27,Marketing,Junior,43,Male,1684159,17.0,3.2434535787272014,4.77132822657439,22,0,1.0,21
EMP-007883,2019-08-26,Sales,Manager,23,Male,377396,74.0,4.771215579655983,3.1378326673377983,38,0,0.0,47
EMP-007884,2019-08-13,HR,Mid,48,Male,536939,78.0,3.6231723423058226,1.7108552485939157,33,3,0.0,29
EMP-007885,2017-12-24,Finance,Manager,42,Female,607661,67.0,1.8000314089121856,1.8394406535687162,32,0,0.0,29
EMP-007886,2016-07-22,Finance,Manager,35,Male,1124642,40.0,4.403352606215469,1.0208674015082373,20,8,0.0,24
EMP-007887,2017-12-21,Operations,Mid,37,Male,1691865,49.0,2.798351613866582,2.3349289045737076,44,3,0.0,26
EMP-007888,2015-03-29,Finance,Senior,37,Male,789504,6.0,1.9738288173892808,4.364019365999676,30,3,0.0,40
EMP-007889,2015-11-07,IT,Manager,45,Male,604441,54.0,1.802712044877166,1.4117458032428964,1,8,0.0,3
EMP-007890,2017-08-24,Marketing,Junior,55,Female,698955,24.0,3.5743731547097033,2.9342731947106935,13,5,0.0,32
EMP-007891,2020-10-18,Sales,Lead,34,Male,1348785,75.0,2.2530399983236493,1.6998202267033968,45,9,1.0,15
EMP-007892,2018-04-06,HR,Junior,33,Male,472557,14.0,3.312070166564488,3.0760575879963596,5,7,0.0,17
EMP-007893,2017-06-06,Operations,Senior,27,Female,400568,44.0,1.5698560210430847,1.6511314795378937,37,7,0.0,32
EMP-007894,2019-05-28,Marketing,Junior,43,Male,561898,61.0,3.8852517218793334,2.5236918652839573,26,4,1.0,18
EMP-007895,2016-01-20,Marketing,Junior,40,Male,1142998,105.0,4.273130662448796,4.925270028174337,15,9,0.0,46
EMP-007896,2020-03-25,HR,Junior,51,,1324525,59.0,4.561703981019369,3.9939184614483096,0,6,0.0,10
EMP-007897,2019-05-26,Marketing,Senior,56,Female,645160,93.0,1.3630508428728532,4.7399234474385405,42,3,0.0,37
EMP-007898,2016-12-16,Operations,Senior,54,Male,1467224,113.0,2.975288926919504,2.652089902289008,24,6,1.0,18
EMP-007899,2019-04-23,Marketing,Mid,58,Female,362619,92.0,4.319275568967873,1.9563010637223028,22,2,1.0,40
EMP-007900,2021-05-31,Marketing,Manager,51,Female,1271911,15.0,2.067493147349231,2.4095801046046117,33,9,1.0,47
EMP-007901,2018-07-05,Sales,Lead,53,,1545301,81.0,1.5900362341009244,1.7511515657525614,14,3,1.0,20
EMP-007902,2019-05-24,Sales,Lead,48,Male,1382060,53.0,4.8146662985593816,3.120221779260061,2,0,1.0,24
EMP-007903,2021-06-15,IT,Mid,47,Male,520762,44.0,4.16986184153914,1.6203569733691552,30,9,1.0,35
EMP-007904,2015-10-06,Sales,Mid,50,Male,1499961,86.0,2.2204316752123545,4.607678695789334,30,4,0.0,1
EMP-007905,2019-05-23,Operations,Senior,29,Female,1849412,11.0,4.20697946763482,3.0863710231652486,15,4,0.0,41
EMP-007906,2017-01-26,HR,Manager,44,Female,1153433,105.0,4.78943044550226,1.3983578234083995,35,9,1.0,10
EMP-007907,2015-09-13,Marketing,Junior,41,Male,1508725,2.0,4.715881055167422,4.136395947810692,11,2,0.0,35
EMP-007908,2017-05-18,HR,Junior,37,Female,342540,110.0,1.7868307364158498,2.4719447363585276,40,1,1.0,36
EMP-007909,2018-09-04,Marketing,Manager,55,Female,967540,30.0,1.837956096428646,4.942620471896461,16,3,0.0,34
EMP-007910,2015-05-07,HR,Senior,35,Male,610795,60.0,1.1487067171918985,4.607030388430135,0,8,1.0,4
EMP-007911,2016-12-21,IT,,34,Male,1289882,111.0,4.60254623361639,4.131964179874734,39,7,0.0,4
EMP-007912,2021-06-10,IT,Manager,44,Male,779036,100.0,1.7672533664211243,1.7059913254147747,16,3,0.0,39
EMP-007913,2018-11-26,HR,Senior,35,Female,734061,25.0,3.726996069154759,1.1278797474675373,14,3,0.0,40
EMP-007914,2016-02-20,Finance,,42,Female,1355181,26.0,1.01162424228963,3.3057024822230083,46,5,0.0,23
EMP-007915,2021-09-18,Sales,Mid,38,Male,922924,114.0,3.3653136567193744,3.65736373685297,49,6,,46
EMP-007916,2017-02-28,IT,Senior,57,Female,1813163,37.0,3.486180130678406,3.2623197369644847,25,4,1.0,1
EMP-007917,2019-04-22,HR,Junior,28,Male,1112263,7.0,3.133743129567703,1.851047750381471,31,-3,1.0,5
EMP-007918,2016-10-04,Sales,Lead,37,Female,1662009,83.0,1.0182695662955443,1.0198917549170026,1,6,1.0,23
EMP-007919,2020-05-18,IT,Senior,28,Male,1649593,102.0,4.065575457630253,2.6141018729682473,34,5,0.0,0
EMP-007920,2018-07-30,HR,Senior,27,Male,317856,66.0,4.866167793327152,1.222110259377767,23,7,0.0,11
EMP-007921,2021-07-12,HR,Lead,52,Female,479055,109.0,2.0816532148000704,4.15290438488578,21,4,0.0,40
EMP-007922,2019-06-05,HR,Senior,32,Female,937137,5.0,4.38087370905455,4.99884197452996,16,4,0.0,29
EMP-007923,2020-06-29,Marketing,Junior,31,Male,1702375,45.0,4.382358913030727,2.3013592088375283,45,3,1.0,5
EMP-007924,2021-10-02,Finance,Junior,45,Female,814288,,3.5263058851357796,1.3648077255707243,20,7,1.0,43
EMP-007925,2021-10-11,IT,Senior,43,,852854,94.0,3.2762295708885545,1.685495192311063,4,0,1.0,12
EMP-007926,2017-08-12,Marketing,Manager,31,Female,1515968,73.0,1.9268009849311323,2.124895726381978,3,8,0.0,14
EMP-007927,2020-04-04,Marketing,Lead,23,Male,1349726,90.0,2.8721759856251063,,22,6,1.0,39
EMP-007928,2018-11-04,IT,Manager,51,Female,1446925,95.0,3.837132482192712,3.7021939483371367,14,2,1.0,18
EMP-007929,2017-01-28,Finance,Manager,48,Female,713622,68.0,4.4518376449965,1.9805275008513523,15,9,1.0,4
EMP-007930,2016-09-01,Marketing,Mid,52,Female,431268,81.0,2.8341709191373092,2.5252816577208246,40,7,,29
EMP-007931,2021-06-03,Finance,Junior,30,Female,908925,72.0,3.29158794817964,3.883954831627032,27,5,1.0,28
EMP-007932,2019-04-01,Sales,Lead,59,Male,1500025,115.0,4.4378086178555645,4.355151468961372,12,1,0.0,27
EMP-007933,2021-01-28,Operations,Mid,44,Female,1870880,118.0,1.062154081260203,2.136742089645033,5,8,1.0,40
EMP-007934,2017-12-30,IT,Junior,31,Female,709966,89.0,3.357090525761272,2.1079578890538544,34,9,0.0,30
EMP-007935,2020-09-28,Finance,Mid,26,,1277786,36.0,4.5329566466954,4.4690440429122456,30,7,1.0,2
EMP-007936,2017-09-06,Operations,Mid,32,Female,649370,2.0,3.356797487927029,1.7674231678264292,11,5,0.0,15
EMP-007937,2019-02-17,Marketing,Lead,52,Female,1052284,103.0,3.257743079916932,2.91894795579407,16,9,1.0,17
EMP-007938,2017-09-01,IT,Senior,57,Female,469465,87.0,2.8912576152770786,4.951370801047554,12,8,0.0,31
EMP-007939,2021-07-03,Marketing,Manager,28,Male,1347194,102.0,3.618328900819581,2.5176278355974646,27,0,1.0,47
EMP-007940,2019-04-23,Marketing,Lead,35,Male,967660,112.0,2.8699634020068796,4.393397357360657,49,9,0.0,9
EMP-007941,2016-08-08,Operations,,38,Female,763653,13.0,1.5932480310301393,2.478717546810847,42,2,0.0,23
EMP-007942,2020-01-10,Operations,,50,Male,1494813,1.0,2.7179347521407573,,5,5,0.0,34
EMP-007943,2017-02-02,Finance,Mid,30,Female,1107685,82.0,4.692598463223903,1.2027111852601462,17,0,1.0,40
EMP-007944,2016-08-02,IT,Mid,50,Male,1669127,92.0,4.532359339432799,2.5290874705229713,27,3,1.0,2
EMP-007945,2016-10-28,Operations,Mid,55,Female,1803232,112.0,1.7361512244794306,4.738262716884034,45,5,,19
EMP-007946,2015-01-17,Sales,Mid,39,Female,917183,76.0,1.9882671110568566,1.7011420535508237,18,8,1.0,41
EMP-007947,2019-05-18,IT,Manager,22,Female,955158,117.0,1.6196477950548394,1.6265424734806095,26,6,0.0,5
EMP-007948,2020-01-27,Operations,Mid,27,Female,792686,44.0,4.35036895709379,3.305599734122515,10,5,1.0,12
EMP-007949,2019-05-22,HR,Mid,58,Male,385385,52.0,3.697900693036778,1.6743694427417148,11,6,0.0,12
EMP-007950,2020-10-25,HR,Lead,26,Female,1406717,61.0,3.811269618762879,1.65945734134618,43,2,,32
EMP-007951,2019-12-05,Finance,Senior,36,Male,1398094,97.0,2.4891472169586115,4.4279957143151645,1,4,1.0,20
EMP-007952,2015-04-30,Finance,Lead,44,Female,1881060,49.0,4.777452300356913,4.117069543194088,23,7,0.0,38
EMP-007953,2021-07-03,Marketing,Senior,38,Male,340363,39.0,3.3988162185623776,4.34128848206119,42,7,0.0,36
EMP-007954,2019-01-25,IT,Junior,25,Female,1737706,96.0,2.7048831107008056,2.6484319106812557,35,3,1.0,20
EMP-007955,2018-03-27,Sales,Manager,53,Male,313586,118.0,2.450608666008786,4.434668764343411,47,0,1.0,2
EMP-007956,2016-12-08,HR,Lead,36,Female,1242025,71.0,2.7254776030157157,1.110210157296688,10,3,0.0,8
EMP-007957,2020-07-14,Marketing,Manager,33,Female,486189,46.0,2.0170934212375107,2.1126618835888427,18,0,0.0,2
EMP-007958,2018-04-26,Marketing,Lead,45,Female,1754142,36.0,2.2087187273806985,2.7134546708369016,2,5,0.0,34
EMP-007959,2020-12-15,HR,Mid,32,Female,816076,58.0,2.449965764151494,2.71602174338359,3,2,1.0,45
EMP-007960,2015-03-27,HR,Mid,34,Male,1230129,45.0,1.0324309544006969,2.0843114861622625,36,6,,15
EMP-007961,2021-01-18,Finance,Lead,41,Male,535201,1.0,4.051321913690041,2.093389806646474,6,9,1.0,36
EMP-007962,2018-03-12,IT,Lead,57,Male,689142,63.0,3.85014188140566,4.069568809547924,15,7,0.0,19
EMP-007963,2020-02-06,Finance,Mid,44,Female,1913115,58.0,4.822560638431306,1.885487013197408,14,5,1.0,1
EMP-007964,2020-06-26,Marketing,Lead,41,Male,1182125,32.0,1.532106792852256,3.5899882003717623,5,7,1.0,15
EMP-007965,2020-05-07,Finance,Mid,31,Male,1763294,102.0,3.4055869932381437,4.917753622204433,16,2,1.0,12
EMP-007966,2017-09-30,HR,Lead,50,Female,1695726,41.0,4.280707137371541,4.612474180496578,2,6,1.0,46
EMP-007967,2016-02-21,Marketing,Junior,52,Female,1129918,81.0,4.8996928142784375,4.9398146700402785,5,7,1.0,35
EMP-007968,2020-02-21,HR,Mid,57,Female,490568,102.0,3.2184687800959377,1.5323154371810253,37,7,1.0,22
EMP-007969,2020-03-04,Sales,Manager,22,Female,776216,29.0,2.0384405477716543,3.3180620062480175,32,4,1.0,4
EMP-007970,2017-06-12,Finance,Manager,34,Female,1862783,7.0,2.476402269463799,1.9953476142324558,30,9,1.0,28
EMP-007971,2017-11-27,Sales,Junior,57,Female,1263860,53.0,3.3222876493735924,2.9779143891018394,31,6,0.0,30
EMP-007972,2015-02-11,Finance,Lead,56,Female,1696188,58.0,4.224491028313752,3.3583827623222358,23,8,0.0,27
EMP-007973,2018-11-26,Marketing,Lead,27,Male,1277272,59.0,4.1420073845503325,1.6375832358175306,32,1,1.0,9
EMP-007974,2016-10-10,Sales,Manager,45,Male,1127883,27.0,4.31128421040742,3.4331160264583875,2,7,0.0,22
EMP-007975,2018-03-12,Sales,Manager,55,Female,1685760,51.0,2.352433583987497,2.5860152722792584,40,6,0.0,23
EMP-007976,2017-12-16,HR,Lead,26,Male,1549480,65.0,1.286826942928856,2.2116479697723617,44,5,0.0,34
EMP-007977,2017-06-24,Sales,Junior,42,Male,1733371,88.0,2.5568196879752354,1.0057176447074574,3,4,0.0,15
EMP-007978,2018-03-29,Sales,Mid,580,Male,672731,3.0,2.962037467269273,1.392383930901274,20,7,0.0,28
EMP-007979,2016-02-18,HR,Junior,53,Female,1735496,32.0,2.467648663138196,,16,0,1.0,8
EMP-007980,2015-11-12,HR,Junior,39,Female,1308946,61.0,3.514661554193797,3.561617344342482,39,6,0.0,25
EMP-007981,2016-09-11,HR,,46,Male,1780463,62.0,1.6684312345595558,2.0468160439122065,10,1,0.0,10
EMP-007982,2015-01-12,Marketing,Manager,23,Female,1625916,83.0,2.6175798856313883,4.62215568961501,20,5,1.0,15
EMP-007983,2019-12-19,Operations,Junior,43,Male,1357251,99.0,4.0253761595376965,1.3175825744678415,7,8,0.0,16
EMP-007984,2019-03-12,Sales,Junior,35,Male,1021272,60.0,4.41280751531272,3.5218274410301156,6,6,1.0,20
EMP-007985,2018-08-31,Finance,Senior,29,Male,1114556,20.0,4.479632290053386,1.4661864105756965,15,2,0.0,16
EMP-007986,2021-04-28,Marketing,Manager,27,Male,1720716,16.0,3.2412224584224476,3.7041065358541476,2,6,1.0,16
EMP-007987,2017-02-21,HR,Senior,28,Male,1158200,93.0,3.4475846694373655,2.9055687583521936,10,4,1.0,4
EMP-007988,2015-01-25,IT,Lead,46,Male,823444,76.0,1.8692002623590738,3.604084654611875,26,7,0.0,36
EMP-007989,2016-08-10,Sales,Mid,23,Female,1015209,21.0,4.913425419889995,1.7930833907558403,30,6,0.0,40
EMP-007990,2016-04-10,HR,Junior,54,Female,1678690,98.0,4.239031803442316,38.20882321586759,16,6,0.0,39
EMP-007991,2021-08-29,HR,Junior,35,Male,1887649,78.0,4.044229798223062,,48,1,0.0,29
EMP-007992,2017-02-21,Finance,Senior,36,Female,381347,57.0,1.3786895922131328,1.4546339212511379,21,8,1.0,9
EMP-007993,2016-07-06,Marketing,Manager,28,Male,866985,84.0,3.256558391863656,1.1743992261344354,47,8,1.0,10
EMP-007994,2020-06-18,Marketing,Senior,56,Female,982712,52.0,4.771465056819444,4.596667079580158,31,9,,19
EMP-007995,2020-12-25,Marketing,Mid,25,Female,1640890,106.0,3.2416528020717466,4.165430487173269,25,2,0.0,18
EMP-007996,2019-08-10,IT,Senior,40,Male,413966,93.0,3.4966243643136266,1.1827532198114872,21,6,0.0,36
EMP-007997,2019-10-31,IT,Mid,25,Female,440418,67.0,4.153099779853193,3.725475736444462,35,4,0.0,14
EMP-007998,2015-01-11,Finance,,48,Female,887602,16.0,4.40603039663011,4.564519773593609,37,7,0.0,2
EMP-007999,2016-01-05,Finance,Junior,58,Female,1635520,66.0,2.380399275821015,1.3939263220241873,14,5,0.0,37
EMP-008000,2019-08-14,Marketing,Manager,29,Male,817476,52.0,3.141201473115916,1.9758914342294078,42,4,1.0,43
EMP-008001,2016-12-11,Finance,Lead,35,Female,1943532,76.0,1.5897481662322521,4.942045492142547,20,2,0.0,34
EMP-008002,2017-05-28,Marketing,Manager,23,Male,1137023,5.0,3.531917413904687,4.91395699327196,29,0,0.0,9
EMP-008003,2021-06-28,Marketing,Junior,47,Female,432455,81.0,1.8771216561556847,1.074189313266582,19,0,0.0,22
EMP-008004,2017-11-29,HR,Mid,52,Male,1481348,36.0,1.3899626305093924,1.1724520831608967,24,0,1.0,6
EMP-008005,2017-09-17,Finance,Lead,31,Female,574058,54.0,1.0898355081256668,1.1522629314277424,13,2,0.0,38
EMP-008006,2020-04-12,Sales,Junior,54,Female,611823,69.0,3.1731489025128297,3.978075207223073,33,8,0.0,14
EMP-008007,2018-03-15,Operations,Senior,32,Male,1135787,92.0,3.6171877879027345,4.559923635569705,11,8,0.0,21
EMP-008008,2017-03-02,Operations,Mid,40,,839670,98.0,1.0226885808658595,2.408858509567305,16,2,0.0,1
EMP-008009,2021-06-03,Finance,Junior,54,Female,1121721,5.0,4.638325331419933,2.5495441080198695,7,6,1.0,2
EMP-008010,2021-03-30,Sales,Lead,35,Male,1673466,77.0,4.224309838010722,1.2857394474594055,1,4,0.0,27
EMP-008011,2016-09-12,Operations,Mid,25,Male,998919,41.0,3.230240396035218,1.048596981455903,0,3,0.0,8
EMP-008012,2020-07-30,IT,Senior,49,Male,1049208,11.0,3.3068970650127354,3.092017817118536,17,1,1.0,7
EMP-008013,2018-12-08,IT,Junior,33,Female,1224045,90.0,3.55612686710691,1.4962037836907283,7,4,0.0,19
EMP-008014,2021-06-04,IT,Junior,31,Male,1192600,82.0,1.3971631257209047,4.74206004967907,45,8,1.0,15
EMP-008015,2020-04-15,HR,Mid,54,Male,1690299,82.0,4.496213690366387,1.6934096733583242,41,3,0.0,31
EMP-008016,2017-02-08,IT,Junior,50,Female,549128,4.0,3.4207795127168708,1.880063850339686,12,8,0.0,36
EMP-008017,2019-03-27,Marketing,Junior,26,Male,1624033,57.0,2.628539948277629,1.7593999360214423,2,7,,32
EMP-008018,2017-05-31,Marketing,Senior,32,Female,538130,5.0,2.3459722087333796,3.3179956590816673,35,8,0.0,7
EMP-008019,2020-07-29,IT,Lead,30,Male,1561648,,4.644425413453025,4.222301612394389,5,3,1.0,2
EMP-008020,2017-02-24,Finance,Junior,44,Female,520733,12.0,2.736050721309386,2.438138339212623,6,6,1.0,17
EMP-008021,2017-04-27,Marketing,Manager,59,Female,396712,47.0,3.1866606200036256,4.499211356734918,20,5,1.0,10
EMP-008022,2021-05-25,Sales,Senior,33,Female,732537,70.0,1.4167851439917438,,24,8,1.0,41
EMP-008023,2020-01-13,Marketing,Manager,34,Female,899365,1.0,1.1770548562430188,1.104150808591693,11,0,1.0,25
EMP-008024,2021-01-30,HR,Junior,23,Female,1852019,96.0,2.370041766102175,1.3216017075049944,22,5,0.0,42
EMP-008025,2019-12-15,Operations,Mid,34,Female,588278,22.0,2.291709222457496,3.8503439677918863,0,3,0.0,1
EMP-008026,2015-08-18,IT,Junior,28,Female,619239,35.0,1.2227444165790944,2.9975807475226692,2,3,1.0,32
EMP-008027,2015-01-18,Finance,Manager,36,Male,1232141,46.0,1.940122719815451,4.61630773132374,1,9,0.0,33
EMP-008028,2021-01-12,Finance,Manager,23,Male,1609953,94.0,1.233406531327704,4.157304242309831,2,2,0.0,32
EMP-008029,2020-05-29,Operations,Manager,28,Male,1967927,60.0,2.920783552252556,1.2631988728173544,43,4,1.0,18
EMP-008030,2021-05-17,IT,Junior,40,Female,1743516,74.0,3.8179585579903916,4.125183621905052,17,2,0.0,25
EMP-008031,2016-01-13,Sales,Junior,30,Male,678378,74.0,2.905738461913954,4.529646244923837,32,1,0.0,7
EMP-008032,2015-10-22,IT,Lead,54,Male,1775059,101.0,3.6194391427745236,1.098997252423397,26,6,1.0,14
EMP-008033,2016-11-25,HR,Manager,35,Male,890505,87.0,2.350767959179746,1.716080373281501,30,5,0.0,35
EMP-008034,2018-06-02,HR,Lead,42,Female,990706,109.0,2.0356112775650215,,35,8,0.0,25
EMP-008035,2015-10-09,Marketing,Mid,42,Male,1428448,81.0,2.529879323053847,4.29990147790137,26,3,0.0,35
EMP-008036,2021-05-08,Marketing,Manager,37,Male,946932,59.0,3.594892175379042,1.8694691936893322,27,3,0.0,19
EMP-008037,2020-02-12,Marketing,Senior,47,Male,469483,50.0,4.2043531344172065,4.148312591926586,24,7,1.0,43
EMP-008038,2018-03-01,HR,Junior,28,Male,1187286,75.0,3.7507619107990857,3.5957401883399065,21,1,1.0,32
EMP-008039,2016-02-14,HR,Manager,23,Female,1456482,37.0,4.964844136179504,3.0298065424000895,39,3,0.0,19
EMP-008040,2015-09-25,IT,Lead,47,Female,1225574,38.0,4.969836474647484,3.7640728343942005,9,5,1.0,37
EMP-008041,2016-06-22,Sales,Lead,440,Male,1271953,21.0,3.5224501154226564,2.1605146012695218,21,8,1.0,7
EMP-008042,2018-07-31,Sales,Manager,32,Female,671753,95.0,1.4266652476602628,4.844290995961705,35,1,1.0,18
EMP-008043,2016-09-21,HR,Manager,25,Female,581059,70.0,3.4299734609981374,4.212030056600101,11,5,0.0,41
EMP-008044,2021-08-15,IT,Junior,24,Female,1376121,1.0,3.3970316598362436,1.0626817646701245,39,9,0.0,3
EMP-008045,2020-07-21,Marketing,,41,Female,1648693,54.0,3.3544759336622527,4.492925680994217,38,0,0.0,39
EMP-008046,2018-06-16,Sales,Lead,29,Female,1013777,26.0,3.997418988633612,4.710545315889137,10,0,1.0,24
EMP-008047,2019-07-15,Finance,Mid,29,Female,1659035,93.0,2.816605263784817,4.014764695512187,39,0,1.0,27
EMP-008048,2021-09-20,HR,Manager,27,Male,703808,,3.3877407500602206,1.6426419014633593,5,1,0.0,5
EMP-008049,2020-02-16,Marketing,Lead,27,Female,1324356,1.0,4.31531937369483,2.835256324367614,12,5,0.0,0
EMP-008050,2018-06-08,Operations,Mid,58,Male,1315428,65.0,2.191797638726063,3.345944706861972,18,2,1.0,32
EMP-008051,2020-10-22,Finance,,52,Female,1676810,118.0,1.1436464285930756,2.7028877619365885,1,3,0.0,26
EMP-008052,2017-06-25,Sales,Manager,29,Female,327926,115.0,2.230486587803763,4.3127728133683965,4,3,1.0,9
EMP-008053,2017-11-13,Operations,Manager,54,Female,1823850,64.0,1.733255704976453,3.5683931131232165,37,8,0.0,46
EMP-008054,2021-06-23,Sales,Manager,47,Female,330297,11.0,1.5136486221862646,1.0701761319215506,24,3,0.0,8
EMP-008055,2017-10-30,IT,Senior,30,Female,1480716,113.0,2.0179469572036903,4.3769275035795445,7,8,1.0,23
EMP-008056,2021-10-25,HR,Manager,52,Female,1384091,49.0,1.8966055851129204,2.547996206051309,18,1,1.0,18
EMP-008057,2017-06-25,Marketing,Manager,22,Male,1433687,13.0,4.812154406560106,4.604423115870503,15,3,0.0,21
EMP-008058,2018-09-19,HR,,53,Male,1319671,71.0,3.6193923617592443,,22,9,1.0,11
EMP-008059,2016-05-12,HR,Lead,37,Female,1708640,19.0,3.62481483047551,4.448602610554005,7,3,,46
EMP-008060,2019-10-07,Sales,Mid,50,Female,978535,59.0,2.3007954382684295,3.6347960886222572,11,1,0.0,17
EMP-008061,2019-05-30,HR,Junior,40,Female,423557,16.0,4.62926965451647,3.077657650851514,36,3,1.0,2
EMP-008062,2017-08-29,IT,Lead,41,Female,1219219,5.0,1.133341851044018,4.31250103764858,16,1,0.0,17
EMP-008063,2016-04-19,Finance,Lead,41,Female,1469167,86.0,1.009875257313749,1.875396417172472,23,6,0.0,10
EMP-008064,2021-06-28,Finance,Senior,38,Female,927236,70.0,3.951402072449901,1.236215407111326,37,5,0.0,10
EMP-008065,2021-03-05,Marketing,Junior,54,Female,1603059,90.0,2.034476445571418,1.967719475309916,47,9,1.0,20
EMP-008066,2020-05-29,Operations,Manager,40,Female,974740,18.0,3.693556317507759,4.002846992285983,34,3,1.0,40
EMP-008067,2015-08-12,HR,Senior,45,Female,825113,39.0,1.5056624988941216,1.0182342135278422,34,4,1.0,5
EMP-008068,2020-03-21,Sales,Senior,45,Female,1417155,31.0,2.396863012600303,4.052714919008853,31,3,1.0,14
EMP-008069,2020-09-16,Operations,Manager,31,Male,1650756,44.0,3.6705105589883655,1.779006021734181,23,6,0.0,15
EMP-008070,2017-09-29,HR,,42,Female,1899959,104.0,4.0860663916180915,4.768783489253536,43,0,0.0,28
EMP-008071,2015-03-23,Operations,Lead,28,Female,1202109,59.0,4.2122902250870995,3.77051957575055,31,8,0.0,16
EMP-008072,2018-07-22,Sales,Lead,420,,638719,91.0,1.5709334715507315,2.7570868791496848,6,7,1.0,13
EMP-008073,2020-08-21,HR,Lead,43,Female,853949,10.0,4.538264030101215,4.663494211746139,22,2,1.0,29
EMP-008074,2019-07-30,Marketing,Junior,28,Female,750330,69.0,3.44145948070493,4.038957646609568,44,4,1.0,17
EMP-008075,2021-04-24,Finance,Lead,23,Female,448433,19.0,3.0714466405699303,4.518143237543191,24,0,0.0,12
EMP-008076,2020-12-08,Operations,Mid,43,Male,1438435,116.0,3.735067159961527,3.195626237289163,42,3,0.0,20
EMP-008077,2018-04-22,Finance,Mid,47,Female,825794,113.0,1.6859319076686399,3.803620886992788,12,1,1.0,36
EMP-008078,2015-09-21,Sales,Junior,56,Male,849343,108.0,2.9839797896847915,2.5472750461092994,25,6,0.0,38
EMP-008079,2018-06-27,Marketing,Lead,39,Female,1542449,92.0,3.8384411430273233,4.105042195208613,14,7,0.0,4
EMP-008080,2020-11-17,Sales,Junior,28,Female,1403684,43.0,1.8633456806683584,2.803545884444486,36,9,1.0,15
EMP-008081,2017-06-12,Sales,Manager,29,Female,971439,19.0,4.29781703981422,2.2913859655625473,28,2,0.0,20
EMP-008082,2021-09-13,HR,Manager,52,Male,1609517,37.0,4.722863587459447,1.5478066919407878,38,3,1.0,19
EMP-008083,2015-07-14,IT,Senior,37,Male,336318,22.0,3.0917102761279893,3.232057506644404,17,9,1.0,38
EMP-008084,2021-08-20,Finance,Mid,51,Female,463755,34.0,3.5871464721494664,2.4249200075244515,42,7,1.0,20
EMP-008085,2018-11-25,Finance,Manager,37,Male,1925585,23.0,1.9187934782204357,1.5865014331569687,42,6,1.0,7
EMP-008086,2017-09-19,Finance,Mid,41,Female,929701,53.0,4.296876340499788,2.4791961836641634,0,6,1.0,0
EMP-008087,2017-12-13,Sales,Junior,51,Female,622848,67.0,1.5630229463416665,3.955775246340031,3,8,0.0,39
EMP-008088,2016-04-10,Operations,Manager,42,Female,1729456,61.0,3.920963140942896,3.75064107061423,10,9,0.0,3
EMP-008089,2016-06-06,IT,Manager,26,Female,894672,30.0,4.394814070410479,3.527818722324936,9,4,1.0,27
EMP-008090,2018-11-13,Sales,Junior,51,Female,442936,98.0,1.8531217398498914,1.696137897431564,34,1,1.0,12
EMP-008091,2020-07-06,Finance,Manager,59,Male,327174,106.0,2.6051477903910123,3.391946629438555,38,8,1.0,5
EMP-008092,2015-08-03,Marketing,Senior,26,Female,1900562,14.0,1.7590808781511114,3.559018683591511,21,4,1.0,36
EMP-008093,2021-05-31,Finance,Lead,56,Male,1721122,48.0,4.043059549409403,3.704996181333541,28,6,1.0,32
EMP-008094,2019-01-06,IT,Manager,54,Female,1578224,,1.9657519537458348,2.4333755295981123,16,6,0.0,29
EMP-008095,2020-09-21,Sales,Lead,54,Male,891429,109.0,4.34434676215417,2.6128527323007114,1,4,1.0,17
EMP-008096,2018-12-08,Operations,Junior,33,Female,520449,35.0,3.1985018443149333,4.39994058081216,35,7,1.0,29
EMP-008097,2018-02-08,HR,Senior,54,Male,1585529,8.0,2.8867479430368252,1.2462801172818212,49,3,0.0,7
EMP-008098,2020-03-12,Operations,Mid,58,Female,471981,58.0,1.8355756982665867,1.7031527124921229,22,-8,0.0,6
EMP-008099,2021-11-04,Sales,Junior,42,Male,1066736,113.0,2.8852958790384613,4.143636209005246,12,5,0.0,25
EMP-008100,2018-05-08,Operations,Manager,31,Female,1829289,70.0,2.8279031768466725,3.5652720840090217,47,5,1.0,1
EMP-008101,2017-04-23,Operations,Lead,36,Female,1482155,13.0,2.3581694628168597,2.4166354782301247,14,0,0.0,2
EMP-008102,2015-07-10,Sales,Junior,28,Male,1130629,63.0,1.1893835265303339,2.009708041167876,29,0,0.0,47
EMP-008103,2020-09-26,Marketing,,58,Female,1008819,53.0,3.7840592921392853,3.0687003166908005,27,1,1.0,41
EMP-008104,2019-10-24,HR,Mid,50,Male,1040127,9.0,3.7266154708418466,1.8925578830694483,19,3,1.0,7
EMP-008105,2016-08-19,Operations,Junior,48,Female,1637354,15.0,1.4739194263659616,1.7871639811610804,11,1,0.0,4
EMP-008106,2019-10-11,Marketing,Lead,59,Male,639523,99.0,4.549423070322357,4.463117085564305,8,4,1.0,27
EMP-008107,2020-11-04,Marketing,Manager,48,Female,1903896,98.0,1.4083486906309108,4.26808042911092,48,2,0.0,16
EMP-008108,2016-11-29,Operations,Junior,58,Female,558990,106.0,1.6699268593035987,1.9998054332690223,26,4,1.0,41
EMP-008109,2015-07-29,HR,Senior,43,Female,849085,67.0,4.15021459247966,4.717996311175348,2,7,0.0,0
EMP-008110,2018-04-29,Finance,Mid,52,Female,665777,111.0,2.173655347565975,1.30464920874544,13,1,0.0,20
EMP-008111,2020-03-25,Sales,Lead,36,Male,673819,58.0,4.734545928445566,1.8368122191229728,30,4,0.0,30
EMP-008112,2015-06-17,Finance,Manager,44,Female,1040128,11.0,2.3702610476269586,,15,3,1.0,33
EMP-008113,2016-01-26,Sales,Junior,48,Male,575575,71.0,4.884637135884761,2.907049029448143,7,3,0.0,46
EMP-008114,2016-02-13,HR,Manager,40,Male,389017,108.0,1.7906970303118004,3.6042889734078556,41,2,0.0,34
EMP-008115,2019-07-21,IT,Junior,35,Male,1595678,81.0,2.4241325792669244,2.6246161030125554,36,8,0.0,6
EMP-008116,2016-02-13,Operations,Senior,32,Male,1772960,34.0,1.8070202738851115,2.8583998499608914,32,2,0.0,42
EMP-008117,2019-02-06,Finance,Lead,42,Female,301188,56.0,4.114052027916223,3.1674221132715297,32,3,1.0,3
EMP-008118,2019-07-22,Finance,Lead,43,Female,1565883,78.0,3.52624318292994,2.592865019754207,12,1,1.0,38
EMP-008119,2017-06-29,Marketing,Lead,31,Male,1237071,8.0,4.321206798153963,4.012772399033604,20,9,0.0,1
EMP-008120,2021-08-17,Finance,Junior,23,Male,1268521,103.0,3.5103960509000243,2.928832415365935,18,2,1.0,19
EMP-008121,2020-03-07,Sales,Lead,48,Female,1252311,93.0,1.8269236188189537,2.3343321408177053,10,0,0.0,12
EMP-008122,2019-09-11,IT,Manager,35,Male,1676358,55.0,1.8946357602511803,3.433657887922344,16,2,0.0,9
EMP-008123,2018-09-24,HR,Manager,49,Male,1662721,3.0,1.877970590401444,3.431974676913576,39,7,1.0,38
EMP-008124,2021-05-22,HR,Junior,27,Female,675541,110.0,1.1249861871009372,1.373976344142589,2,0,1.0,25
EMP-008125,2020-10-14,Marketing,Mid,33,Male,550607,35.0,3.8595135673343504,3.333922728983953,48,7,0.0,37
EMP-008126,2018-03-17,Finance,Senior,25,Male,1446377,36.0,1.685681374813086,3.472796925108623,19,7,0.0,17
EMP-008127,2017-04-13,Sales,Manager,24,Male,1897315,53.0,3.750549129374799,1.282919411140456,16,4,0.0,10
EMP-008128,2015-08-12,Finance,Lead,48,Male,750415,24.0,1.6375933034399828,3.784334361555018,3,6,0.0,18
EMP-008129,2017-06-15,Operations,Senior,32,Female,616093,101.0,2.4552660732355878,3.934946074405386,12,2,1.0,46
EMP-008130,2021-01-17,IT,Senior,27,Male,1756870,44.0,2.94955470222583,4.460011331383489,1,0,0.0,32
EMP-008131,2020-09-08,Finance,Senior,34,Male,781854,24.0,4.678710753573332,3.4130345330489456,44,6,0.0,24
EMP-008132,2018-12-13,Marketing,Senior,41,Male,1152064,35.0,3.48801179412869,3.9765570770418455,1,5,0.0,14
EMP-008133,2021-11-05,IT,Mid,59,Male,795768,35.0,3.695742862803392,3.486326846419842,5,0,0.0,20
EMP-008134,2015-10-05,Operations,Junior,54,Female,443012,66.0,2.710168477575129,1.5510021454594884,41,6,1.0,31
EMP-008135,2021-10-12,Finance,Senior,50,Male,1675858,100.0,1.2684274054404532,3.320572506735462,44,8,0.0,27
EMP-008136,2018-07-18,HR,Manager,34,Male,905340,64.0,4.589118528221357,1.081438383680084,18,9,0.0,14
EMP-008137,2016-08-08,Finance,Senior,29,Female,915042,54.0,3.0965879306389525,2.1690392233199822,47,1,1.0,43
EMP-008138,2015-07-04,Operations,Mid,34,Female,1250830,115.0,4.463206044787286,3.3916107979595354,45,4,1.0,14
EMP-008139,2020-09-02,HR,Junior,37,Male,1593420,10.0,3.1222334550123594,3.315127157204383,8,5,,19
EMP-008140,2021-04-08,Marketing,Mid,51,Male,395867,37.0,1.0020358063042663,1.672242097046102,11,8,1.0,30
EMP-008141,2017-05-28,HR,Lead,29,Male,1694686,116.0,2.1150000897875696,4.315089320824875,5,1,0.0,32
EMP-008142,2020-05-13,IT,Junior,30,Female,752761,31.0,3.884807851495892,3.6891962477364793,17,9,0.0,32
EMP-008143,2015-11-28,HR,Mid,46,Male,1310580,16.0,4.278627316436264,2.6390834983531524,19,4,1.0,40
EMP-008144,2017-08-29,Operations,Manager,26,Female,1142099,87.0,1.0273055467593109,1.2415834812192648,45,0,0.0,1
EMP-008145,2019-02-20,Finance,Senior,42,Female,551941,98.0,3.1048267725692744,4.091065739615324,24,0,,38
EMP-008146,2017-09-04,Sales,Junior,40,Male,1913733,59.0,4.290146396433215,4.171052941482241,21,1,0.0,16
EMP-008147,2015-05-24,Finance,Manager,38,Male,690272,41.0,3.3982764653566897,1.9588483154249143,35,3,0.0,6
EMP-008148,2015-10-27,HR,Mid,30,Male,1096070,54.0,3.1583639294016743,2.300287939796707,47,0,0.0,18
EMP-008149,2016-07-24,Operations,Junior,55,Male,1419773,115.0,3.7437219366839516,4.233917901395223,0,3,,3
EMP-008150,2020-05-03,Operations,Manager,50,Male,790756,118.0,4.409351118365883,2.7343633359347757,15,5,0.0,10
EMP-008151,2018-11-22,Finance,Senior,55,Female,1160060,72.0,1.7596237733264983,,6,2,0.0,32
EMP-008152,2018-11-22,Operations,Senior,59,Male,1740394,59.0,3.6739610702461407,3.2734137541442117,25,2,1.0,6
EMP-008153,2021-02-11,Operations,Lead,47,Female,1556076,,4.316521157069227,1.0684663454909389,2,6,0.0,1
EMP-008154,2015-12-31,Finance,Senior,59,Female,1212770,73.0,4.752395136551268,2.5271413900865833,43,0,,47
EMP-008155,2019-08-29,Sales,Lead,40,Female,804875,21.0,4.387432213868237,4.1359297971070665,13,0,0.0,12
EMP-008156,2016-09-29,IT,Lead,29,Male,350196,62.0,4.152826585579407,1.6551691808867268,46,4,0.0,29
EMP-008157,2019-03-10,Finance,Senior,51,,1679353,85.0,4.383547675455361,2.6880576273015113,6,0,1.0,12
EMP-008158,2018-11-22,Marketing,Junior,42,Male,758432,16.0,4.7117288543165055,4.684259925157983,9,3,0.0,4
EMP-008159,2020-12-15,HR,Senior,54,Female,419486,51.0,1.9363786941426406,2.0358862277883127,22,2,1.0,32
EMP-008160,2020-11-06,Finance,Junior,54,Male,1024349,40.0,1.9380798086679563,1.9391109414989924,3,8,1.0,29
EMP-008161,2020-10-27,Sales,Manager,29,Female,395467,65.0,4.229652712842722,1.3881158756669323,13,3,0.0,10
EMP-008162,2018-07-16,Marketing,Manager,57,Male,817583,29.0,3.4009551265927933,2.271588381433128,25,8,1.0,27
EMP-008163,2020-01-24,Marketing,Senior,55,Male,840020,102.0,1.2018395845220513,3.0004352153171636,48,4,0.0,13
EMP-008164,2019-08-08,Finance,Manager,25,Female,1296039,37.0,1.5782437957058737,1.6196610835182708,28,8,0.0,22
EMP-008165,2018-05-14,HR,Manager,37,Female,1277140,59.0,3.878015682342388,2.205122198578849,21,5,1.0,18
EMP-008166,2020-12-06,IT,Junior,37,Male,338802,93.0,4.261679923411494,4.30731682743475,40,7,1.0,46
EMP-008167,2020-05-10,Marketing,Manager,32,Female,389068,117.0,3.9027208006793996,,43,6,1.0,3
EMP-008168,2017-09-15,Operations,Mid,56,Female,787301,67.0,2.451364229298175,1.5790009727298324,11,0,1.0,42
EMP-008169,2020-06-13,Operations,Senior,48,Male,1779059,95.0,2.4415647725267307,4.04304466619107,13,3,1.0,29
EMP-008170,2019-09-11,Operations,Junior,51,Male,449915,45.0,2.6136220210623637,2.98147123230308,9,3,0.0,16
EMP-008171,2021-09-05,Sales,Manager,24,Female,829408,90.0,3.4300105683659496,4.300507838713701,30,3,0.0,16
EMP-008172,2019-05-30,IT,Mid,58,Male,707138,36.0,4.324338119811415,3.2623631466455247,44,5,1.0,45
EMP-008173,2020-11-26,IT,Senior,40,Female,1526627,62.0,2.6811371319567066,2.4389078238167,15,5,0.0,15
EMP-008174,2021-03-09,IT,Manager,28,Male,636071,107.0,4.711413078543235,3.9608902520191176,36,3,0.0,14
EMP-008175,2017-05-01,Finance,Senior,51,Male,1495714,77.0,2.340929987761016,1.5842727485818173,15,2,1.0,40
EMP-008176,2019-07-20,Finance,Mid,26,Female,1247341,91.0,4.989063574133453,2.959366209966701,22,6,1.0,36
EMP-008177,2017-03-14,Finance,Senior,310,Female,1166947,118.0,3.335199979301147,2.711283889622319,2,7,1.0,32
EMP-008178,2015-02-04,Sales,Manager,49,Female,1755094,40.0,1.5953205649760709,3.8922169512727254,26,8,1.0,32
EMP-008179,2016-02-09,IT,Manager,28,Female,1003379,54.0,4.208755305706024,1.9718327860471199,24,8,1.0,10
EMP-008180,2020-07-09,Marketing,Manager,57,Male,1193767,57.0,2.6902311934981955,3.7864271705770203,6,0,0.0,42
EMP-008181,2020-09-16,Sales,Manager,24,Female,1645878,63.0,1.3677060628125703,4.537747916952185,28,9,0.0,31
EMP-008182,2015-10-19,Sales,Junior,45,,484396,41.0,1.823508109796042,1.7174093555552172,32,0,0.0,18
EMP-008183,2021-10-07,Marketing,Manager,59,Male,1137136,91.0,1.3603976701045326,1.8173883963057822,25,8,0.0,5
EMP-008184,2020-10-19,Sales,Senior,42,Male,1063776,45.0,4.1727061071013996,3.7315239917000214,38,-6,1.0,19
EMP-008185,2015-04-13,Marketing,Senior,31,Female,369870,5.0,1.1426900020989543,3.6198480134874558,5,1,1.0,8
EMP-008186,2019-06-13,Finance,Senior,53,,1006422,112.0,4.827959301592596,1.887027794838859,3,5,0.0,3
EMP-008187,2018-05-15,IT,Junior,43,Female,1381407,72.0,3.0295975846973913,1.5109168026017397,16,0,0.0,4
EMP-008188,2019-10-03,Sales,Lead,26,Female,512502,39.0,3.8422516851840016,3.4424001680272927,28,5,0.0,24
EMP-008189,2017-02-20,Sales,Manager,59,Female,885441,106.0,1.0822649603235002,4.507829308697135,8,8,1.0,43
EMP-008190,2018-03-18,Sales,Manager,50,Male,1883958,116.0,4.826167521271929,4.196288069551672,43,7,0.0,16
EMP-008191,2018-12-10,HR,Manager,46,Female,805353,40.0,2.649072720279167,2.9821653419530136,26,3,1.0,35
EMP-008192,2017-09-27,Sales,Manager,38,Female,1679202,,4.897907648436005,1.696920038079135,29,2,1.0,19
EMP-008193,2015-11-21,HR,Mid,36,Male,1376454,30.0,4.005472384081706,2.701921176816869,32,2,1.0,5
EMP-008194,2016-02-04,HR,Senior,54,Female,1445256,101.0,1.0855696972850666,1.3869352458009212,11,8,0.0,36
EMP-008195,2016-03-14,Operations,Manager,59,Female,1478243,29.0,4.026809778852996,1.9991614039836736,33,1,0.0,14
EMP-008196,2016-05-16,HR,Junior,28,Female,741154,49.0,3.481839338865179,4.042637622514697,12,9,1.0,11
EMP-008197,2017-01-10,Marketing,Mid,42,Female,1679635,56.0,1.2065439429461393,4.704679782967583,42,1,1.0,3
EMP-008198,2015-09-02,Sales,Senior,42,Female,1915070,80.0,2.247239880578601,1.6081066383929565,5,9,1.0,42
EMP-008199,2019-06-20,Marketing,Mid,46,Female,604346,73.0,4.804784979882159,1.0355970836377315,33,8,1.0,29
EMP-008200,2018-06-23,Sales,Lead,52,Female,718583,112.0,3.4125878873948134,2.4505932951178746,1,0,0.0,26
EMP-008201,2021-06-30,HR,Manager,57,Female,1093835,65.0,3.352607082408938,1.1131674585261497,22,9,0.0,27
EMP-008202,2018-10-20,Marketing,Lead,59,Male,1354237,45.0,4.3146840392234225,2.5945688945827614,26,8,1.0,7
EMP-008203,2018-11-10,Marketing,Lead,29,Female,1061513,43.0,4.07690735221046,3.66396470971277,12,0,1.0,19
EMP-008204,2017-07-14,Marketing,,41,Female,316224,103.0,4.006270123519194,3.851967576437366,47,5,0.0,9
EMP-008205,2017-07-18,Marketing,Junior,24,Male,829146,20.0,3.7178068046668087,1.6619476836826284,14,2,1.0,15
EMP-008206,2015-06-16,IT,Lead,41,Male,1778861,84.0,4.143734969494943,4.652560652107652,45,1,0.0,28
EMP-008207,2019-03-21,Marketing,Mid,49,Female,1901365,115.0,2.9861137125622297,,9,1,1.0,40
EMP-008208,2020-11-29,Finance,Manager,22,Female,458732,70.0,3.86061259816191,4.138211993462986,16,1,1.0,36
EMP-008209,2016-01-21,Marketing,Senior,42,Female,1499882,6.0,3.2785262275918465,1.9302025623827608,42,1,0.0,23
EMP-008210,2019-08-28,Operations,Junior,47,Male,1177273,70.0,3.4679369418324444,2.612693650049065,29,2,0.0,27
EMP-008211,2021-06-11,HR,Lead,52,Female,1676904,77.0,4.010059428669477,2.1215016694089193,14,5,0.0,37
EMP-008212,2020-11-18,IT,Lead,23,,498255,31.0,3.5044749442637197,3.985445156465575,32,7,0.0,42
EMP-008213,2016-12-16,Finance,Lead,44,Female,588095,47.0,4.931014843486205,3.760425695665986,24,5,,37
EMP-008214,2020-07-09,Operations,Senior,34,Male,1641459,80.0,3.200907111279045,3.7459693880004186,45,9,1.0,45
EMP-008215,2020-01-24,Operations,Senior,24,Female,1979401,62.0,3.508079477938195,1.1552496168015693,32,1,1.0,1
EMP-008216,2021-06-01,Sales,Lead,39,Male,700474,83.0,3.114277135330681,4.52302021270966,9,3,0.0,37
EMP-008217,2020-06-22,IT,Lead,44,Male,1774051,34.0,2.588221017152319,1.7190021528156931,5,9,1.0,24
EMP-008218,2020-03-17,Finance,Junior,59,Male,977613,47.0,4.598249446570509,3.3365507846862275,0,0,1.0,10
EMP-008219,2019-01-14,Finance,Senior,40,Male,1744011,6.0,4.351315805443542,2.61662066389074,48,0,1.0,44
EMP-008220,2018-02-24,HR,Lead,52,,1745184,41.0,1.777217782194208,2.7232260730341737,41,9,0.0,28
EMP-008221,2018-11-02,HR,Manager,29,Male,434652,114.0,2.6111812710181366,,33,1,0.0,34
EMP-008222,2020-10-04,Sales,Manager,31,Male,1817730,89.0,3.495384521139641,2.481458646411195,44,3,0.0,36
EMP-008223,2015-02-20,Sales,Junior,47,Female,1908790,33.0,1.049066881136143,1.530275905360042,20,8,0.0,29
EMP-008224,2019-03-28,Finance,Lead,55,Female,707136,100.0,3.5925207111631283,1.4301495130222284,22,2,1.0,0
EMP-008225,2018-10-03,IT,Junior,24,Male,1175770,3.0,2.8700497083864223,2.868869584624779,23,0,0.0,15
EMP-008226,2016-11-06,Marketing,Mid,280,Female,1602033,34.0,4.069983509717056,2.0431181761844517,37,4,0.0,38
EMP-008227,2018-10-10,Marketing,Manager,27,Female,1395086,65.0,1.8982789031956355,4.770907162206303,43,3,0.0,6
EMP-008228,2018-08-21,Sales,Lead,37,Female,1774172,103.0,1.4356546762833515,4.511475131075761,40,9,0.0,38
EMP-008229,2015-03-11,Sales,Manager,49,Male,300500,110.0,3.831058238738251,1.9385843443320403,41,6,1.0,43
EMP-008230,2016-10-20,Sales,Mid,59,Male,846052,43.0,4.501643903676838,4.802572542745258,30,9,1.0,23
EMP-008231,2021-02-18,Sales,Junior,26,Female,1396695,44.0,4.140813840928203,4.804745135534228,43,0,0.0,20
EMP-008232,2019-08-12,Sales,Mid,50,Female,392631,74.0,4.550373420376306,4.880275765953982,17,2,1.0,8
EMP-008233,2018-03-23,Finance,Mid,26,Female,1975290,30.0,2.193267095962542,,46,8,0.0,3
EMP-008234,2018-01-11,Operations,,28,Male,1904051,17.0,4.937932050642024,1.4227841248498536,0,9,0.0,35
EMP-008235,2019-10-30,Marketing,Mid,25,Female,806063,7.0,1.3017050948111022,2.4557587009322717,47,5,0.0,32
EMP-008236,2019-11-16,Finance,Senior,27,Male,1057058,100.0,1.4706405596468395,3.604381611067634,12,0,1.0,7
EMP-008237,2016-05-28,IT,Manager,54,Female,1648717,99.0,2.1528804755794715,1.1998913176365047,5,7,0.0,43
EMP-008238,2021-05-24,Sales,Junior,49,Female,1430703,,1.3269699677706086,1.015128812242708,29,3,0.0,37
EMP-008239,2015-11-24,Marketing,Mid,34,Male,440392,19.0,3.4704643880070583,2.6992599635156855,33,4,0.0,42
EMP-008240,2015-07-10,HR,Manager,42,Male,902463,103.0,4.071103519386676,1.8446479507440419,29,9,1.0,11
EMP-008241,2020-08-19,Operations,Senior,34,Male,1042729,31.0,1.5583127482871983,2.0803132462381297,18,4,1.0,38
EMP-008242,2018-08-29,HR,Senior,50,Male,1276480,55.0,4.736808222344443,3.666572527889031,2,9,0.0,19
EMP-008243,2017-03-04,Sales,Mid,38,Male,1822628,50.0,2.423720227361017,1.2383578048472756,35,1,1.0,4
EMP-008244,2015-12-24,Marketing,Manager,44,Male,1004638,31.0,3.637703637500875,4.923599199760876,5,0,1.0,44
EMP-008245,2017-09-18,IT,Manager,59,Male,517443,54.0,4.9822709866859825,4.009395184416964,22,6,0.0,10
EMP-008246,2019-02-22,Finance,Junior,470,Female,981776,45.0,4.302516263886908,2.456458984762107,3,3,,4
EMP-008247,2015-05-15,Sales,Manager,42,Female,696134,39.0,1.8820833498445708,4.43131077019013,22,3,0.0,10
EMP-008248,2016-08-08,HR,Lead,48,Male,1544700,20.0,4.319115316877051,3.900782158728748,24,7,0.0,14
EMP-008249,2015-09-17,Finance,Junior,23,Female,1347672,3.0,1.5428007863700914,2.1170728699464516,39,0,0.0,16
EMP-008250,2019-01-19,Marketing,Senior,55,Male,641567,101.0,2.169115721915645,1.0380104096906986,29,8,0.0,9
EMP-008251,2020-07-14,Operations,Senior,44,Male,527710,19.0,4.0509507691235385,2.5350187245701483,49,9,1.0,24
EMP-008252,2019-05-03,Sales,,43,Male,1651871,93.0,4.310431791434057,2.1899170284150227,34,4,1.0,26
EMP-008253,2020-03-13,Sales,Junior,24,Female,739976,62.0,3.3042044213595863,2.5330551078247243,16,8,1.0,13
EMP-008254,2015-07-10,IT,Manager,46,,1507354,82.0,2.658686470870828,2.296763386527515,37,8,0.0,38
EMP-008255,2020-05-04,Operations,Junior,27,Female,1136202,55.0,1.8360696358896993,1.0187035812359801,5,6,1.0,39
EMP-008256,2015-07-09,IT,Mid,26,,1884809,61.0,2.5996238519401986,3.435632872208231,41,3,0.0,36
EMP-008257,2019-03-24,Operations,Senior,42,Male,781143,75.0,3.3701100007206253,3.891572908768182,41,7,0.0,2
EMP-008258,2018-05-13,Operations,Mid,59,Female,1731439,97.0,3.585330341665477,3.291636912268492,29,9,0.0,1
EMP-008259,2019-03-05,IT,Lead,30,Male,664272,90.0,4.510337515604514,3.7622378784789174,11,5,1.0,45
EMP-008260,2015-02-13,IT,Lead,23,,1323206,118.0,1.8144602115218298,1.7447980250983668,6,3,1.0,10
EMP-008261,2018-10-10,Finance,Lead,46,Male,910025,92.0,1.703622875386377,2.7771390744670787,34,8,1.0,14
EMP-008262,2019-10-04,Operations,Lead,22,Female,471813,93.0,2.207635764097368,2.945668212072966,10,4,1.0,11
EMP-008263,2017-08-17,Sales,Senior,46,Male,377100,17.0,1.8888469247806654,4.041869067207614,7,0,1.0,7
EMP-008264,2016-08-14,HR,Lead,350,Male,683175,43.0,3.3567230556347893,2.764341603889217,48,9,0.0,46
EMP-008265,2015-03-14,HR,Junior,34,,1468350,42.0,4.865921880971654,1.5211346165172062,10,3,1.0,31
EMP-008266,2020-08-20,Sales,Senior,32,Female,593220,66.0,3.5354554376264904,4.127244235497028,42,9,0.0,28
EMP-008267,2015-10-07,Operations,Lead,38,Male,1613683,85.0,2.1619287237413825,4.679396791561375,41,9,1.0,22
EMP-008268,2017-11-03,Sales,Junior,26,Female,1752375,103.0,4.805112356915197,1.9521980070783944,12,5,0.0,26
EMP-008269,2015-08-04,Finance,Lead,42,Male,615414,103.0,4.465080340270123,1.2183352043061553,32,0,0.0,0
EMP-008270,2017-09-20,Operations,Senior,25,Female,1172085,48.0,1.341635784005133,1.0798633570735396,8,9,0.0,30
EMP-008271,2021-04-21,Finance,Junior,38,Female,1708657,54.0,3.271011217921567,1.3907488028554176,3,4,1.0,2
EMP-008272,2018-01-07,Operations,Senior,40,Male,348663,42.0,1.4712921165302708,4.050366327251206,2,0,1.0,29
EMP-008273,2015-05-18,Finance,Lead,34,Female,401005,22.0,1.5989247140145482,2.6861822415849406,25,1,0.0,22
EMP-008274,2021-09-10,HR,Manager,37,Male,322971,29.0,3.006984520156046,4.074766810257042,10,3,0.0,12
EMP-008275,2021-10-04,HR,Senior,55,Male,1348731,4.0,2.409659763115314,3.894685845254864,39,2,0.0,36
EMP-008276,2019-04-30,IT,Lead,55,Male,1827658,79.0,4.16719406127903,4.201342559044226,12,7,1.0,2
EMP-008277,2017-09-06,HR,Manager,47,Female,758344,102.0,3.0911210258467823,3.345895228772704,18,7,1.0,0
EMP-008278,2018-03-15,Marketing,Senior,32,Female,1161332,50.0,4.176055420830511,4.957926540581793,30,3,0.0,37
EMP-008279,2016-09-03,Marketing,Lead,42,,367689,55.0,1.728409452543799,2.8068896882661334,21,8,1.0,31
EMP-008280,2017-09-01,HR,Senior,56,Female,545048,44.0,4.925232102035162,4.811837649021634,13,5,1.0,7
EMP-008281,2016-06-21,Marketing,Manager,40,Female,1024929,53.0,3.0153770004696283,1.955327089303354,27,6,0.0,25
EMP-008282,2017-07-13,HR,Mid,55,Female,1035956,1.0,3.9535794969801246,3.5875045140516697,49,5,1.0,43
EMP-008283,2021-10-11,Finance,Junior,38,Male,1341145,81.0,1.5917385928530532,3.6285067828602577,1,3,1.0,13
EMP-008284,2016-01-08,HR,Manager,42,Female,522886,,3.0638547854531697,2.9729075909285765,1,5,1.0,25
EMP-008285,2016-05-02,Finance,Senior,47,Male,694397,50.0,2.1445406654542425,4.0908219728896125,18,7,1.0,2
EMP-008286,2017-02-21,Marketing,Lead,53,Female,1798433,54.0,4.910740514933032,2.6131491861738194,34,2,1.0,33
EMP-008287,2016-03-19,Finance,Senior,42,Female,802333,77.0,1.1964958054741008,3.772151277340496,34,2,1.0,17
EMP-008288,2018-01-14,Marketing,Lead,32,Female,1685358,87.0,3.167077333647282,2.5644945593090616,46,9,1.0,8
EMP-008289,2017-06-22,HR,Mid,38,Male,1382624,67.0,1.8962357302893502,3.476867273024068,9,4,0.0,8
EMP-008290,2021-07-03,Sales,Manager,28,Male,1795889,12.0,2.311148525887029,3.380313679156806,34,9,0.0,2
EMP-008291,2015-07-25,Marketing,Senior,46,Male,733600,99.0,3.0451055910544356,2.2161885299222344,5,5,1.0,19
EMP-008292,2021-01-15,Operations,Manager,41,Female,1247556,54.0,1.6699417493161288,1.3052805375205154,0,9,0.0,41
EMP-008293,2017-06-13,Marketing,Senior,54,Male,1158344,58.0,3.289340480694807,3.7222721792669087,22,8,1.0,25
EMP-008294,2021-06-08,Sales,Mid,43,Female,502749,44.0,3.1860692960599075,1.6389729994285345,1,8,1.0,31
EMP-008295,2019-05-05,Finance,Junior,23,Female,1201735,12.0,4.933737048082914,3.218381380926973,45,1,1.0,1
EMP-008296,2015-09-25,IT,Manager,59,Female,1007443,2.0,1.1399573711733688,3.002216493118319,37,1,1.0,27
EMP-008297,2021-09-14,Marketing,Manager,33,Male,433548,59.0,3.334575919407592,3.9204115337551655,3,5,0.0,44
EMP-008298,2017-08-02,Operations,Senior,48,Male,1992349,98.0,2.725806351010759,4.080960766214011,38,7,0.0,44
EMP-008299,2016-12-06,Operations,Lead,45,Male,1127671,32.0,2.171135461388371,1.556181584523181,20,8,0.0,19
EMP-008300,2018-02-02,Finance,Mid,28,Male,1683117,90.0,2.1370470737318588,4.019545934498222,1,6,1.0,10
EMP-008301,2017-02-13,Operations,Junior,48,Male,586904,42.0,1.4924860715919581,4.182973891680964,26,4,0.0,37
EMP-008302,2021-04-22,HR,Mid,46,Female,1517540,109.0,4.335592300215859,4.830669459241456,31,3,1.0,20
EMP-008303,2017-07-27,Sales,Lead,29,Male,798226,53.0,3.169999948512843,4.885925010731697,48,5,0.0,44
EMP-008304,2015-12-17,Sales,Senior,35,Male,1294134,101.0,1.4798144204922665,1.6887125041866238,40,5,1.0,11
EMP-008305,2020-05-05,Sales,Senior,58,Female,911670,45.0,1.5717638352122405,2.2250729673617196,31,2,1.0,25
EMP-008306,2016-02-01,Finance,Lead,38,Male,872307,103.0,2.2945399284143893,1.9252148699511418,3,8,0.0,8
EMP-008307,2018-06-08,IT,Junior,41,Male,484210,17.0,3.336734066590726,4.751407887294414,10,3,0.0,39
EMP-008308,2016-07-13,IT,Manager,25,Female,1597347,83.0,1.3972498640782884,2.7065474106391996,1,1,0.0,5
EMP-008309,2017-12-19,Finance,Lead,48,Male,1509072,16.0,2.5173331985754213,1.4030593315388455,27,0,0.0,22
EMP-008310,2017-12-12,IT,Junior,54,Female,616708,38.0,4.824411611052252,4.73087900209684,43,5,0.0,21
EMP-008311,2017-03-09,Sales,Junior,30,Male,1127951,29.0,1.3650105276770064,1.6961381967959812,29,9,1.0,45
EMP-008312,2020-01-31,Operations,Lead,35,Female,449950,2.0,2.2664499935706353,4.138360009194862,39,2,1.0,34
EMP-008313,2020-01-19,Marketing,Manager,53,Male,1269378,8.0,1.4338559019889292,2.9279077553201933,8,7,,4
EMP-008314,2021-03-18,HR,Mid,40,Male,976583,19.0,1.3131245966963636,3.3754875126367736,3,7,0.0,21
EMP-008315,2017-03-18,Marketing,Senior,36,Male,1765725,112.0,1.9871421677968253,3.387034947779285,5,8,0.0,14
EMP-008316,2020-05-10,Finance,Junior,46,Female,1526343,119.0,2.3404984524613766,2.3883336276441978,27,7,0.0,30
EMP-008317,2020-01-04,Marketing,Lead,36,Female,417958,52.0,4.852714370025487,3.2574747089177025,25,2,1.0,6
EMP-008318,2016-02-01,Sales,Lead,58,Male,693919,29.0,1.759053993010327,2.453651325353846,43,0,1.0,46
EMP-008319,2017-10-06,Sales,Senior,44,Female,1472823,95.0,2.0620827594006044,4.34005054000864,45,2,0.0,23
EMP-008320,2015-10-20,Finance,Manager,46,Male,923504,105.0,3.009563082092181,,22,7,0.0,20
EMP-008321,2017-11-28,Operations,Lead,36,Female,1919194,57.0,2.1605131312272055,2.64648389824766,25,0,0.0,9
EMP-008322,2018-11-28,Marketing,,35,Female,915597,48.0,4.880729235210768,2.982808641770758,17,4,1.0,18
EMP-008323,2016-07-10,Finance,Lead,30,Male,1549540,109.0,4.4630349346142895,1.5619712910607344,27,5,1.0,25
EMP-008324,2015-09-07,Marketing,Lead,50,Male,1458236,97.0,1.1879586833759035,2.121631160012684,20,8,1.0,21
EMP-008325,2016-02-13,Operations,Manager,41,Male,740756,9.0,4.100458922428537,1.446308460801757,16,5,0.0,40
EMP-008326,2018-08-04,Operations,Lead,39,Female,304068,62.0,2.84874478564399,3.3395579794901975,30,3,0.0,31
EMP-008327,2019-05-26,Finance,Manager,54,Female,986559,20.0,3.547352698983967,2.132247043531654,2,5,1.0,42
EMP-008328,2017-05-11,Sales,Senior,58,Male,1949850,,2.3440242923743106,1.0182259801069184,6,2,1.0,42
EMP-008329,2020-09-15,Marketing,Senior,38,Male,499509,71.0,3.5230238381791965,1.9774634054189306,4,8,0.0,3
EMP-008330,2021-07-27,Sales,Junior,43,Female,462089,49.0,4.031877868807576,3.2454274122835347,30,5,1.0,38
EMP-008331,2021-09-13,HR,Manager,40,Male,996563,103.0,1.2369837381572588,4.381790118943542,35,0,0.0,20
EMP-008332,2016-03-26,HR,Manager,44,Female,363330,104.0,2.903382739887843,3.989924552005381,40,5,1.0,41
EMP-008333,2020-12-05,Operations,Senior,36,Female,799342,59.0,1.551445100936335,1.925650847160926,31,0,1.0,2
EMP-008334,2019-01-26,HR,Junior,39,Male,1131819,51.0,4.32797655481119,3.4379040862601475,32,8,1.0,34
EMP-008335,2019-01-13,Sales,Junior,57,Male,1609166,18.0,1.249709317732533,3.2024731008620457,17,9,0.0,19
EMP-008336,2019-05-31,Operations,Manager,39,Female,1629891,21.0,3.4950943275307025,3.6056018904756266,26,4,0.0,2
EMP-008337,2018-02-08,Sales,Senior,38,Female,627407,16.0,1.3014056873245572,3.5111624383620317,1,0,0.0,4
EMP-008338,2016-09-30,Operations,Senior,58,Male,954192,8.0,3.629390840046268,3.6272937989566767,28,2,1.0,27
EMP-008339,2019-12-15,Sales,Senior,52,Male,586650,86.0,2.2970210435543703,2.8584782060750786,41,9,1.0,18
EMP-008340,2016-04-20,Sales,Mid,26,,1236804,62.0,2.4272794721407647,3.449540794587074,32,2,0.0,33
EMP-008341,2018-06-12,Sales,Mid,54,Female,530933,28.0,3.133727670347025,2.219769737300549,23,6,1.0,46
EMP-008342,2021-04-02,HR,Senior,36,Male,581018,80.0,3.1286905674460495,4.647036141930317,39,4,1.0,29
EMP-008343,2018-10-10,Operations,Junior,53,Male,359213,106.0,1.7962857304669937,1.2971111356215284,41,9,0.0,29
EMP-008344,2020-09-01,Finance,Senior,26,Female,486267,5.0,2.5818541260529915,3.26572419183217,11,9,1.0,47
EMP-008345,2016-02-20,Marketing,Lead,58,Male,1522937,2.0,1.5099341737640546,3.059687781934881,24,2,0.0,46
EMP-008346,2019-11-04,Marketing,Junior,27,Male,1288777,104.0,2.8788078572518314,,13,0,1.0,15
EMP-008347,2020-06-24,IT,Mid,22,Male,1931445,30.0,4.220924155547056,1.0197292240295979,31,2,1.0,12
EMP-008348,2016-12-13,Marketing,Junior,33,Female,1723578,110.0,1.9563807712829013,4.530610413462492,18,1,1.0,28
EMP-008349,2019-07-11,Marketing,Mid,52,Female,1677646,65.0,2.295191991920685,3.835374030919722,48,0,0.0,2
EMP-008350,2021-05-15,Marketing,Manager,22,Male,788688,83.0,2.6506628627594613,2.868873089348343,44,7,1.0,8
EMP-008351,2015-06-23,Operations,Senior,30,Female,526656,106.0,3.109078380680381,2.2994993868983364,48,6,1.0,8
EMP-008352,2018-04-12,Sales,Lead,27,Male,1521965,93.0,4.374726158419075,3.497846916952655,34,9,0.0,12
EMP-008353,2018-07-21,Sales,Senior,28,Male,378634,23.0,3.242705505279149,1.667918928127559,33,5,1.0,21
EMP-008354,2020-07-08,Sales,Senior,51,Male,1047762,41.0,4.093382451145911,4.065473294058621,41,2,1.0,14
EMP-008355,2016-05-25,Finance,Junior,38,Female,1324081,43.0,1.8884453926874625,,5,2,0.0,32
EMP-008356,2020-05-04,HR,Lead,35,Female,1268551,7.0,2.3131971688357527,1.5151062140065763,41,3,0.0,38
EMP-008357,2018-11-30,IT,,34,Male,1369812,71.0,4.269100879403819,2.4511402282877404,49,1,0.0,7
EMP-008358,2016-06-24,HR,Mid,26,Female,707717,103.0,3.620574658974572,1.5226548118104346,11,5,0.0,11
EMP-008359,2016-08-10,Operations,Lead,23,Male,1846679,,3.466881762281927,1.7567540649768065,44,0,0.0,37
EMP-008360,2019-09-19,IT,Lead,41,Male,381126,114.0,1.1656815453179248,3.3404547846513597,9,8,1.0,36
EMP-008361,2017-10-23,IT,Manager,28,Female,1922528,70.0,4.6794927064905485,3.0514681480302155,44,8,1.0,26
EMP-008362,2018-05-29,Marketing,Junior,37,Female,1947611,76.0,1.267894155130299,4.995489788119622,33,7,1.0,32
EMP-008363,2021-03-22,Operations,Manager,24,Male,1754233,68.0,1.3587906063629251,1.10044146825452,12,6,0.0,30
EMP-008364,2018-12-08,Marketing,Senior,36,Male,1167335,108.0,1.5097628136444445,4.5301909451200695,30,9,1.0,40
EMP-008365,2018-11-06,HR,Mid,31,Male,1984556,23.0,3.185904729912163,2.383613111800047,43,1,0.0,37
EMP-008366,2020-11-28,IT,Mid,27,Female,1872873,83.0,4.11253834962238,4.783790218483082,39,2,0.0,46
EMP-008367,2021-06-24,HR,Lead,23,Female,1926311,82.0,3.705800562741434,3.8472047227118673,1,4,1.0,12
EMP-008368,2015-04-07,Sales,Mid,22,Female,1682336,3.0,2.355967049605135,4.435888801728035,48,3,1.0,22
EMP-008369,2016-07-09,Sales,Mid,45,Male,1796707,108.0,4.4494734995219165,2.165063037870896,27,3,0.0,10
EMP-008370,2015-12-20,Operations,Lead,26,Male,1952535,73.0,3.223976166950994,2.3620842075631843,44,9,1.0,33
EMP-008371,2016-01-02,IT,Senior,32,Female,1092546,6.0,2.972188003635676,3.7253796655638,0,1,0.0,25
EMP-008372,2020-05-02,Operations,Manager,470,Female,922524,99.0,4.4424011241041566,2.486811193796869,12,8,0.0,20
EMP-008373,2015-08-21,Finance,Junior,56,Male,491736,14.0,3.4074115363575066,1.7392163539405971,43,9,0.0,35
EMP-008374,2018-10-13,Sales,Senior,34,Female,827574,79.0,2.053764477237708,2.1275040023349736,3,2,1.0,11
EMP-008375,2019-02-15,IT,Manager,27,Male,1237474,113.0,2.4530586291133445,2.0505174596250555,23,1,0.0,35
EMP-008376,2015-03-23,IT,Senior,30,Male,1994976,37.0,3.5838399811588384,3.4320431446987634,44,9,1.0,18
EMP-008377,2015-07-20,Operations,Manager,38,Female,1725573,118.0,1.255004377768142,4.486548127236831,44,8,1.0,39
EMP-008378,2020-02-22,Marketing,Mid,55,Male,702270,70.0,4.528054628165538,1.6612050796242026,7,9,1.0,5
EMP-008379,2021-07-15,HR,Manager,46,Female,349200,64.0,4.290393513007542,4.009186583052223,34,4,0.0,24
EMP-008380,2019-03-06,Finance,Lead,31,Male,853090,90.0,3.78768839596102,4.484800052370131,5,7,0.0,16
EMP-008381,2017-06-19,IT,Lead,57,Male,1496203,44.0,4.353027377592609,2.6856184386609687,35,0,0.0,10
EMP-008382,2015-07-29,Marketing,Junior,23,Female,892318,29.0,4.648535508368348,4.0916192268325835,2,7,0.0,14
EMP-008383,2015-10-04,Sales,Mid,45,Female,1037709,98.0,1.8123889561089639,1.2758260884272392,5,9,0.0,32
EMP-008384,2020-09-27,Marketing,Mid,23,Male,1634734,59.0,2.1014772529068173,3.360632007004521,44,4,0.0,19
EMP-008385,2020-07-21,Operations,Lead,44,Female,726217,69.0,1.026859810539504,4.537731327607544,5,6,0.0,27
EMP-008386,2018-09-18,Operations,Lead,22,Male,1806184,73.0,1.5517016994213964,2.1478009298398613,20,3,1.0,11
EMP-008387,2018-04-14,IT,Mid,50,Female,1648709,83.0,3.7337849167314667,2.7733026622656665,39,5,1.0,36
EMP-008388,2020-06-28,Finance,Manager,38,Male,1913848,78.0,2.717084771227377,4.9373581431227755,4,3,0.0,13
EMP-008389,2016-10-05,Operations,Lead,51,Female,1526445,54.0,3.3230616484661,3.99610890160288,43,9,0.0,10
EMP-008390,2019-04-05,Marketing,Junior,50,,1572972,103.0,2.9905650061053164,2.5613145553760646,36,8,0.0,18
EMP-008391,2019-03-17,Operations,Mid,41,Female,1731865,116.0,3.2574445453431853,3.521237974488622,27,6,1.0,0
EMP-008392,2021-08-30,HR,Manager,28,Male,319534,97.0,4.24868032583318,,37,2,1.0,17
EMP-008393,2019-10-27,Operations,Junior,22,Female,1347630,82.0,2.0446658966546605,1.591344470853488,22,4,1.0,44
EMP-008394,2019-01-01,Operations,Junior,50,Male,411743,40.0,1.7144301555868195,3.3284501246047484,19,4,1.0,4
EMP-008395,2021-02-27,Operations,Lead,47,,848444,66.0,4.73952504245255,1.5819290651107516,41,6,0.0,2
EMP-008396,2015-06-10,Marketing,Lead,25,Female,1596674,33.0,2.6704075153908997,3.4060274603807748,34,4,0.0,36
EMP-008397,2019-07-01,Marketing,Manager,27,Male,1338511,11.0,1.4132610945481634,4.81928065055078,5,9,1.0,24
EMP-008398,2016-01-28,Finance,Junior,28,Male,1743394,39.0,3.498639474558474,1.1640583090141017,20,3,1.0,45
EMP-008399,2020-12-28,Operations,Mid,45,Female,592304,10.0,3.6574101752254524,1.6841842140891141,18,0,1.0,36
EMP-008400,2017-07-27,HR,Lead,41,Female,737351,55.0,4.442904494501464,4.836877648417174,42,1,0.0,14
EMP-008401,2017-11-05,Finance,Senior,59,Male,1481426,110.0,2.7421539914027098,1.5732300004163844,27,4,1.0,35
EMP-008402,2015-09-04,IT,Mid,22,Male,817233,87.0,2.4694108503614443,1.112771676464288,7,7,0.0,33
EMP-008403,2019-12-12,HR,Manager,23,Female,303206,98.0,2.819714944045345,2.230871747499969,1,9,0.0,5
EMP-008404,2020-07-24,Marketing,Lead,32,Female,1772612,115.0,1.1758699219346846,1.8868896060126388,11,3,1.0,24
EMP-008405,2019-01-05,IT,Mid,36,Male,987149,58.0,3.487889959793954,2.1592817210301147,34,6,1.0,36
EMP-008406,2016-07-22,Sales,Senior,48,Female,740724,81.0,3.2425090131111394,3.745818582782037,12,9,1.0,42
EMP-008407,2015-06-24,IT,Mid,59,Male,1473770,16.0,1.954242612076373,2.5195369567387615,48,6,0.0,44
EMP-008408,2021-05-04,Sales,Mid,26,Male,1153028,40.0,4.970729880342027,3.3942108202121513,49,9,0.0,11
EMP-008409,2019-01-08,Sales,Junior,30,Female,485012,93.0,2.5472091836894264,2.2307526434210745,35,2,0.0,7
EMP-008410,2017-08-05,Finance,Manager,40,Male,1493433,42.0,4.735566992781406,2.7828332021657767,39,1,0.0,7
EMP-008411,2016-07-19,Operations,Mid,41,Female,474208,72.0,1.1563770167878151,,30,6,1.0,32
EMP-008412,2016-07-21,HR,Mid,23,,1475174,39.0,1.6530979866819702,4.806610663654336,38,6,0.0,18
EMP-008413,2017-02-07,IT,Mid,30,Female,1584750,54.0,1.3585455782469866,3.051703485324777,48,9,1.0,25
EMP-008414,2021-02-10,Operations,Junior,50,Male,1238652,92.0,2.9610196206114163,1.47757514699541,10,0,1.0,13
EMP-008415,2018-01-17,Operations,Senior,36,Male,1825305,76.0,3.797868763845759,3.3557548830626875,6,7,0.0,30
EMP-008416,2015-07-30,Operations,senior,50,Male,960049,21.0,4.9721873822647,1.3328983067594105,17,8,1.0,37
EMP-008417,2016-07-30,IT,Mid,51,Female,941844,104.0,2.0379317806081714,4.358670371236361,20,4,1.0,18
EMP-008418,2020-04-14,HR,Lead,28,Female,1302893,56.0,3.079192830842601,2.8419849116492992,9,9,0.0,4
EMP-008419,2018-12-03,IT,Lead,29,Male,1518662,113.0,1.766805473997597,1.7059243945618712,10,6,1.0,12
EMP-008420,2018-07-24,HR,Senior,330,Female,1178929,,1.4228195402797303,4.72086596057053,36,6,0.0,40
EMP-008421,2019-07-11,IT,Senior,37,Male,1582997,29.0,4.430264233652789,4.082964192085443,39,4,1.0,10
EMP-008422,2019-03-21,Sales,Junior,40,Male,592354,79.0,3.9406459533415594,3.874609592882303,6,6,1.0,28
EMP-008423,2016-08-23,Marketing,Mid,40,Female,1981693,108.0,1.9308031238288472,1.1532534397943306,49,1,0.0,26
EMP-008424,2015-11-18,IT,Senior,25,Female,1646864,92.0,2.22790838460525,3.023607043166194,28,4,1.0,19
EMP-008425,2018-09-10,HR,,34,Male,1535928,52.0,3.57433975463874,3.8402981950709005,29,8,0.0,42
EMP-008426,2017-06-24,IT,Mid,56,Male,1828564,78.0,1.3075928887666328,1.5152370059750289,16,9,0.0,9
EMP-008427,2015-07-10,Marketing,Lead,57,Female,1648493,97.0,1.6265623440781538,1.894311584846553,35,1,0.0,24
EMP-008428,2021-09-27,Finance,Mid,48,Male,569663,108.0,2.299900526205294,2.0955632211272053,1,5,0.0,39
EMP-008429,2018-01-08,Finance,Mid,42,Female,1429415,88.0,2.8752699158871518,2.699612421542995,15,8,1.0,15
EMP-008430,2021-06-19,Marketing,Manager,25,Female,1025557,50.0,3.3929264800182053,2.947795550120422,39,5,0.0,44
EMP-008431,2019-07-13,Sales,Manager,27,Male,1122838,45.0,3.9056674606742003,3.164472439043083,13,0,0.0,39
EMP-008432,2019-04-13,Sales,Lead,29,Male,754265,66.0,2.840611901381563,1.34596173784524,29,3,0.0,34
EMP-008433,2015-04-17,IT,Senior,26,Female,542442,35.0,1.0359758358211075,1.0962533048679899,48,2,0.0,17
EMP-008434,2021-01-28,HR,Lead,42,Female,759546,91.0,3.8416267533457122,1.3409739304197887,18,9,0.0,44
EMP-008435,2016-01-06,Sales,Manager,56,Male,783724,34.0,4.9185989864220145,4.410554978381053,41,8,1.0,5
EMP-008436,2015-08-01,IT,Mid,58,Male,581713,67.0,1.3871245687771085,2.509420098903227,3,2,0.0,3
EMP-008437,2017-03-12,Finance,Manager,52,Female,1845955,6.0,2.929507184344709,4.383103022186923,8,2,0.0,12
EMP-008438,2019-03-31,HR,Junior,41,Male,1375793,105.0,3.052603845730552,2.653224597277041,28,6,0.0,26
EMP-008439,2017-10-26,HR,Mid,53,Female,682148,45.0,3.67443462107703,3.6506521787096715,15,9,1.0,10
EMP-008440,2015-12-05,Marketing,Lead,36,Male,1728836,,2.0431278023602335,2.5922559011235213,38,9,0.0,1
EMP-008441,2016-08-11,Sales,Manager,23,Female,580225,24.0,1.1703196387118235,4.861997839175707,2,6,0.0,24
EMP-008442,2021-07-27,Operations,Junior,38,Male,1009328,102.0,1.6954229595205859,3.7618966330599375,39,7,0.0,37
EMP-008443,2020-07-02,Sales,Mid,25,Female,1184145,118.0,3.6494097855994854,4.712641843948843,25,2,1.0,0
EMP-008444,2016-12-22,Finance,Senior,38,Female,1906628,119.0,2.6075909754350266,2.188865458042787,32,5,0.0,35
EMP-008445,2019-07-15,Sales,Manager,56,Female,360792,62.0,1.708688538339648,1.96055583519553,5,3,0.0,19
EMP-008446,2021-09-08,Marketing,Senior,24,Male,653477,87.0,1.0776307207643399,2.4785278409896727,37,4,1.0,34
EMP-008447,2019-12-13,HR,Junior,40,Female,972503,81.0,3.4247335943104074,1.4196847516365456,32,0,0.0,46
EMP-008448,2019-07-28,Finance,Lead,28,Male,1963685,43.0,2.5684468809985304,16.421747975686195,44,5,1.0,34
EMP-008449,2017-07-23,HR,Senior,33,,1129540,13.0,1.254801145929695,1.581753061609918,39,7,1.0,7
EMP-008450,2020-08-15,Finance,Lead,42,Male,833388,84.0,4.112759521367979,3.982929120852807,23,2,1.0,23
EMP-008451,2018-09-09,Sales,Mid,50,Female,1437288,88.0,4.984145786463843,3.2934631578631985,31,4,1.0,33
EMP-008452,2020-11-30,Marketing,Mid,36,Female,548966,106.0,2.5482886278202694,21.046738583685368,20,5,0.0,27
EMP-008453,2020-10-06,Sales,Mid,26,Male,1530956,71.0,4.530969735292512,2.5807191833856526,44,0,0.0,9
EMP-008454,2015-03-01,HR,Manager,57,Female,1469946,9.0,2.652633712314156,4.492648695784641,7,0,0.0,3
EMP-008455,2015-03-19,Sales,Mid,27,Female,1485844,23.0,2.7521527211422145,4.483603472392292,45,4,0.0,1
EMP-008456,2016-01-13,Finance,Manager,32,Female,481078,30.0,3.7267825669295265,2.716224843895881,3,2,1.0,13
EMP-008457,2019-07-14,Sales,Senior,55,Female,1469976,70.0,4.077464461314871,2.9980799480977005,22,7,1.0,4
EMP-008458,2020-03-31,IT,Manager,55,Female,1191525,56.0,1.0619835785972338,1.628279078290253,31,1,0.0,18
EMP-008459,2021-05-11,Operations,Senior,32,Male,931235,95.0,4.091019671751946,,37,3,1.0,8
EMP-008460,2019-10-26,Marketing,Mid,46,Male,1354398,60.0,2.7017169417230793,2.4422132867101793,26,3,1.0,2
EMP-008461,2017-09-02,Marketing,Junior,35,Female,360821,27.0,1.5749793120059201,2.4390941479385417,42,1,1.0,46
EMP-008462,2015-10-02,IT,Mid,37,Female,924997,33.0,2.844923082655483,3.701249711035446,39,9,1.0,8
EMP-008463,2017-03-25,HR,Manager,38,Female,1934848,115.0,4.353202360184293,4.158372629758773,36,1,1.0,34
EMP-008464,2019-06-10,Operations,Lead,33,Female,752533,54.0,3.4272187782461514,1.003647495686578,33,0,1.0,13
EMP-008465,2015-06-19,Finance,Senior,55,Female,1348096,93.0,2.547352289172779,3.7568795696636577,45,2,0.0,26
EMP-008466,2019-04-06,HR,Lead,24,Female,561525,99.0,1.8654149695437492,3.837082448446222,25,8,0.0,44
EMP-008467,2015-12-02,Finance,Mid,35,Female,494589,80.0,2.1626611294783595,4.890916355930815,36,9,0.0,2
EMP-008468,2020-06-01,Operations,Mid,50,Male,616612,91.0,1.1772038366342596,2.4557551334776098,0,4,,9
EMP-008469,2021-08-23,HR,Mid,25,Female,1239118,72.0,4.9133256444375295,2.594813524436682,25,8,1.0,42
EMP-008470,2020-12-15,Finance,Manager,29,Male,555322,69.0,1.787444343344216,2.72364178807631,14,5,0.0,19
EMP-008471,2021-06-13,Sales,Mid,54,Male,1739328,57.0,4.5510180670863,3.9222177607150996,20,7,1.0,43
EMP-008472,2015-03-21,Marketing,Junior,38,Female,514317,15.0,1.0437608030898375,2.7130361703814208,3,8,0.0,18
EMP-008473,2018-01-19,HR,Mid,31,Female,847778,25.0,2.0488068234956027,1.0809167795560395,13,9,1.0,45
EMP-008474,2015-03-27,Finance,Manager,48,Male,897454,9.0,3.1050427387540624,2.700348479064203,0,0,1.0,33
EMP-008475,2021-01-14,Operations,Lead,32,Male,758562,19.0,2.5770331772511694,1.9497418242826443,11,0,0.0,22
EMP-008476,2015-07-12,HR,Senior,41,Female,1163333,99.0,2.961519128332494,3.827100288084475,31,5,0.0,15
EMP-008477,2021-01-28,Marketing,Senior,50,Male,347229,73.0,2.3624008506640237,4.9076713426720975,23,2,1.0,25
EMP-008478,2015-09-27,Finance,Junior,59,Female,636705,76.0,1.6279369249320377,2.4511769406405057,36,4,0.0,39
EMP-008479,2018-02-02,Marketing,Junior,56,Male,414537,103.0,4.055367341753413,2.3053059310745305,35,6,0.0,8
EMP-008480,2021-07-27,Operations,Senior,22,Male,1528239,80.0,1.2406517393874172,,1,8,0.0,1
EMP-008481,2021-04-21,IT,,51,Female,722022,49.0,2.9014874283035095,1.5553088621286904,28,3,0.0,3
EMP-008482,2016-04-07,IT,Senior,26,Male,984352,63.0,2.323610572774179,2.603110661618374,47,2,1.0,44
EMP-008483,2017-10-28,Sales,Lead,23,Female,1661578,66.0,4.7902646457351175,2.7114457012216118,42,2,0.0,2
EMP-008484,2016-04-04,HR,Senior,42,Male,857396,52.0,1.8683509528593092,2.4687642969398818,41,7,0.0,31
EMP-008485,2018-07-12,Finance,Junior,31,Female,635298,31.0,2.2151961533527613,4.890150093139438,13,2,1.0,9
EMP-008486,2018-09-07,Operations,Manager,39,Female,1897304,46.0,2.661568353942361,4.227170780433376,37,3,1.0,45
EMP-008487,2016-06-21,Marketing,Junior,58,Male,1222957,39.0,3.0869628219272536,4.877224159587145,12,7,1.0,44
EMP-008488,2020-08-22,Marketing,Senior,51,Female,505017,70.0,1.3437918397359967,3.0409409987568727,31,8,1.0,36
EMP-008489,2019-10-16,IT,Senior,58,Male,983957,18.0,4.226780358217967,1.1616525017820485,5,1,1.0,6
EMP-008490,2018-09-08,IT,Mid,33,Female,1831821,28.0,4.960922817289443,4.753206683745075,35,8,0.0,31
EMP-008491,2019-12-29,HR,Manager,34,Female,584787,13.0,4.749601428774976,2.8131167815038642,40,1,0.0,45
EMP-008492,2015-04-05,IT,Mid,49,Male,1027905,92.0,2.7615836007703405,1.3645646385700712,35,9,1.0,0
EMP-008493,2017-07-20,IT,Junior,25,Female,1975312,57.0,1.1851417406498292,3.7451539588802873,9,0,1.0,38
EMP-008494,2015-12-18,HR,Mid,51,Male,1402835,12.0,4.931661214773419,3.029268515472369,5,2,0.0,47
EMP-008495,2015-09-17,Operations,Senior,42,Female,1080587,97.0,4.5957214946647635,1.9507312454355872,6,3,0.0,28
EMP-008496,2019-03-22,Sales,Mid,23,Female,1598369,114.0,2.4667399243133286,3.0337744479107562,10,1,1.0,8
EMP-008497,2020-03-29,HR,,44,Female,1176225,74.0,2.5433559407247874,2.0906034971121623,45,6,0.0,41
EMP-008498,2017-12-05,Finance,Lead,25,Male,371915,80.0,1.0276450407964455,3.7176717343692927,26,6,0.0,18
EMP-008499,2017-02-23,HR,Senior,29,Male,1580268,45.0,4.670700851307788,2.99277248852189,40,1,0.0,13
EMP-008500,2019-11-17,HR,Manager,52,Female,1574039,62.0,3.853044340031776,1.9168944794056086,21,6,1.0,35
EMP-008501,2020-09-14,Sales,Senior,560,Female,1121840,102.0,1.6257074025654927,1.6904523873215944,31,0,1.0,2
EMP-008502,2020-10-14,Sales,Junior,51,Female,1601426,93.0,1.0174524553567972,1.2718371887661086,31,-4,1.0,36
EMP-008503,2015-05-16,Marketing,Manager,40,Female,1953218,46.0,1.055186843665337,,48,4,0.0,30
EMP-008504,2019-07-22,Sales,Lead,22,Male,714120,41.0,3.7967806677475817,1.987409731063285,34,5,0.0,14
EMP-008505,2016-04-20,Marketing,Manager,36,Male,437288,28.0,4.858935385959595,4.489513593809173,38,7,1.0,27
EMP-008506,2015-11-29,Finance,Mid,22,Male,1904755,82.0,2.9844478075790914,3.2756788900259326,3,4,0.0,25
EMP-008507,2021-01-18,Sales,Senior,36,Male,836962,74.0,1.809898540650178,2.0451437694247354,35,1,0.0,44
EMP-008508,2021-06-30,Sales,Mid,25,Male,835377,33.0,3.000752688356459,2.9466598022741817,7,4,0.0,1
EMP-008509,2016-03-31,Finance,Senior,39,Male,509958,79.0,2.160260592591518,2.9747238798520432,12,4,1.0,24
EMP-008510,2020-05-25,HR,Senior,33,Male,301871,61.0,4.442653904356533,1.887834716678542,33,9,0.0,21
EMP-008511,2020-07-20,Operations,Manager,34,Male,1782433,70.0,2.5983934277687117,4.9540183840911824,10,1,1.0,4
EMP-008512,2016-04-29,IT,Manager,57,Female,1037753,94.0,4.299036858738278,1.6591434571432595,15,8,0.0,32
EMP-008513,2017-06-15,Marketing,Senior,59,Female,378315,81.0,2.7158852554861643,2.3347047799136065,42,5,1.0,2
EMP-008514,2016-08-29,Operations,Manager,27,Male,1869898,42.0,4.397672565878054,3.2705247515756906,7,2,1.0,33
EMP-008515,2015-08-03,HR,Junior,36,Male,1745632,113.0,4.3979052691103995,4.3800995853271445,16,8,0.0,35
EMP-008516,2017-05-07,HR,Senior,48,Male,1108228,113.0,1.242981126018753,3.222396032787634,49,5,1.0,21
EMP-008517,2018-06-05,HR,Lead,51,Male,1311232,22.0,3.3372359115328774,3.9552175963446103,33,5,0.0,20
EMP-008518,2020-10-17,HR,Lead,26,Female,547241,3.0,4.892054604558776,1.1666716324140474,6,9,0.0,34
EMP-008519,2020-11-23,Marketing,Manager,24,Female,693273,40.0,2.512613857812068,3.713717160119884,27,9,1.0,11
EMP-008520,2021-05-05,Marketing,Manager,24,Male,1552766,89.0,4.726322748582215,4.336948739181841,40,5,0.0,44
EMP-008521,2018-05-20,Sales,Senior,48,Female,584377,36.0,4.410003735463362,1.9843493650669348,17,8,,43
EMP-008522,2017-01-03,Finance,Manager,28,Male,796853,83.0,1.408856471840791,3.5680634625630856,10,5,1.0,38
EMP-008523,2017-07-06,Finance,Junior,34,Male,694241,17.0,1.9802836449414816,1.9489899262837982,35,7,1.0,43
EMP-008524,2016-02-23,Finance,Junior,41,Male,648530,,4.9281595578071045,2.0712030141640123,40,7,0.0,28
EMP-008525,2019-10-08,HR,Junior,58,Female,1661261,67.0,1.4500957976148876,2.1416872970326133,28,2,0.0,18
EMP-008526,2015-01-02,Operations,Manager,50,Female,669732,17.0,1.6854203001143047,2.6540112839561925,25,9,1.0,38
EMP-008527,2017-10-09,Marketing,Manager,32,Male,345374,93.0,3.4806970852993784,1.7998708051551855,32,-4,1.0,15
EMP-008528,2016-11-24,Marketing,Senior,37,Female,1453843,63.0,4.288363152763353,4.273530504591449,12,9,0.0,18
EMP-008529,2019-11-29,HR,Senior,26,Male,1436623,33.0,4.989612770383616,1.2703029754136672,1,1,0.0,32
EMP-008530,2021-03-31,Marketing,Manager,38,Female,558875,51.0,4.906097055803135,4.2025172759475575,12,0,,23
EMP-008531,2021-01-18,Sales,Manager,44,Male,1244279,7.0,1.0733702037637989,2.4389540123748805,24,9,0.0,46
EMP-008532,2016-01-01,HR,Manager,52,Female,1271755,85.0,1.5805057889511915,2.3463236673544188,9,9,0.0,41
EMP-008533,2016-06-08,IT,Manager,340,Male,1292667,103.0,4.339576015556872,2.305986131468447,49,8,1.0,2
EMP-008534,2017-05-11,IT,Mid,54,Male,694177,10.0,2.562065967864886,4.280750453050861,39,1,1.0,25
EMP-008535,2016-10-08,Marketing,Mid,37,Female,935765,18.0,1.9175836610982895,4.538213673347034,37,8,1.0,10
EMP-008536,2015-10-08,Marketing,Senior,41,Male,1953284,34.0,2.2624934009138165,1.1997815914260048,21,2,1.0,31
EMP-008537,2017-05-04,HR,Manager,28,Male,1543003,50.0,4.588409413905003,17.42400882667328,35,5,1.0,39
EMP-008538,2019-03-06,Operations,Mid,24,Female,553294,49.0,4.327847044163045,3.0359888964425865,30,9,0.0,47
EMP-008539,2018-07-28,Marketing,Manager,35,Female,1624736,117.0,4.301103428629821,4.19649455242215,10,2,0.0,20
EMP-008540,2021-05-12,Finance,Lead,23,Female,1608905,106.0,1.9637769174159017,2.5418020090824993,18,6,1.0,37
EMP-008541,2019-07-24,Operations,Lead,44,Female,831778,21.0,3.2759887675932746,1.9063653512395389,43,6,1.0,43
EMP-008542,2018-11-13,IT,Junior,28,Male,1189009,99.0,1.137258517595885,2.2003698252544064,22,6,1.0,27
EMP-008543,2017-12-05,HR,Junior,48,Male,1133483,79.0,4.1373501190781585,3.049687474363199,36,7,1.0,1
EMP-008544,2015-02-01,Marketing, Senior ,22,Male,1673624,6.0,3.976924153152489,2.22668620882686,43,5,1.0,44
EMP-008545,2015-04-10,HR,Senior,53,Female,790632,1.0,2.7614460554147113,2.249441004528809,48,2,1.0,27
EMP-008546,2019-07-12,HR,Mid,57,Male,1940282,8.0,1.6411323375929086,4.472590674277887,19,9,1.0,18
EMP-008547,2021-08-04,Marketing,Senior,24,Female,800491,22.0,1.493283186135288,4.745912449168933,6,0,1.0,8
EMP-008548,2021-04-02,HR,Lead,37,Male,1561921,83.0,4.044074358020067,1.9168224171272938,14,1,0.0,1
EMP-008549,2020-04-20,Finance,Senior,36,Female,1846404,101.0,4.2519460257190875,,4,1,0.0,13
EMP-008550,2015-06-11,Marketing,Lead,56,Female,1587466,17.0,1.5377376273943857,1.319312340169827,10,3,0.0,23
EMP-008551,2019-04-05,Marketing,Manager,53,Male,1059125,1.0,2.655357745711956,4.4224279813773,39,0,0.0,43
EMP-008552,2021-10-20,Marketing,Lead,45,Female,657812,77.0,2.787607150774064,2.6144833284311226,12,3,0.0,28
EMP-008553,2019-11-19,Marketing,,46,Male,1194526,71.0,1.8519598067361898,3.8094070579388117,41,7,1.0,17
EMP-008554,2018-08-15,Operations,Mid,40,Female,585397,24.0,3.9723432241698236,1.1624219398833766,18,4,1.0,34
EMP-008555,2017-10-01,Sales,Manager,55,Female,813703,65.0,3.341894193035742,4.530247869384061,40,1,0.0,5
EMP-008556,2021-08-28,Marketing,Mid,30,Female,1509895,84.0,3.6011160127723363,4.868681515330623,24,1,1.0,19
EMP-008557,2021-10-20,HR,Mid,49,Male,798650,84.0,1.764451025313321,1.236227177184419,32,6,0.0,4
EMP-008558,2017-04-16,Sales,Manager,34,Female,1771631,88.0,4.850021044527836,3.3586635574338484,2,8,1.0,45
EMP-008559,2018-11-19,Finance,Manager,53,Male,367228,89.0,2.0065302886261476,2.7250252178250802,21,6,0.0,25
EMP-008560,2015-07-04,Sales,Junior,51,Female,1461992,89.0,3.6637086160148793,4.548139250429827,18,7,1.0,2
EMP-008561,2020-12-22,HR,Lead,45,Female,1141230,113.0,1.429330959239885,4.274177190284565,29,0,0.0,42
EMP-008562,2020-10-22,Marketing,Manager,40,Male,493436,14.0,1.1466369777791816,2.8665337960333206,39,2,0.0,12
EMP-008563,2021-06-25,IT,Mid,23,Female,507008,87.0,1.3918796036388104,3.7261466243238335,20,2,0.0,30
EMP-008564,2019-06-16,Marketing,Manager,55,Female,1804017,70.0,1.2927012276625498,3.687569071576632,2,6,0.0,20
EMP-008565,2018-12-06,Marketing,Manager,43,Female,1709718,33.0,2.423597292519523,2.957601454982698,22,4,1.0,37
EMP-008566,2016-09-19,HR,Manager,37,Male,1563063,22.0,1.7688368297799948,4.412670534107144,31,8,0.0,10
EMP-008567,2015-06-24,IT,Manager,50,Female,1501136,3.0,3.4751856665683007,1.1320832177444182,32,3,0.0,19
EMP-008568,2015-01-12,Finance,Junior,53,Male,1200717,16.0,4.04918806048484,4.482965596153107,13,2,0.0,0
EMP-008569,2020-01-18,Sales,Junior,33,Female,1906718,,4.433997351142517,2.814672128539713,27,1,0.0,28
EMP-008570,2016-10-02,Finance,Junior,27,Male,1536253,111.0,2.382102205984532,2.8873138902320967,41,9,0.0,28
EMP-008571,2019-08-01,Sales,Mid,41,Female,1346802,62.0,2.4674539623108376,3.394368768279052,14,1,1.0,29
EMP-008572,2019-05-17,Sales,Lead,35,Male,1380544,43.0,2.310382144155447,4.778199234690202,46,4,0.0,8
EMP-008573,2015-05-15,Sales,Lead,23,Male,1840536,12.0,4.579893541351266,4.295589437388951,25,4,1.0,29
EMP-008574,2020-04-13,Operations,Lead,39,Male,1698906,47.0,1.703578762368629,3.305375443352502,49,0,0.0,4
EMP-008575,2016-03-20,IT,Lead,49,Male,416689,31.0,2.897224814672033,3.6510639258456123,49,0,0.0,47
EMP-008576,2021-09-26,Marketing,Senior,36,Male,641812,47.0,1.4839608643653706,1.3756117658143094,40,9,1.0,24
EMP-008577,2016-12-22,Operations,Senior,27,Female,718499,59.0,2.838858686394765,1.5162182704488298,4,6,1.0,24
EMP-008578,2018-10-12,Sales,Manager,51,Female,1921729,4.0,3.6902664661796094,3.173491272302794,10,2,,17
EMP-008579,2019-08-31,Finance,Mid,35,Female,1405002,45.0,4.013767027039749,1.0254658893589452,0,3,1.0,37
EMP-008580,2018-05-29,Sales,Junior,34,Female,1063320,91.0,1.8006594628285382,,36,2,0.0,1
EMP-008581,2016-08-04,HR,Junior,27,Male,776566,76.0,1.9184408819280057,3.107890328907546,43,9,0.0,36
EMP-008582,2016-07-23,Marketing,Manager,52,Male,924803,23.0,2.1952998635057828,2.4374162791136897,22,7,,43
EMP-008583,2021-05-07,Finance,Manager,26,Male,1736603,34.0,4.322439172711226,2.855167534961251,40,9,1.0,42
EMP-008584,2017-01-19,Sales,Junior,27,Female,983276,44.0,4.650703386538642,2.7938635416791464,22,0,0.0,16
EMP-008585,2017-03-15,IT,Senior,51,Male,1160842,102.0,4.427482392280728,1.8494437413840936,3,8,0.0,15
EMP-008586,2021-08-07,Operations,Junior,53,Male,1854727,77.0,3.5927152602425845,2.8809359067486326,9,4,0.0,40
EMP-008587,2015-04-02,IT,Senior,38,Male,1146772,78.0,2.3120164496538407,3.851151076116012,26,1,1.0,24
EMP-008588,2019-06-21,Operations,Manager,54,Female,1943661,80.0,4.948731634613795,4.573991475872475,8,2,0.0,35
EMP-008589,2016-07-11,HR,Mid,53,Male,1874234,112.0,4.1835194229173736,4.587211770290898,28,9,1.0,1
EMP-008590,2016-05-13,Operations,Senior,47,Male,1262702,5.0,3.5136868441705444,2.390875042483127,3,3,0.0,19
EMP-008591,2018-01-26,Sales,Mid,54,Male,793656,68.0,1.3122246886162956,3.744900343196606,9,1,1.0,11
EMP-008592,2021-07-19,Operations,Senior,27,Female,1760140,5.0,3.8974551192852283,1.738816153613861,13,2,0.0,10
EMP-008593,2019-05-06,HR,Lead,53,Female,431331,59.0,4.932484383771609,4.457729954490434,15,6,1.0,36
EMP-008594,2015-11-13,Operations,Junior,58,Male,1664005,65.0,4.643240791621466,2.8866085126334715,35,7,0.0,21
EMP-008595,2017-06-04,Sales,Mid,28,Male,502366,18.0,1.3346539508130615,4.759575710285377,24,4,1.0,21
EMP-008596,2017-05-10,Operations,Lead,28,Female,1912239,7.0,3.8776875862840385,4.581305812418492,42,6,0.0,6
EMP-008597,2015-04-17,IT,Manager,23,Male,836805,110.0,1.560684544659693,28.223512031680038,40,6,1.0,41
EMP-008598,2016-06-14,HR,Junior,59,Male,389376,32.0,4.010231052712516,4.799058833465567,18,8,0.0,12
EMP-008599,2018-06-29,IT,Senior,30,Female,774920,21.0,1.749602606838391,1.4824225929457864,27,3,1.0,25
EMP-008600,2016-01-08,HR,Junior,31,,1135437,23.0,3.091059617944974,4.649218063879158,45,1,,13
EMP-008601,2017-10-26,Operations,Mid,54,Male,1401865,72.0,1.899669612002591,3.2137358025898517,41,5,0.0,20
EMP-008602,2016-07-12,Operations,Mid,46,Female,1690395,103.0,3.590575071562453,1.2918561815450302,12,3,0.0,17
EMP-008603,2017-06-10,Operations,Lead,42,Male,616400,12.0,2.9488290494995084,3.7166740077046754,40,1,0.0,1
EMP-008604,2019-04-20,HR,Mid,28,Male,1631849,56.0,2.8923681823414573,3.7250117793468935,5,8,0.0,35
EMP-008605,2020-02-25,Finance,Junior,48,Male,1594002,97.0,4.188395033359382,2.3318572245840175,49,3,1.0,19
EMP-008606,2021-03-18,Finance,Manager,56,Female,893713,35.0,2.1742866701806256,2.544441274518856,20,5,1.0,28
EMP-008607,2021-08-19,HR,Mid,26,Female,1416412,68.0,1.9745396203917895,1.0340076004191587,16,2,0.0,1
EMP-008608,2015-02-27,Operations,Manager,22,Female,819975,98.0,3.7830271437044263,2.666096305146082,25,8,1.0,22
EMP-008609,2018-01-13,Finance,Lead,39,Male,508473,61.0,3.034290618576631,3.8359448349106224,2,8,1.0,2
EMP-008610,2017-11-10,HR,,32,Male,1616863,18.0,4.670094158088719,4.810179888370165,26,5,1.0,12
EMP-008611,2021-05-24,Marketing,Senior,37,Male,414281,68.0,3.847854970156709,1.5904477946915856,4,5,1.0,34
EMP-008612,2021-10-14,HR,Lead,34,Female,396313,37.0,2.7621442955828734,1.0428284439350604,24,5,1.0,2
EMP-008613,2021-05-18,Finance,Junior,25,Female,1892964,18.0,2.077122353742087,1.9089884113664506,34,5,1.0,32
EMP-008614,2019-10-09,Finance,Senior,52,Female,1567695,35.0,4.206217218285259,1.585861128199563,28,3,0.0,12
EMP-008615,2018-10-02,HR,Mid,380,Male,1703981,35.0,2.0347251039750724,1.6398152476462364,6,9,0.0,8
EMP-008616,2020-06-08,Marketing,Junior,37,Female,566676,68.0,3.5847512046079086,3.581861165717242,23,9,0.0,36
EMP-008617,2015-11-23,IT,Mid,26,Male,1046151,80.0,4.275847676151068,4.465581827287743,45,6,1.0,44
EMP-008618,2015-10-03,IT,Lead,57,Female,1399372,3.0,4.3159763667111,1.7427882165989828,5,6,1.0,24
EMP-008619,2020-02-25,Operations,Lead,57,Male,1964132,14.0,4.017457239295878,3.6501648836442877,9,8,0.0,15
EMP-008620,2019-01-09,HR,Senior,53,Male,458599,44.0,1.11890343597614,4.964471908072856,20,1,0.0,28
EMP-008621,2020-11-30,Finance,Senior,52,Female,1032416,29.0,2.7088156389174647,3.0932386450617386,47,5,1.0,3
EMP-008622,2016-12-11,Finance,Junior,46,Female,383592,11.0,3.631890926453133,4.849101099166969,11,3,0.0,16
EMP-008623,2015-01-24,Sales,Junior,51,Male,984897,24.0,1.77259583124461,3.15832911012364,48,5,1.0,39
EMP-008624,2015-03-30,HR,Manager,40,Female,844981,66.0,2.5168366366675627,3.4656141626089223,39,7,,1
EMP-008625,2017-08-29,Finance,,37,Female,1929602,82.0,2.4879869810659487,2.466883385950722,31,2,0.0,16
EMP-008626,2015-02-01,IT,Senior,56,Male,1816098,97.0,3.396539224154448,4.753264003672674,32,1,1.0,1
EMP-008627,2020-09-30,Finance,Junior,48,Male,1414413,57.0,4.600181147976592,3.008066420350515,6,9,1.0,33
EMP-008628,2021-08-27,Finance,Senior,49,Male,1782538,39.0,1.626650896349993,2.3347760206010957,47,1,1.0,32
EMP-008629,2021-09-11,Finance,Senior,23,Female,711962,90.0,2.188332710739477,1.9718513853917443,5,9,1.0,1
EMP-008630,2021-05-28,Marketing,Senior,23,Female,1215068,38.0,4.999103775320864,2.7819453681300943,31,4,0.0,37
EMP-008631,2018-08-29,Finance,Senior,55,Female,493823,49.0,2.8988859716497046,,39,5,0.0,46
EMP-008632,2019-12-14,IT,Mid,42,Male,1564615,71.0,4.434272041702846,2.0676451064225128,47,4,,2
EMP-008633,2019-12-11,Operations,Mid,46,Male,350388,44.0,1.641474607542453,3.0081491133141594,46,3,1.0,29
EMP-008634,2021-04-20,Finance,Manager,55,Male,1734202,1.0,4.83638953946301,4.543928265943466,17,0,1.0,40
EMP-008635,2017-09-23,Operations,Mid,39,Male,1518139,59.0,4.986753142574623,2.714235343873434,41,1,1.0,34
EMP-008636,2019-09-27,IT,,48,Female,362641,83.0,3.66033411728312,1.0071478586685751,38,3,1.0,36
EMP-008637,2019-02-07,Finance,Mid,52,Female,381329,29.0,3.289173229917103,,43,7,,5
EMP-008638,2021-02-20,Marketing,Lead,22,Male,1155352,78.0,4.038442641250608,2.199145592259911,24,5,0.0,40
EMP-008639,2017-10-14,HR,Manager,44,Female,430564,96.0,1.7350196952141768,2.371356194892816,6,7,0.0,40
EMP-008640,2019-02-26,Marketing,Lead,29,Female,555898,50.0,3.464364274003328,2.5947516598188867,12,4,0.0,2
EMP-008641,2021-09-22,Operations,Lead,55,Female,912366,79.0,1.5585040545351765,2.9249459958169135,47,0,0.0,4
EMP-008642,2020-05-10,Sales,Lead,26,Male,794554,106.0,2.6615228216329627,4.706343235661032,15,5,1.0,14
EMP-008643,2015-07-14,IT,Lead,25,Male,1619717,93.0,3.57011683721779,1.1236234526964037,17,4,1.0,7
EMP-008644,2018-01-09,Operations,Junior,35,Male,1661693,13.0,3.9640406381283375,2.897360337643659,33,2,1.0,5
EMP-008645,2017-03-04,Finance,Lead,53,Female,662403,113.0,1.284921336035859,2.9020719731903326,31,2,0.0,42
EMP-008646,2021-05-01,Sales,Mid,42,Female,1407928,53.0,4.108629977276196,1.0089619886135277,6,7,1.0,10
EMP-008647,2016-01-25,Operations,Junior,32,Female,1841533,,4.829786596491281,3.8946610120930854,9,3,1.0,46
EMP-008648,2020-03-15,Operations,Junior,38,Female,1467191,66.0,3.8830544628655135,1.6529829743270326,16,2,1.0,1
EMP-008649,2021-10-07,Marketing,Manager,52,Male,1355691,66.0,3.200290148693381,2.0457892949679866,18,1,0.0,44
EMP-008650,2015-08-20,Operations,Mid,29,Male,941218,100.0,4.175844232984888,4.259914295102764,0,7,1.0,29
EMP-008651,2015-08-24,Sales,Manager,35,Female,1010559,97.0,3.8437577175188986,4.574401990021947,13,3,1.0,8
EMP-008652,2019-06-19,HR,Lead,52,Female,598953,96.0,4.723079872557651,2.2398694444686957,22,2,1.0,13
EMP-008653,2016-09-28,HR,Mid,33,Female,1409826,48.0,4.640803933333675,1.2016101273767705,10,6,0.0,30
EMP-008654,2018-05-18,HR,Junior,32,Female,779139,74.0,1.9515317057927057,3.0448607044555467,16,4,1.0,44
EMP-008655,2015-12-24,Operations,Mid,57,Male,1115748,114.0,2.5938851964994445,4.1356017800248,11,3,0.0,16
EMP-008656,2020-08-01,Sales,Mid,37,Male,1320612,72.0,4.422515454624428,1.9899522680779005,49,4,1.0,20
EMP-008657,2018-01-11,IT,Mid,30,Female,1219095,63.0,2.9298250137733257,2.9486259477221073,14,5,0.0,17
EMP-008658,2020-09-01,Sales,Lead,40,Female,1238113,20.0,4.089252235273933,4.449328338070538,3,1,0.0,24
EMP-008659,2020-09-28,IT,Manager,30,Female,610238,49.0,1.435709625770929,4.210938910914742,14,1,1.0,21
EMP-008660,2017-01-07,Operations,Senior,38,Male,1751681,,3.362005742174997,1.6753317709498572,38,6,0.0,32
EMP-008661,2017-08-30,Marketing,Lead,56,Male,1803154,86.0,3.0122197150682646,1.5143883830755565,38,7,1.0,37
EMP-008662,2015-04-08,IT,Manager,24,Male,919785,97.0,3.3127664346245096,1.4966059593189756,12,2,1.0,26
EMP-008663,2016-04-10,Marketing,Junior,39,Male,1678167,100.0,3.446968407254978,4.0339121180363335,4,9,0.0,3
EMP-008664,2015-11-11,Marketing,Manager,36,Male,1205700,8.0,1.624327374357469,3.170241729524243,46,3,1.0,34
EMP-008665,2019-01-06,Operations,Junior,57,Female,367363,45.0,3.4415356797270094,3.304778888589989,21,1,0.0,42
EMP-008666,2020-12-15,Operations,Senior,32,Female,1124393,96.0,4.33179169405878,2.432147820961372,38,7,0.0,39
EMP-008667,2021-09-24,Operations,Senior,38,Female,865890,114.0,1.2996474032939855,3.5903648492236138,19,4,1.0,41
EMP-008668,2016-12-08,IT,Manager,32,Female,756303,60.0,3.7410150837849176,2.3555962981564305,34,9,0.0,36
EMP-008669,2019-05-27,Operations,Senior,50,Male,1336453,108.0,3.770009926955365,2.22489379840747,47,7,1.0,47
EMP-008670,2018-04-10,HR,Mid,57,Male,668737,25.0,4.015724411188687,4.823183406022528,5,8,1.0,35
EMP-008671,2016-11-20,HR,Lead,48,Female,1287282,107.0,4.954518064363482,4.799967623068378,19,2,0.0,26
EMP-008672,2016-05-11,Sales,Mid,50,Male,1646838,99.0,3.0960696641660883,3.8777697502964124,39,7,0.0,25
EMP-008673,2015-08-29,HR,Manager,59,Male,1450066,26.0,1.3020413937470372,2.890921259242572,44,2,0.0,8
EMP-008674,2021-08-25,Marketing,Mid,31,Female,303075,104.0,3.5519398021409003,1.1129615753518465,10,9,1.0,4
EMP-008675,2019-04-15,Sales,Junior,39,Female,365253,72.0,2.017785393348469,1.3013434740896765,49,4,1.0,9
EMP-008676,2020-03-06,Finance,Senior ,31,Female,1170366,65.0,4.066343871565424,3.9586119127790527,16,4,1.0,36
EMP-008677,2017-08-18,Sales,Manager,24,Male,674789,84.0,3.9995797851865764,3.1564019478759766,16,4,0.0,20
EMP-008678,2017-05-12,Sales,Manager,42,Male,1373155,35.0,3.5997274219001074,2.4253235654443994,1,3,0.0,20
EMP-008679,2021-07-02,HR,Senior,45,Male,1556810,44.0,4.230356612326499,2.6219136056111045,46,9,0.0,33
EMP-008680,2016-04-05,IT,Junior,43,Female,1782106,106.0,1.756593951406146,3.484743363038527,28,3,1.0,27
EMP-008681,2020-12-18,Operations,Mid,47,Male,1196579,93.0,2.163791920240669,3.0583049640148388,45,2,1.0,43
EMP-008682,2016-09-15,HR,Lead,54,Male,1913429,91.0,2.064218744978373,3.442974527791411,19,6,1.0,13
EMP-008683,2016-09-14,Operations,Senior,25,Male,1722086,2.0,3.048599362103192,27.59682879797108,27,1,0.0,10
EMP-008684,2020-07-30,Sales,Mid,520,Female,337795,9.0,2.445111343512487,4.788175805056008,29,5,0.0,47
EMP-008685,2018-06-18,Sales,Junior,42,Female,917793,10.0,2.528990468045431,1.693204440961678,9,3,0.0,17
EMP-008686,2019-05-01,HR,Junior,38,Male,907003,64.0,3.394850070441646,3.5008481692658533,1,6,0.0,15
EMP-008687,2020-01-06,IT,Manager,37,Male,1933392,90.0,3.0940067459906286,3.7558312191399237,24,0,0.0,22
EMP-008688,2018-06-07,Operations,Manager,33,Male,1089752,1.0,2.5961180332899954,2.6113024256800275,27,5,0.0,3
EMP-008689,2019-03-08,Finance,Senior,48,Male,374554,26.0,1.5690735281471775,3.400433932357821,12,2,1.0,41
EMP-008690,2019-10-05,Sales,Mid,59,Male,413865,46.0,1.0254372588584193,2.4514313150581715,16,4,1.0,47
EMP-008691,2017-07-16,Operations,Junior,42,Male,819400,99.0,2.0221048679500533,2.452102551631654,31,4,1.0,12
EMP-008692,2015-12-24,Finance,Mid,55,Female,306977,26.0,4.601548227429193,2.3823598417090803,16,1,1.0,6
EMP-008693,2016-06-20,Finance,Junior,51,Female,1465440,104.0,1.6595290343477864,2.123094525179547,20,1,1.0,1
EMP-008694,2020-11-24,IT,Manager,42,Male,1204911,112.0,1.6205022901766304,3.8209602006826935,1,1,1.0,32
EMP-008695,2018-09-20,Sales,Senior,35,Female,717975,19.0,4.770992115230856,2.452575814958704,46,6,0.0,12
EMP-008696,2021-08-29,Marketing,Mid,47,Female,1108377,67.0,3.3837491689141985,3.2245304975695337,1,4,0.0,12
EMP-008697,2020-09-01,Sales,Junior,49,Female,1461560,66.0,4.149651718297113,2.5452244368263295,35,4,0.0,11
EMP-008698,2021-05-10,Finance,Junior,22,Female,1143923,80.0,4.049181829042395,4.550830074996414,45,2,1.0,24
EMP-008699,2017-11-07,Operations,Senior,23,Male,1826862,75.0,3.0146500415987085,,18,5,0.0,39
EMP-008700,2018-12-12,Marketing,Junior,41,Male,1029699,117.0,4.261995484337948,4.395445065372104,29,5,0.0,35
EMP-008701,2018-10-26,Finance,Lead,26,Female,1875031,84.0,4.31266059945307,4.771323088514032,11,3,0.0,43
EMP-008702,2020-03-10,Marketing,,50,Female,1730799,2.0,1.6149928175272068,,32,8,0.0,27
EMP-008703,2017-02-05,HR,Mid,310,Male,1840688,23.0,1.9899448416106664,3.319880438412349,28,-3,1.0,20
EMP-008704,2019-01-26,HR,Mid,53,Female,353558,17.0,3.922265643813395,4.559008768400208,4,0,0.0,15
EMP-008705,2017-12-23,Sales,Junior,51,Male,575337,113.0,3.009381700218702,2.4131055210244154,23,4,1.0,30
EMP-008706,2015-06-23,Finance,Manager,30,Female,455806,4.0,1.1870697860274984,3.774284083061229,20,6,0.0,24
EMP-008707,2020-11-30,HR,Manager,39,Female,1415011,112.0,4.90545850560657,2.001697707303207,13,3,,29
EMP-008708,2021-10-29,Sales,Mid,46,Female,586556,57.0,4.963391918412867,4.081120512009421,36,0,1.0,31
EMP-008709,2020-11-21,HR,Junior,51,Male,380482,13.0,3.75562964146083,4.613015441871976,9,6,0.0,45
EMP-008710,2020-11-20,IT,Lead,25,Female,776231,47.0,2.657696058548424,4.171168164813151,49,1,0.0,6
EMP-008711,2018-11-30,Sales,Junior,53,Male,472609,112.0,3.572674783603613,4.828837457277807,29,4,0.0,15
EMP-008712,2019-04-13,HR,,35,Male,1476349,71.0,3.9455588238728767,48.809054156192616,27,6,1.0,11
EMP-008713,2020-11-29,IT,,44,Female,731442,59.0,4.0852318470618645,4.303260578478142,45,4,0.0,13
EMP-008714,2016-10-13,IT,Lead,44,Male,1708018,97.0,1.423513880647023,2.9572396501326854,25,2,1.0,25
EMP-008715,2017-12-31,Sales,Manager,30,Female,357636,31.0,1.5265833601743566,1.8307368200637288,7,3,1.0,44
EMP-008716,2021-05-28,Sales,,48,Male,1097298,,1.9597591644875312,,13,2,0.0,39
EMP-008717,2017-05-02,Finance,Mid,57,Female,503848,,4.926100352523651,3.333483984040051,27,2,0.0,18
EMP-008718,2019-04-15,Sales,Mid,54,Female,1055299,31.0,2.9426089487381533,4.229282051265591,4,7,,44
EMP-008719,2019-05-17,Marketing,Lead,35,Female,684911,57.0,3.525308122839313,2.395217276520869,3,5,1.0,42
EMP-008720,2015-05-28,Sales,Mid,37,Female,1515284,39.0,2.3080615550347487,3.2743103326929432,33,8,0.0,3
EMP-008721,2021-04-23,Operations,Junior,36,Female,1834296,16.0,1.3459564444643015,2.9997662029852608,19,2,1.0,15
EMP-008722,2017-07-03,Finance,Lead,30,Male,644843,65.0,4.87902097485213,4.243298649826148,28,0,1.0,24
EMP-008723,2017-11-09,HR,Junior,23,Female,717548,40.0,3.782448325980731,1.7152814586607752,33,6,0.0,32
EMP-008724,2021-01-02,Sales,Lead,40,Female,913005,40.0,3.8271483517085745,1.1379382271564555,2,-5,1.0,2
EMP-008725,2017-12-17,HR,Mid,41,Male,1974810,104.0,3.081007577050993,2.7790928580438714,2,4,0.0,24
EMP-008726,2018-09-15,HR,Junior,36,Male,1757875,93.0,1.9996123791636613,4.8590097257220295,21,5,1.0,35
EMP-008727,2019-04-11,Finance,Lead,55,Female,786716,87.0,3.566451223075729,2.8734965782068485,49,0,0.0,45
EMP-008728,2015-07-28,Sales,Manager,29,Male,580892,20.0,3.3667910074249665,2.5760324642242085,3,3,0.0,45
EMP-008729,2017-03-08,Operations,Manager,57,,1002181,9.0,2.7475049056244294,1.256695581996083,2,4,,12
EMP-008730,2020-06-25,Operations,Manager,52,Male,996474,,1.0156535584421325,2.0290636198255063,31,4,1.0,24
EMP-008731,2017-01-16,Sales,Mid,41,Male,936961,25.0,4.5926811122007845,2.518787800011496,3,6,0.0,44
EMP-008732,2018-06-27,HR,Junior,33,Male,1500295,,2.318235926566712,4.637593956508583,13,4,1.0,37
EMP-008733,2017-11-10,IT,Manager,30,Female,894353,63.0,4.65526371177388,2.6198166217344214,35,8,1.0,8
EMP-008734,2021-06-13,Finance,Junior,28,Male,942164,,1.65592026524138,4.6182566344313,21,9,1.0,1
EMP-008735,2017-07-01,Finance,Junior,25,Female,1863020,22.0,1.775848042162572,2.658030599228569,14,4,1.0,27
EMP-008736,2015-07-24,Operations,,44,Male,1142284,99.0,4.950691810008638,1.6232533522847041,22,2,1.0,18
EMP-008737,2015-05-10,Finance,Senior,24,Male,1977899,106.0,1.056012654310027,1.7430652229161314,14,1,1.0,38
EMP-008738,2020-10-29,Operations,Manager,46,,365840,,2.9938186280463883,3.2242941265091933,27,9,1.0,9
EMP-008739,2016-06-11,Sales,Manager,45,Female,1940390,5.0,2.9616760042960353,,49,9,1.0,19
EMP-008740,2019-02-05,Finance,Senior,54,Female,539137,41.0,3.2661325782195063,3.385829768751179,35,1,0.0,28
EMP-008741,2015-06-03,Marketing,Manager,51,Female,594517,90.0,1.3474111618886129,2.359820137200987,42,2,1.0,11
EMP-008742,2020-07-18,HR,Mid,29,Male,1612705,3.0,3.2702738434352843,4.549643761768604,48,7,0.0,11
EMP-008743,2017-01-06,Marketing,Junior,27,Male,1233387,36.0,1.3735717824456177,3.510840301840722,25,1,1.0,31
EMP-008744,2016-09-05,HR,Senior,28,Female,713372,15.0,1.0084949484377352,,14,6,1.0,17
EMP-008745,2018-05-10,IT,Manager,23,Female,309017,118.0,1.7235365343690225,1.3551631504140857,5,9,0.0,2
EMP-008746,2017-09-01,HR,Mid,25,Male,1678890,8.0,2.0148036598509886,1.9376028673931667,28,9,0.0,41
EMP-008747,2017-08-28,IT,Manager,27,Female,1764859,88.0,4.8906244969524995,3.178474251108854,7,8,0.0,37
EMP-008748,2015-01-09,Sales,Senior,50,Male,505467,20.0,2.428465649433351,3.9151184273511723,32,8,1.0,28
EMP-008749,2019-11-18,Operations,Junior,32,Male,1857280,68.0,3.524129676438397,3.1256849945865666,3,4,0.0,5
EMP-008750,2020-01-15,HR,Junior,56,Male,1150765,23.0,4.310087704876228,1.2818060450421407,28,3,0.0,18
EMP-008751,2016-10-04,HR,Lead,54,Female,1129976,57.0,4.138057523039074,1.0681749383702361,16,1,1.0,10
EMP-008752,2016-10-05,Finance,Mid,29,Male,1362915,36.0,3.9298228285511585,4.725317176393789,26,2,0.0,30
EMP-008753,2019-03-05,Finance,Manager,40,Female,1177990,1.0,4.036996299958356,4.931372113011637,7,4,1.0,12
EMP-008754,2015-01-14,Sales,Junior,31,Male,1351565,107.0,2.4736730354545005,3.1862310127636326,48,9,1.0,23
EMP-008755,2019-05-19,HR,Mid,34,Male,1627307,119.0,3.112406648518553,2.131229822343107,5,7,1.0,21
EMP-008756,2019-10-07,IT,Lead,28,Male,1816024,96.0,1.9227747954529977,1.1774602894326702,47,3,0.0,41
EMP-008757,2020-06-12,Sales,Lead,47,Male,1799313,41.0,3.9415227116611575,4.544155230928281,28,7,1.0,22
EMP-008758,2015-11-21,Sales,Mid,42,Female,1922630,,4.77832700723693,4.738169219838266,22,9,1.0,6
EMP-008759,2019-07-05,Sales,Senior,32,Male,1767882,91.0,4.416730619595645,2.750544266462565,10,0,1.0,47
EMP-008760,2017-11-02,Marketing,Manager,29,Male,572002,22.0,1.5324237031585533,3.5232107499152185,30,9,0.0,47
EMP-008761,2017-04-05,HR,Mid,24,Female,397883,64.0,4.561694025879962,1.3837721936517107,7,5,0.0,20
EMP-008762,2019-02-16,Sales,Junior,410,Male,609602,69.0,3.3542442019607046,1.9677064556783064,20,6,,28
EMP-008763,2016-05-02,Sales,Lead,54,Female,1228490,63.0,1.5976692523326745,1.2875817760469057,16,3,1.0,31
EMP-008764,2017-10-04,IT,Junior,33,Female,1421383,89.0,2.714677035453092,2.6844869520051247,48,0,1.0,45
EMP-008765,2020-05-28,HR,Senior,37,Male,1733092,92.0,2.2722101111832704,2.463189932781312,14,0,1.0,19
EMP-008766,2016-01-27,Finance,Mid,24,Male,1064642,80.0,1.47996128066239,1.9363277145024105,15,2,1.0,22
EMP-008767,2020-10-31,Finance,Senior,37,Female,309848,45.0,4.631189683177064,,2,2,1.0,17
EMP-008768,2021-06-10,HR,Junior,25,Male,647215,45.0,3.818590010541133,2.279277027861433,16,3,1.0,26
EMP-008769,2018-11-22,HR,Mid,27,Female,1523406,28.0,1.697856900524112,2.956129813028776,24,5,1.0,26
EMP-008770,2016-07-09,HR,Mid,41,Male,979088,80.0,4.348697067137162,2.145309927194817,36,8,0.0,42
EMP-008771,2020-07-30,Sales,Manager,34,Female,428336,16.0,3.512835125865626,2.701870198308838,36,6,0.0,23
EMP-008772,2020-09-24,Sales,Junior,31,Male,314175,93.0,2.6462759260393947,1.9430185349280396,39,7,1.0,11
EMP-008773,2017-05-26,Sales,Manager,25,Male,1808374,91.0,1.2249868181830652,2.102761302326014,31,8,1.0,43
EMP-008774,2019-09-25,Finance,Lead,25,Male,1302470,113.0,3.493054979284,4.303686661619042,35,6,1.0,11
EMP-008775,2016-11-25,HR,,56,Female,1322422,16.0,4.615845615036573,2.9306106390169515,13,4,1.0,7
EMP-008776,2020-02-05,Sales,Senior,57,Female,573251,22.0,1.174649614372663,1.488794182478463,3,5,0.0,0
EMP-008777,2017-08-01,Operations,Junior,23,Male,1514861,52.0,1.890930670322775,1.9320049832207378,12,3,0.0,15
EMP-008778,2019-03-16,Sales,Senior,40,Female,1796483,20.0,1.6910414850405746,1.1328670900735327,23,4,0.0,25
EMP-008779,2021-08-01,Sales,Senior,32,Male,917725,79.0,4.884731938888931,2.0379025361463556,8,1,0.0,16
EMP-008780,2018-01-23,Sales,Lead,40,Male,1906587,22.0,2.8580819618208824,2.7784537473197344,41,1,1.0,10
EMP-008781,2017-06-05,Finance,Senior,51,Male,654512,37.0,4.476921884702897,4.314942725868124,16,3,0.0,14
EMP-008782,2015-06-26,IT,Lead,35,Male,469761,75.0,4.625923959705885,1.8877413729537351,2,7,0.0,20
EMP-008783,2017-06-16,Operations,,50,Male,1231116,117.0,2.5885838077183285,3.3843972603432415,32,2,1.0,10
EMP-008784,2016-05-15,Marketing,Mid,46,Male,1114355,59.0,2.2896673051540732,2.933007252048981,23,0,0.0,35
EMP-008785,2021-06-15,Operations,Lead,43,Female,1157641,113.0,1.117802616623739,3.4713986304562727,8,5,1.0,12
EMP-008786,2018-02-24,Marketing,Junior,27,Male,902625,104.0,4.805265142619259,1.4867587636601245,43,8,1.0,9
EMP-008787,2018-10-09,Operations,Junior,58,Female,1449433,50.0,4.4417341507251,3.025848967664433,4,9,1.0,33
EMP-008788,2019-04-09,HR,Mid,25,Male,508440,95.0,3.4245912647741594,2.2494700157931624,31,9,0.0,23
EMP-008789,2015-08-24,Sales,Junior,22,Female,1399859,114.0,4.430263485952814,1.5038148604462558,14,8,0.0,4
EMP-008790,2017-10-04,HR,Lead,49,Male,1378745,74.0,1.0776384224400042,4.867739996263866,24,0,1.0,41
EMP-008791,2018-10-02,Marketing,Mid,33,Female,323511,55.0,4.089843182701346,4.22242635431695,21,3,1.0,35
EMP-008792,2017-06-03,Operations,Manager,55,Female,664188,8.0,4.353813695121603,3.5389359631706117,27,8,0.0,37
EMP-008793,2020-05-10,Operations,Manager,59,Male,1643045,16.0,1.9487549914811386,2.6618717947528996,37,8,0.0,34
EMP-008794,2020-07-24,HR,Junior,50,Female,810457,,4.274489316439748,1.297698356510688,24,6,1.0,13
EMP-008795,2017-12-24,Finance,Mid,43,Male,1543172,12.0,3.10548537527962,2.5697250947193893,27,5,0.0,46
EMP-008796,2016-01-11,Operations,Senior,51,Male,1575059,32.0,3.8147273198829335,4.623162981755902,42,2,0.0,36
EMP-008797,2018-03-09,Finance,Senior,27,Male,1164041,97.0,3.51866610311172,1.183001768414369,32,8,1.0,14
EMP-008798,2015-10-11,IT,Lead,36,Female,1629125,101.0,4.699801050107551,3.4301272888430336,43,5,0.0,6
EMP-008799,2020-08-04,Marketing,Mid,49,Female,1432392,97.0,3.6122751536401942,4.16075810673264,19,-9,1.0,40
EMP-008800,2021-04-15,Marketing,Mid,23,,1027000,6.0,3.6229614345548664,2.236597500771829,31,7,0.0,24
EMP-008801,2015-01-29,Sales,Manager,56,Male,854049,24.0,3.5161700557971844,1.6863035011358747,34,2,1.0,10
EMP-008802,2020-05-29,Operations,Lead,220,Male,587724,88.0,4.591285538247764,3.6306560293660337,36,4,0.0,23
EMP-008803,2017-02-18,Marketing,Mid,50,Female,514859,9.0,4.238504172946441,2.271676708836174,49,3,1.0,4
EMP-008804,2021-06-05,Marketing,Mid,45,,1242500,103.0,3.655513555813982,,36,1,1.0,21
EMP-008805,2015-09-24,Operations,,31,Male,711741,89.0,2.2932115371535335,4.97503163153118,21,7,1.0,30
EMP-008806,2017-10-02,HR,Mid,41,Female,1271635,11.0,1.5079366018287375,4.384925655362823,29,8,0.0,20
EMP-008807,2019-06-21,Operations,Lead,56,Male,1950020,34.0,3.511034997852201,,15,4,0.0,26
EMP-008808,2017-06-14,Finance,Manager,41,Female,1709911,61.0,4.051918180679565,4.595123411877179,8,2,0.0,35
EMP-008809,2018-04-18,HR,Mid,58,Male,592444,67.0,1.7804789519224875,2.3065740669796755,13,7,1.0,19
EMP-008810,2016-07-29,Sales,Junior,41,Male,1029337,,2.2109226790999714,2.5944035031793,22,4,0.0,3
EMP-008811,2016-12-11,IT,Mid,43,Female,904046,58.0,1.328792010381696,,23,2,0.0,10
EMP-008812,2020-04-16,Finance,Junior,22,Male,605484,51.0,3.359618061428268,3.1972324448779044,21,5,1.0,13
EMP-008813,2018-11-09,Sales,Senior,46,Male,349029,78.0,3.434351820826386,3.6228098766807237,36,8,0.0,38
EMP-008814,2017-03-12,Sales,Junior,25,Male,1843080,80.0,3.1056013719615505,1.4273750620637653,25,9,1.0,41
EMP-008815,2019-02-02,Marketing,Junior,49,Female,931891,99.0,4.7613897738743525,4.979721336169007,45,3,0.0,15
EMP-008816,2017-09-12,IT,Manager,56,Female,734441,39.0,1.2045055698173854,4.504509889958456,39,2,0.0,16
EMP-008817,2015-08-09,HR,Junior,24,Female,313962,36.0,2.9979074179104077,2.139049708718198,34,8,0.0,2
EMP-008818,2017-11-27,Sales,Manager,43,Female,1784743,72.0,2.6567348653492684,1.7380225849031206,22,5,1.0,20
EMP-008819,2019-04-01,HR,Manager,37,Female,1512080,116.0,2.1862853825621302,1.9844956604323096,31,9,0.0,17
EMP-008820,2021-04-26,IT,Lead,36,Female,885391,65.0,1.3174127455470526,4.419444910015365,17,9,1.0,43
EMP-008821,2021-09-12,Finance,Lead,42,Female,1447695,64.0,1.1167667535528651,4.337224842368018,19,7,1.0,38
EMP-008822,2017-05-26,HR,Manager,34,,1178679,91.0,1.703966070401215,43.88986227393694,46,8,1.0,32
EMP-008823,2016-04-01,Operations,Lead,35,Male,1728066,35.0,2.0056320398745515,2.965506752817062,7,4,1.0,27
EMP-008824,2018-01-03,Finance,Manager,36,Male,1443824,11.0,2.885915886760482,3.3838659297773974,40,3,1.0,42
EMP-008825,2017-01-19,Sales,Mid,34,Male,1207956,5.0,3.461964073133941,3.9884840750921193,12,0,0.0,47
EMP-008826,2015-03-17,Sales,Senior,58,Male,1974095,64.0,1.9861403882308197,4.686612912093173,29,8,0.0,47
EMP-008827,2015-04-16,Finance,Lead,37,Male,601007,18.0,2.0304951529373487,2.8014229499249668,47,3,0.0,2
EMP-008828,2015-01-22,Operations,Mid,24,Male,507422,8.0,4.228648778313092,1.4546322593838688,0,7,1.0,16
EMP-008829,2015-01-16,Finance,Mid,56,Female,1015317,32.0,3.5047627872787297,3.942169864883767,6,5,0.0,7
EMP-008830,2020-05-12,HR,Junior,31,Male,1451085,119.0,2.7666031830124456,2.892438338754678,29,7,1.0,46
EMP-008831,2020-06-17,IT,Mid,32,Male,1191848,87.0,1.0405470524565428,1.792686594335898,34,7,1.0,29
EMP-008832,2021-08-14,Marketing,Mid,35,Male,1544339,101.0,3.6702223833488774,1.4561250558757526,3,5,,25
EMP-008833,2015-11-29,Marketing,Junior,43,,804213,59.0,1.3136373369114893,2.2757810903165114,13,2,1.0,40
EMP-008834,2016-10-26,HR,Junior,38,Male,993441,110.0,4.68080444893727,2.330078480202576,2,5,0.0,42
EMP-008835,2018-07-17,Finance,Manager,34,Female,1174517,24.0,1.4484797929348239,1.5392426228142746,18,0,1.0,7
EMP-008836,2015-12-10,HR,Manager,24,Male,693461,40.0,4.543863570466815,2.32797900118214,30,5,1.0,39
EMP-008837,2017-05-31,Operations,Mid,44,Female,1154819,32.0,4.313900286477941,4.549289218112053,6,9,0.0,18
EMP-008838,2020-09-19,Finance,Mid,25,Male,1229270,116.0,4.201266911598443,3.7219834887621714,1,5,0.0,38
EMP-008839,2021-04-18,Sales,Manager,24,Female,1693264,19.0,3.3052895379851113,3.34587276384674,20,5,0.0,23
EMP-008840,2015-08-24,Finance,Manager,500,Male,1875673,67.0,4.424391781979089,1.1697284374203396,32,9,1.0,28
EMP-008841,2018-10-21,IT,Manager,47,Female,924678,36.0,2.7368903178052317,3.9107436061200693,44,6,0.0,44
EMP-008842,2016-02-13,Operations,Senior,46,Female,1245383,29.0,1.4988111132371817,30.15622374542483,9,7,0.0,7
EMP-008843,2015-07-23,Sales,Junior,40,Female,1723529,40.0,2.650396146244365,3.2779634971076903,25,6,,47
EMP-008844,2020-10-12,IT,Mid,59,Female,1785312,66.0,2.43789380684502,2.0763606686275007,47,7,1.0,13
EMP-008845,2017-03-14,Finance,Junior,48,Female,632684,14.0,2.8103849449634795,1.904834146604855,7,7,0.0,2
EMP-008846,2021-02-21,HR,Mid,56,Female,1786765,70.0,2.7168761328248787,2.481226812449524,14,7,1.0,23
EMP-008847,2016-06-16,Sales,Junior,56,Female,339556,32.0,4.234133265752696,,41,2,1.0,3
EMP-008848,2020-12-11,Sales,Manager,41,Female,516948,89.0,1.5093577507679266,4.196313261113586,37,9,0.0,6
EMP-008849,2017-10-09,Finance,Lead,31,Male,873181,68.0,1.2180271284181607,2.987080996112843,7,9,0.0,4
EMP-008850,2017-01-01,HR,Manager,23,Male,1198739,51.0,2.8827453532565612,2.9237856880235675,18,0,1.0,10
EMP-008851,2020-11-19,Sales,Mid,31,Male,666184,80.0,2.949659462138246,3.1481326899394486,15,2,0.0,36
EMP-008852,2018-03-11,HR,Senior,48,Male,1435012,91.0,1.286598787359726,1.6579001728530027,44,3,1.0,5
EMP-008853,2020-03-17,Marketing,Lead,52,Female,420637,33.0,1.4466490568758927,3.9092981400653644,49,2,1.0,40
EMP-008854,2020-07-20,Finance,Manager,52,Male,1014216,93.0,3.1615056403694424,1.1336043865291323,23,8,1.0,0
EMP-008855,2019-04-11,Finance,Lead,59,Female,401347,52.0,1.3434349907312488,1.9887993288193524,33,9,1.0,7
EMP-008856,2016-11-18,HR,Junior,31,Female,476458,116.0,3.8530309968148293,1.1388937328915207,44,6,0.0,0
EMP-008857,2018-05-24,Sales,Manager,30,Female,1158010,17.0,2.2772187206953407,4.619777555737382,38,3,1.0,28
EMP-008858,2018-06-12,Marketing,Senior,25,Female,1479930,,3.72306317992862,3.1726729457666627,36,8,,23
EMP-008859,2016-01-30,Finance,Manager,48,Male,388924,102.0,3.6724847550445285,2.576803617994972,12,9,1.0,47
EMP-008860,2017-08-13,Marketing,Manager,54,Female,1936176,103.0,2.534810245390477,2.111996376543987,42,3,1.0,17
EMP-008861,2021-06-04,Operations,Manager,33,Female,1930349,,3.7121863964058983,3.989383507551579,11,6,1.0,1
EMP-008862,2017-03-13,HR,Junior,37,Female,1953138,44.0,2.2286108167347316,3.461110663308798,46,3,0.0,30
EMP-008863,2015-03-20,Marketing,Lead,59,Male,901445,97.0,3.8472361820637184,3.913609184096819,10,6,1.0,29
EMP-008864,2017-07-30,HR,Lead,33,Male,1177854,115.0,2.7572602453878767,3.745575751185157,24,3,0.0,15
EMP-008865,2021-07-23,Operations,Manager,48,Female,886887,111.0,3.797693381377259,3.453148445501529,0,7,1.0,14
EMP-008866,2021-08-16,Sales,Senior,28,Female,566763,47.0,3.385429590917578,3.741971023197734,4,8,1.0,22
EMP-008867,2016-07-11,Finance,Junior,51,Male,590662,57.0,3.5722147595307505,4.254442217680882,33,9,1.0,2
EMP-008868,2019-03-10,Marketing,Mid,38,Female,1329755,56.0,3.4179550525830753,4.349691876896815,6,4,0.0,29
EMP-008869,2017-05-13,Sales,Lead,59,Male,396530,1.0,3.6444869654112217,2.470258996258808,42,3,1.0,22
EMP-008870,2017-02-16,Sales,Junior,40,Female,542368,68.0,4.943335932800152,1.529853087558637,0,4,1.0,12
EMP-008871,2019-01-09,HR,Manager,26,Female,1078633,69.0,3.100509653494762,2.559252908249934,35,9,1.0,18
EMP-008872,2015-01-26,HR,Mid,32,Female,1169064,33.0,4.894305103180939,3.734053442818923,19,3,1.0,44
EMP-008873,2015-06-15,Sales,Manager,28,Male,406738,50.0,2.503347649253257,4.485068741973587,42,5,0.0,14
EMP-008874,2015-09-05,Sales,Manager,39,Female,1104398,15.0,2.933817606016151,1.341899689277005,31,6,1.0,18
EMP-008875,2019-06-04,IT,Mid,28,Female,448265,48.0,4.164451854281035,2.466968753150752,40,2,1.0,16
EMP-008876,2017-10-23,IT,Manager,46,Female,1609700,108.0,4.297107119903675,2.742878226879925,19,7,1.0,2
EMP-008877,2018-05-12,HR,Lead,48,Female,1465030,80.0,1.5535590623660798,1.6855326427531931,19,4,1.0,5
EMP-008878,2016-07-16,HR,Senior,43,Female,1531679,112.0,2.4262740032515704,2.773540382574403,4,3,1.0,36
EMP-008879,2018-02-17,Sales,Mid,33,Female,515536,89.0,3.2335747480470305,1.2618263150088835,8,5,0.0,21
EMP-008880,2017-09-17,IT,Mid,59,Female,460611,76.0,3.1371936689423996,3.7540530999675648,27,1,1.0,16
EMP-008881,2016-06-13,IT,Senior,55,Female,818093,36.0,3.0903815844672056,4.8949865529485965,46,7,0.0,23
EMP-008882,2018-03-17,Operations,Mid,37,Male,1061969,119.0,3.1107227261789974,4.894140055500717,42,6,1.0,23
EMP-008883,2017-05-17,IT,Manager,41,Female,1012857,7.0,3.4179198738775125,1.9534323698494789,14,4,1.0,2
EMP-008884,2020-11-02,Operations,Manager,30,Male,1896635,55.0,2.4899634590020234,1.4928524473404692,41,0,1.0,16
EMP-008885,2017-02-23,Operations,Mid,23,Female,1729326,81.0,2.44753122120624,1.7245195391745791,47,2,1.0,1
EMP-008886,2021-05-28,Operations,Manager,50,Female,1354865,76.0,1.376410839664743,2.86271999223535,48,2,0.0,22
EMP-008887,2019-06-28,Finance,Manager,41,Male,624471,18.0,2.1952380357119536,4.823561530741663,12,2,1.0,10
EMP-008888,2019-01-14,Marketing,Manager,34,Female,935628,93.0,3.2763938730684226,1.2828301526787218,0,7,1.0,2
EMP-008889,2019-11-01,Finance,Junior,58,Female,312018,15.0,3.071665325255661,1.812364293774936,20,2,0.0,17
EMP-008890,2021-02-28,Operations,Manager,41,Male,1195167,60.0,1.1303624092385243,2.187800137884933,27,4,1.0,19
EMP-008891,2020-06-10,Sales,,24,Male,605457,12.0,4.720390566865895,4.954468980183146,19,7,1.0,16
EMP-008892,2020-02-24,IT,Junior,22,Male,1244319,45.0,2.8631787180122426,1.5918906709642124,23,3,0.0,7
EMP-008893,2019-01-01,Marketing,Junior,55,Male,502378,101.0,1.4747425219990582,3.9462094239249645,45,9,0.0,4
EMP-008894,2018-12-26,Sales,,50,Female,1347756,104.0,1.7184748515171138,3.2186793448787077,0,2,0.0,34
EMP-008895,2015-07-09,Sales,Senior,56,Male,692375,17.0,1.5272377474147132,1.1577657111543989,8,6,1.0,5
EMP-008896,2015-06-02,Operations,Lead,55,Female,1318981,92.0,3.979134611531571,4.799138437093613,29,6,1.0,23
EMP-008897,2020-10-02,HR,Manager,59,Male,844872,5.0,4.0235137033762385,1.2504330312339373,48,0,0.0,1
EMP-008898,2016-06-22,Marketing,Senior,30,Male,1551853,14.0,2.636527691720638,2.0195902645812827,23,3,0.0,31
EMP-008899,2015-07-06,Marketing,Mid,58,,1092183,91.0,4.456840477028452,3.2572237777491795,2,1,1.0,11
EMP-008900,2021-02-24,Finance,Lead,45,Male,593777,82.0,3.6144382876937273,3.8926948570758504,18,7,0.0,45
EMP-008901,2016-05-24,Finance,Manager,57,Male,1133325,37.0,1.70979550430609,,4,0,0.0,15
EMP-008902,2017-12-01,IT,Junior,43,Male,1450367,60.0,1.1446990790462728,1.9708395843367517,19,0,0.0,2
EMP-008903,2016-04-07,IT,Junior,44,Male,1142980,45.0,1.3885810042090987,1.656546724854421,40,4,1.0,2
EMP-008904,2019-09-20,Marketing,Manager,46,Female,1119513,,3.136655982587012,2.1716224815404863,4,0,0.0,37
EMP-008905,2019-05-04,Sales,Lead,42,Female,647433,64.0,2.9383290374017332,1.7172637996962585,18,1,1.0,23
EMP-008906,2015-05-10,Operations,Manager,28,Female,1571484,89.0,4.343715612480833,3.595204268953731,47,4,1.0,38
EMP-008907,2021-08-08,Finance,Mid,59,,507108,29.0,3.0435873026026026,4.235386830972146,39,0,0.0,0
EMP-008908,2021-04-20,Operations,Senior,45,Female,975590,20.0,2.0634536704791473,2.734648934568035,41,4,1.0,24
EMP-008909,2018-07-30,HR,Manager,58,Female,938743,,2.5943650505906906,4.738670339641633,20,8,1.0,38
EMP-008910,2021-08-30,Operations,Senior,33,,1513370,118.0,3.3707903744527394,4.175044334981347,37,0,1.0,1
EMP-008911,2020-05-01,Marketing,Manager,50,Female,688944,7.0,3.2226480382916476,3.300969235462596,18,8,0.0,27
EMP-008912,2017-09-26,HR,Mid,51,Female,496354,106.0,3.0881888576300045,2.8578522680725866,45,3,0.0,39
EMP-008913,2020-05-19,Marketing,Junior,56,Female,961725,65.0,2.820065176767209,,15,5,1.0,4
EMP-008914,2015-10-02,HR,Lead,47,Female,1951927,119.0,4.969933370301536,,30,4,1.0,42
EMP-008915,2018-03-17,HR,Mid,36,Female,1810776,59.0,3.209725343385521,3.5232153292462285,13,2,0.0,29
EMP-008916,2015-05-03,Finance,Mid,53,Female,300789,90.0,1.8170637576780257,1.2814571000626467,44,2,,15
EMP-008917,2018-01-20,HR,Junior,39,Male,317762,42.0,1.7177864464913974,2.763772499484326,19,5,0.0,12
EMP-008918,2018-07-09,HR,Lead,54,Female,928142,96.0,4.430438051019189,4.405024382577546,29,7,1.0,42
EMP-008919,2020-07-06,Finance,Junior,32,Female,1608849,119.0,3.5389288999446036,3.270500402355025,47,4,1.0,1
EMP-008920,2020-01-19,Finance,Mid,27,Male,1996650,80.0,2.310583799524244,1.0798960804813165,44,1,1.0,41
EMP-008921,2020-02-03,Marketing,Mid,260,Male,1132252,65.0,4.431109196839726,3.83426191417571,6,3,0.0,3
EMP-008922,2018-07-25,HR,Lead,25,Male,1998417,38.0,2.996285579680632,4.542368720215114,39,1,1.0,26
EMP-008923,2018-12-21,Operations,Lead,56,Female,1071111,,3.379701826409663,2.260518199292969,28,3,0.0,47
EMP-008924,2020-08-22,Finance,Lead,39,Female,1919815,104.0,3.3070717504191305,3.4918334085136395,7,6,0.0,36
EMP-008925,2016-01-04,Marketing,Lead,57,Male,1280681,42.0,3.306994070534309,4.589119087870653,35,8,0.0,40
EMP-008926,2017-10-17,Finance,Junior,37,Male,854067,11.0,1.3854497222008328,3.9647164305425773,2,3,0.0,20
EMP-008927,2016-09-15,Sales,Junior,40,Female,1327543,29.0,2.410138492859514,2.3525319414261845,3,0,1.0,17
EMP-008928,2020-03-28,Operations,Junior,46,Female,1657055,89.0,1.5009902446970749,4.937755418318471,46,8,1.0,12
EMP-008929,2019-11-12,Operations,Junior,32,Male,1906102,114.0,3.7000183223937486,3.582693664314864,34,4,0.0,43
EMP-008930,2017-07-14,Finance,Manager,53,Male,1346076,57.0,2.7682856916787557,1.923237008648981,27,1,0.0,0
EMP-008931,2019-02-15,Sales,Manager,27,Female,1303881,73.0,4.810394787984514,1.4028167387085095,24,3,0.0,10
EMP-008932,2020-04-18,Sales,Lead,26,Male,450838,38.0,1.3943322904069513,1.937403450586713,1,2,1.0,16
EMP-008933,2017-06-26,Finance,Junior,56,Male,729902,63.0,2.139185836300743,1.7928176375788158,0,8,1.0,24
EMP-008934,2016-02-14,IT,Lead,40,Male,315099,70.0,2.9371336981596383,2.842709154053015,9,6,0.0,38
EMP-008935,2018-10-20,Finance,Senior,29,Female,602434,16.0,2.4630058478039394,2.977096581064626,24,0,0.0,24
EMP-008936,2015-06-22,Finance,Senior,25,Male,1798130,98.0,2.5834382049016007,4.941363158582934,7,8,0.0,47
EMP-008937,2018-02-09,Marketing,Lead,22,Female,1803998,42.0,3.8902446477907473,1.7380013529744969,39,1,1.0,11
EMP-008938,2021-04-25,Marketing,Senior,35,Female,1789059,107.0,2.3065966042062835,2.8173733621160157,45,7,0.0,7
EMP-008939,2016-08-20,Sales,Manager,28,Female,399770,58.0,2.8217666109952444,1.0248711804122586,5,7,1.0,4
EMP-008940,2016-12-13,IT,Junior,46,Female,846943,17.0,2.7977081199301597,1.860147169135986,1,8,0.0,24
EMP-008941,2017-03-08,IT,Lead,29,Male,1833731,84.0,2.157000806625615,2.364898838489265,44,9,1.0,44
EMP-008942,2018-05-26,Operations,Manager,33,Female,1106985,71.0,4.589216585836355,4.376845810921145,19,1,0.0,42
EMP-008943,2020-06-19,Marketing,Mid,28,Male,1448915,26.0,3.997067370129845,3.338277108780295,21,4,1.0,26
EMP-008944,2018-04-26,HR,Lead,23,Male,1450593,3.0,1.2463208121552323,2.838488854668848,27,4,1.0,29
EMP-008945,2021-09-22,Sales,Junior,47,Male,317935,,3.9550929345725856,4.334478899450388,22,2,0.0,36
EMP-008946,2017-10-26,HR,Junior,27,Female,778901,106.0,3.5617517883280314,2.886348029887786,23,6,1.0,9
EMP-008947,2018-10-16,IT,Lead,31,Female,1920517,39.0,1.3545520504972552,2.1828773481614276,26,6,1.0,23
EMP-008948,2020-01-01,IT,Mid,53,Female,1577542,119.0,3.648404044120026,1.1597889268369,36,0,1.0,43
EMP-008949,2018-02-05,Finance,Mid,36,Female,1138363,44.0,1.0198445290360159,3.553450618670824,0,0,0.0,23
EMP-008950,2015-09-21,Operations,Lead,41,Female,839514,56.0,4.435532748499908,1.4696111255743842,10,2,0.0,35
EMP-008951,2018-09-20,Sales,Manager,42,Male,858838,20.0,2.594087520480617,1.3560084665383347,29,2,0.0,42
EMP-008952,2021-05-22,HR,Manager,22,Female,1077780,12.0,4.244442973479115,3.7721187086394,12,8,1.0,39
EMP-008953,2018-02-04,Sales,Junior,40,Female,932010,32.0,3.64551013097858,4.2772719740387135,24,0,1.0,32
EMP-008954,2020-08-10,Marketing,Junior,59,Male,446394,,1.3072450748233404,3.72636350311965,5,4,1.0,12
EMP-008955,2021-01-27,Operations,Manager,49,Male,687608,106.0,3.7657689981842632,4.592187619157718,23,8,0.0,6
EMP-008956,2018-11-23,Marketing,Lead,42,Male,1633422,78.0,2.207059899398675,3.6700891228096757,0,-4,0.0,3
EMP-008957,2021-05-26,Operations,Lead,22,Male,944186,117.0,1.5078591750505352,1.2530066899316603,19,0,1.0,30
EMP-008958,2019-04-22,Marketing,Senior,49,Male,1409103,39.0,2.371339977319109,2.337622395079473,10,0,0.0,10
EMP-008959,2019-01-01,Marketing,Manager,59,Female,800409,53.0,4.7388415335620815,1.5184928727321605,42,6,,15
EMP-008960,2020-04-26,Finance,Manager,27,Female,1844470,49.0,2.1093591917159897,3.5273002789875285,33,2,1.0,44
EMP-008961,2018-08-22,Sales,Lead,49,Male,1707409,23.0,2.70168700815105,2.776218034051418,30,7,0.0,1
EMP-008962,2020-11-23,Finance,Mid,22,Male,393594,62.0,3.9294329680291074,3.54037595125756,15,5,1.0,0
EMP-008963,2015-06-05,HR,Manager,48,Female,1379713,15.0,3.58619922092973,4.421053108472142,4,5,1.0,5
EMP-008964,2016-01-28,Finance,Lead,56,Female,1494936,28.0,2.69613676452605,2.102726863613565,20,4,1.0,42
EMP-008965,2018-05-07,Sales,Senior,35,Female,973713,68.0,1.241604096789922,2.4482222221155205,45,5,1.0,38
EMP-008966,2017-02-18,IT,Lead,37,Female,1234014,117.0,3.461973225743286,2.2657241079202897,22,1,0.0,41
EMP-008967,2016-05-28,Finance,Lead,37,Male,1811335,112.0,4.327199180085277,4.295139625198359,34,5,1.0,9
EMP-008968,2020-06-02,Sales,Mid,53,Female,497567,12.0,2.3635322890408106,3.109930365506727,27,2,1.0,47
EMP-008969,2015-02-12,Operations,Junior,28,Male,970629,36.0,4.124249727408884,3.0813791456597164,47,6,1.0,46
EMP-008970,2018-10-25,Marketing,Lead,34,Male,675837,67.0,2.4509662148945424,,30,3,0.0,11
EMP-008971,2018-07-25,Marketing,Junior,45,Male,1804884,58.0,1.0912553912968743,1.2243582117277079,6,1,1.0,10
EMP-008972,2021-06-20,Sales,Junior,51,Male,718540,17.0,1.0565725600125586,4.890557334312131,31,6,1.0,8
EMP-008973,2020-10-29,HR,Lead,57,Female,1049242,,2.1405502896606534,2.3924873978442394,2,5,0.0,5
EMP-008974,2017-12-22,HR,Junior,26,Male,302450,31.0,2.890154381901946,2.80180995806072,19,9,1.0,12
EMP-008975,2018-10-10,Marketing,Mid,48,Female,433464,22.0,4.150737816346596,1.4100192436567118,30,5,1.0,13
EMP-008976,2018-06-25,HR,Senior,57,Female,376026,61.0,4.123368170833472,4.142180157138034,3,7,0.0,21
EMP-008977,2019-09-29,Operations,Manager,46,Female,1529850,15.0,4.62422646193679,1.8653185248268676,27,9,0.0,36
EMP-008978,2018-08-11,Operations,Senior,26,Male,729007,,2.9492518511765367,4.663096623491588,12,0,0.0,4
EMP-008979,2018-05-18,Marketing,Lead,36,Male,549576,89.0,1.4731906752268231,3.785591163008027,18,3,0.0,22
EMP-008980,2018-05-20,HR,Senior,40,Male,1323087,95.0,1.2903874751535045,3.1380334568193615,16,1,0.0,10
EMP-008981,2016-02-13,HR,Manager,48,Female,1008864,18.0,3.6567571136634425,2.9504151516831323,38,1,1.0,6
EMP-008982,2017-04-18,HR,Senior,54,Female,1232785,101.0,4.1433837480724325,4.186801751325879,8,2,1.0,6
EMP-008983,2020-11-24,Operations,Senior,59,Male,1355286,102.0,4.022824483244439,2.2279424579460394,14,0,1.0,4
EMP-008984,2019-12-11,Sales,Mid,52,Male,1762388,23.0,1.533538412605035,3.858453219590665,19,1,1.0,47
EMP-008985,2017-04-08,Sales,Manager,57,Female,1395419,99.0,4.6935910693557235,2.7001834394437685,16,7,1.0,10
EMP-008986,2017-01-13,Sales,Junior,26,Male,1936683,50.0,2.164933726741281,1.6575937222073653,46,8,1.0,19
EMP-008987,2015-07-24,IT,Lead,25,Male,1893313,112.0,3.6889129609268467,3.2392846764822183,5,4,1.0,45
EMP-008988,2020-02-01,Finance,,44,Female,422457,26.0,2.7947764875497274,3.9358692300759257,26,9,1.0,21
EMP-008989,2018-09-24,Sales,Lead,53,Male,426246,68.0,1.6890497083346063,3.8843492913119904,4,8,0.0,27
EMP-008990,2016-11-01,Sales,Senior,49,Male,1774295,49.0,2.195682593492482,4.158487364851148,48,7,1.0,44
EMP-008991,2021-05-08,HR,Mid,59,Male,1096737,7.0,2.939351761702996,4.89274314272706,10,0,0.0,41
EMP-008992,2016-12-28,Finance,Manager,49,Male,1478186,87.0,2.6670176670675847,3.9462589551132328,36,3,0.0,45
EMP-008993,2020-08-20,Sales,Junior,45,Male,1340211,25.0,4.567199316512998,,4,8,1.0,30
EMP-008994,2020-02-04,Operations,Senior,37,Female,372836,34.0,3.8672009019305933,1.0368723327214164,17,8,1.0,1
EMP-008995,2020-01-05,Sales,Lead,44,Female,976341,65.0,1.7761917457191534,3.2811844660064655,17,2,0.0,31
EMP-008996,2015-11-19,Marketing,Junior,45,Male,1071326,53.0,3.902471585853314,4.45976687184614,43,6,1.0,36
EMP-008997,2015-05-23,Marketing,Junior,52,Male,632168,96.0,4.032524580625957,3.3593568519470605,13,2,0.0,44
EMP-008998,2019-04-03,Marketing,Mid,55,Male,722613,13.0,3.3159017253088487,3.5733472904407746,0,6,0.0,41
EMP-008999,2016-01-22,HR,Manager,28,,1690353,110.0,3.772632338789295,1.6301909166670812,21,8,0.0,40
EMP-003249,2021-10-04,HR,Manager,44,Female,1620804,25.0,3.2975037441339117,3.31682823090494,25,4,1.0,45
EMP-006785,2021-06-11,Operations,Senior,28,Female,1069553,108.0,2.5184779649975915,4.266372994822339,35,1,1.0,36
EMP-003587,2019-07-01,IT,Mid,54,Male,1575921,13.0,3.523047510018139,2.103698705136123,36,3,1.0,33
EMP-007536,2020-06-24,Finance,Senior,40,Male,875110,4.0,1.0382200181132428,4.969364317406983,19,7,1.0,44
EMP-007403,2015-08-14,IT,Junior,30,Male,433588,66.0,4.311295233862415,1.743541223594864,16,4,1.0,17
EMP-006807,2018-12-09,Marketing,Mid,27,Female,395011,41.0,3.7261312093528094,4.8519129612627765,41,7,1.0,30
EMP-002353,2020-12-29,Marketing,Mid,55,Male,385104,87.0,3.493625725800661,,22,2,1.0,27
EMP-003327,2018-03-15,Marketing,Lead,49,Female,1745588,46.0,4.127527815331461,1.504469203062143,9,1,1.0,45
EMP-008689,2019-03-08,Finance,Senior,48,Male,374554,26.0,1.5690735281471775,3.400433932357821,12,2,1.0,41
EMP-002002,2017-02-24,Finance,Lead,31,Male,1315322,79.0,1.9818889965022581,,26,5,0.0,3
EMP-007938,2017-09-01,IT,Senior,57,Female,469465,87.0,2.8912576152770786,4.951370801047554,12,8,0.0,31
EMP-001276,2020-06-23,IT,,30,Male,1814622,81.0,4.123337615124608,2.5930959156047435,44,5,1.0,43
EMP-006492,2017-11-27,HR,Manager,49,Male,812028,100.0,4.324707680308018,1.1442623457489138,21,9,0.0,22
EMP-001444,2017-04-09,HR,Mid,33,Female,714689,65.0,2.92471180084678,3.952110758075366,3,2,0.0,10
EMP-002381,2019-04-05,HR,Senior,53,Male,574587,107.0,2.7920672581780708,4.971829842156032,40,8,1.0,18
EMP-005873,2017-06-07,Finance,Mid,49,Male,871274,106.0,2.295705706119221,4.874116566960035,7,3,0.0,27
EMP-005391,2015-05-18,Finance,Senior,28,Female,725707,77.0,3.8887305692512526,1.5816367740269235,13,3,1.0,37
EMP-008877,2018-05-12,HR,Lead,48,Female,1465030,80.0,1.5535590623660798,1.6855326427531931,19,4,1.0,5
EMP-007521,2017-11-11,Finance,Junior,55,Male,632670,53.0,1.0834495625327274,2.834353923380147,17,1,1.0,11
EMP-000992,2020-07-17,Sales,Mid,22,Female,673609,88.0,3.9371452890109184,4.797767703776927,34,6,1.0,30
EMP-006578,2020-06-27,Sales,Lead,22,,1955675,10.0,1.7096892092593747,4.172646246213782,10,9,1.0,16
EMP-005193,2018-05-16,Marketing,Manager,24,Female,963368,63.0,4.787671469727595,2.37472032523185,19,8,1.0,8
EMP-004186,2020-09-27,Finance,Lead,43,Female,1215225,48.0,2.5732671497788027,1.8032166570650334,28,3,0.0,7
EMP-000107,2021-01-10,Operations,Manager,26,Male,1660662,60.0,4.969235028887724,3.689046885182639,5,8,1.0,22
EMP-000568,2015-10-19,Finance,Manager,44,Male,766079,111.0,4.212286655563376,2.4109436455159163,38,9,1.0,22
EMP-003533,2020-11-11,HR,Mid,50,Male,1893681,72.0,4.585989788712735,3.4287362039417886,2,1,0.0,30
EMP-006154,2020-07-24,Finance,Lead,56,Male,1420958,115.0,2.97562462659181,3.4062517967309067,14,2,1.0,10
EMP-007816,2018-08-02,HR,Mid,26,Male,1848651,64.0,4.706175977064699,3.8625074137926303,49,2,1.0,43
EMP-001978,2018-09-19,Marketing,Senior,57,Male,706811,113.0,1.6496395831122586,1.6523400033880074,17,0,1.0,22
EMP-008487,2016-06-21,Marketing,Junior,58,Male,1222957,39.0,3.0869628219272536,4.877224159587145,12,7,1.0,44
EMP-001393,2018-02-19,HR,Senior,53,Male,1808266,64.0,2.3139840012156645,1.1315839168713024,36,2,0.0,15
EMP-008736,2015-07-24,Operations,,44,Male,1142284,99.0,4.950691810008638,1.6232533522847041,22,2,1.0,18
EMP-008356,2020-05-04,HR,Lead,35,Female,1268551,7.0,2.3131971688357527,1.5151062140065763,41,3,0.0,38
EMP-000501,2019-08-05,HR,Senior,37,Female,1819256,17.0,4.138078851712635,2.371439600815281,10,0,0.0,28
EMP-006625,2018-06-14,HR,Mid,42,Female,1618360,44.0,1.4993733603972514,1.669247348021278,33,2,0.0,11
EMP-000488,2017-02-11,IT,Senior,53,Female,1181728,11.0,1.6835817272602918,2.126907650364245,34,1,1.0,47
EMP-006155,2015-07-22,Operations,Junior,39,Male,1526504,,1.5039332487397012,1.2370751068819685,28,6,0.0,36
EMP-008654,2018-05-18,HR,Junior,32,Female,779139,74.0,1.9515317057927057,3.0448607044555467,16,4,1.0,44
EMP-003244,2016-07-21,Operations,Mid,32,Female,1971473,37.0,4.683673443488633,4.878999917043037,8,9,0.0,39
EMP-005197,2017-09-22,Sales,Mid,44,Male,390868,25.0,4.029331455967662,3.9308616549081274,34,1,0.0,19
EMP-006744,2021-06-24,IT,Lead,44,Male,1983265,15.0,1.635927886689597,3.9994913814996473,0,1,0.0,4
EMP-006925,2021-08-01,Finance,Manager,42,Female,897069,92.0,1.6921777942929772,4.76597953111566,30,3,0.0,27
EMP-000289,2016-10-03,HR,Junior,43,Female,915326,101.0,3.9030937710114717,2.5753995364271516,38,9,1.0,10
EMP-001728,2017-10-07,Finance,Senior,33,Male,1324554,32.0,4.500151203375049,3.549429951101234,30,0,1.0,47
EMP-002425,2015-03-23,IT,Junior,41,Male,1732552,11.0,2.2716396599164006,1.82732174606473,22,8,1.0,4
EMP-008563,2021-06-25,IT,Mid,23,Female,507008,87.0,1.3918796036388104,3.7261466243238335,20,2,0.0,30
EMP-007676,2020-06-17,HR,Senior,38,Female,1162913,69.0,1.1477069129559072,,8,4,1.0,26
EMP-004115,2021-10-26,Marketing,Mid,52,Male,873401,,3.070756114593226,3.952049786670426,28,3,0.0,20
EMP-004938,2020-10-10,IT,Lead,50,Male,740245,92.0,4.748158891090453,2.7690036324146035,8,5,0.0,18
EMP-003915,2016-10-16,Finance,Manager,30,Female,620564,109.0,4.808823380954895,1.5519459843606374,17,3,1.0,16
EMP-005924,2015-08-30,Operations,Lead,32,,501055,58.0,4.175937004554382,1.9011854861044157,43,7,1.0,9
EMP-005393,2017-07-08,IT,Senior,30,Male,570686,52.0,4.788995810582971,3.9709764904457274,39,6,0.0,18
EMP-001692,2020-01-25,Sales,Manager,32,Male,353588,103.0,4.509070990361291,2.0821085521876572,43,9,0.0,17
EMP-007258,2020-08-20,Operations,Lead,26,Female,710175,102.0,1.827115790148408,3.2234586937905547,31,6,0.0,7
EMP-003893,2019-06-12,Sales,Mid,51,Male,624818,71.0,1.8132700021575685,3.7242829225035163,40,4,0.0,5
EMP-002155,2020-07-28,IT,Lead,41,Female,1971322,115.0,2.013644976526222,1.7586487327018188,28,2,1.0,5
EMP-002441,2016-05-02,Sales,Manager,43,Male,1085152,22.0,1.837058080110452,4.61810243147516,29,6,1.0,5
EMP-005511,2015-07-23,Sales,Senior,35,Female,1169517,35.0,1.7977668121639194,2.722372044245781,31,4,1.0,3
EMP-005943,2019-08-16,Operations,Senior,37,Female,1483541,5.0,3.556260434837783,1.5306505131168504,8,3,1.0,29
EMP-004899,2017-03-11,IT,Senior,35,Male,1161779,26.0,1.0690443609344231,3.771228351259101,5,4,1.0,23
EMP-006097,2017-04-15,Finance,Lead,45,Female,913667,43.0,2.5933384885487514,2.9270583153624785,0,1,0.0,45
EMP-008511,2020-07-20,Operations,Manager,34,Male,1782433,70.0,2.5983934277687117,4.9540183840911824,10,1,1.0,4
EMP-002566,2016-01-21,Finance,Manager,23,Female,1743139,116.0,3.8341033892433933,4.056436539666688,1,9,,25
EMP-004757,2020-06-10,Operations,Lead,24,Female,1901191,78.0,2.056693971497166,4.31983973541637,11,7,0.0,0
EMP-008881,2016-06-13,IT,Senior,55,Female,818093,36.0,3.0903815844672056,4.8949865529485965,46,7,0.0,23
EMP-001406,2016-06-27,Sales,Senior,45,Female,1234993,13.0,1.6755659335283863,1.8946247759318449,9,0,1.0,9
EMP-004793,2018-05-02,HR,Lead,39,Female,1487910,88.0,3.500901962116167,3.832864802996715,24,6,1.0,46
EMP-000560,2021-03-23,Marketing,Lead,39,,979809,114.0,1.7937425574009325,1.026379005577561,1,9,1.0,16
EMP-008894,2018-12-26,Sales,,50,Female,1347756,104.0,1.7184748515171138,3.2186793448787077,0,2,0.0,34
EMP-004869,2020-10-17,IT,Lead,29,Female,1825590,27.0,2.3887531731600107,1.7483771849185619,43,6,1.0,5
EMP-005681,2016-08-24,Sales,Lead,56,Male,1058225,12.0,3.2303895320119045,3.090218591181812,5,5,1.0,38
EMP-005054,2020-02-20,Finance,Manager,31,Female,1433763,97.0,3.2226688926147906,3.0592885161696524,47,0,0.0,9
EMP-001989,2016-02-21,Finance,Mid,41,Female,1453712,3.0,3.8126012664067828,4.349238383753689,25,9,0.0,26
EMP-001231,2015-09-27,Finance,Mid,34,Male,1545711,110.0,1.767578704337522,4.600073975969083,46,1,1.0,46
EMP-002847,2018-10-15,Finance,Senior,42,Male,1766287,54.0,1.9248266814773456,4.518985625571734,42,2,1.0,31
EMP-007428,2017-04-05,Operations,Mid,59,Male,1504164,35.0,4.346635828923546,3.9181207613908784,40,1,1.0,13
EMP-003408,2019-07-05,Operations,Junior,43,Female,1611035,101.0,4.755844438073321,3.5771961961897656,16,7,1.0,0
EMP-008481,2021-04-21,IT,,51,Female,722022,49.0,2.9014874283035095,1.5553088621286904,28,3,0.0,3
EMP-002554,2015-07-10,IT,Mid,42,Male,766856,47.0,1.8286350297626708,3.0707726438249043,8,5,1.0,42
EMP-005022,2019-08-04,Operations,Senior,32,Female,1273533,32.0,2.4264602077962634,3.234735970101126,35,9,0.0,31
EMP-002038,2018-09-05,Sales,Lead,46,Male,1995900,54.0,2.537355622952199,4.831483321819813,23,3,1.0,38
EMP-003140,2020-05-25,Sales,Senior,27,Male,900931,13.0,3.179431006039106,2.7488137684239744,23,5,1.0,12
EMP-005218,2021-05-06,Sales,Lead,44,Female,510704,22.0,3.908530418441678,1.267979077765749,45,7,0.0,26
EMP-004965,2017-09-14,HR,Manager,35,Female,1449302,56.0,3.638966307167397,3.047529330333495,0,0,1.0,11
EMP-005884,2018-12-09,IT,Manager,38,Female,302964,39.0,3.37917509826693,1.6013864137931284,16,9,0.0,6
EMP-005548,2015-02-19,IT,Junior,55,Male,1141003,46.0,4.99992731327176,1.6341797399751967,43,7,1.0,34
EMP-004239,2019-03-29,HR,Senior,31,Female,648271,75.0,1.1225216236090514,3.865576209308839,22,9,0.0,35
EMP-006012,2017-11-19,Operations,Manager,34,Male,807685,13.0,4.086155316031194,4.18339608721822,40,3,0.0,13
EMP-000195,2019-05-22,Marketing,Junior,38,Male,1794839,89.0,1.5004122644412292,3.520015705083326,35,0,,37
EMP-001503,2017-09-20,IT,Manager,47,,1672553,42.0,3.9307791911126873,2.3326852131541016,33,0,1.0,34
