return_id,order_id,return_date,customer_id,product_id,category,return_reason,refund_amount,return_shipping_cost,days_to_return,is_fraudulent,customer_rating_after_return
RET-000000,ORD-005290,2023-06-24,CUST-00070,PROD-0114,Beauty,Wrong Item,1110.5394382578,17.585381592590497,14,1,1.0
RET-000001,ORD-006874,2023-05-08,CUST-00991,PROD-0188,Beauty,Defective,54.39155902060153,33.272024910751085,13,0,5.0
RET-000002,ORD-000881,,CUST-00764,PROD-0075,Beauty,Size Issue,1788.9541697527452,76.25566181504959,12,0,1.0
RET-000003,ORD-000827,2023-07-08,CUST-00586,PROD-0417,Home,Defective,955.8957152487545,20.437948183723964,10,1,4.0
RET-000004,ORD-008031,2022-10-06,CUST-01420,PROD-0263,Electronics,Wrong Item,1172.5039590757635,99.15139845756336,7,0,2.0
RET-000005,ORD-009156,2024-02-08,CUST-00241,PROD-0191,Clothing,Defective,1520.4712731585187,70.08413801123324,19,0,5.0
RET-000006,ORD-001823,2023-08-23,CUST-00819,PROD-0397,Home,Changed Mind,1576.7421226535266,84.01845533516031,15,1,4.0
RET-000007,ORD-007945,2023-09-16,CUST-01732,PROD-0145,Clothing,Size Issue,1475.3422631004923,86.62335323198774,23,0,3.0
RET-000008,ORD-009998,2023-01-02,CUST-01111,PROD-0263,Electronics,Size Issue,486.7672007904841,22.790479874768355,22,0,2.0
RET-000009,ORD-007005,2024-03-31,CUST-00278,PROD-0401,Clothing,Wrong Item,115.56498705289175,21.36090697830627,9,1,5.0
RET-000010,,2022-08-31,CUST-00245,PROD-0491,Clothing,Not as Described,1082.6012845177513,39.646147617943896,6,0,2.0
RET-000011,ORD-000557,2023-05-24,CUST-01352,PROD-0397,Electronics,Defective,681.6638748660677,21.15952737790434,6,0,1.0
RET-000012,ORD-008951,2024-04-05,CUST-01459,PROD-0100,Clothing,Changed Mind,1238.2677920547499,48.36586986027201,21,0,1.0
RET-000013,ORD-002516,2022-12-26,CUST-00889,PROD-0172,Clothing,Defective,1319.5856032131323,64.84828386994121,2,0,5.0
RET-000014,ORD-006743,2024-02-23,CUST-01761,PROD-0046,Electronics,Wrong Item,1723.0335798017975,9.512709968563705,25,0,5.0
RET-000015,ORD-006089,2023-11-23,CUST-01338,PROD-0438,Home,Defective,1061.0817287863292,77.08002559496802,7,0,5.0
RET-000016,ORD-003709,2023-10-03,CUST-00619,PROD-0079,Beauty,Defective,1984.1803965352508,95.56189646454794,20,0,1.0
RET-000017,ORD-006587,2023-08-01,CUST-00144,PROD-0399,Beauty,Wrong Item,1447.3195146714077,77.18722268334088,23,1,4.0
RET-000018,ORD-009432,2024-02-09,CUST-00604,PROD-0173,Home,Wrong Item,1163.9166632252643,30.999805036689377,17,0,3.0
RET-000019,ORD-002110,2023-02-15,CUST-01107,PROD-0213,Home,Size Issue,1277.149389271009,85.56280840584111,15,0,3.0
RET-000020,ORD-004259,,CUST-01056,PROD-0499,Beauty,Size Issue,1746.3549554931917,58.80774269102492,8,1,4.0
RET-000021,,2023-07-01,CUST-01748,PROD-0229,Electronics,Size Issue,244.6314088066428,35.8563806239422,13,0,4.0
RET-000022,ORD-006925,2023-06-29,CUST-01623,PROD-0426,Beauty,Wrong Item,1060.2042846514646,48.55701728669056,15,0,1.0
RET-000023,ORD-008328,2024-04-08,CUST-01095,PROD-0328,Electronics,Defective,1386.4866764351075,88.08483216207217,9,0,5.0
RET-000024,ORD-003152,2023-02-24,CUST-00795,PROD-0093,Home,Wrong Item,1610.3947691663507,64.65609984053778,27,0,4.0
RET-000025,ORD-006656,2024-01-03,CUST-00910,PROD-0388,Home,Size Issue,1025.6311426526856,38.34614371514815,2,0,4.0
RET-000026,ORD-003295,2024-02-17,CUST-00879,PROD-0161,Clothing,Size Issue,371.63837839975207,52.52783281443892,19,0,5.0
RET-000027,ORD-000843,2022-07-25,CUST-01752,PROD-0085,Home,Size Issue,372.3555149812638,33.09634635846741,21,0,1.0
RET-000028,ORD-004010,2022-07-16,CUST-01876,PROD-0364,Clothing,Not as Described,1267.181579572442,76.45865095475928,17,0,3.0
RET-000029,ORD-001877,2022-12-06,CUST-01929,PROD-0011,Clothing,Wrong Item,1457.314819153806,9.430068445951022,2,0,3.0
RET-000030,ORD-004853,2022-11-08,CUST-01153,PROD-0144,Home,Defective,69.08855194300034,35.28004490710901,12,0,2.0
RET-000031,ORD-004816,2023-06-02,CUST-00609,PROD-0347,Clothing,Changed Mind,1597.5676660854526,78.08782341840835,17,1,2.0
RET-000032,ORD-009296,2022-11-09,CUST-00039,PROD-0111,Home,Changed Mind,1987.2883671655259,61.29763924825426,4,0,1.0
RET-000033,ORD-002727,2024-01-29,CUST-01747,PROD-0304,Beauty,Changed Mind,633.8383392778993,51.898207896180736,11,1,4.0
RET-000034,ORD-006172,2022-06-15,CUST-00976,PROD-0403,Electronics,Wrong Item,1409.1192348829784,51.679602131739834,18,0,4.0
RET-000035,ORD-002507,2023-10-11,CUST-00312,PROD-0261,Electronics,Not as Described,539.6039718305296,7.916976466468261,29,1,3.0
RET-000036,ORD-006835,2024-03-20,CUST-00209,PROD-0205,Home,Wrong Item,1833.7673030814167,72.47932026282915,23,0,1.0
RET-000037,ORD-005759,2023-01-05,CUST-00604,PROD-0316,Electronics,Not as Described,1568.2607604125674,59.70791649551631,2,1,1.0
RET-000038,ORD-006999,2023-06-12,CUST-01522,PROD-0174,Beauty,Size Issue,576.9380613587842,27.463995096470217,12,0,2.0
RET-000039,ORD-002083,2024-01-18,CUST-01415,PROD-0012,Beauty,Defective,986.5611384031956,70.38043157359664,24,0,5.0
RET-000040,ORD-000021,2023-12-08,CUST-01234,PROD-0100,Clothing,Wrong Item,1391.931742040358,70.75216735127049,6,0,5.0
RET-000041,ORD-005568,2024-01-20,CUST-01550,PROD-0471,Clothing,Size Issue,510.5848950872147,15.960995804323176,5,0,4.0
RET-000042,ORD-008150,2023-08-17,CUST-00929,PROD-0438,Home,Size Issue,636.4256173308219,30.622908337227905,9,0,3.0
RET-000043,ORD-004135,2023-06-25,CUST-00996,PROD-0335,Clothing,Changed Mind,1546.6714683077505,390.0623854626028,10,1,3.0
RET-000044,ORD-001241,2023-12-10,CUST-01488,PROD-0398,Electronics,Not as Described,277.6397545146611,14.42662298291637,2,1,
RET-000045,ORD-008037,2022-10-13,CUST-00886,PROD-0089,Electronics,Size Issue,755.6739224781871,57.31326486213405,24,0,1.0
RET-000046,ORD-001597,2023-09-08,CUST-00062,PROD-0179,Beauty,Wrong Item,1888.8072037843685,98.8478363367219,9,1,4.0
RET-000047,ORD-009262,2024-01-11,CUST-00372,,Clothing,Changed Mind,785.1528670329678,58.76941678629555,11,0,1.0
RET-000048,ORD-005437,2023-12-19,CUST-00680,PROD-0399,Beauty,Changed Mind,1101.4158216957073,11.617312811271141,2,0,3.0
RET-000049,ORD-000865,2022-12-18,CUST-01599,PROD-0483,Electronics,Defective,1779.7030417698998,47.71744545728009,10,0,1.0
RET-000050,ORD-007538,2023-11-30,CUST-01712,PROD-0397,Beauty,Size Issue,1015.2744558136504,36.24734727389605,0,1,4.0
RET-000051,ORD-002572,2024-03-03,CUST-00945,PROD-0267,Beauty,Changed Mind,242.49957518167045,92.02795352210056,10,0,1.0
RET-000052,,2024-03-25,CUST-01569,PROD-0281,Electronics,Defective,744.3319961845326,22.387679485452527,6,0,3.0
RET-000053,,2024-01-13,CUST-01039,PROD-0149,Clothing,Size Issue,1131.2513529309022,95.14520310548676,28,0,4.0
RET-000054,ORD-007812,2022-08-17,CUST-00175,PROD-0268,Beauty,Defective,1779.7359556462866,89.68394051855097,19,0,2.0
RET-000055,ORD-009481,2023-11-25,CUST-01594,PROD-0169,Home,Changed Mind,902.9630542662959,21.25465482485238,27,0,
RET-000056,ORD-008525,2023-12-11,CUST-00036,PROD-0371,Clothing,Not as Described,50.44679874565947,75.21955535721526,11,0,5.0
RET-000057,ORD-001019,2024-02-28,CUST-01189,PROD-0001,Home,Defective,740.6834565110128,15.125966889348607,28,0,3.0
RET-000058,ORD-007597,2023-09-25,CUST-00151,PROD-0366,Clothing,Wrong Item,163.9968830865335,64.3912178191223,22,0,3.0
RET-000059,ORD-008376,2023-01-26,CUST-01674,,Beauty,Wrong Item,176.01602571857558,68.68755188565379,0,0,4.0
RET-000060,ORD-002787,2023-02-17,CUST-01775,PROD-0342,Electronics,Not as Described,1501.0473582846794,64.68233766427281,4,0,5.0
RET-000061,ORD-000646,2024-02-05,CUST-01125,PROD-0221,Home,Changed Mind,1665.2925282442975,74.16015936757852,3,0,2.0
RET-000062,ORD-009401,2024-04-18,CUST-01774,PROD-0433,Electronics,Not as Described,814.9869474535227,61.15260859619076,16,0,1.0
RET-000063,ORD-004006,2023-03-15,CUST-01892,PROD-0410,Home,Wrong Item,1069.3431409261161,69.96098019980599,27,0,1.0
RET-000064,,2024-02-11,CUST-00415,PROD-0366,Electronics,Not as Described,178.81265597431235,85.83290963840572,13,0,2.0
RET-000065,ORD-006835,2023-08-24,CUST-00537,PROD-0498,Clothing,Wrong Item,952.3842058777647,60.90698122787669,0,1,5.0
RET-000066,ORD-009190,2022-07-25,CUST-01581,PROD-0287,Clothing,Defective,1591.3239279000013,58.09436029062582,8,0,3.0
RET-000067,ORD-009973,2023-02-24,CUST-01098,PROD-0493,Beauty,Size Issue,244.11001770408964,66.14526853092981,19,0,2.0
RET-000068,ORD-003234,2023-08-23,CUST-01085,PROD-0441,Beauty,Wrong Item,829.0920838660015,5.648920827040627,23,0,1.0
RET-000069,ORD-008471,2023-10-19,CUST-00035,PROD-0117,Clothing,Not as Described,1317.396870416488,23.507472853578637,14,0,
RET-000070,ORD-007473,2022-12-12,CUST-00789,PROD-0408,Clothing,Wrong Item,1931.3407293381254,70.72204579621018,28,0,4.0
RET-000071,ORD-005138,2024-01-09,CUST-00116,PROD-0212,Electronics,Wrong Item,1395.061308326983,64.09037327458832,10,0,2.0
RET-000072,ORD-005944,2023-06-07,CUST-00951,,Beauty,Defective,323.234354917162,11.669982271426438,16,0,5.0
RET-000073,ORD-001380,2023-09-21,CUST-00850,PROD-0418,Electronics,Changed Mind,1243.1075801671354,56.71673069347263,20,0,5.0
RET-000074,ORD-005076,2022-06-20,CUST-00040,PROD-0159,Home,Changed Mind,1312.406098744463,92.6150672627375,12,1,3.0
RET-000075,ORD-007669,2024-02-21,CUST-00047,PROD-0030,Electronics,Size Issue,652.6618046332818,93.65106803927262,8,0,3.0
RET-000076,,2022-09-22,CUST-01686,PROD-0498,Electronics,Not as Described,1236.313531333952,55.148309996817126,14,0,1.0
RET-000077,ORD-004544,2023-08-24,CUST-01329,PROD-0048,Home,Wrong Item,1264.6585537332744,11.050534691654235,0,0,2.0
RET-000078,ORD-005121,2023-06-04,CUST-00818,PROD-0351,Clothing,Size Issue,126.59129955511148,14.693545939173426,18,0,
RET-000079,ORD-003036,2022-12-08,CUST-01707,PROD-0308,Clothing,Defective,1503.1207498580059,39.72573807671211,24,0,3.0
RET-000080,ORD-005174,2023-01-21,CUST-00897,PROD-0050,Home,Size Issue,1555.618872159215,45.496758507941074,23,0,4.0
RET-000081,ORD-005891,2023-06-09,CUST-01612,PROD-0071,Beauty,Not as Described,1035.2485490312763,55.51068247441957,19,0,2.0
RET-000082,ORD-006936,2022-06-19,CUST-00795,PROD-0042,Beauty,Size Issue,1392.4985801583703,1.7802083246249434,15,0,2.0
RET-000083,ORD-003399,2023-08-27,CUST-00540,PROD-0114,Beauty,Not as Described,1382.4494488770727,28.487117076460944,11,0,
RET-000084,ORD-005016,2023-11-28,CUST-00222,PROD-0030,Electronics,Not as Described,1960.6086978761407,1.9801546304835105,3,0,2.0
RET-000085,ORD-007319,2022-11-16,CUST-01430,PROD-0150,Clothing,Wrong Item,1424.4948460848939,94.17656207119754,17,0,1.0
RET-000086,ORD-009585,2023-06-01,CUST-00920,PROD-0089,Clothing,Defective,338.3821064421281,93.39168574376643,21,0,5.0
RET-000087,ORD-007998,2022-07-10,CUST-01241,PROD-0379,Clothing,Changed Mind,1691.5342087843546,10.084521845697603,5,0,2.0
RET-000088,ORD-004495,2023-11-21,CUST-00591,,Beauty,Size Issue,449.89409866003405,45.03765591094198,22,0,2.0
RET-000089,ORD-003512,2023-11-29,CUST-00957,,Clothing,Wrong Item,982.8805794190339,93.77300805475231,14,1,2.0
RET-000090,ORD-009768,2022-10-12,CUST-00463,PROD-0497,Home,Defective,938.476789574681,44.31665919983686,17,0,2.0
RET-000091,ORD-001958,2023-02-20,CUST-01448,PROD-0244,Beauty,Size Issue,671.8249332379004,85.73297584771191,13,0,1.0
RET-000092,ORD-005996,2022-09-18,CUST-00280,PROD-0162,Beauty,Changed Mind,154.70920576680706,89.54860406488665,7,0,4.0
RET-000093,ORD-004417,2022-10-11,CUST-01146,PROD-0468,Beauty,Defective,1874.2354871572727,13.337665433783407,18,1,3.0
RET-000094,ORD-009158,2022-06-21,CUST-01519,PROD-0047,beauty,Size Issue,1419.3025961020699,60.20618445215638,13,0,1.0
RET-000095,ORD-000369,2023-11-05,CUST-00962,PROD-0467,Home,Size Issue,1621.0733217933514,99.16230838603559,11,0,4.0
RET-000096,ORD-007762,2022-11-03,CUST-01490,PROD-0345,Beauty,Defective,1144.1297582739262,9.966372410329594,1,0,3.0
RET-000097,ORD-001157,2023-04-11,CUST-01918,PROD-0455,Beauty,Defective,553.7375830979313,67.5115882866394,28,0,1.0
RET-000098,ORD-000601,2023-04-17,CUST-01491,PROD-0226,Clothing,Size Issue,1783.4233815549367,46.94269279618348,2,0,2.0
RET-000099,ORD-004948,2023-08-15,CUST-00791,PROD-0300,Clothing,Defective,853.161588277463,97.46141935796686,16,0,2.0
RET-000100,ORD-000246,2023-08-19,CUST-01401,PROD-0185,Electronics,Wrong Item,316.1853378334491,64.1386010708121,22,0,4.0
RET-000101,ORD-002831,2023-12-29,CUST-01416,PROD-0421,Clothing,Defective,1449.940367966361,8.082421824568964,5,0,5.0
RET-000102,ORD-000799,2023-05-02,CUST-00387,PROD-0398,Electronics,Wrong Item,57.87363852274808,49.94536376350135,25,0,3.0
RET-000103,ORD-007445,2023-03-24,CUST-01491,PROD-0161,Home,Wrong Item,718.097665068534,12.976312741780948,21,0,1.0
RET-000104,ORD-003760,2022-09-18,CUST-01822,PROD-0412,Home,Size Issue,86.97778981653617,64.03018769908009,28,1,2.0
RET-000105,ORD-002464,2022-09-27,CUST-01655,PROD-0498,Beauty,Wrong Item,53.46723806481351,38.49596203682343,0,0,1.0
RET-000106,ORD-004436,2023-07-28,CUST-01914,PROD-0428,Clothing,Defective,1360.9184148757467,28.452426661049866,20,0,4.0
RET-000107,ORD-004415,2022-11-29,CUST-00807,PROD-0153,Beauty,Size Issue,1777.3233403528604,84.32435417386165,21,0,2.0
RET-000108,ORD-009978,2023-11-30,CUST-01226,PROD-0218,Home,Size Issue,1170.7384565800667,4.429426090199096,13,1,5.0
RET-000109,ORD-000546,2024-04-13,CUST-01611,,Clothing,Size Issue,1979.7868958892798,19.816193278763016,23,1,3.0
RET-000110,ORD-001332,2022-07-03,CUST-01320,PROD-0341,Clothing,Not as Described,1374.081643673485,26.735370668771374,1,0,2.0
RET-000111,ORD-006681,2023-09-22,CUST-01097,PROD-0174,Electronics,Wrong Item,861.1025711873247,81.62267343612959,29,1,5.0
RET-000112,ORD-000935,2023-02-21,CUST-01870,PROD-0209,Home,Not as Described,1161.5108290556507,67.06036481784952,26,0,2.0
RET-000113,ORD-006434,2023-05-15,CUST-00207,PROD-0085,Beauty,Defective,1880.6604313587181,75.44971313795756,2,0,3.0
RET-000114,ORD-009394,2023-02-19,CUST-00261,PROD-0393,Beauty,Size Issue,1958.5725095768523,33.08333225448864,11,0,2.0
RET-000115,ORD-009720,2023-08-08,CUST-01568,PROD-0144,Beauty,Size Issue,1298.6571947684802,21.46908874279453,3,1,3.0
RET-000116,ORD-007958,2024-02-28,CUST-01966,PROD-0477,Clothing,Not as Described,1053.282181923757,53.16878503226737,14,0,3.0
RET-000117,ORD-004076,2022-11-21,CUST-00134,PROD-0221,Beauty,Not as Described,1099.7329055159669,26.543419429914938,1,0,2.0
RET-000118,ORD-002425,2022-10-02,CUST-01571,PROD-0267,Home,Wrong Item,1617.960112842557,55.78061051808846,2,0,4.0
RET-000119,ORD-007553,2022-07-12,CUST-00775,PROD-0068,Clothing,Defective,754.4644921208244,6.982773434275247,8,0,1.0
RET-000120,ORD-008285,2023-07-15,CUST-00608,PROD-0008,Home,Size Issue,1022.5534237412874,42.80740671380555,9,0,1.0
RET-000121,ORD-003259,2024-04-17,CUST-00462,PROD-0204,Beauty,Changed Mind,131.66271891894877,19.47406618931973,15,0,3.0
RET-000122,ORD-002478,2024-02-09,CUST-01753,PROD-0101,Home,Wrong Item,1527.5988417906221,20.034956784811943,26,0,2.0
RET-000123,ORD-002292,2023-12-26,CUST-01179,PROD-0266,Electronics,Wrong Item,1637.3072955634786,98.65415855322938,13,1,3.0
RET-000124,ORD-001862,2023-12-05,CUST-01647,PROD-0239,Home,Changed Mind,329.9437403164719,17.46603160884822,23,0,3.0
RET-000125,ORD-008495,2023-06-28,CUST-01667,PROD-0403,Electronics,Size Issue,580.1852632095225,16.815170736800855,2,0,4.0
RET-000126,ORD-007483,2023-02-08,CUST-00846,PROD-0335,Electronics,Not as Described,1543.0642027368954,69.24531652406105,14,1,4.0
RET-000127,ORD-008759,2022-10-23,CUST-01793,PROD-0249,Clothing,Defective,867.8833151557503,87.76587188362222,29,1,4.0
RET-000128,ORD-004745,2022-12-15,CUST-01438,PROD-0445,Electronics,Changed Mind,463.509605009746,39.54419349158702,25,1,3.0
RET-000129,ORD-002056,2022-08-04,CUST-01000,PROD-0468,Clothing,Size Issue,717.7665651114603,71.91787032977336,20,0,5.0
RET-000130,ORD-006730,2024-04-29,CUST-01645,PROD-0410,Home,Defective,13.194636759841448,49.5497354520859,14,0,1.0
RET-000131,ORD-008621,2023-11-08,CUST-00012,PROD-0316,Clothing,Changed Mind,785.2830337032093,99.11298510850004,4,0,1.0
RET-000132,ORD-006894,2023-06-12,CUST-00548,PROD-0295,Clothing,Wrong Item,1763.1718606899842,3.2159527203705407,17,1,2.0
RET-000133,ORD-002727,2023-11-12,CUST-00103,PROD-0072,Home,Not as Described,1995.4368845932563,60.00291220450799,4,0,2.0
RET-000134,ORD-009948,2023-02-05,CUST-01456,PROD-0045,Home,Wrong Item,412.5379465160135,17.501120726997822,19,0,4.0
RET-000135,ORD-005926,2023-05-07,CUST-00949,PROD-0260,Home,Not as Described,1490.3467016209352,71.7173381217754,17,0,4.0
RET-000136,ORD-008179,2023-03-30,CUST-01315,PROD-0342,Beauty,Size Issue,198.0068801448464,94.89772615294606,11,0,5.0
RET-000137,ORD-004565,2023-01-12,CUST-00884,PROD-0447,Home,Size Issue,1803.1045694258964,98.23223661333039,29,0,5.0
RET-000138,ORD-006946,2022-09-01,CUST-01157,PROD-0415,Home,Size Issue,848.256043661048,57.269812134811495,10,0,1.0
RET-000139,ORD-003000,2023-12-05,CUST-00406,PROD-0225,Home,Not as Described,1559.2458499655509,78.44668362967973,29,0,4.0
RET-000140,ORD-000030,2023-02-24,CUST-01596,PROD-0272,Beauty,Changed Mind,1942.770195926397,3.844083288153066,15,0,1.0
RET-000141,ORD-003334,2023-07-18,CUST-01505,PROD-0404,Home,Wrong Item,964.7417573320977,10.0737513745213,18,0,3.0
RET-000142,ORD-002782,2022-06-21,CUST-00147,PROD-0018,Beauty,Changed Mind,471.2367551542212,22.78721642526301,8,0,5.0
RET-000143,ORD-001631,2023-01-31,CUST-00298,PROD-0248,Beauty,Not as Described,1181.3967761909682,60.39153060259012,20,0,4.0
RET-000144,ORD-006673,2023-05-27,CUST-01522,PROD-0423,Home,Changed Mind,987.5019419476582,60.03181475391411,8,1,1.0
RET-000145,ORD-008059,2023-01-14,CUST-01033,PROD-0324,Home,Size Issue,231.12813601200773,52.61978665308986,0,0,2.0
RET-000146,ORD-001532,2023-03-26,CUST-01404,PROD-0149,Electronics,Changed Mind,1309.9837342608885,12.070155494598911,14,0,2.0
RET-000147,ORD-000963,2023-12-18,CUST-01798,PROD-0207,Electronics,Changed Mind,1521.5512533100823,24.8991776946766,26,0,4.0
RET-000148,ORD-006545,,CUST-01935,PROD-0497,Clothing,Not as Described,140.00642666040093,61.58591088239118,26,0,
RET-000149,ORD-009723,2023-02-11,CUST-01903,PROD-0436,Home,Wrong Item,1215.8564083606896,45.95842424295938,5,0,4.0
RET-000150,ORD-007243,2023-01-17,CUST-00771,PROD-0001,Clothing,Defective,1030.4379129289032,61.92373016883358,20,0,4.0
RET-000151,ORD-009158,2022-09-21,CUST-00822,PROD-0154,Electronics,Defective,361.83243566768067,88.08858111426355,4,1,4.0
RET-000152,ORD-000513,2023-07-05,CUST-00621,PROD-0001,Home,Not as Described,1550.145663169155,44.704067631429176,10,0,1.0
RET-000153,,,CUST-01869,PROD-0157,Clothing,Wrong Item,301.80180263481265,95.09718576099786,11,0,3.0
RET-000154,ORD-008101,2024-01-07,CUST-00900,PROD-0285,Beauty,Defective,632.3134424243351,8.602923225336834,15,0,4.0
RET-000155,ORD-008475,2023-03-16,CUST-01592,PROD-0223,Beauty,Size Issue,1258.4879739835017,33.185600810810065,7,0,5.0
RET-000156,ORD-006421,2022-12-04,CUST-01654,PROD-0169,Clothing,Not as Described,629.0959560023052,51.94805572685812,20,0,5.0
RET-000157,,2023-09-02,CUST-01959,PROD-0357,Clothing,Defective,1611.7465285067851,51.73470765915916,25,1,5.0
RET-000158,ORD-001253,2024-02-06,CUST-00535,PROD-0215,Electronics,Defective,621.2015804325562,1.3202317545625286,8,0,4.0
RET-000159,ORD-003157,2024-01-20,CUST-00303,PROD-0336,Electronics,Defective,296.4080843435796,98.7364062426869,11,0,2.0
RET-000160,ORD-002657,2023-11-15,CUST-00944,PROD-0177,Beauty,Defective,619.6636658398555,50.52823267259925,19,0,1.0
RET-000161,ORD-006291,2023-06-29,CUST-00341,PROD-0075,Beauty,Wrong Item,1947.7433395691617,22.479415623644005,23,0,1.0
RET-000162,ORD-002313,2023-02-04,CUST-00515,PROD-0178,Electronics,Size Issue,1982.1443223487859,27.769421381274718,5,0,4.0
RET-000163,ORD-004071,2023-05-12,CUST-01224,PROD-0263,Clothing,Size Issue,1011.0244075573053,15.646901706568904,25,0,4.0
RET-000164,ORD-004028,2024-02-08,CUST-01403,PROD-0308,Beauty,Changed Mind,546.27674447884,11.140102857200873,2,0,5.0
RET-000165,ORD-000268,2023-07-20,CUST-00756,PROD-0482,Clothing,Wrong Item,982.3629806226226,95.82659941640034,28,0,2.0
RET-000166,ORD-004230,2024-03-26,CUST-00854,PROD-0430,Beauty,Not as Described,435.5629646533801,69.52465810871433,17,0,
RET-000167,ORD-001494,2023-08-15,CUST-00313,PROD-0113,Home,Defective,1555.513370956079,43.582916248055405,7,0,2.0
RET-000168,ORD-003729,2024-01-23,CUST-00865,PROD-0138,Home,Defective,505.750645240747,23.301439100104858,29,1,1.0
RET-000169,ORD-007965,2023-01-15,CUST-01926,PROD-0343,Home,Wrong Item,542.2297569710882,74.94156965250383,14,0,1.0
RET-000170,ORD-005259,2023-07-14,CUST-01067,,Beauty,Changed Mind,912.3284080922311,90.4507488613984,25,0,2.0
RET-000171,ORD-005037,,CUST-01978,PROD-0404,Beauty,Size Issue,703.5941713908566,53.13900950091449,26,0,1.0
RET-000172,ORD-002233,2023-05-05,CUST-00752,PROD-0374,Home,Size Issue,1436.433656064197,65.32320556298413,0,1,3.0
RET-000173,ORD-002337,2022-09-16,CUST-00947,PROD-0131,Electronics,Changed Mind,421.48265367518064,98.57583876653037,14,0,3.0
RET-000174,ORD-008772,2022-12-09,CUST-01790,PROD-0257,Beauty,Not as Described,570.5407123663223,32.51400854243464,2,0,2.0
RET-000175,ORD-004090,2022-08-24,CUST-00692,PROD-0283,Electronics,Changed Mind,1315.7138319754035,82.10935163645131,12,0,5.0
RET-000176,ORD-006713,2023-01-17,CUST-00498,PROD-0329,Beauty,Changed Mind,1269.583264370527,60.47653173161579,14,0,5.0
RET-000177,ORD-000718,2023-11-28,CUST-01718,PROD-0381,Clothing,Wrong Item,778.9164604053537,23.12621926404904,21,0,5.0
RET-000178,ORD-006628,2023-02-03,CUST-01693,PROD-0387,Home,Size Issue,1975.586709812707,22.93408312082694,29,0,1.0
RET-000179,ORD-005151,2023-10-06,CUST-00404,PROD-0300,Electronics,Not as Described,498.57205673954036,95.89459405140892,2,0,2.0
RET-000180,ORD-006742,2022-09-20,CUST-01822,PROD-0419,Clothing,Not as Described,1350.342205024254,40.76764250147179,4,0,3.0
RET-000181,ORD-000258,2023-04-20,CUST-00038,PROD-0033,Home,Size Issue,1166.9449493624404,12.967249069131858,1,1,2.0
RET-000182,ORD-003697,2023-06-23,CUST-00190,PROD-0060,Electronics,Wrong Item,24.72737349129951,96.32124300358517,26,0,3.0
RET-000183,ORD-008260,2022-08-04,CUST-00467,PROD-0151,Home,Wrong Item,1449.6400086293256,84.90754913231432,16,1,4.0
RET-000184,ORD-004322,2023-05-25,CUST-01412,PROD-0013,Home,Wrong Item,318.1570121157117,22.241728579773646,25,0,
RET-000185,ORD-001942,2023-11-21,CUST-01118,PROD-0403,Home,Changed Mind,1383.2829647253645,39.67534791105217,7,1,2.0
RET-000186,ORD-008633,2023-08-30,CUST-01938,PROD-0360,Beauty,Defective,1820.2814165745094,30.671525297407964,10,1,2.0
RET-000187,ORD-008636,2023-01-27,CUST-01099,PROD-0487,Electronics,Changed Mind,669.0334600083805,99.31303712099479,9,0,4.0
RET-000188,ORD-002697,2022-08-11,CUST-00344,PROD-0029,Electronics,Wrong Item,1084.4413566433627,82.52427603595424,15,1,1.0
RET-000189,ORD-007278,2024-03-02,CUST-00506,PROD-0021,Clothing,Size Issue,835.3468134997469,49.049165937249825,15,1,1.0
RET-000190,ORD-006456,2023-10-26,CUST-01902,PROD-0482,Beauty,Wrong Item,405.0793798348057,424.79183613376983,1,0,1.0
RET-000191,,2023-02-18,CUST-01536,PROD-0433,Beauty,Size Issue,1217.9314904306586,33.75101649883583,4,1,5.0
RET-000192,ORD-006531,2023-03-02,CUST-00101,PROD-0133,Electronics,Not as Described,1151.7365730322142,8.904704646585127,15,0,4.0
RET-000193,ORD-007399,2024-04-02,CUST-01214,PROD-0369,Home,Defective,895.6136689008282,72.02244050260234,16,1,1.0
RET-000194,ORD-008258,2023-09-13,CUST-00007,PROD-0475,Beauty,Defective,1721.721509438983,90.15847391143792,23,1,3.0
RET-000195,ORD-002102,2023-08-06,CUST-00819,PROD-0188,Clothing,Defective,1248.146375795219,34.228533163811036,24,0,2.0
RET-000196,ORD-003938,2022-09-06,CUST-00773,PROD-0472,Electronics,Size Issue,1922.1113509481866,42.907885324669735,24,0,1.0
RET-000197,ORD-001344,2022-10-19,CUST-00872,PROD-0195,Electronics,Changed Mind,812.751655097064,87.76662776958032,5,0,1.0
RET-000198,ORD-000904,2023-03-21,CUST-00316,PROD-0495,Beauty,Not as Described,1852.669779179275,72.46167789069241,4,0,4.0
RET-000199,ORD-002860,2022-10-11,CUST-00306,PROD-0345,Clothing,Size Issue,704.2898842543492,97.64320915236503,22,1,4.0
RET-000200,ORD-005877,2023-07-13,CUST-01640,PROD-0225,Clothing,Defective,1778.5058939368623,19.00865949562387,3,0,2.0
RET-000201,ORD-004306,2023-08-28,CUST-01339,PROD-0381,Clothing,Defective,438.81559107746705,34.91141767284773,8,1,4.0
RET-000202,ORD-006636,2024-03-06,CUST-01110,PROD-0218,Home,Wrong Item,1509.144967457588,52.71916334991356,18,0,5.0
RET-000203,ORD-002103,2023-06-06,CUST-01346,PROD-0122,Beauty,Changed Mind,260.695438897685,33.35984521661328,17,1,4.0
RET-000204,ORD-003608,2023-08-25,CUST-01516,PROD-0081,Electronics,Not as Described,1141.0453696018767,42.8431755805492,7,1,1.0
RET-000205,ORD-003644,2022-09-16,CUST-01295,PROD-0074,Electronics,Wrong Item,863.2412998585752,11.668297133852013,22,0,3.0
RET-000206,ORD-009226,,CUST-00129,PROD-0356,Beauty,Changed Mind,218.71916771167125,15.36914784218929,3,0,2.0
RET-000207,ORD-004557,2023-11-08,CUST-01825,PROD-0064,Clothing,Wrong Item,1319.8103370013048,68.99327615927274,27,1,
RET-000208,ORD-000484,2024-02-12,CUST-00451,PROD-0295,Clothing,Defective,1552.2546103441214,9.960681809499228,14,0,3.0
RET-000209,ORD-009356,2022-06-29,CUST-00515,PROD-0152,Clothing,Changed Mind,1355.0918776573837,28.413310759728017,21,1,4.0
RET-000210,ORD-006003,2023-07-28,CUST-01146,PROD-0100,Beauty,Changed Mind,1801.8183483949886,19.36947083693832,24,0,5.0
RET-000211,ORD-003812,2022-11-29,CUST-00166,PROD-0154,Home,Not as Described,599.6536450242093,41.08052701463656,20,1,5.0
RET-000212,ORD-008986,2022-07-23,CUST-00874,PROD-0013,Home,Not as Described,1037.7658982041228,28.45530841752958,3,0,2.0
RET-000213,ORD-004114,2024-02-17,CUST-01523,PROD-0036,Home,Not as Described,126.33485422048636,36.758348438887644,9,0,1.0
RET-000214,ORD-001613,2023-06-16,CUST-00536,PROD-0414,Electronics,Changed Mind,1726.0576734365043,431.13593664053553,23,0,3.0
RET-000215,ORD-004365,2022-10-04,CUST-00841,PROD-0160,Clothing,Size Issue,239.10899696267833,22.07315673525394,0,1,2.0
RET-000216,ORD-006261,2024-02-11,CUST-00019,PROD-0488,Electronics,Wrong Item,671.6534162793073,5.271517299920381,15,0,5.0
RET-000217,ORD-009408,2023-04-16,CUST-00533,PROD-0238,Beauty,Size Issue,1991.110883703717,1.3864319769308353,15,1,3.0
RET-000218,ORD-003249,2023-10-21,CUST-01781,PROD-0463,Electronics,Not as Described,1692.9390106659669,57.796948049206954,29,0,
RET-000219,ORD-009670,2023-03-25,CUST-00477,PROD-0453,Electronics,Defective,352.8734622750004,43.04646969467931,17,0,1.0
RET-000220,ORD-000872,2023-03-01,CUST-01021,PROD-0383,Clothing,Defective,962.1187611295684,87.30933516352178,22,1,4.0
RET-000221,ORD-006086,2022-06-20,CUST-01162,PROD-0265,Electronics,Not as Described,1604.3994507701873,40.728166214553326,16,0,5.0
RET-000222,ORD-006543,2022-11-19,CUST-01107,PROD-0355,Beauty,Size Issue,245.35095228309413,85.22523212746218,10,1,2.0
RET-000223,ORD-006831,2022-11-18,CUST-01692,PROD-0218,Home,Wrong Item,539.2075721360002,87.52756401719157,5,1,4.0
RET-000224,ORD-002649,2023-12-20,CUST-00375,PROD-0176,Beauty,Not as Described,753.0950962473839,3.958251969706339,3,0,4.0
RET-000225,ORD-005029,2023-06-11,CUST-01754,PROD-0310,Electronics,Wrong Item,1571.3190322297696,43.69346996564324,15,0,2.0
RET-000226,ORD-009141,2023-12-06,CUST-01081,PROD-0238,Electronics,Changed Mind,27.12694753755219,97.48325400047058,24,0,3.0
RET-000227,ORD-004449,2022-12-12,CUST-01918,PROD-0285,Beauty,Changed Mind,521.4684414836963,51.499902465080815,9,0,5.0
RET-000228,ORD-008521,2023-02-24,CUST-01363,PROD-0450,Beauty,Changed Mind,1613.454135203126,22.692825167738405,12,0,5.0
RET-000229,ORD-000523,2022-12-24,CUST-01653,PROD-0376,Clothing,Changed Mind,1677.7777633248459,1.8779718996890904,11,0,1.0
RET-000230,ORD-003476,2023-06-08,CUST-01404,PROD-0130,Beauty,Not as Described,309.22624636569145,37.58993494039869,20,0,5.0
RET-000231,ORD-000810,2023-05-01,CUST-00533,PROD-0127,Beauty,Wrong Item,944.431275036333,35.92740971308401,28,0,2.0
RET-000232,ORD-008888,2023-01-08,CUST-00417,PROD-0493,Home,Not as Described,523.386623998748,11.63383999193669,25,0,3.0
RET-000233,ORD-004331,2022-10-05,CUST-01213,PROD-0423,Electronics,Defective,1872.287278583407,55.40459499354804,8,0,1.0
RET-000234,ORD-003530,2023-08-19,CUST-00535,PROD-0426,Home,Not as Described,35.232322567096176,81.17586542960423,6,0,2.0
RET-000235,ORD-009002,2024-01-15,CUST-01267,PROD-0337,Electronics,Size Issue,1579.935240569794,58.70235065712349,3,1,5.0
RET-000236,ORD-009082,2022-10-06,CUST-00212,PROD-0053,Beauty,Size Issue,1567.67128577216,27.722911915467463,17,0,4.0
RET-000237,ORD-003848,2023-12-29,CUST-01507,PROD-0421,Electronics,Changed Mind,1962.2658068817711,68.23822356592339,12,1,2.0
RET-000238,ORD-001366,2022-08-26,CUST-00330,PROD-0071,Electronics,Defective,1962.734913153425,70.46869591217609,20,0,1.0
RET-000239,ORD-000511,2023-12-29,CUST-01569,PROD-0233,Clothing,Size Issue,386.7343997332991,90.65761956629375,16,0,2.0
RET-000240,ORD-004748,2024-01-23,CUST-00134,PROD-0137,Beauty,Wrong Item,1019.1599428029274,3.736975848760582,12,0,2.0
RET-000241,ORD-003349,2024-03-15,CUST-01090,PROD-0088,Clothing,Defective,1573.7489098095054,66.94274298715412,2,1,1.0
RET-000242,ORD-009646,2023-11-08,CUST-01004,,Beauty,Not as Described,723.8647270194449,61.9114154506372,9,0,4.0
RET-000243,ORD-007944,2022-10-27,CUST-01602,PROD-0337,Electronics,Not as Described,196.7430880821281,56.07405259401153,22,0,3.0
RET-000244,ORD-008291,2023-11-16,CUST-01734,PROD-0352,Beauty,Wrong Item,833.1296974256851,45.14634599046131,7,0,
RET-000245,ORD-001698,2023-01-10,CUST-01992,PROD-0471,Electronics,Defective,137.2464831030117,48.90053963239281,28,1,1.0
RET-000246,ORD-002260,2022-09-05,CUST-01257,PROD-0041,Home,Defective,1706.8590276806108,47.89015041492021,5,0,1.0
RET-000247,ORD-003839,2022-12-06,CUST-00234,PROD-0343,Clothing,Wrong Item,1974.8498528143105,41.46783404637235,18,0,5.0
RET-000248,ORD-006189,2024-01-10,CUST-00440,PROD-0018,Beauty,Changed Mind,92.41381304110622,27.600927500319372,3,0,2.0
RET-000249,ORD-006634,2023-02-13,CUST-01922,PROD-0406,Beauty,Changed Mind,1785.469818517901,68.0555883245823,12,0,3.0
RET-000250,ORD-003463,2022-11-30,CUST-00987,PROD-0462,Clothing,Not as Described,205.09447154291183,9.949248687619228,26,0,1.0
RET-000251,ORD-000771,2024-01-25,CUST-01400,PROD-0226,Electronics,Wrong Item,782.7975092662793,96.10487986957654,29,0,4.0
RET-000252,ORD-002941,2024-01-12,CUST-01607,PROD-0005,Clothing,Changed Mind,573.0697959989109,2.6183336082867603,20,0,4.0
RET-000253,ORD-001355,2023-12-29,CUST-00137,PROD-0218,Clothing,Defective,1147.312895103544,59.64246816924764,7,0,1.0
RET-000254,ORD-002102,2022-09-23,CUST-01632,PROD-0160,Clothing,Changed Mind,712.988501488453,83.2467079793436,28,0,1.0
RET-000255,ORD-002667,2023-12-24,CUST-01868,PROD-0142,Clothing,Defective,1450.8255339358311,23.81945043735033,13,1,4.0
RET-000256,ORD-002404,2022-09-17,CUST-00552,PROD-0249,Electronics,Size Issue,699.7866884673743,63.29059513130222,28,1,2.0
RET-000257,ORD-003857,2022-09-18,CUST-01356,PROD-0474,Electronics,Size Issue,1956.631571152624,21.162631402572842,0,1,5.0
RET-000258,ORD-006601,2024-01-15,CUST-01514,PROD-0346,Clothing,Defective,756.3822214982406,5.614972437505084,1,0,2.0
RET-000259,ORD-003750,2023-02-05,CUST-01128,PROD-0481,Home,Changed Mind,1235.4417148602647,9.786513133461893,22,0,2.0
RET-000260,ORD-004943,2022-08-23,CUST-00874,PROD-0258,Home,Wrong Item,759.7063112670871,19.83487582880471,15,0,1.0
RET-000261,ORD-004583,2023-11-08,CUST-01992,PROD-0366,Beauty,Defective,152.78466051790537,17.330831547348037,12,0,4.0
RET-000262,ORD-009101,2022-12-23,CUST-01275,PROD-0122,Electronics,Wrong Item,499.3786292991298,76.57850907549427,15,0,2.0
RET-000263,ORD-000567,2023-12-19,CUST-01753,PROD-0227,Beauty,Not as Described,711.0318362983681,52.49518201467165,22,0,5.0
RET-000264,ORD-002257,2022-09-07,CUST-00115,PROD-0117,Clothing,Not as Described,1864.0164162255264,78.74317209439837,7,1,2.0
RET-000265,ORD-005248,2023-12-03,CUST-01172,PROD-0098,Beauty,Changed Mind,27.48604871306969,42.01680995154341,19,0,1.0
RET-000266,ORD-000542,2022-09-28,CUST-01756,PROD-0235,Home,Size Issue,1989.0236253279334,68.86991908529409,1,0,3.0
RET-000267,ORD-006802,2023-12-17,CUST-01582,PROD-0136,Electronics,Wrong Item,1566.084734538494,48.289011832674014,10,0,3.0
RET-000268,ORD-001417,2023-05-20,CUST-01368,PROD-0477,Clothing,Size Issue,1982.415207723014,20.062418933485493,16,1,2.0
RET-000269,ORD-007268,2023-02-19,CUST-01178,PROD-0095,Clothing,Changed Mind,723.1004027939479,29.25696940556731,24,0,1.0
RET-000270,ORD-004046,2023-09-19,CUST-00288,PROD-0007,Home,Size Issue,1454.4459786640944,59.163074990524755,28,0,1.0
RET-000271,ORD-007473,2022-11-17,CUST-00984,PROD-0071,Electronics,Size Issue,1823.1292864369334,75.37408811565211,28,0,5.0
RET-000272,ORD-007614,2023-08-29,CUST-01612,PROD-0239,Beauty,Not as Described,408.62487148151706,2.5249485833720553,3,0,5.0
RET-000273,ORD-003190,2022-12-28,CUST-00916,PROD-0320,Beauty,Wrong Item,1986.133131222737,15.39428954539731,12,0,5.0
RET-000274,ORD-008710,2024-04-19,CUST-01317,PROD-0453,Electronics,Defective,1865.1249975540136,50.85067727720913,28,0,4.0
RET-000275,ORD-006883,2024-04-21,CUST-01551,PROD-0179,Home,Wrong Item,384.18308477781,86.10856789027281,17,0,4.0
RET-000276,ORD-007937,2022-12-03,CUST-01123,PROD-0294,Home,Not as Described,1970.3782273635177,46.207799549551524,14,0,3.0
RET-000277,ORD-006654,2023-02-18,CUST-00705,PROD-0476,Electronics,Defective,1565.658798585088,55.90460477056284,25,1,1.0
RET-000278,ORD-004639,2024-03-17,CUST-00606,PROD-0287,Electronics,Changed Mind,235.54993027013344,11.286131943769806,23,0,5.0
RET-000279,ORD-000556,2023-01-16,CUST-00743,PROD-0173,Home,Not as Described,1678.2642617613303,1.6058743920178475,0,0,1.0
RET-000280,ORD-003527,2022-10-19,CUST-00633,PROD-0404,Clothing,Not as Described,280.4152833856967,77.22043247689795,0,0,4.0
RET-000281,ORD-007763,2024-03-19,CUST-00634,PROD-0039,Clothing,Wrong Item,572.902821341111,26.29275242896497,20,0,2.0
RET-000282,ORD-002585,,CUST-01390,PROD-0448,Electronics,Changed Mind,1591.9943708244978,5.880972792684425,9,0,2.0
RET-000283,ORD-004323,2023-05-30,CUST-01047,PROD-0355,Electronics,Size Issue,429.7268516191408,41.46422545692931,28,0,5.0
RET-000284,ORD-006706,2023-09-13,CUST-00226,PROD-0007,Home,Defective,991.9386849021697,48.989569617751435,6,0,2.0
RET-000285,ORD-001312,2024-04-04,CUST-01089,PROD-0487,Clothing,Size Issue,561.0166451710319,51.53394961059662,23,1,3.0
RET-000286,ORD-008057,2022-09-18,CUST-01689,PROD-0301,Electronics,Wrong Item,604.4138128429798,84.09721631280424,10,0,4.0
RET-000287,ORD-000096,2023-10-26,CUST-01891,PROD-0344,Beauty,Defective,1310.1463031851097,78.62175352493996,27,1,1.0
RET-000288,ORD-008089,2022-09-01,CUST-00369,PROD-0262,Clothing,Size Issue,813.81814294875,57.92027975503257,22,0,3.0
RET-000289,ORD-000706,2022-06-30,CUST-00016,PROD-0317,Clothing,Not as Described,1457.0663160341,61.53948787776879,27,0,4.0
RET-000290,ORD-006527,2023-08-07,CUST-01081,PROD-0423,Beauty,Size Issue,272.56349579254504,44.71968591371777,24,0,1.0
RET-000291,ORD-009860,2023-09-08,CUST-00768,PROD-0174,Beauty,Not as Described,449.64653322671694,62.79693846615947,21,0,3.0
RET-000292,ORD-007239,2023-11-09,CUST-01039,PROD-0053,Home,Wrong Item,742.4007443256828,27.14250177530495,4,1,4.0
RET-000293,ORD-002950,2022-10-21,CUST-01679,,Beauty,Changed Mind,652.1022367540677,5.659051732297426,22,0,5.0
RET-000294,ORD-001757,2023-04-24,CUST-01847,PROD-0397,Clothing,Changed Mind,13.82751643519483,34.26385679796502,13,1,2.0
RET-000295,ORD-006642,,CUST-01614,PROD-0066,Beauty,Wrong Item,516.4275780546396,19.97211825425277,15,0,5.0
RET-000296,ORD-004154,2023-04-25,CUST-00759,PROD-0026,Clothing,Changed Mind,1749.4912669813828,76.31554844224785,15,0,3.0
RET-000297,ORD-008518,2022-07-22,CUST-01842,PROD-0137,Beauty,Wrong Item,1902.6498470467793,43.795921674267504,17,0,1.0
RET-000298,ORD-002129,2023-04-21,CUST-00715,PROD-0299,Home,Changed Mind,1632.7623054895055,24.876873561825075,15,1,2.0
RET-000299,ORD-006431,2024-03-16,CUST-01559,PROD-0326,Clothing,Size Issue,533.677931637256,6.0600305437197965,14,0,2.0
RET-000300,ORD-006535,2022-10-14,CUST-01258,PROD-0332,Beauty,Wrong Item,1874.7700044859666,30.369334519456494,22,0,1.0
RET-000301,ORD-009861,2023-11-19,CUST-01170,PROD-0101,Home,Not as Described,1886.8090462955533,34.85349756547298,13,0,5.0
RET-000302,ORD-007301,2023-11-05,CUST-01685,PROD-0412,Home,Size Issue,1572.0567070461123,71.53836094707276,17,1,3.0
RET-000303,ORD-007690,2023-06-02,CUST-01821,PROD-0208,Electronics,Changed Mind,1467.2188832156623,28.499263679888507,26,1,4.0
RET-000304,ORD-004641,2024-01-12,CUST-00295,PROD-0496,Electronics,Defective,593.3615302292262,55.21207318095437,27,0,3.0
RET-000305,ORD-009491,2022-10-19,CUST-00613,PROD-0041,Clothing,Not as Described,757.230394319591,5.9626883826844,13,1,4.0
RET-000306,ORD-008810,,CUST-00502,PROD-0436,Beauty,Defective,1230.059276681041,74.72027172167067,0,1,3.0
RET-000307,ORD-001186,2022-09-09,CUST-01387,PROD-0178,Electronics,Not as Described,1519.6091228749735,28.44077040657306,6,1,5.0
RET-000308,ORD-003559,2023-09-29,CUST-01850,PROD-0245,Home,Size Issue,1389.2140688853838,77.77387846609095,18,0,4.0
RET-000309,,2022-09-19,CUST-00553,PROD-0212,Clothing,Size Issue,1028.5850546509782,13.970429032933318,6,1,3.0
RET-000310,ORD-001909,2023-01-12,CUST-00790,PROD-0478,Beauty,Size Issue,278.4424800822929,18.304498600564123,15,0,4.0
RET-000311,ORD-007357,2022-12-05,CUST-00815,PROD-0033,Beauty,Changed Mind,554.9148060655655,59.2916183098183,28,0,4.0
RET-000312,ORD-001111,2023-05-24,CUST-00195,PROD-0100,Home,Size Issue,1733.2819177547563,18.610032162914614,14,0,4.0
RET-000313,ORD-002995,2023-07-13,CUST-01785,PROD-0179,Home,Changed Mind,1291.7913240088878,39.829247988947536,0,0,3.0
RET-000314,ORD-008588,2023-02-25,CUST-01319,PROD-0261,Home,Wrong Item,474.52741656562506,50.49498186806234,22,0,5.0
RET-000315,ORD-004794,2023-08-30,CUST-00678,PROD-0289,Electronics,Not as Described,1133.2193184084267,32.60109244145729,8,1,3.0
RET-000316,ORD-006877,2023-05-11,CUST-01703,PROD-0286,Clothing,Changed Mind,1837.0914877144128,41.343986234699024,12,1,1.0
RET-000317,ORD-003793,2024-03-04,CUST-01697,PROD-0307,Electronics,Not as Described,744.104210078494,38.53221094462387,17,1,3.0
RET-000318,ORD-005917,2023-03-10,CUST-00751,PROD-0066,Home,Wrong Item,1355.7174323349527,57.04986842217009,18,0,3.0
RET-000319,ORD-002010,2023-09-16,CUST-00045,PROD-0434,Beauty,Changed Mind,670.7329379451032,44.415623582441185,15,0,5.0
RET-000320,ORD-005414,2023-10-22,CUST-00233,,Home,Defective,415.28089323825105,0.9443156911524531,5,0,1.0
RET-000321,ORD-005861,2023-05-12,CUST-00881,PROD-0328,Electronics,Changed Mind,488.250258142113,91.95214214744509,23,0,1.0
RET-000322,ORD-001722,2022-10-06,CUST-00821,PROD-0119,Beauty,Wrong Item,769.0359728462531,92.70755885425598,11,0,1.0
RET-000323,ORD-002697,2023-06-23,CUST-01022,PROD-0131,Clothing,Not as Described,650.9456561599851,37.093528143344834,26,0,3.0
RET-000324,ORD-002576,2022-12-31,CUST-00523,PROD-0334,Clothing,Size Issue,1349.4567684531387,95.13685595555422,2,0,3.0
RET-000325,ORD-001993,2023-12-22,CUST-00918,PROD-0257,Electronics,Size Issue,372.4706101927031,38.33733041126273,29,1,5.0
RET-000326,ORD-003236,2022-10-31,CUST-01445,PROD-0409,Electronics,Changed Mind,63.404397879375686,5.2383078178769305,21,0,5.0
RET-000327,ORD-006205,2023-10-15,CUST-00365,PROD-0193,Electronics,Not as Described,1642.2048011875356,31.213020298336847,0,0,5.0
RET-000328,ORD-004169,2022-08-23,CUST-01689,PROD-0108,Beauty,Changed Mind,50.312823148104115,27.98053657331433,14,0,1.0
RET-000329,ORD-004900,2023-04-12,CUST-00575,PROD-0358,Clothing,Wrong Item,1937.174730805328,38.792614859129074,11,1,1.0
RET-000330,ORD-003996,2023-02-04,CUST-01745,PROD-0245,Beauty,Size Issue,1569.215585401251,31.514625421392527,5,0,3.0
RET-000331,ORD-000442,2023-07-14,CUST-00566,PROD-0192,Clothing,Size Issue,1377.197009095031,97.96475687986336,27,1,2.0
RET-000332,ORD-006472,2023-10-02,CUST-01900,PROD-0065,Clothing,Defective,1778.808807075367,25.81376134073792,18,1,2.0
RET-000333,ORD-005124,2023-06-27,CUST-00027,PROD-0492,Beauty,Defective,680.4575382443193,74.78559375045752,9,1,5.0
RET-000334,ORD-003672,2023-05-30,CUST-00945,PROD-0294,Clothing,Not as Described,1130.3326749291666,95.7879064307003,12,1,1.0
RET-000335,ORD-006817,2023-11-29,CUST-01720,PROD-0436,Beauty,Not as Described,147.5910838834832,38.892285809052474,23,0,3.0
RET-000336,ORD-009691,2024-03-21,CUST-00349,PROD-0285,Beauty,Changed Mind,1108.753479691467,28.40501542473207,11,0,4.0
RET-000337,ORD-007634,2023-08-14,CUST-00439,PROD-0099,Beauty,Defective,271.49689567747464,46.48474311510918,16,0,2.0
RET-000338,ORD-008481,2023-07-09,CUST-01968,PROD-0255,Beauty,Defective,480.5951716166676,64.13366166934563,10,0,3.0
RET-000339,ORD-004729,2023-06-23,CUST-01042,PROD-0383,Clothing,Not as Described,830.3798882762588,78.08146928160585,23,1,4.0
RET-000340,ORD-001237,2022-07-07,CUST-01569,PROD-0450,Beauty,Wrong Item,1928.464392984633,76.16427006624885,0,1,4.0
RET-000341,ORD-006795,2024-01-23,CUST-01517,PROD-0439,Electronics,Size Issue,1381.9117961711042,11.112271850389078,7,0,4.0
RET-000342,ORD-003037,2022-09-26,CUST-00846,PROD-0279,Home,Changed Mind,440.7852056125881,92.75221775393494,26,1,2.0
RET-000343,ORD-002621,2023-06-18,CUST-00697,,Home,Size Issue,504.6164037963555,54.31424733718604,10,1,3.0
RET-000344,ORD-003023,2024-01-12,CUST-00044,PROD-0405,Home,Wrong Item,499.99765271912554,86.19307086568189,27,0,2.0
RET-000345,ORD-008010,2022-07-16,CUST-01617,PROD-0281,Beauty,Size Issue,226.44497591331273,54.04016497714564,14,0,4.0
RET-000346,ORD-003900,2023-05-15,CUST-01370,PROD-0365,Home,Changed Mind,222.6279176591916,20.987784176887924,0,1,4.0
RET-000347,ORD-001897,,CUST-01540,,Home,Changed Mind,590.1383120330207,82.7547282454852,29,0,2.0
RET-000348,ORD-005244,2023-04-19,CUST-00459,PROD-0236,Clothing,Defective,382.5143318015828,45.2060671839728,22,0,4.0
RET-000349,ORD-005110,2023-10-29,CUST-00416,PROD-0486,Beauty,Not as Described,790.814715888214,18.790657137002455,24,0,3.0
RET-000350,ORD-005889,2023-04-24,CUST-01180,PROD-0020,Clothing,Wrong Item,757.3621184672219,45.756782384170656,2,1,1.0
RET-000351,ORD-004701,2022-06-24,CUST-00804,PROD-0020,Beauty,Wrong Item,982.1364917542828,39.17260003231152,6,1,2.0
RET-000352,ORD-009710,2023-03-16,CUST-01022,PROD-0068,Electronics,Defective,333.4770846112176,33.808524491455024,10,0,2.0
RET-000353,ORD-003838,2022-06-15,CUST-00493,PROD-0066,Home,Size Issue,1410.0870826417445,74.75609060522031,29,0,3.0
RET-000354,ORD-008262,2023-05-27,CUST-00754,PROD-0081,Home,Not as Described,644.9587582003691,64.21716815704612,16,1,3.0
RET-000355,ORD-002895,2022-12-08,CUST-00497,PROD-0335,Electronics,Size Issue,222.2546574113464,69.77953333127755,10,0,2.0
RET-000356,ORD-002758,2022-09-24,CUST-01025,PROD-0400,Clothing,Defective,1797.7577445062634,63.619849411941296,28,1,5.0
RET-000357,ORD-006449,2023-09-13,CUST-00259,PROD-0139,Home,Wrong Item,1007.9708407378812,73.41538822916476,7,0,5.0
RET-000358,ORD-000225,2022-10-13,CUST-01290,PROD-0432,Home,Size Issue,1993.0411047687312,25.780016269278704,17,0,3.0
RET-000359,ORD-006735,2023-03-25,CUST-00352,PROD-0206,Beauty,Not as Described,514.065312888224,49.52117043294806,23,0,1.0
RET-000360,ORD-002666,2023-07-20,CUST-01998,PROD-0444,Beauty,Not as Described,1394.9275151586878,94.34691115813504,28,0,5.0
RET-000361,ORD-007467,2023-04-09,CUST-01672,PROD-0386,Home,Size Issue,27.875558438523775,20.387493956173973,19,0,4.0
RET-000362,ORD-004283,2024-01-29,CUST-01898,PROD-0185,Beauty,Changed Mind,878.3974889662783,19.02958267657474,0,0,1.0
RET-000363,ORD-004502,2023-08-14,CUST-01904,PROD-0243,Clothing,Not as Described,991.2285329887345,5.188265580941098,17,1,2.0
RET-000364,ORD-006262,2024-04-20,CUST-00912,PROD-0409,Beauty,Defective,1431.272807815031,88.63031245328506,4,0,5.0
RET-000365,ORD-005635,2024-04-27,CUST-01567,,Electronics,Wrong Item,664.0756580288373,90.41766527800726,22,0,1.0
RET-000366,ORD-009063,2024-04-21,CUST-00163,PROD-0414,Beauty,Size Issue,797.4370435972149,66.5441152339313,18,0,3.0
RET-000367,ORD-002606,2022-12-28,CUST-01160,PROD-0057,Home,Changed Mind,137.53190114891535,3.567178582069186,20,1,5.0
RET-000368,ORD-007585,2022-11-13,CUST-00923,PROD-0080,Electronics,Size Issue,1710.897378124042,82.56250415179616,29,0,1.0
RET-000369,ORD-005797,2022-10-07,CUST-00155,PROD-0249,Clothing,Wrong Item,249.79844363169283,1.7734841640131505,7,0,1.0
RET-000370,ORD-009861,2024-02-16,CUST-01504,PROD-0047,Clothing,Changed Mind,240.5372899691468,57.76755184067294,20,0,3.0
RET-000371,ORD-002736,2023-10-10,CUST-01820,PROD-0445,Electronics,Wrong Item,431.7108568960175,29.066954913742403,21,1,2.0
RET-000372,ORD-001240,2023-08-27,CUST-00292,PROD-0014,Home,Changed Mind,70.94214844512416,49.204888035681485,25,0,4.0
RET-000373,ORD-002002,2023-08-25,CUST-01331,PROD-0158,Beauty,Wrong Item,400.03824577317994,94.1393555394336,11,0,2.0
RET-000374,ORD-006104,2023-07-08,CUST-00787,PROD-0134,Home,Wrong Item,1993.6991919074223,32.10981267081884,13,0,4.0
RET-000375,ORD-005723,2023-11-29,CUST-00003,PROD-0051,Home,Defective,945.3133909892033,84.34432684738286,16,1,
RET-000376,ORD-006230,2022-08-29,CUST-01647,PROD-0287,Electronics,Not as Described,258.13358893125974,44.02590380312288,1,1,4.0
RET-000377,ORD-000054,2024-04-20,CUST-01436,PROD-0214,Home,Not as Described,767.7014944605447,85.61530069258929,17,1,4.0
RET-000378,ORD-000639,2024-02-22,CUST-00971,PROD-0025,BEAUTY,Size Issue,550.4415275611595,66.22469601761216,3,0,5.0
RET-000379,ORD-001931,2022-06-22,CUST-00588,PROD-0377,Electronics,Size Issue,928.0547000367816,87.70427638920168,15,0,3.0
RET-000380,ORD-000310,2023-04-12,CUST-00859,PROD-0370,Clothing,Changed Mind,251.58128030057463,49.028556781473654,22,0,
RET-000381,ORD-007907,2023-08-30,CUST-00424,PROD-0351,Electronics,Defective,1086.92374109952,86.54543283082067,14,0,1.0
RET-000382,ORD-007645,2023-12-09,CUST-00861,PROD-0281,Clothing,Not as Described,331.9198525296096,22.943488073026064,28,0,1.0
RET-000383,ORD-001571,2022-11-05,CUST-00495,PROD-0064,Beauty,Wrong Item,520.7643306669588,35.66945017738294,2,0,5.0
RET-000384,ORD-002618,2023-03-21,CUST-00229,PROD-0183,Beauty,Wrong Item,1946.0403643032582,5.207788837523896,1,0,1.0
RET-000385,ORD-009822,2023-03-25,CUST-01258,PROD-0325,Home,Wrong Item,1437.8752437681965,74.86230663502168,14,0,5.0
RET-000386,ORD-000537,2023-08-03,CUST-00944,PROD-0100,Electronics,Not as Described,155.4788767281506,14.623759640204682,16,0,1.0
RET-000387,ORD-009115,2022-06-30,CUST-01477,PROD-0246,Clothing,Wrong Item,1228.8181028105132,61.20579997038372,17,0,3.0
RET-000388,ORD-003251,2024-02-03,CUST-00283,PROD-0246,Clothing,Size Issue,166.3716275940603,78.15405361488621,6,1,4.0
RET-000389,ORD-002234,2024-03-18,CUST-01553,PROD-0242,Home,Defective,1323.0733730762272,17.208382327983696,13,1,3.0
RET-000390,ORD-001302,2022-09-05,CUST-01057,PROD-0473,Beauty,Size Issue,95.71308660620407,15.169863958081532,14,0,4.0
RET-000391,ORD-000565,2022-08-10,CUST-00791,PROD-0085,Home,Not as Described,798.3179756371696,6.686276250979706,14,0,5.0
RET-000392,ORD-007555,2024-02-16,CUST-01551,PROD-0387,Electronics,Defective,1258.7606175695394,16.352214103802922,15,1,5.0
RET-000393,ORD-008740,2022-06-18,CUST-01458,PROD-0324,Home,Defective,711.4471354988417,41.86892602553498,17,0,2.0
RET-000394,ORD-006997,2023-03-08,CUST-01923,PROD-0104,Clothing,Not as Described,716.3130661274356,76.4394013202745,12,1,1.0
RET-000395,ORD-004645,2023-04-20,CUST-01440,PROD-0201,Clothing,Changed Mind,1686.3972700205088,69.70248226431637,2,0,3.0
RET-000396,ORD-009425,2023-06-14,CUST-00790,PROD-0086,Beauty,Wrong Item,1371.5242617819406,17.780985719691355,25,0,3.0
RET-000397,ORD-005948,2023-12-26,CUST-00311,PROD-0302,Clothing,Wrong Item,362.31220202462157,68.48800904024547,18,0,3.0
RET-000398,ORD-007680,2023-08-24,CUST-00865,PROD-0118,Clothing,Not as Described,224.19568464207734,41.014781012165116,22,1,3.0
RET-000399,ORD-003670,2023-06-02,CUST-01226,PROD-0070,Clothing,Size Issue,235.24078146536232,52.0047149653126,19,0,4.0
RET-000400,ORD-005268,2022-07-20,CUST-01800,PROD-0195,Beauty,Not as Described,1135.9910910749836,12.440089496068163,16,0,5.0
RET-000401,ORD-008211,2022-06-28,CUST-01544,PROD-0416,Electronics,Defective,831.1829313052012,93.41918800947157,19,0,1.0
RET-000402,ORD-000688,2022-08-28,CUST-00368,PROD-0101,Electronics,Wrong Item,503.8134487741722,71.24981152035717,25,0,5.0
RET-000403,ORD-007752,2023-04-29,CUST-01693,PROD-0288,Clothing,Size Issue,1068.8050892152207,69.11751835719487,22,0,1.0
RET-000404,ORD-002432,2022-09-24,CUST-01555,PROD-0197,Clothing,Wrong Item,1174.3548921188035,26.584522896541596,15,0,2.0
RET-000405,ORD-004744,2023-07-07,CUST-01130,PROD-0405,Home,Not as Described,1213.188731436061,13.165084579239162,0,0,1.0
RET-000406,ORD-004698,2023-01-19,CUST-01778,PROD-0024,Beauty,Not as Described,1719.5368721570228,22.60492401762332,21,0,1.0
RET-000407,ORD-007171,2023-11-23,CUST-00744,PROD-0126,Clothing,Wrong Item,1677.2642219196234,27.98592071013315,19,0,2.0
RET-000408,ORD-002955,2024-03-16,CUST-01097,PROD-0387,Beauty,Wrong Item,91.08120811061274,77.93138037872531,13,1,2.0
RET-000409,ORD-009654,2023-01-03,CUST-00080,PROD-0378,Home,Size Issue,118.8244034491978,10.697749849929206,7,0,1.0
RET-000410,ORD-006973,2024-01-23,CUST-01087,,Home,Not as Described,1632.4758412575425,51.0032005381938,16,0,4.0
RET-000411,ORD-009431,2023-10-15,CUST-01836,PROD-0342,Electronics,Not as Described,1823.916717068648,48.9777875217853,24,0,4.0
RET-000412,ORD-006129,2024-02-19,CUST-00050,PROD-0450,Home,Wrong Item,1399.4439378042523,21.335331404815584,0,0,3.0
RET-000413,ORD-000395,2022-07-13,CUST-00258,PROD-0261,Electronics,Size Issue,938.4443890338059,68.43149837468596,27,0,3.0
RET-000414,ORD-008374,2022-06-25,CUST-00112,PROD-0116,Beauty,Changed Mind,1260.6900958386695,28.014045056405614,3,0,1.0
RET-000415,ORD-007378,2023-06-22,CUST-01073,PROD-0082,Beauty,Size Issue,929.6163285096903,71.1274241538843,14,0,2.0
RET-000416,ORD-000091,,CUST-00965,PROD-0439,Electronics,Size Issue,1405.982244018822,37.73621211301995,26,0,5.0
RET-000417,ORD-009944,2023-04-25,CUST-00701,PROD-0141,Home,Wrong Item,1667.9408780214276,9.324535646761134,24,0,5.0
RET-000418,ORD-001591,2022-12-05,CUST-01069,PROD-0053,Beauty,Size Issue,1943.289112287011,18.334699465641823,13,0,1.0
RET-000419,ORD-006894,2023-05-19,CUST-00340,PROD-0363,Electronics,Not as Described,453.0843031960722,29.105696696048298,13,0,5.0
RET-000420,ORD-007502,2023-04-07,CUST-00552,PROD-0222,Electronics,Size Issue,444.50312248883154,16.73691570973722,3,0,2.0
RET-000421,ORD-009859,2022-09-21,CUST-01752,PROD-0114,Clothing,Wrong Item,1900.9063114419425,20.202882487081553,7,0,4.0
RET-000422,,2022-07-26,CUST-01567,PROD-0344,Electronics,Defective,77.19175688943487,75.0224818598835,22,0,2.0
RET-000423,ORD-000359,2023-11-24,CUST-01678,PROD-0397,Beauty,Not as Described,1471.9812632661772,70.50642551333021,21,1,
RET-000424,ORD-002616,2023-06-25,CUST-00070,PROD-0073,Clothing,Wrong Item,47.001375734194376,35.43935014942575,0,0,3.0
RET-000425,ORD-005842,2023-08-27,CUST-00538,PROD-0147,Home,Defective,767.1036841075357,59.54874882576995,2,0,5.0
RET-000426,ORD-002967,2023-04-01,CUST-01474,PROD-0199,Electronics,Wrong Item,1657.4365747171564,58.10835777678546,23,0,2.0
RET-000427,ORD-004100,2024-04-30,CUST-01796,PROD-0142,Clothing,Defective,704.6713357499873,98.14975092029381,23,1,2.0
RET-000428,ORD-004981,2023-04-09,CUST-00155,PROD-0090,Home,Defective,783.9841191044253,40.53137694374117,29,0,5.0
RET-000429,ORD-004967,2023-08-19,CUST-01612,PROD-0350,Electronics,Defective,417.9096744221491,52.40771645397647,23,0,5.0
RET-000430,ORD-006032,2023-05-05,CUST-00789,,Electronics,Changed Mind,1125.307771036118,85.37714731630342,17,1,2.0
RET-000431,ORD-007167,2023-02-18,CUST-00023,PROD-0317,Home,Defective,1595.0498442792536,44.28165407884946,8,0,1.0
RET-000432,ORD-003425,2022-07-14,CUST-01612,PROD-0354,Electronics,Size Issue,1177.957524525661,67.34428595661545,22,0,3.0
RET-000433,ORD-000936,2023-07-03,CUST-00962,PROD-0025,Beauty,Size Issue,880.716692292815,97.59576333488783,29,1,2.0
RET-000434,ORD-005090,2023-11-13,CUST-01995,PROD-0173,Beauty,Size Issue,690.2023136549732,60.995865095515924,14,0,5.0
RET-000435,ORD-005902,2023-09-18,CUST-00361,PROD-0308,Clothing,Not as Described,809.2849746216729,41.25931569148263,5,0,
RET-000436,ORD-001501,2022-09-19,CUST-01951,PROD-0399,Clothing,Size Issue,839.9858916112471,49.31128508116267,8,0,4.0
RET-000437,ORD-003941,2023-11-04,CUST-00868,PROD-0386,Clothing,Size Issue,1462.559856978288,82.43371933085272,22,1,1.0
RET-000438,ORD-002488,2024-03-30,CUST-00247,PROD-0332,Clothing,Changed Mind,171.56773723831958,76.78643937421636,5,0,4.0
RET-000439,ORD-000196,2023-11-25,CUST-01938,PROD-0187,Beauty,Defective,1954.553682217888,83.00825485344893,24,0,5.0
RET-000440,ORD-005085,2023-03-03,CUST-01822,PROD-0224,Electronics,Changed Mind,1379.4162907429204,7.205874541669177,17,1,3.0
RET-000441,ORD-008077,2022-12-11,CUST-00364,PROD-0489,Beauty,Wrong Item,1854.808486760788,46.22806570559666,9,0,2.0
RET-000442,ORD-007348,2023-08-01,CUST-00602,PROD-0479,Clothing,Wrong Item,1905.71198671956,7.2248686114823935,24,0,2.0
RET-000443,ORD-003665,2023-01-04,CUST-01782,PROD-0389,Clothing,Changed Mind,554.9578114441147,94.21271477041438,5,0,5.0
RET-000444,ORD-007062,2023-05-09,CUST-01669,PROD-0001,Home,Size Issue,1639.4965251012575,84.55626364707217,11,0,5.0
RET-000445,ORD-004238,2023-07-06,CUST-01075,PROD-0006,Clothing,Not as Described,1203.8267082512155,6.138988034001769,3,1,2.0
RET-000446,ORD-007680,2023-08-31,CUST-01706,PROD-0305,Home,Changed Mind,800.6650479047302,61.04142104183757,1,1,4.0
RET-000447,ORD-002123,2022-07-10,CUST-01456,PROD-0014,Clothing,Changed Mind,1629.9425423564394,79.35864235533145,21,0,3.0
RET-000448,ORD-003772,2023-05-23,CUST-01729,PROD-0146,Clothing,Size Issue,243.94948215787585,20.822231782700406,7,1,1.0
RET-000449,ORD-002687,2022-07-12,CUST-00679,PROD-0208,Home,Size Issue,451.92596400034563,94.44029831602566,14,1,4.0
RET-000450,ORD-006455,2024-01-17,CUST-01997,PROD-0277,Electronics,Size Issue,1591.7257135173786,98.02902627034167,28,0,5.0
RET-000451,ORD-000861,2022-06-13,CUST-01641,PROD-0331,Electronics,Changed Mind,786.0221282801268,33.33862670933738,29,1,1.0
RET-000452,ORD-000325,2022-12-07,CUST-00454,PROD-0004,Electronics,Wrong Item,789.1823838141577,93.83444867260174,11,0,5.0
RET-000453,ORD-007236,2023-10-27,CUST-01218,PROD-0062,Beauty,Size Issue,1215.1733658165767,26.469502340251218,6,1,2.0
RET-000454,ORD-002987,2024-04-01,CUST-00999,PROD-0266,Home,Changed Mind,1357.2741991932483,96.09374611310439,24,0,3.0
RET-000455,ORD-008039,2024-02-16,CUST-00436,PROD-0148,Beauty,Defective,1133.1342527378713,51.40245806597103,15,1,3.0
RET-000456,ORD-000635,2022-06-25,CUST-01143,,Home,Defective,481.1550316287296,19.15096956234671,27,0,2.0
RET-000457,ORD-006150,2022-09-30,CUST-00475,PROD-0335,Home,Defective,1145.6779809125378,22.460934633672526,7,0,3.0
RET-000458,ORD-004233,2024-01-28,CUST-00960,PROD-0217,Beauty,Wrong Item,1901.2644648618657,59.0135466845656,26,0,3.0
RET-000459,ORD-005719,2022-10-01,CUST-00499,PROD-0398,Home,Wrong Item,286.1947274598562,78.67639423525534,9,0,4.0
RET-000460,ORD-009561,2023-01-12,CUST-00843,PROD-0251,Electronics,Changed Mind,1942.8726310168734,17.535895728542172,13,1,5.0
RET-000461,ORD-007117,2024-02-10,CUST-01568,PROD-0378,Home,Wrong Item,1373.839466555291,23.881102301313472,22,0,1.0
RET-000462,ORD-003278,2022-10-14,CUST-01181,PROD-0489,Home,Size Issue,416.8542463842042,6.577709510302299,26,0,4.0
RET-000463,ORD-006737,2024-01-07,CUST-01373,PROD-0004,Electronics,Changed Mind,1002.2815532113091,28.92409198329008,22,0,5.0
RET-000464,ORD-001245,2023-04-05,CUST-01868,PROD-0475,Clothing,Defective,1891.1258235956911,34.0948438683242,12,0,2.0
RET-000465,ORD-005733,2023-02-16,CUST-00690,PROD-0258,Beauty,Wrong Item,118.66480332571135,26.676251528636563,20,0,5.0
RET-000466,,2023-11-19,CUST-01796,PROD-0292,Home,Not as Described,1350.8373414408302,82.15454529423096,15,0,5.0
RET-000467,ORD-000538,2023-07-25,CUST-00128,PROD-0434,Clothing,Not as Described,1852.7138514950923,27.968021013246734,29,0,2.0
RET-000468,ORD-009101,2022-06-02,CUST-01645,PROD-0135,Beauty,Changed Mind,1648.5404651773526,99.9390502053557,14,1,5.0
RET-000469,ORD-008112,2023-06-26,CUST-00404,PROD-0448,Electronics,Defective,999.484175768185,30.719766303938478,4,0,5.0
RET-000470,ORD-000967,2024-01-29,CUST-00437,PROD-0024,Clothing,Wrong Item,319.751954717352,33.166270806146215,24,0,4.0
RET-000471,ORD-009190,2023-12-14,CUST-01712,PROD-0282,Electronics,Not as Described,926.2236267976374,96.81667235636226,2,0,1.0
RET-000472,ORD-003019,2022-10-08,CUST-00886,PROD-0039,Home,Size Issue,837.0249809209399,78.11696951977277,19,0,1.0
RET-000473,ORD-007027,2024-01-28,CUST-01331,PROD-0334,Electronics,Defective,1406.9427707906266,23.274874656496113,11,0,5.0
RET-000474,ORD-009430,2022-08-08,CUST-00300,PROD-0445,Home,Defective,1415.4275014193502,78.35913970086654,3,0,2.0
RET-000475,ORD-000866,2023-11-23,CUST-01469,PROD-0488,Home,Size Issue,1703.998925562712,6.350093656615785,29,0,3.0
RET-000476,ORD-005841,2023-09-15,CUST-01224,PROD-0481,Clothing,Not as Described,150.65891169698276,9.494325388808555,17,0,4.0
RET-000477,ORD-003572,2023-09-15,CUST-00800,PROD-0306,Clothing,Not as Described,1154.5175416453937,70.30638613623455,21,0,4.0
RET-000478,ORD-002868,2022-07-23,CUST-00140,PROD-0490,Home,Changed Mind,107.31591773737424,8.934787874489114,0,1,1.0
RET-000479,ORD-004669,2022-10-04,CUST-00315,PROD-0107,Home,Changed Mind,1180.3342224437843,22.20376814200601,2,0,1.0
RET-000480,ORD-004977,2023-06-25,CUST-01756,PROD-0356,Beauty,Not as Described,1302.234194034093,32.62397788359777,7,1,5.0
RET-000481,ORD-001503,2023-12-16,CUST-01080,PROD-0244,Home,Defective,582.1201845027595,54.3726776236346,17,0,5.0
RET-000482,ORD-002636,2022-06-05,CUST-00170,PROD-0462,Electronics,Not as Described,526.3572180468594,60.593879180285214,10,1,1.0
RET-000483,ORD-000915,2022-08-29,CUST-01311,PROD-0066,Beauty,Changed Mind,1647.1327210124173,94.22869266494939,14,0,2.0
RET-000484,ORD-000196,2023-09-25,CUST-00620,PROD-0492,Electronics,Changed Mind,846.9344217674261,64.57720347747016,29,0,4.0
RET-000485,ORD-004873,2023-10-22,CUST-00737,PROD-0066,Clothing,Defective,1410.231128944903,12.750112633063893,29,1,5.0
RET-000486,ORD-009668,2022-10-22,CUST-01736,PROD-0008,Electronics,Wrong Item,863.631610661386,53.4682053231103,29,0,2.0
RET-000487,ORD-009640,2022-08-30,CUST-01938,PROD-0437,Electronics,Defective,165.87370153707053,94.79776285692837,16,0,5.0
RET-000488,ORD-007668,2022-12-29,CUST-00832,,Electronics,Defective,1733.463508574094,95.57705760106934,14,0,5.0
RET-000489,ORD-006640,2023-03-11,CUST-00652,PROD-0161,Electronics,Defective,1641.6631289060463,97.25976672909765,7,0,1.0
RET-000490,ORD-005311,2024-03-04,CUST-01442,PROD-0035,Electronics,Defective,1952.1037698710932,96.43317634573377,8,0,1.0
RET-000491,ORD-004418,2023-10-11,CUST-00851,PROD-0410,Electronics,Size Issue,1179.2772680453234,25.432980051571676,6,1,1.0
RET-000492,ORD-000882,2022-06-16,CUST-00134,PROD-0102,Clothing,Defective,1991.857786079365,97.52369213836857,5,0,3.0
RET-000493,ORD-001485,2023-10-24,CUST-01123,PROD-0164,Beauty,Defective,1273.4676963199256,37.85514674918446,11,0,5.0
RET-000494,ORD-008792,2023-03-30,CUST-00138,PROD-0191,Electronics,Defective,1969.5005820463455,80.3478779383347,28,0,5.0
RET-000495,ORD-007408,2024-01-15,CUST-01335,PROD-0325,Home,Size Issue,503.39364919847486,68.07518265848225,4,0,1.0
RET-000496,ORD-001690,2023-10-22,CUST-00916,PROD-0317,Home,Not as Described,994.9607003023995,54.5645362255045,0,0,3.0
RET-000497,ORD-002365,2022-09-14,CUST-00337,PROD-0491,Beauty,Defective,763.8793686207101,38.1333431019024,22,0,4.0
RET-000498,ORD-007838,2022-07-07,CUST-01561,PROD-0145,Home,Not as Described,173.85485252250217,5.999119233565409,10,1,4.0
RET-000499,ORD-008387,2023-06-23,CUST-00276,PROD-0283,Beauty,Defective,672.9129375568767,81.54041317156467,29,0,4.0
RET-000500,ORD-000197,2023-09-09,CUST-00450,PROD-0458,Clothing,Size Issue,1723.8972951098617,49.63356780425309,25,0,1.0
RET-000501,ORD-002397,2024-01-10,CUST-00347,,Beauty,Defective,1967.2599491715516,89.72106518923657,6,1,
RET-000502,ORD-000315,2024-01-18,CUST-00187,PROD-0008,Home,Wrong Item,961.1859090254469,93.9601972878525,9,0,1.0
RET-000503,ORD-009738,2023-10-23,CUST-00805,PROD-0103,Home,Not as Described,1157.7989986810628,41.4562950392079,29,0,2.0
RET-000504,ORD-006494,2022-11-14,CUST-01255,PROD-0166,Beauty,Defective,688.1613833598938,29.34809916407056,27,0,4.0
RET-000505,ORD-000256,2024-01-29,CUST-01730,PROD-0010,Electronics,Defective,56.36889932158706,12.68996287076919,18,0,1.0
RET-000506,ORD-001592,2023-05-21,CUST-01852,PROD-0178,Electronics,Not as Described,29.34859548523665,93.34298364613385,21,0,4.0
RET-000507,ORD-005554,2024-02-05,CUST-00747,PROD-0305,Home,Not as Described,236.18700541867582,95.3331722993975,20,1,5.0
RET-000508,ORD-007584,2022-11-22,CUST-01552,PROD-0324,Clothing,Defective,791.9464957324502,72.8749181562389,11,0,2.0
RET-000509,ORD-002565,2023-09-09,CUST-01429,PROD-0024,Electronics,Defective,789.7724934412297,55.135145350741986,22,1,5.0
RET-000510,ORD-009197,2022-08-12,CUST-00746,PROD-0214,Home,Changed Mind,986.3725371351885,9.66189067106773,6,0,3.0
RET-000511,ORD-006311,2023-02-26,CUST-00525,PROD-0275,Home,Wrong Item,1578.9642425109446,97.39052724675167,15,0,3.0
RET-000512,ORD-002548,2024-04-26,CUST-01962,PROD-0069,Beauty,Wrong Item,1484.0150121456209,6.363247000357564,22,0,5.0
RET-000513,ORD-005267,2024-04-02,CUST-00891,PROD-0022,Beauty,Size Issue,1917.4409390091616,73.59653204248838,29,1,1.0
RET-000514,ORD-006918,2023-12-23,CUST-01350,PROD-0052,Beauty,Changed Mind,632.8070385325324,48.92577053443981,12,0,4.0
RET-000515,ORD-006468,2022-10-04,CUST-01279,PROD-0143,Home,Wrong Item,1660.6729149057157,81.29249576023783,19,0,5.0
RET-000516,ORD-003040,2022-08-10,CUST-01370,PROD-0272,Beauty,Not as Described,1358.1099382578136,24.634805844569495,14,0,3.0
RET-000517,ORD-002258,2024-01-20,CUST-00944,PROD-0044,Clothing,Not as Described,1184.5223461477267,13.175405722264433,8,0,5.0
RET-000518,ORD-009518,2023-09-06,CUST-00765,PROD-0055,Home,Wrong Item,628.864795217585,99.47981224048182,4,0,5.0
RET-000519,ORD-000637,2023-07-09,CUST-01561,PROD-0412,Beauty,Size Issue,942.2772536908143,85.49635866950436,4,1,1.0
RET-000520,ORD-000685,2022-07-04,CUST-01159,PROD-0437,Clothing,Not as Described,1170.1884361463724,12.282474578027426,17,0,3.0
RET-000521,ORD-003938,2024-03-11,CUST-00210,PROD-0270,Home,Changed Mind,454.7281842110977,50.840009413062404,3,0,1.0
RET-000522,ORD-002734,2022-12-29,CUST-00533,PROD-0144,Home,Defective,1052.9285891017983,15.680082320462208,22,0,1.0
RET-000523,ORD-001077,2022-09-29,CUST-01434,PROD-0449,Beauty,Size Issue,1570.636746031336,76.76349429974992,29,0,4.0
RET-000524,ORD-004328,2023-09-28,CUST-01961,PROD-0356,Clothing,Defective,1492.6840338003399,89.16945063557621,11,0,3.0
RET-000525,ORD-000058,2022-07-12,CUST-01382,PROD-0224,Home,Defective,1761.3071706525336,91.82567983918257,26,0,1.0
RET-000526,ORD-000403,2023-12-04,CUST-01171,PROD-0218,Electronics,Size Issue,317.03686801224916,39.52266389196556,12,0,3.0
RET-000527,ORD-007605,2022-11-30,CUST-00078,PROD-0037,Beauty,Defective,1552.5464513549553,60.621139248578494,19,0,
RET-000528,ORD-002143,2023-11-04,CUST-01259,PROD-0423,Electronics,Size Issue,1788.0359855179433,99.64727759767942,27,1,2.0
RET-000529,ORD-003147,2023-11-08,CUST-01421,PROD-0397,Electronics,Wrong Item,1608.9337456687283,28.7951809196897,14,1,2.0
RET-000530,ORD-005750,,CUST-01700,PROD-0409,Beauty,Changed Mind,188.4638827117114,98.40335946010416,24,0,4.0
RET-000531,,,CUST-01318,PROD-0128,Beauty,Not as Described,717.2390070761185,38.81527444022598,18,0,3.0
RET-000532,ORD-008574,2023-10-11,CUST-01440,PROD-0296,Home,Changed Mind,1693.05049825128,93.01434726972454,22,0,2.0
RET-000533,ORD-004166,2022-07-19,CUST-01103,PROD-0452,Home,Defective,1876.0168897222363,38.25511298759303,25,0,1.0
RET-000534,ORD-009149,2024-01-14,CUST-01474,PROD-0028,Home,Changed Mind,912.9160335609154,3.5095792385068103,2,0,1.0
RET-000535,ORD-006101,2022-10-23,CUST-01102,PROD-0177,Beauty,Changed Mind,1401.1825821822338,51.80293869270323,8,0,2.0
RET-000536,ORD-003919,2023-02-11,CUST-00146,PROD-0174,Electronics,Changed Mind,349.1038824034655,21.237819975563877,4,0,2.0
RET-000537,ORD-005608,2022-07-02,CUST-00845,PROD-0173,Beauty,Wrong Item,758.7801902823984,77.86566676590107,25,0,2.0
RET-000538,ORD-006465,2023-08-19,CUST-01462,PROD-0376,Beauty,Defective,987.2518624675914,67.5924057007462,19,0,4.0
RET-000539,ORD-003932,2023-06-16,CUST-01804,PROD-0271,Beauty,Not as Described,1407.473873024471,17.622103311054495,13,0,4.0
RET-000540,ORD-004656,2023-10-04,CUST-01074,PROD-0398,Electronics,Not as Described,1893.4694278960997,79.05606838554459,14,0,4.0
RET-000541,ORD-006987,2023-06-30,CUST-00696,PROD-0330,Beauty,Not as Described,1992.6678835925654,1.2402537164802885,8,0,3.0
RET-000542,ORD-009200,2024-03-02,CUST-01734,PROD-0131,Beauty,Not as Described,58.356052946181435,7.598773318747886,25,0,2.0
RET-000543,ORD-000011,2024-03-09,CUST-00175,PROD-0180,Clothing,Not as Described,1791.3889774784188,35.72882187190347,2,0,1.0
RET-000544,ORD-009223,2023-12-19,CUST-00596,PROD-0105,Home,Not as Described,319.55342099427094,66.91168357339217,17,0,1.0
RET-000545,ORD-003591,2022-10-16,CUST-00330,PROD-0032,Home,Changed Mind,170.92827472820284,22.25752061124313,13,1,3.0
RET-000546,ORD-004605,2022-09-12,CUST-01370,PROD-0345,Beauty,Wrong Item,1785.585791419499,36.7962838437317,3,0,4.0
RET-000547,ORD-001472,2023-01-21,CUST-01343,PROD-0453,Clothing,Not as Described,595.20401742153,97.53110732423353,11,1,1.0
RET-000548,ORD-007728,2024-03-08,CUST-01866,PROD-0163,Home,Wrong Item,1111.4531077749014,2.1548804086202744,17,0,2.0
RET-000549,ORD-002804,2023-12-28,CUST-00911,PROD-0073,Electronics,Defective,739.7257030934319,74.8758996911268,29,1,5.0
RET-000550,ORD-005132,2023-08-23,CUST-01700,PROD-0441,Clothing,Size Issue,1401.769958477447,25.54429370911018,26,0,3.0
RET-000551,ORD-007242,2023-01-26,CUST-01330,PROD-0152,Clothing,Not as Described,1272.651128660982,50.621187391405456,22,0,4.0
RET-000552,ORD-004382,2022-08-26,CUST-00742,PROD-0088,Beauty,Defective,1508.0265681407584,92.75608702914401,11,1,2.0
RET-000553,ORD-008214,2022-12-07,CUST-00402,,Clothing,Size Issue,1092.7025597791278,62.817621882383,11,0,2.0
RET-000554,ORD-004233,2023-10-20,CUST-01320,PROD-0464,Clothing,Size Issue,1042.498317273047,63.53422707387707,22,1,2.0
RET-000555,ORD-000412,2022-12-01,CUST-00351,PROD-0177,Beauty,Changed Mind,1344.5283071563094,16.13352375918724,14,0,2.0
RET-000556,ORD-006966,2023-05-11,CUST-01202,PROD-0058,Electronics,Changed Mind,452.19122690030065,54.00379273043357,16,1,3.0
RET-000557,ORD-008098,,CUST-01291,PROD-0215,Clothing,Defective,604.6578944884233,79.29716266556852,12,1,2.0
RET-000558,ORD-009879,2023-04-25,CUST-00581,PROD-0221,Clothing,Not as Described,1316.6778535900442,25.169506280770058,9,0,5.0
RET-000559,ORD-002439,2023-10-14,CUST-01364,PROD-0465,Home,Size Issue,1717.7782928202778,98.13489697053957,0,0,5.0
RET-000560,ORD-004744,2022-12-28,CUST-01941,,Electronics,Not as Described,1418.693177010517,47.729211410237774,15,1,4.0
RET-000561,ORD-004493,2023-02-08,CUST-00210,PROD-0276,Home,Changed Mind,144.13482893679537,93.55950193746324,29,0,1.0
RET-000562,ORD-003296,2023-08-03,CUST-00928,PROD-0477,Beauty,Wrong Item,1876.47564054595,34.60020439225718,25,0,1.0
RET-000563,ORD-007406,2023-01-13,CUST-00173,PROD-0430,Clothing,Changed Mind,1591.9793240239258,80.40685896115176,16,0,2.0
RET-000564,ORD-007476,2022-07-17,CUST-01429,PROD-0350,Beauty,Wrong Item,318.33376383764147,45.059571811485135,2,0,2.0
RET-000565,ORD-006249,2022-09-13,CUST-00791,PROD-0068,Electronics,Defective,1689.7664169712486,70.29474824335422,11,1,3.0
RET-000566,ORD-004842,2023-03-06,CUST-01523,PROD-0480,Clothing,Not as Described,1452.6223748031764,85.22706615485404,20,0,5.0
RET-000567,ORD-003116,2024-04-23,CUST-00334,PROD-0315,BEAUTY,Defective,1757.5399724615163,87.34277187531093,25,0,2.0
RET-000568,ORD-005836,2023-10-17,CUST-01704,PROD-0183,Clothing,Not as Described,762.5564894078115,63.99565780878811,24,0,4.0
RET-000569,ORD-009293,2022-06-15,CUST-01164,PROD-0240,Clothing,Changed Mind,1527.5125202426157,98.19643309504823,8,1,5.0
RET-000570,ORD-003705,2023-01-11,CUST-01989,PROD-0069,Clothing,Size Issue,317.2626745180391,78.20580136644692,25,0,2.0
RET-000571,ORD-004925,2022-07-30,CUST-01316,PROD-0008,Electronics,Not as Described,1781.737529864358,95.80350606588863,29,0,2.0
RET-000572,ORD-001679,2023-07-02,CUST-00399,PROD-0297,Electronics,Defective,845.8759470213055,20.300198787056278,1,0,3.0
RET-000573,ORD-001626,2023-02-04,CUST-01699,PROD-0063,Electronics,Size Issue,1601.4018228162872,353.47674878003795,24,0,1.0
RET-000574,ORD-009646,2023-07-12,CUST-00867,PROD-0292,Electronics,Wrong Item,501.87404124415076,63.872610683634925,16,0,
RET-000575,ORD-004411,2022-09-04,CUST-01184,PROD-0006,Electronics,Not as Described,42.72289298657144,91.02218934748983,24,1,3.0
RET-000576,ORD-007694,2023-10-27,CUST-00430,PROD-0419,Home,Size Issue,749.6725372577539,31.379053779737966,2,0,3.0
RET-000577,ORD-009631,2023-03-22,CUST-01746,PROD-0369,Beauty,Wrong Item,1963.4716037424703,48.68825520544912,25,0,5.0
RET-000578,ORD-003553,2023-10-05,CUST-01723,,Clothing,Not as Described,1976.1381491970253,39.0027644758174,9,0,2.0
RET-000579,ORD-008348,2023-12-30,CUST-00942,PROD-0269,Home,Wrong Item,1794.9305677477196,32.09817397082959,0,1,3.0
RET-000580,ORD-002293,2023-05-20,CUST-00646,PROD-0428,Beauty,Not as Described,632.3098657801637,49.816661079533084,16,0,2.0
RET-000581,ORD-009410,2024-03-25,CUST-01948,PROD-0345,Clothing,Not as Described,1260.0190393484067,50.933895863702524,2,0,5.0
RET-000582,ORD-002567,2023-06-06,CUST-00998,PROD-0219,Beauty,Size Issue,412.80835925543215,64.96033577924867,24,0,1.0
RET-000583,ORD-006216,2023-08-26,CUST-01456,PROD-0278,Home,Wrong Item,1443.5606875026035,70.84539823442762,21,0,2.0
RET-000584,ORD-002847,2023-10-14,CUST-00320,PROD-0063,Clothing,Size Issue,1299.1688665231968,47.77774607262306,12,0,4.0
RET-000585,ORD-002405,2022-07-03,CUST-01956,PROD-0355,Home,Wrong Item,1501.1479840054997,89.71018009870654,20,0,2.0
RET-000586,ORD-004889,2023-05-27,CUST-00457,PROD-0051,Beauty,Wrong Item,1144.4378247284142,61.56525042440316,8,0,4.0
RET-000587,ORD-006589,2023-01-22,CUST-00240,PROD-0061,Clothing,Changed Mind,1320.9584871585125,96.1656431323429,12,1,1.0
RET-000588,ORD-008313,2022-09-11,CUST-01779,PROD-0262,Beauty,Defective,1812.4109349552061,33.93345465666317,13,0,1.0
RET-000589,ORD-007552,2022-10-10,CUST-00009,PROD-0309,Home,Defective,852.0267368931629,4.409621033247124,25,0,1.0
RET-000590,ORD-009414,2023-05-23,CUST-01217,PROD-0486,Clothing,Size Issue,1506.8063656510246,3.7731976502503817,2,0,4.0
RET-000591,ORD-001396,2022-12-07,CUST-01897,PROD-0104,Home,Changed Mind,1469.9842196849895,72.41807186935287,11,1,4.0
RET-000592,ORD-003209,2023-06-06,CUST-01766,PROD-0148,Clothing,Not as Described,182.94381967328883,8.812030495522439,2,0,1.0
RET-000593,ORD-009223,2023-05-23,CUST-00807,PROD-0026,Electronics,Size Issue,1769.0030026825893,40.37284267624977,22,0,1.0
RET-000594,ORD-001287,2023-12-16,CUST-00437,PROD-0021,Electronics,Defective,191.1786780865282,80.69093328841262,15,0,3.0
RET-000595,ORD-008231,2023-10-29,CUST-00151,PROD-0125,Beauty,Defective,817.0057614049342,74.56663459052957,16,0,5.0
RET-000596,ORD-005511,2023-05-04,CUST-00359,PROD-0368,Electronics,Wrong Item,197.40140785799588,28.303921152656862,12,0,2.0
RET-000597,ORD-004226,2023-05-03,CUST-00352,PROD-0140,Beauty,Wrong Item,483.5299851071257,75.52728617039894,9,0,2.0
RET-000598,ORD-001029,2022-10-18,CUST-00443,PROD-0018,Beauty,Not as Described,95.62627654173005,83.67249460764552,4,0,1.0
RET-000599,ORD-000174,2024-03-03,CUST-01285,PROD-0110,Home,Not as Described,1614.9476035028908,69.7335643475055,0,0,3.0
RET-000600,ORD-002249,2022-06-23,CUST-00864,PROD-0087,Electronics,Wrong Item,285.07177155227737,65.1148598754692,21,0,2.0
RET-000601,ORD-002106,2023-10-14,CUST-01221,PROD-0097,Beauty,Wrong Item,1730.6174825684566,15.541652287959051,1,0,1.0
RET-000602,ORD-005732,2022-07-28,CUST-01816,,Home,Changed Mind,89.3845580018402,32.46021089047064,14,0,5.0
RET-000603,ORD-003938,2022-12-16,CUST-00809,PROD-0469,Clothing,Size Issue,1392.8034849192757,51.567091859452354,13,0,5.0
RET-000604,ORD-008331,2024-04-06,CUST-00519,PROD-0488,Clothing,Size Issue,731.2980810567747,97.18456211543584,25,0,2.0
RET-000605,ORD-002472,2022-06-30,CUST-00533,PROD-0275,Beauty,Size Issue,895.3696574345164,77.62665715937989,8,0,2.0
RET-000606,ORD-009037,2022-08-28,CUST-01756,PROD-0483,Electronics,Changed Mind,1183.1096165273968,24.53354696664909,25,0,5.0
RET-000607,ORD-004247,2023-09-26,CUST-01002,PROD-0344,Home,Changed Mind,796.5458966340243,33.690884579746424,22,0,2.0
RET-000608,ORD-005145,2022-08-25,CUST-00099,PROD-0440,Beauty,Changed Mind,1438.3585806537033,72.6638565829614,29,1,2.0
RET-000609,ORD-003506,2023-10-19,CUST-00654,PROD-0123,Beauty,Defective,1926.6700329844514,74.43128199718615,3,0,5.0
RET-000610,ORD-005462,2024-02-14,CUST-01636,PROD-0034,Clothing,Not as Described,339.45820840293834,14.30268355208315,7,0,3.0
RET-000611,ORD-000170,2023-08-14,CUST-01950,PROD-0205,Beauty,Not as Described,1129.5343621960408,66.83817676761859,24,0,3.0
RET-000612,ORD-000134,2022-12-12,CUST-00052,PROD-0032,Electronics,Size Issue,1324.570689415221,66.12848013724485,8,0,4.0
RET-000613,ORD-007736,,CUST-01282,PROD-0442,Clothing,Changed Mind,834.4078589392872,62.607642363415216,22,0,1.0
RET-000614,ORD-002402,2022-06-17,CUST-00486,PROD-0124,Beauty,Size Issue,306.52650339832496,36.784184428173496,22,0,5.0
RET-000615,ORD-004583,2023-06-30,CUST-01827,PROD-0115,Home,Changed Mind,610.6830547681773,23.861218209543754,7,1,4.0
RET-000616,ORD-000084,2023-07-31,CUST-01511,,Beauty,Wrong Item,1574.389505516098,71.95478168742069,25,0,2.0
RET-000617,ORD-008409,2023-09-26,CUST-00138,PROD-0185,Beauty,Wrong Item,1863.5221839182873,38.775704179284766,27,1,2.0
RET-000618,ORD-004656,2024-02-24,CUST-00919,PROD-0341,Electronics,Not as Described,967.4382212315959,63.458546513545144,26,0,1.0
RET-000619,ORD-000362,2024-03-31,CUST-00015,PROD-0418,Home,Defective,1313.667619248595,91.04759567491773,9,0,5.0
RET-000620,ORD-005975,2023-11-28,CUST-00718,PROD-0227,Clothing,Wrong Item,179.73852333455613,98.93102423071804,28,0,3.0
RET-000621,ORD-005018,,CUST-01236,PROD-0093,Clothing,Size Issue,1027.0270841910756,24.968214042957705,24,0,2.0
RET-000622,ORD-000343,2023-08-18,CUST-01479,,Clothing,Not as Described,960.7946006897531,73.3696288082832,17,0,2.0
RET-000623,ORD-007766,2023-05-05,CUST-01129,PROD-0476,Clothing,Wrong Item,1453.063038682523,71.39686398299806,17,0,4.0
RET-000624,ORD-008771,2022-12-17,CUST-00974,PROD-0069,Electronics,Wrong Item,821.0170325433076,99.60110705595253,12,0,4.0
RET-000625,ORD-001896,2023-02-20,CUST-01723,PROD-0190,Electronics,Not as Described,671.7208304924467,40.67354489129804,20,0,3.0
RET-000626,ORD-001598,2023-07-02,CUST-00738,PROD-0190,Home,Not as Described,1844.6914994219828,64.30528595319768,20,0,1.0
RET-000627,ORD-005836,2023-01-05,CUST-00141,PROD-0161,Clothing,Changed Mind,81.32297018777842,85.21111095021513,17,0,5.0
RET-000628,ORD-003422,2023-02-03,CUST-00948,PROD-0144,Home,Size Issue,1094.4989429454179,19.827421107013244,8,0,1.0
RET-000629,ORD-009265,2023-01-01,CUST-01691,PROD-0411,Home,Size Issue,349.31892092195113,0.3600207437243652,2,0,2.0
RET-000630,ORD-001271,2022-08-03,CUST-00813,PROD-0469,Home,Size Issue,1872.1150821111908,37.259595087890105,16,0,2.0
RET-000631,ORD-003494,2023-02-06,CUST-01584,PROD-0483,Beauty,Changed Mind,1903.7372026063426,84.47368523093384,15,1,2.0
RET-000632,ORD-003584,2023-03-19,CUST-01445,PROD-0488,Clothing,Defective,56.53110435625983,60.982788395113765,22,0,5.0
RET-000633,ORD-009201,2024-04-01,CUST-00715,PROD-0241,Home,Size Issue,873.9295238101499,77.71284200680607,3,0,2.0
RET-000634,ORD-005792,2023-05-12,CUST-01068,PROD-0177,Clothing,Changed Mind,485.40031655845877,42.06513174454515,0,1,3.0
RET-000635,ORD-005086,2022-10-13,CUST-00786,PROD-0334,Home,Size Issue,1215.226436286273,29.054454265179153,25,0,2.0
RET-000636,ORD-000443,2023-04-22,CUST-01884,PROD-0163,Beauty,Size Issue,1104.3192050859361,34.102659388601275,12,0,5.0
RET-000637,ORD-001008,2023-12-01,CUST-00326,PROD-0226,Electronics,Wrong Item,352.21938292488784,90.74314533372,3,0,3.0
RET-000638,ORD-005942,2023-10-18,CUST-00003,PROD-0488,Clothing,Defective,1746.1761933356222,78.27364743501334,21,0,2.0
RET-000639,ORD-000263,2023-03-03,CUST-01167,PROD-0242,Clothing,Changed Mind,1838.271142659625,8.910438569896606,25,0,5.0
RET-000640,ORD-001246,2024-02-27,CUST-00666,PROD-0252,Beauty,Wrong Item,839.7261545307259,32.36675917532723,3,0,2.0
RET-000641,ORD-007661,2022-09-03,CUST-00986,PROD-0133,Beauty,Not as Described,1052.8000313212974,34.38280667072194,24,0,4.0
RET-000642,ORD-007787,2022-08-17,CUST-01390,PROD-0250,Beauty,Wrong Item,1341.526044816912,48.558676675085934,8,0,2.0
RET-000643,ORD-005927,2024-02-21,CUST-01726,PROD-0098,Clothing,Changed Mind,606.8234386949573,21.413480742195535,5,1,2.0
RET-000644,ORD-009171,2023-04-27,CUST-01189,PROD-0332,Electronics,Wrong Item,1853.8592639742117,60.8904545534628,5,1,5.0
RET-000645,ORD-004338,2023-07-09,CUST-00173,PROD-0090,Beauty,Not as Described,1727.742080391296,94.16222593370208,8,0,2.0
RET-000646,ORD-007677,2024-03-12,CUST-01299,PROD-0071,Home,Changed Mind,1525.7387591295467,95.62165900619146,21,0,5.0
RET-000647,ORD-009177,2023-06-15,CUST-00420,PROD-0124,Electronics,Size Issue,975.488020511773,25.09677165485241,22,0,2.0
RET-000648,ORD-003731,2022-06-07,CUST-01267,PROD-0324,Beauty,Defective,596.8630356023278,25.933130870854804,11,0,3.0
RET-000649,ORD-004551,2023-02-21,CUST-01041,PROD-0459,Clothing,Defective,594.8508700939616,10.473917710859437,22,1,2.0
RET-000650,ORD-006697,2022-10-29,CUST-01047,PROD-0233,Clothing,Wrong Item,1319.1988473825647,62.130127084618735,16,1,4.0
RET-000651,ORD-003038,2023-11-16,CUST-00484,PROD-0468,Clothing,Not as Described,249.2473158527643,68.72565633100491,29,0,4.0
RET-000652,ORD-000960,,CUST-00153,PROD-0162,Home,Changed Mind,1008.7640792847517,78.90182161697132,5,0,1.0
RET-000653,ORD-005399,2023-09-13,CUST-00117,PROD-0408,Home,Size Issue,1840.4050702190123,81.144244199018,23,0,2.0
RET-000654,ORD-003112,2023-12-27,CUST-00514,PROD-0230,Beauty,Size Issue,500.54823735237284,29.85415355206299,4,1,1.0
RET-000655,ORD-007438,,CUST-00241,PROD-0398,Beauty,Not as Described,962.95557264576,97.29662817045079,13,0,5.0
RET-000656,ORD-001572,2023-04-15,CUST-00284,PROD-0399,Home,Wrong Item,1477.5353096398285,83.86135316938572,12,0,1.0
RET-000657,ORD-001563,2022-07-20,CUST-01135,PROD-0034,Clothing,Changed Mind,1662.6874715474976,54.765900130105,10,0,5.0
RET-000658,ORD-006081,2023-02-11,CUST-01930,PROD-0010,Clothing,Not as Described,1029.055247287034,41.1349199117463,16,0,5.0
RET-000659,ORD-007814,2023-02-20,CUST-00360,PROD-0309,Electronics,Wrong Item,763.2318010390226,66.34311079874637,8,0,5.0
RET-000660,ORD-002569,2023-06-26,CUST-00604,PROD-0106,Home,Wrong Item,159.79574568594705,98.3322791372895,21,1,
RET-000661,ORD-003731,2023-09-22,CUST-00837,PROD-0034,Home,Wrong Item,1868.4685471115972,8.232578731474682,2,0,3.0
RET-000662,ORD-000051,2023-02-21,CUST-00774,PROD-0297,Electronics,Not as Described,579.3722035722825,5.859853902594015,11,0,2.0
RET-000663,ORD-008569,2022-12-11,CUST-01600,PROD-0431,Electronics,Changed Mind,721.0973867823392,39.09253149742092,24,1,4.0
RET-000664,ORD-000229,2024-02-18,CUST-00965,PROD-0378,Home,Defective,1078.6374179766349,68.70433693956711,24,0,3.0
RET-000665,ORD-000472,2023-11-19,CUST-01881,PROD-0090,Electronics,Changed Mind,1851.1540165983492,30.27978672632531,21,0,
RET-000666,ORD-009770,2022-10-17,CUST-01031,PROD-0317,Electronics,Not as Described,840.0673881925406,274.36704264010024,13,0,2.0
RET-000667,ORD-009634,2023-09-25,CUST-00209,PROD-0008,Clothing,Changed Mind,195.1883515186801,87.19588324964471,12,0,5.0
RET-000668,ORD-000009,2022-10-21,CUST-00527,PROD-0240,Beauty,Wrong Item,1833.818244024508,61.33401335895999,23,0,5.0
RET-000669,ORD-004864,2022-06-28,CUST-01270,PROD-0088,Clothing,Defective,1974.2996944116792,86.71591421843823,23,0,5.0
RET-000670,ORD-006165,2024-01-03,CUST-01147,PROD-0061,Clothing,Wrong Item,1259.9361238283816,73.220779870884,8,0,4.0
RET-000671,ORD-005133,2023-03-20,CUST-00233,PROD-0481,Clothing,Not as Described,1938.1294897920739,41.54287272168878,22,0,5.0
RET-000672,ORD-005649,2023-10-17,CUST-00483,PROD-0240,Beauty,Size Issue,1889.8571068335066,41.56371054153853,27,0,1.0
RET-000673,ORD-008721,2023-05-16,CUST-01288,PROD-0073,Electronics,Defective,1762.797032486717,89.38725267650503,0,0,4.0
RET-000674,ORD-005424,2022-12-19,CUST-01870,PROD-0481,Electronics,Defective,1777.5989238968596,86.61533329731937,11,1,3.0
RET-000675,ORD-004350,2023-04-21,CUST-01873,PROD-0071,Electronics,Not as Described,1378.3771713778497,21.326362223330342,15,0,1.0
RET-000676,ORD-001379,2023-01-14,CUST-00898,PROD-0244,Clothing,Changed Mind,714.0787092755319,92.28584913102361,21,0,4.0
RET-000677,ORD-004778,2024-02-02,CUST-00996,PROD-0270,Electronics,Not as Described,1882.9800001442616,12.421412009970023,5,0,2.0
RET-000678,ORD-007023,2023-08-23,CUST-00519,PROD-0495,Beauty,Size Issue,416.5265852131245,51.52159389484442,26,0,3.0
RET-000679,ORD-002069,2022-07-04,CUST-00587,PROD-0267,Home,Not as Described,1027.194840095191,45.64483682698627,3,0,1.0
RET-000680,ORD-004899,2022-08-03,CUST-00599,PROD-0144,Beauty,Size Issue,1477.4801552950748,4.608104570899352,5,1,4.0
RET-000681,ORD-006382,2023-03-17,CUST-01977,PROD-0247,Beauty,Wrong Item,778.9656824488937,96.04830887054106,20,0,5.0
RET-000682,ORD-001592,2023-03-25,CUST-00625,PROD-0310,Beauty,Not as Described,1851.4407049899698,88.6414198491046,23,0,3.0
RET-000683,ORD-009478,2023-08-01,CUST-01594,PROD-0493,Home,Defective,463.0053661659588,84.9849021801208,15,1,2.0
RET-000684,ORD-008819,2022-06-18,CUST-01753,PROD-0054,Electronics,Wrong Item,202.79563665724598,19.60924714774318,15,0,1.0
RET-000685,ORD-009068,2024-02-15,CUST-01226,PROD-0273,Clothing,Wrong Item,1185.25169833833,81.43267799144503,4,0,2.0
RET-000686,ORD-005945,2024-04-04,CUST-01018,PROD-0108,Home,Defective,1967.7409523844376,57.08839715197362,24,0,2.0
RET-000687,ORD-004866,2022-10-15,CUST-00155,PROD-0387,Electronics,Changed Mind,671.6112228243305,80.12729833308056,28,0,3.0
RET-000688,ORD-006836,2022-07-01,CUST-00818,PROD-0237,Clothing,Defective,1213.1627202950515,26.26348194064073,29,0,2.0
RET-000689,ORD-005802,2023-04-21,CUST-00326,PROD-0120,Electronics,Changed Mind,1896.6265102889085,3.0668630789129847,28,0,3.0
RET-000690,,2022-09-25,CUST-01238,PROD-0035,Electronics,Size Issue,1920.9136858620213,46.537893880215066,21,0,5.0
RET-000691,ORD-007609,2024-02-28,CUST-00250,PROD-0026,Clothing,Wrong Item,382.7651301070759,49.93158280894773,3,0,3.0
RET-000692,ORD-004072,2024-04-23,CUST-00554,PROD-0201,Electronics,Changed Mind,1472.6551226789734,35.89629920798439,26,0,2.0
RET-000693,ORD-006679,2023-01-30,CUST-00196,PROD-0234,Clothing,Not as Described,1530.244009684489,79.04969857368975,22,1,4.0
RET-000694,ORD-005866,2023-11-12,CUST-00128,PROD-0310,Beauty,Wrong Item,514.7783818417333,64.02041565532768,27,0,2.0
RET-000695,ORD-003690,2024-01-31,CUST-00480,PROD-0250,Home,Changed Mind,1213.3783785620512,56.790998199689334,22,1,2.0
RET-000696,ORD-003604,2023-11-18,CUST-01828,PROD-0239,Clothing,Not as Described,545.8964539469921,77.58297218139924,29,1,3.0
RET-000697,ORD-003057,2022-12-03,CUST-01217,PROD-0289,Electronics,Size Issue,174.42849437612756,24.72198750804503,3,0,1.0
RET-000698,ORD-002803,2022-10-08,CUST-00125,PROD-0392,Beauty,Defective,1255.282638101191,10.839673673882777,7,0,5.0
RET-000699,ORD-000312,2023-10-07,CUST-00211,PROD-0404,Clothing,Wrong Item,1492.0535358588343,33.23047274760926,20,0,2.0
RET-000700,ORD-003490,2023-07-04,CUST-01405,PROD-0281,Home,Not as Described,817.601895863735,12.611301149606302,9,0,2.0
RET-000701,ORD-006223,2023-05-22,CUST-01842,PROD-0380,Electronics,Defective,376.82348965293374,31.6207530275727,20,0,1.0
RET-000702,ORD-002740,2023-11-29,CUST-01014,PROD-0018,Beauty,Not as Described,720.7093637134924,21.581486842961827,28,0,5.0
RET-000703,ORD-004512,2024-04-11,CUST-00941,PROD-0170,Electronics,Not as Described,1903.7024662253052,76.82570141589909,1,0,5.0
RET-000704,ORD-001450,2023-10-31,CUST-01148,PROD-0306,Beauty,Not as Described,1226.6138891841729,51.84579632730815,16,0,3.0
RET-000705,ORD-009434,2022-07-20,CUST-01284,PROD-0207,Beauty,Not as Described,800.2439775798756,33.72593793732368,25,0,5.0
RET-000706,ORD-007771,2023-01-30,CUST-01321,PROD-0475,Home,Not as Described,96.90613966082464,97.29781243757462,27,1,1.0
RET-000707,ORD-003251,2023-06-05,CUST-00895,PROD-0394,Home,Defective,194.80010934953262,64.91269533275339,17,0,5.0
RET-000708,ORD-001451,2023-08-21,CUST-01557,PROD-0261,Electronics,Wrong Item,989.7781182109803,32.951246407654075,5,0,4.0
RET-000709,ORD-000369,2023-07-10,CUST-01750,PROD-0040,Beauty,Changed Mind,1321.9714840643032,55.09163679919279,18,1,1.0
RET-000710,ORD-007145,2022-12-13,CUST-00859,PROD-0123,Beauty,Size Issue,96.60917760869309,40.52105219937297,22,0,3.0
RET-000711,ORD-001415,2022-10-19,CUST-00531,PROD-0415,Clothing,Wrong Item,567.8896742486533,51.81029742374592,16,0,4.0
RET-000712,ORD-006598,2022-07-14,CUST-01991,PROD-0133,Clothing,Changed Mind,350.491743418963,52.47020264000165,17,1,1.0
RET-000713,ORD-007332,2022-08-02,CUST-01894,PROD-0492,Beauty,Wrong Item,1142.945247409234,38.87422821092238,6,0,2.0
RET-000714,ORD-008486,2023-12-10,CUST-01025,PROD-0208,Home,Size Issue,1990.2544163913155,22.791930775152903,25,1,1.0
RET-000715,ORD-001603,2022-11-13,CUST-01638,PROD-0233,Home,Defective,1786.711289955385,22.336127735556254,29,0,2.0
RET-000716,ORD-004068,2023-07-18,CUST-01094,PROD-0416,Home,Changed Mind,309.97313554101214,24.290757541258078,15,0,2.0
RET-000717,ORD-002451,2023-04-21,CUST-00026,PROD-0207,Clothing,Size Issue,742.815140633468,8.397193589302542,11,0,4.0
RET-000718,ORD-008953,2023-08-09,CUST-00147,PROD-0180,Clothing,Wrong Item,636.867974767549,98.8532690299794,25,0,2.0
RET-000719,ORD-001044,2022-08-12,CUST-00564,PROD-0331,Home,Defective,1625.5209099856659,34.585928985943085,26,0,2.0
RET-000720,ORD-000316,2022-10-28,CUST-00564,PROD-0311,Home,Not as Described,927.7310091038386,16.22376432906316,15,0,1.0
RET-000721,,2022-11-13,CUST-00771,PROD-0485,Electronics,Changed Mind,1004.4708714329965,75.42432630285946,15,1,2.0
RET-000722,ORD-003166,2023-04-18,CUST-01842,PROD-0254,Clothing,Defective,1191.730149845279,28.553735003499558,21,0,3.0
RET-000723,ORD-002166,2024-01-23,CUST-01591,PROD-0238,Electronics,Size Issue,271.08555800512295,26.378940760683946,10,1,
RET-000724,ORD-009467,2023-08-14,CUST-00616,PROD-0434,Beauty,Changed Mind,152.23053176439527,34.64347931262479,2,0,4.0
RET-000725,ORD-007871,2022-07-03,CUST-00170,PROD-0356,Beauty,Changed Mind,1932.6623523884125,8.034264099344346,15,1,2.0
RET-000726,ORD-000675,2023-08-01,CUST-00534,PROD-0098,Electronics,Wrong Item,670.1225877274995,24.494366302936065,4,0,3.0
RET-000727,ORD-004401,2024-04-21,CUST-00369,PROD-0239,Electronics,Wrong Item,1109.7039284046457,62.96047345590252,3,0,4.0
RET-000728,ORD-000827,2023-07-21,CUST-00822,PROD-0456,Beauty,Size Issue,1784.1211080319022,59.54508755942102,11,1,1.0
RET-000729,ORD-006849,2023-12-07,CUST-00634,PROD-0281,Home,Size Issue,654.1429449515881,51.51779586548406,0,0,1.0
RET-000730,ORD-006263,2023-02-06,CUST-00017,PROD-0188,Clothing,Defective,1310.05217425271,90.50386107822955,22,0,1.0
RET-000731,ORD-009556,2024-02-02,CUST-00385,PROD-0486,Clothing,Changed Mind,708.9695281947567,64.78167051020216,27,0,5.0
RET-000732,ORD-008215,2022-09-27,CUST-01909,PROD-0081,Electronics,Not as Described,1313.4898778342913,37.91397141369024,7,1,1.0
RET-000733,ORD-005399,2022-07-29,CUST-00093,PROD-0159,Clothing,Size Issue,1962.9380127884453,53.68852533232881,26,1,3.0
RET-000734,ORD-006157,2023-08-20,CUST-00569,PROD-0172,Home,Wrong Item,1901.557508757893,10.673798397539302,3,0,3.0
RET-000735,ORD-005019,2023-04-14,CUST-00483,PROD-0014,Beauty,Wrong Item,1901.7076994867334,86.32731396376934,27,0,3.0
RET-000736,ORD-004174,2023-08-10,CUST-01822,PROD-0323,Beauty,Wrong Item,1914.036105864538,97.56488889908572,14,0,1.0
RET-000737,ORD-008586,2023-09-18,CUST-01489,PROD-0245,Electronics,Size Issue,1027.9878832554455,20.616173357458944,6,0,3.0
RET-000738,ORD-006318,2023-02-28,CUST-00292,PROD-0442,Electronics,Wrong Item,503.67140044473376,92.64477023750958,18,1,3.0
RET-000739,ORD-007058,2023-08-14,CUST-00377,PROD-0166,Electronics,Not as Described,763.4252770898394,99.19802593896165,5,0,3.0
RET-000740,ORD-009543,2023-04-03,CUST-00443,PROD-0465,Electronics,Not as Described,1711.2427530125558,20.14938946475454,18,0,4.0
RET-000741,ORD-009234,2022-10-27,CUST-00801,PROD-0291,Electronics,Size Issue,430.6891206990509,84.56084328082218,24,0,5.0
RET-000742,ORD-007727,2023-11-11,CUST-00158,PROD-0351,Clothing,Size Issue,1387.645768069911,49.61692250989385,23,0,2.0
RET-000743,ORD-008945,,CUST-01457,PROD-0146,Home,Defective,12.79043163234707,30.097482847979972,25,0,2.0
RET-000744,ORD-006347,2023-03-18,CUST-00723,PROD-0320,Home,Size Issue,1235.7375388255386,39.914011879371444,18,0,3.0
RET-000745,ORD-002464,2024-03-18,CUST-00120,PROD-0064,Home,Changed Mind,465.7176703788915,91.74208050918695,21,1,4.0
RET-000746,ORD-000985,2023-07-07,CUST-00629,PROD-0357,Beauty,Wrong Item,1720.957095532056,75.22745605497072,14,0,1.0
RET-000747,ORD-005831,2022-10-24,CUST-00425,PROD-0027,Beauty,Wrong Item,742.914730557387,89.13594816561834,18,0,5.0
RET-000748,ORD-008591,2024-02-20,CUST-00387,PROD-0365,Electronics,Size Issue,625.8456441976487,55.03385233452526,20,0,4.0
RET-000749,ORD-008239,2023-11-07,CUST-00691,PROD-0100,Clothing,Wrong Item,1001.8483532368472,2.4004622692074817,22,0,2.0
RET-000750,ORD-001248,2022-09-28,CUST-00869,PROD-0148,Home,Size Issue,1206.0360959375687,8.39132573906668,17,0,4.0
RET-000751,ORD-004547,2024-01-23,CUST-00317,PROD-0352,Clothing,Defective,70.88527313797547,44.622831050798794,14,1,2.0
RET-000752,ORD-000106,2024-04-13,CUST-01398,PROD-0280,Clothing,Defective,1247.647379680561,71.98743616623698,1,0,1.0
RET-000753,ORD-006649,2023-07-27,CUST-01108,PROD-0380,Home,Wrong Item,1496.0969905224954,33.62149896505582,2,1,5.0
RET-000754,ORD-001567,2022-10-03,CUST-00623,PROD-0278,Beauty,Changed Mind,1331.3903408203337,16.993905813404396,3,0,3.0
RET-000755,ORD-008943,2022-10-13,CUST-01889,PROD-0455,Clothing,Defective,479.8814451980894,39.713068665616625,17,1,4.0
RET-000756,ORD-008931,2024-04-21,CUST-01507,PROD-0005,Clothing,Wrong Item,1314.5442383447835,79.9743649184948,12,0,5.0
RET-000757,ORD-004491,2024-05-01,CUST-01420,PROD-0242,Beauty,Defective,276.63365864454835,52.299145273129945,27,0,4.0
RET-000758,ORD-007884,2022-06-22,CUST-01936,PROD-0119,Electronics,Changed Mind,920.4613745858888,40.08993411584709,14,0,3.0
RET-000759,ORD-001083,2022-09-21,CUST-00190,PROD-0092,Clothing,Defective,301.1777192930807,39.79089795938348,15,1,5.0
RET-000760,ORD-005064,2022-12-16,CUST-00474,PROD-0122,Clothing,Changed Mind,933.6407575967656,45.5868738307998,12,0,1.0
RET-000761,ORD-004533,2022-08-17,CUST-00924,PROD-0175,Home,Changed Mind,1401.1280460811781,82.29938071371062,18,0,3.0
RET-000762,ORD-007354,2023-02-11,CUST-00274,PROD-0181,Electronics,Not as Described,166.25371578100658,12.469120365912467,13,0,3.0
RET-000763,ORD-002112,2022-12-16,CUST-01315,PROD-0074,Home,Changed Mind,1889.7268896023024,80.63944020555974,19,0,2.0
RET-000764,ORD-007163,2023-10-19,CUST-00843,PROD-0111,Electronics,Not as Described,850.3135223583763,88.80189578220336,18,0,4.0
RET-000765,ORD-009455,2022-10-10,CUST-00782,PROD-0146,Beauty,Not as Described,1882.0258419163788,11.0608812098574,10,0,2.0
RET-000766,ORD-006721,2023-03-29,CUST-01650,PROD-0251,Electronics,Not as Described,939.0979522952175,67.56045951343309,24,0,1.0
RET-000767,ORD-002472,2024-01-15,CUST-00770,PROD-0088,Electronics,Changed Mind,1210.0351278833775,57.71290753886922,8,0,4.0
RET-000768,ORD-002964,2023-03-13,CUST-01683,PROD-0150,Electronics,Wrong Item,394.6325142072973,78.88341477209796,15,0,1.0
RET-000769,ORD-006947,2023-12-07,CUST-01257,PROD-0164,Home,Not as Described,844.2934463770496,71.09351151407897,12,0,4.0
RET-000770,ORD-005533,2024-03-12,CUST-01798,PROD-0186,Beauty,Changed Mind,474.4204646275218,49.185582435778954,7,0,2.0
RET-000771,ORD-008823,2023-07-24,CUST-01051,PROD-0167,Home,Defective,1543.3047178028203,32.25552309056779,1,0,1.0
RET-000772,ORD-001517,2023-10-04,CUST-01474,,Beauty,Wrong Item,246.4679316958323,12.645566890974159,9,0,4.0
RET-000773,ORD-005619,2023-09-07,CUST-00996,PROD-0048,Beauty,Not as Described,709.1262957105768,70.12197758322668,10,0,2.0
RET-000774,ORD-004224,2023-07-20,CUST-01852,PROD-0096,Home,Size Issue,1942.4902854624067,97.45257328419396,9,0,5.0
RET-000775,ORD-002335,2023-04-16,CUST-00490,PROD-0267,Beauty,Size Issue,1412.197043709482,59.62642682465824,1,0,3.0
RET-000776,ORD-000533,2023-01-13,CUST-00189,PROD-0198,Clothing,Not as Described,133.45326786306197,6.790106356092085,17,0,
RET-000777,ORD-006359,2023-09-04,CUST-01392,PROD-0180,Clothing,Wrong Item,1024.7039691918949,71.50387647548209,25,1,2.0
RET-000778,ORD-006645,2024-04-14,CUST-00030,PROD-0481,Home,Changed Mind,877.710319189687,28.724299941510832,5,1,5.0
RET-000779,ORD-008043,2023-09-27,CUST-00691,PROD-0190,Electronics,Size Issue,603.7245446278673,4.281444588950178,20,0,4.0
RET-000780,ORD-009340,2023-03-11,CUST-01264,PROD-0360,Electronics,Size Issue,1955.5659038787167,67.3352904669652,21,0,3.0
RET-000781,ORD-004384,2023-08-09,CUST-00646,PROD-0492,Beauty,Size Issue,1654.9973534602345,38.970895518041374,6,1,5.0
RET-000782,ORD-000127,2023-12-16,CUST-01032,PROD-0335,Clothing,Size Issue,1155.021450472823,54.18068779047495,28,0,5.0
RET-000783,ORD-004860,2023-03-26,CUST-00313,PROD-0004,Clothing,Not as Described,742.6656806351173,96.60415436777389,23,0,1.0
RET-000784,ORD-001574,,CUST-00962,PROD-0393,Home,Changed Mind,1431.3576790359923,79.37221895059177,14,0,4.0
RET-000785,ORD-005063,2023-11-01,CUST-01206,PROD-0334,Beauty,Changed Mind,1915.2063300274249,77.36409130357461,3,0,4.0
RET-000786,ORD-002221,2023-04-21,CUST-01254,PROD-0474,Electronics,Size Issue,1734.38847278309,33.186455743214424,7,0,3.0
RET-000787,ORD-005421,2022-11-29,CUST-00137,PROD-0026,Beauty,Wrong Item,714.72533362394,63.31787527162452,8,0,4.0
RET-000788,ORD-003059,2022-08-22,CUST-00969,PROD-0048,Home,Changed Mind,1000.5440483525934,14.621320171642926,5,0,4.0
RET-000789,ORD-008100,2022-10-06,CUST-00874,PROD-0132,Home,Changed Mind,265.88867098239757,85.6022686431507,27,1,3.0
RET-000790,ORD-001498,2023-03-16,CUST-00790,PROD-0339,Electronics,Changed Mind,1521.5614643773347,50.37686344137345,2,0,2.0
RET-000791,ORD-002292,2023-11-21,CUST-00091,,Beauty,Defective,1667.6472239761715,72.16222233067124,22,1,3.0
RET-000792,ORD-005153,2023-03-14,CUST-00980,PROD-0297,Home,Not as Described,1977.3354195179254,2.1649849549961075,28,0,4.0
RET-000793,ORD-004402,2024-02-26,CUST-00209,PROD-0308,Electronics,Wrong Item,839.3071696762397,90.34463409957463,8,1,2.0
RET-000794,ORD-008934,2022-08-01,CUST-00077,PROD-0113,Beauty,Wrong Item,1144.1284211231448,77.93463351569845,3,0,3.0
RET-000795,ORD-003726,2024-04-13,CUST-01600,PROD-0379,Clothing,Wrong Item,520.1282961693599,88.25490663933665,12,0,2.0
RET-000796,ORD-008458,2023-05-02,CUST-01601,PROD-0400,Beauty,Wrong Item,1558.9927595476106,35.790377537454695,26,0,1.0
RET-000797,ORD-004105,2023-11-13,CUST-00311,PROD-0070,Electronics,Size Issue,478.3317231454799,73.76880666695959,16,0,5.0
RET-000798,ORD-005639,2023-02-19,CUST-00010,PROD-0007,Beauty,Defective,278.16271273313936,25.684301313996215,12,0,1.0
RET-000799,ORD-005030,2023-11-18,CUST-01185,PROD-0445,Beauty,Not as Described,876.7173728467801,9.357500666352003,29,0,3.0
RET-000800,,2022-10-22,CUST-01621,PROD-0224,Electronics,Not as Described,1808.1016950446647,2.8017127733688585,11,0,
RET-000801,ORD-009303,2022-07-10,CUST-01648,PROD-0425,Electronics,Not as Described,1240.6483252210326,99.38257989098629,0,0,2.0
RET-000802,ORD-001165,2022-11-14,CUST-01769,PROD-0179,Beauty,Defective,1638.9582355828368,62.621707852672316,20,0,1.0
RET-000803,ORD-005806,2022-06-26,CUST-01529,PROD-0023,Beauty,Size Issue,1829.5484157064782,30.801541882504758,13,0,1.0
RET-000804,ORD-009143,2023-09-02,CUST-00781,PROD-0487,Home,Size Issue,1050.2136902962027,71.9032176724905,14,0,2.0
RET-000805,ORD-004129,2023-02-10,CUST-01214,PROD-0412,Beauty,Size Issue,654.8637959840062,85.15013126481665,17,0,2.0
RET-000806,ORD-002223,2023-09-10,CUST-00847,PROD-0465,Clothing,Changed Mind,1926.359111551031,2.497637711045231,24,0,5.0
RET-000807,ORD-005126,2022-10-25,CUST-00462,PROD-0265,Home,Size Issue,174.71518176326427,47.54044463877493,12,0,3.0
RET-000808,ORD-004515,2023-08-27,CUST-00338,PROD-0420,Beauty,Not as Described,1093.8428795981824,73.34325574977788,3,0,2.0
RET-000809,ORD-002539,2023-02-03,CUST-01550,PROD-0491,Home,Not as Described,1755.514864411023,67.46751930231943,26,0,1.0
RET-000810,ORD-008667,2024-04-10,CUST-01287,PROD-0472,Electronics,Not as Described,131.8834216721138,82.38346737569752,9,0,3.0
RET-000811,ORD-000857,2023-03-14,CUST-00863,PROD-0306,Home,Defective,1732.1883958811345,8.044454515780842,13,1,5.0
RET-000812,ORD-007464,2023-08-05,CUST-00857,PROD-0381,Clothing,Size Issue,782.3841801711233,62.791199713054866,16,1,2.0
RET-000813,ORD-001502,2022-08-03,CUST-00058,PROD-0256,Electronics,Defective,877.3657842568948,40.76424117644828,26,0,1.0
RET-000814,ORD-009296,2023-09-29,CUST-00798,PROD-0170,Beauty,Size Issue,978.8076820189912,14.264916711368603,7,0,5.0
RET-000815,ORD-001690,2023-10-31,CUST-00585,PROD-0392,Home,Not as Described,1695.1653389433357,64.63796238542685,1,1,2.0
RET-000816,ORD-007839,2022-12-08,CUST-01810,PROD-0199,Beauty,Not as Described,1213.983995698932,65.0118170797156,6,0,3.0
RET-000817,ORD-003002,2022-12-31,CUST-01161,PROD-0147,Clothing,Wrong Item,385.1063380996636,44.93462670979875,27,0,5.0
RET-000818,ORD-006968,2022-09-14,CUST-00896,PROD-0019,Electronics,Changed Mind,988.1119502331784,16.171709247146094,11,1,1.0
RET-000819,ORD-004711,2022-09-18,CUST-01790,PROD-0005,Beauty,Wrong Item,49.15390817024318,30.530932069511795,24,0,5.0
RET-000820,ORD-003728,2023-01-28,CUST-01916,PROD-0292,Home,Wrong Item,1940.2074417420163,53.44912697897713,13,1,2.0
RET-000821,ORD-001870,2024-03-07,CUST-00812,PROD-0386,Clothing,Wrong Item,981.8310955925665,8.197010820131801,22,0,4.0
RET-000822,ORD-005802,2022-11-12,CUST-00716,PROD-0055,Clothing,Wrong Item,1975.9131730048098,12.234672287860382,25,0,1.0
RET-000823,ORD-007723,2022-12-09,CUST-00576,PROD-0310,Electronics,Not as Described,1583.5263323685733,98.79927617479025,5,0,2.0
RET-000824,ORD-009533,2023-08-09,CUST-01138,PROD-0204,Clothing,Wrong Item,1354.6573184458784,41.72146976278932,26,0,4.0
RET-000825,ORD-004031,2022-12-01,CUST-00674,PROD-0073,Electronics,Size Issue,342.45417900581964,5.133035930199215,29,0,3.0
RET-000826,ORD-005633,2023-12-27,CUST-00201,PROD-0121,Home,Not as Described,851.802033362254,99.54213825989248,9,0,2.0
RET-000827,ORD-006711,2023-04-30,CUST-00308,PROD-0305,Clothing,Not as Described,1072.9910650280904,5.151685872979628,6,1,3.0
RET-000828,ORD-008448,2024-01-21,CUST-00051,PROD-0034,Home,Not as Described,1956.4997409363887,94.40303660900872,1,0,3.0
RET-000829,ORD-002142,2024-02-11,CUST-00839,PROD-0105,Clothing,Size Issue,1605.0973439869315,51.231692432873324,17,0,3.0
RET-000830,ORD-003025,2022-12-16,CUST-01440,PROD-0356,Clothing,Wrong Item,932.7978214034397,32.40661337545645,28,0,3.0
RET-000831,ORD-002380,2024-03-27,CUST-01039,PROD-0034,Clothing,Changed Mind,1698.9019629219486,19.04259236764695,16,0,
RET-000832,ORD-001595,2023-10-16,CUST-00551,PROD-0265,Clothing,Changed Mind,16.696795319862588,85.21270788296074,9,0,
RET-000833,ORD-002089,2023-09-30,CUST-01327,PROD-0056,Beauty,Changed Mind,1966.3590901779564,7.34780977611682,24,0,2.0
RET-000834,ORD-008331,2022-11-15,CUST-00974,PROD-0277,Electronics,Size Issue,222.7881037506435,33.35808652966541,2,0,3.0
RET-000835,ORD-004374,2022-11-08,CUST-01483,PROD-0107,Electronics,Defective,1424.5285920419612,25.27817102443548,25,0,2.0
RET-000836,,2023-02-22,CUST-00070,PROD-0204,Beauty,Wrong Item,1276.0331174054609,22.95309429371021,8,0,3.0
RET-000837,ORD-008396,2023-09-21,CUST-01184,,Beauty,Defective,769.5344464529176,69.52504595146077,10,0,4.0
RET-000838,ORD-001068,2023-05-02,CUST-01617,PROD-0185,Beauty,Wrong Item,448.0459796814162,68.6080092014827,6,0,4.0
RET-000839,ORD-001193,2024-03-09,CUST-00691,PROD-0298,Electronics,Changed Mind,388.29922239104746,2.5850581076608425,14,1,4.0
RET-000840,ORD-004356,2023-02-03,CUST-01638,PROD-0309,Beauty,Wrong Item,1887.4786596422068,24.930978976283235,7,0,1.0
RET-000841,ORD-005115,2023-04-19,CUST-00065,PROD-0443,Home,Wrong Item,1858.1018109769923,33.13677266870155,0,0,4.0
RET-000842,ORD-008278,2024-04-13,CUST-00479,PROD-0001,Beauty,Size Issue,1786.5209987657818,1.2455704943512558,22,0,5.0
RET-000843,ORD-007905,2023-02-23,CUST-00480,PROD-0224,Beauty,Wrong Item,522.8358051410335,49.35940108293452,10,1,3.0
RET-000844,ORD-007109,2023-03-21,CUST-01549,PROD-0163,Electronics,Changed Mind,728.7231384005398,1.8938610379016785,17,1,5.0
RET-000845,ORD-001655,2022-07-01,CUST-01199,PROD-0011,Home,Wrong Item,710.8030487059549,20.010391638323643,11,1,4.0
RET-000846,ORD-007717,2023-10-06,CUST-00094,,Beauty,Size Issue,333.5710799685244,78.81567849685635,24,1,4.0
RET-000847,ORD-003649,2023-10-17,CUST-00978,PROD-0349,Beauty,Changed Mind,1886.0117649045803,82.6532454316456,11,0,2.0
RET-000848,ORD-003440,2023-08-01,CUST-01221,PROD-0142,Electronics,Size Issue,1730.0825006861887,82.87490811631588,1,0,2.0
RET-000849,ORD-001937,2023-08-08,CUST-01485,PROD-0259,Home,Not as Described,263.93933419196884,64.2883219697449,2,0,5.0
RET-000850,ORD-001998,2023-01-09,CUST-01481,PROD-0179,Beauty,Size Issue,1305.7545191149518,54.71324312495896,28,1,2.0
RET-000851,ORD-008826,2022-08-25,CUST-00202,PROD-0265,Beauty,Not as Described,1574.005233680388,56.82600241923604,28,0,3.0
RET-000852,ORD-003777,2023-03-08,CUST-01810,,Electronics,Size Issue,737.4883091962537,75.68710618068972,23,0,1.0
RET-000853,ORD-005094,2023-05-07,CUST-00048,PROD-0457,Beauty,Changed Mind,1699.6305881278406,98.46748095398212,16,0,4.0
RET-000854,ORD-007888,2024-02-26,CUST-01755,PROD-0298,Beauty,Not as Described,1610.9180268160183,18.119505441565174,22,0,4.0
RET-000855,ORD-003443,2023-06-20,CUST-01132,PROD-0499,Clothing,Defective,826.4478555932373,60.10115605516712,6,0,1.0
RET-000856,ORD-007648,2022-08-28,CUST-00864,PROD-0271,Clothing,Wrong Item,1262.6037598833652,31.60445278368873,29,0,4.0
RET-000857,ORD-003387,2023-04-24,CUST-01407,PROD-0477,Clothing,Wrong Item,1178.6806925905,79.88319447807861,3,0,1.0
RET-000858,ORD-007044,2023-10-03,CUST-01369,PROD-0131,Beauty,Changed Mind,1216.0159650895498,70.09463727621261,19,1,5.0
RET-000859,ORD-001079,2023-07-24,CUST-01795,PROD-0143,Home,Size Issue,285.6962756885922,2.652465006926108,15,0,3.0
RET-000860,ORD-003200,2023-05-11,CUST-00487,PROD-0182,Home,Defective,805.025502856365,356.21503582891216,26,0,
RET-000861,ORD-004096,2023-06-11,CUST-00004,PROD-0383,Home,Defective,383.59808659723666,94.00997539747694,15,1,1.0
RET-000862,ORD-003998,2023-04-30,CUST-01295,PROD-0255,Clothing,Defective,347.6621587413892,64.16603272840806,27,0,1.0
RET-000863,ORD-008623,2024-03-25,CUST-00570,PROD-0318,Clothing,Not as Described,205.77632616461284,95.51467841708838,20,1,2.0
RET-000864,ORD-004160,2022-08-07,CUST-00329,PROD-0107,Beauty,Changed Mind,73.55779785714667,3.0825405993374466,26,0,5.0
RET-000865,ORD-002621,2022-12-13,CUST-00199,PROD-0255,Electronics,Not as Described,1092.107136835388,86.98139268564705,4,0,2.0
RET-000866,ORD-006485,2023-03-28,CUST-01289,PROD-0201,Beauty,Changed Mind,1702.3623612587387,87.435580827554,29,0,1.0
RET-000867,ORD-004881,2023-03-21,CUST-01977,PROD-0432,Beauty,Not as Described,979.1862262454795,30.172188233542986,14,0,
RET-000868,ORD-007407,2023-09-14,CUST-00004,PROD-0208,Electronics,Defective,1836.5231841608042,85.0935691378906,27,0,3.0
RET-000869,ORD-002547,2023-04-11,CUST-00430,PROD-0211,Clothing,Wrong Item,240.29741452164458,99.30464069642117,26,0,5.0
RET-000870,ORD-000600,2023-12-28,CUST-01644,PROD-0451,Clothing,Wrong Item,972.5874066875607,64.56603171640461,28,0,5.0
RET-000871,ORD-001963,2022-06-27,CUST-00197,PROD-0331,Clothing,Wrong Item,495.6984251391802,63.66745922743484,21,0,1.0
RET-000872,ORD-005007,2023-02-08,CUST-01424,PROD-0472,Beauty,Changed Mind,706.1885995547789,12.161145095298398,22,1,2.0
RET-000873,ORD-004004,,CUST-01692,,Beauty,Wrong Item,456.15653335263926,46.06659374366442,7,0,5.0
RET-000874,ORD-007716,2023-08-13,CUST-00736,PROD-0378,Beauty,Wrong Item,1283.7470436181472,6.414370671034364,0,0,5.0
RET-000875,,2024-03-15,CUST-00291,PROD-0348,Beauty,Size Issue,1255.983146083015,3.4541875643602893,28,0,1.0
RET-000876,ORD-002043,,CUST-00148,PROD-0338,Beauty,Defective,1253.6401427893752,54.43095476169191,27,0,3.0
RET-000877,ORD-002944,2023-02-13,CUST-01949,PROD-0030,Beauty,Defective,584.3699051895203,92.83666299162616,17,0,3.0
RET-000878,ORD-002336,2023-11-06,CUST-01735,PROD-0334,Home,Wrong Item,829.9871016990503,13.612977018074668,11,0,1.0
RET-000879,ORD-009809,2024-04-15,CUST-00335,PROD-0209,Clothing,Not as Described,964.4135721317241,7.012141483935819,14,1,3.0
RET-000880,ORD-004023,2024-03-07,CUST-01614,PROD-0074,Clothing,Defective,625.1375570058535,87.67836585321876,18,0,2.0
RET-000881,ORD-009086,2023-03-11,CUST-01960,PROD-0237,Electronics,Not as Described,1913.2010201122073,84.11851192168461,25,0,2.0
RET-000882,ORD-005934,2022-06-10,CUST-00485,PROD-0270,Clothing,Not as Described,1316.69293299786,42.117312781910734,13,0,1.0
RET-000883,,2022-09-24,CUST-00661,PROD-0112,Electronics,Size Issue,1128.972362770225,65.4213178510268,25,0,4.0
RET-000884,ORD-007867,2023-02-17,CUST-00538,PROD-0338,Electronics,Not as Described,278.0179203030379,61.24858436301774,2,0,3.0
RET-000885,,2022-10-20,CUST-01845,PROD-0046,Beauty,Defective,105.18596744476447,4.156738821587968,15,0,5.0
RET-000886,ORD-005125,2023-01-16,CUST-01748,PROD-0359,Electronics,Size Issue,1884.7929056891053,97.31301667224562,23,1,5.0
RET-000887,ORD-005093,2024-03-10,CUST-00196,PROD-0074,Electronics,Wrong Item,309.7649453074624,49.83324113061829,29,0,3.0
RET-000888,ORD-001373,2023-09-30,CUST-01592,PROD-0430,Beauty,Wrong Item,58.79871069018356,84.99284599117955,27,0,2.0
RET-000889,ORD-000923,2023-01-01,CUST-01971,PROD-0008,Electronics,Size Issue,519.9048663846903,56.40305949425035,3,1,1.0
RET-000890,ORD-003344,2023-06-07,CUST-01342,PROD-0260,Beauty,Size Issue,140.57053102566792,17.41342554736879,5,1,3.0
RET-000891,ORD-005423,2024-01-29,CUST-01866,PROD-0335,Clothing,Not as Described,1688.884590311683,93.24154964552447,15,0,4.0
RET-000892,ORD-006287,2023-03-06,CUST-01848,PROD-0474,Home,Defective,1483.828715318103,84.02746361174896,19,1,4.0
RET-000893,,2022-07-13,CUST-00288,PROD-0245,Clothing,Not as Described,555.4170294786594,80.07449149479035,5,0,3.0
RET-000894,ORD-003474,2024-02-20,CUST-01726,PROD-0081,Beauty,Defective,1953.9291092828948,58.90800258635404,24,0,1.0
RET-000895,ORD-009858,2023-12-06,CUST-00820,PROD-0303,Home,Wrong Item,1275.8045855274745,47.71663752367636,15,1,1.0
RET-000896,ORD-002726,2022-09-15,CUST-00319,PROD-0410,Electronics,Not as Described,1748.3351657481096,11.83533961585892,21,0,4.0
RET-000897,ORD-001412,2023-09-19,CUST-01099,PROD-0160,Electronics,Not as Described,1294.13432813475,66.73841618079621,11,1,
RET-000898,ORD-003987,2022-10-16,CUST-01737,PROD-0086,Clothing,Defective,1286.8727937582937,38.77349044726949,15,0,2.0
RET-000899,ORD-004987,2024-04-16,CUST-00800,PROD-0261,Clothing,Not as Described,1507.5547688351382,5.401349971837277,13,0,1.0
RET-000900,ORD-001146,2023-09-02,CUST-01839,PROD-0141,Electronics,Size Issue,583.7501457821112,4.842116300486554,8,0,3.0
RET-000901,ORD-005101,2022-08-21,CUST-01895,PROD-0027,Clothing,Wrong Item,1026.7655449905974,52.11663063664741,12,0,2.0
RET-000902,ORD-006206,2024-03-04,CUST-01792,PROD-0150,Electronics,Changed Mind,943.5713159419644,54.11159806018997,1,0,3.0
RET-000903,ORD-009774,2024-04-23,CUST-01761,PROD-0029,Electronics,Wrong Item,420.9669651934417,18.774980744084424,27,0,5.0
RET-000904,ORD-006200,2023-08-25,CUST-01874,PROD-0116,Electronics,Not as Described,476.5651442741826,66.2667749842543,16,0,1.0
RET-000905,ORD-007540,2024-01-13,CUST-01339,PROD-0170,Electronics,Not as Described,1066.2671630608218,75.21238354548217,23,0,4.0
RET-000906,ORD-005646,2023-12-12,CUST-00285,PROD-0305,Beauty,Defective,1715.2628193351923,49.25870102449934,29,0,4.0
RET-000907,ORD-004952,2022-10-08,CUST-01041,PROD-0382,Home,Not as Described,1168.4515621085834,47.88715102350638,23,0,2.0
RET-000908,ORD-006004,2024-02-24,CUST-01621,PROD-0409,Clothing,Defective,689.3866583749369,62.85698978690293,22,0,1.0
RET-000909,ORD-003763,2023-12-03,CUST-01765,PROD-0238,Clothing,Changed Mind,514.1440368038409,30.51463955294228,7,0,3.0
RET-000910,ORD-001355,2023-02-18,CUST-01034,PROD-0333,Beauty,Size Issue,1049.129395679717,24.026048313379412,6,0,5.0
RET-000911,ORD-006921,2023-07-31,CUST-00430,PROD-0176,Beauty,Changed Mind,1368.9344569956766,37.4052418067299,0,0,1.0
RET-000912,ORD-009598,2023-06-28,CUST-01658,PROD-0163,Home,Changed Mind,924.3875641475836,31.34063994523727,21,0,5.0
RET-000913,ORD-005693,2023-07-10,CUST-00445,PROD-0129,Clothing,Wrong Item,1299.924339034167,55.17721043867312,0,0,1.0
RET-000914,ORD-003601,2023-03-19,CUST-00670,PROD-0486,Clothing,Defective,138.63248614540964,67.2826220242718,20,0,2.0
RET-000915,ORD-005602,2023-08-18,CUST-01195,PROD-0392,Electronics,Not as Described,784.2724960011845,32.60575432995857,3,0,5.0
RET-000916,ORD-003007,2023-12-29,CUST-01805,PROD-0306,Clothing,Not as Described,1818.3159424052121,80.42215720009523,9,0,5.0
RET-000917,ORD-001963,,CUST-01874,PROD-0491,Electronics,Size Issue,1651.7335391925894,1.1380488594114335,27,1,3.0
RET-000918,ORD-006617,2023-01-23,CUST-01649,PROD-0053,Electronics,Wrong Item,756.1283682516874,88.08461518706935,20,0,1.0
RET-000919,ORD-001786,2022-10-12,CUST-00695,PROD-0127,Clothing,Not as Described,37.77235964130756,30.191265504101906,4,0,2.0
RET-000920,ORD-005415,2023-08-15,CUST-00743,PROD-0041,Home,Wrong Item,558.4475014928702,93.31783099380303,5,0,2.0
RET-000921,ORD-003330,2022-10-26,CUST-01063,PROD-0388,Electronics,Wrong Item,944.4001116454267,34.35674117084797,5,0,5.0
RET-000922,ORD-002193,2024-03-23,CUST-00097,PROD-0139,Home,Wrong Item,1890.9801311299323,54.37269769755015,15,0,1.0
RET-000923,ORD-004583,2023-07-06,CUST-00351,PROD-0117,Clothing,Changed Mind,1355.7749026297488,66.715891320559,20,0,5.0
RET-000924,ORD-000010,2022-12-21,CUST-01143,PROD-0206, Beauty ,Wrong Item,1237.4057500678903,57.064614971921216,12,1,2.0
RET-000925,ORD-003229,2022-08-09,CUST-00171,PROD-0470,Clothing,Not as Described,1229.634275677543,88.02199762418643,18,1,3.0
RET-000926,ORD-006533,2023-11-19,CUST-00988,PROD-0370,Electronics,Size Issue,1061.812158308188,71.22315199922151,22,0,2.0
RET-000927,ORD-009393,2023-05-20,CUST-01944,PROD-0393,Electronics,Not as Described,1654.5581938670512,64.3309595282491,12,0,1.0
RET-000928,ORD-004090,2023-05-07,CUST-00147,PROD-0483,Clothing,Defective,199.72608796582364,86.54690770144335,26,0,3.0
RET-000929,ORD-006808,2023-06-09,CUST-00589,PROD-0208,Beauty,Defective,1653.8039822906587,71.69749523378222,11,0,5.0
RET-000930,ORD-008736,,CUST-01165,PROD-0328,Beauty,Wrong Item,1243.1591380812727,7.832321628032957,2,0,4.0
RET-000931,ORD-007619,2022-09-02,CUST-01958,PROD-0499,Home,Wrong Item,1899.1614302647445,34.88692395309325,22,0,
RET-000932,ORD-000431,2024-02-12,CUST-00062,PROD-0401,Home,Defective,1263.664446810354,70.56029991852716,18,1,3.0
RET-000933,ORD-008686,2023-06-09,CUST-01622,PROD-0314,Beauty,Not as Described,537.9832156190952,60.46456057727991,4,0,4.0
RET-000934,ORD-001134,2022-07-23,CUST-01614,PROD-0292,Electronics,Not as Described,1909.0519596002941,68.7475882981745,6,1,1.0
RET-000935,ORD-004491,2023-10-15,CUST-00986,PROD-0307,Electronics,Changed Mind,500.71327366141986,2.4462707880171797,6,0,4.0
RET-000936,ORD-003821,2023-05-01,CUST-00568,,Clothing,Changed Mind,366.4231484410312,71.5073558785903,29,0,3.0
RET-000937,ORD-003797,2024-03-19,CUST-01795,PROD-0059,Clothing,Defective,1135.3694947262657,30.827290193433953,17,0,3.0
RET-000938,ORD-009771,2022-10-14,CUST-01031,PROD-0079,Home,Not as Described,914.0239440435529,70.42234995584403,2,0,3.0
RET-000939,ORD-004306,2023-01-30,CUST-00262,PROD-0200,Electronics,Changed Mind,238.88188632499407,99.25662425741201,19,0,2.0
RET-000940,ORD-000679,2023-09-02,CUST-00820,PROD-0263,Home,Wrong Item,1689.0516964359833,77.62555752603451,28,0,4.0
RET-000941,ORD-006850,2023-02-21,CUST-00180,PROD-0075,Home,Not as Described,159.50940496988963,66.43382608194422,6,0,2.0
RET-000942,ORD-008503,2023-11-26,CUST-00074,PROD-0065,Beauty,Size Issue,882.8065325594157,51.12619890355211,23,0,4.0
RET-000943,ORD-004896,2022-07-03,CUST-01881,PROD-0068,Clothing,Not as Described,1454.6672567343305,92.89000706353035,23,0,4.0
RET-000944,ORD-008111,2023-07-08,CUST-00919,PROD-0487,Electronics,Wrong Item,131.00598252220732,22.16461110807518,5,1,4.0
RET-000945,ORD-005359,2022-09-04,CUST-00986,PROD-0393,Clothing,Wrong Item,687.0627597116161,51.01515549294972,3,0,1.0
RET-000946,ORD-007466,2022-11-03,CUST-00265,PROD-0245,Home,Wrong Item,1781.520858527552,16.2801387375586,0,0,1.0
RET-000947,ORD-001022,2023-10-28,CUST-01089,PROD-0371,Electronics,Size Issue,1315.462300520941,37.603762594460534,13,0,4.0
RET-000948,ORD-005242,2024-04-01,CUST-00212,PROD-0338,Clothing,Size Issue,430.2071027339909,17.5211917643055,27,0,4.0
RET-000949,ORD-005310,2022-12-06,CUST-01870,PROD-0404,Electronics,Defective,1098.7103302406351,76.92641354304736,4,1,1.0
RET-000950,ORD-003780,2024-01-13,CUST-01456,PROD-0150,Beauty,Size Issue,781.4089472552948,84.75948528341715,25,1,5.0
RET-000951,ORD-006777,2024-04-23,CUST-01918,,Home,Wrong Item,1391.1094310090498,95.93553765824325,2,0,3.0
RET-000952,ORD-009221,2022-07-28,CUST-01852,,Clothing,Not as Described,350.96752886314545,85.20377866558422,8,1,3.0
RET-000953,ORD-006785,2022-06-19,CUST-01531,PROD-0194,Electronics,Changed Mind,1493.5496735918562,5.3016535419394994,11,0,4.0
RET-000954,ORD-007275,2022-08-03,CUST-00836,PROD-0002,Home,Defective,1696.9869864516456,11.192527104245375,9,0,2.0
RET-000955,ORD-003467,2023-05-18,CUST-00022,PROD-0361,Home,Not as Described,1108.688169260082,73.45044661760475,26,1,2.0
RET-000956,ORD-009342,2022-08-24,CUST-01549,PROD-0020,Beauty,Wrong Item,420.9423868965859,71.13754540293729,13,0,4.0
RET-000957,ORD-004955,2024-04-29,CUST-01588,PROD-0180,Beauty,Size Issue,604.0907499072594,74.4445016986926,6,0,2.0
RET-000958,ORD-000926,2024-03-02,CUST-01972,PROD-0247,Home,Wrong Item,1188.4596360712055,43.866637908662256,11,0,3.0
RET-000959,ORD-008165,2024-03-08,CUST-00422,PROD-0327,Beauty,Changed Mind,1704.5339766551422,98.5726216749411,14,0,5.0
RET-000960,ORD-005685,2024-03-21,CUST-01454,PROD-0023,Clothing,Defective,580.739818186248,283.34126095353645,5,0,4.0
RET-000961,ORD-003452,2023-07-15,CUST-01881,PROD-0335,Beauty,Defective,1667.0758304428525,27.09897041231477,0,1,4.0
RET-000962,ORD-002813,2022-10-22,CUST-00654,PROD-0313,Home,Changed Mind,1107.5941512146444,74.40215671878195,21,0,2.0
RET-000963,ORD-004423,2022-07-21,CUST-01941,PROD-0125,Electronics,Wrong Item,329.2672352279019,88.1735296087277,27,0,2.0
RET-000964,ORD-007864,2022-11-12,CUST-01990,PROD-0475,Home,Wrong Item,1394.9599835144236,35.6223528008608,10,0,1.0
RET-000965,ORD-000433,2023-09-06,CUST-00701,PROD-0255,Electronics,Wrong Item,1303.5690806900936,30.74929445516289,17,1,5.0
RET-000966,ORD-005198,2022-10-29,CUST-00587,PROD-0179,Clothing,Changed Mind,857.6921308778059,63.09772321578825,0,0,1.0
RET-000967,ORD-006045,2023-11-09,CUST-00452,PROD-0158,Clothing,Defective,189.6672462868602,50.9676502546,20,0,1.0
RET-000968,ORD-002046,2023-12-15,CUST-00578,PROD-0080,Beauty,Size Issue,277.94580736008015,48.62648973309728,12,0,2.0
RET-000969,ORD-000848,,CUST-01352,PROD-0120,Beauty,Defective,1953.4455659681623,73.7609531769147,25,0,2.0
RET-000970,ORD-000420,2022-12-29,CUST-00056,PROD-0249,Beauty,Wrong Item,443.88251997562725,84.2076115950253,12,1,2.0
RET-000971,ORD-000889,2023-08-04,CUST-00579,PROD-0258,Clothing,Not as Described,1789.1526414262335,27.680245056905363,15,0,1.0
RET-000972,ORD-004996,2023-12-18,CUST-01779,PROD-0328,Beauty,Defective,588.6012897138768,25.52803342735126,26,0,2.0
RET-000973,ORD-003396,2022-06-27,CUST-00419,PROD-0115,Clothing,Size Issue,1380.5744302424523,65.7148237605666,12,0,2.0
RET-000974,ORD-005245,2022-09-29,CUST-01908,PROD-0444,Home,Wrong Item,997.0690356981526,36.32278584131997,19,0,2.0
RET-000975,ORD-006171,2023-05-10,CUST-00567,PROD-0439,Home,Size Issue,197.62652813270282,8.487652758286224,21,1,4.0
RET-000976,,2023-03-02,CUST-01242,PROD-0001,Beauty,Wrong Item,445.3828704018334,93.71737906729598,24,0,4.0
RET-000977,ORD-009487,2023-05-31,CUST-00320,PROD-0004,Home,Changed Mind,432.7611224130652,29.192069816626564,16,0,2.0
RET-000978,ORD-000244,2023-09-08,CUST-00079,PROD-0387,Beauty,Size Issue,789.2065189879553,13.884625011602115,18,0,4.0
RET-000979,ORD-001797,2023-09-06,CUST-01948,PROD-0499,Clothing,Size Issue,1536.0572263031147,70.72268511426293,11,0,3.0
RET-000980,ORD-003375,2023-09-22,CUST-00136,PROD-0053,Beauty,Wrong Item,709.0752959201703,37.25322399139929,26,0,4.0
RET-000981,ORD-005860,2024-01-04,CUST-00757,PROD-0282,Clothing,Size Issue,1432.4952477209288,70.6517472212548,29,1,3.0
RET-000982,ORD-003637,2023-01-05,CUST-01502,,Clothing,Changed Mind,1788.3513146530922,38.79482419450903,19,0,4.0
RET-000983,ORD-006119,2024-03-17,CUST-01111,PROD-0074,Electronics,Defective,958.1737390037689,71.08112030205348,12,0,3.0
RET-000984,ORD-007897,2023-05-14,CUST-01670,PROD-0461,Beauty,Changed Mind,766.2134416086718,23.538908522108493,24,1,1.0
RET-000985,ORD-003193,2023-04-09,CUST-00918,PROD-0066,Beauty,Size Issue,345.1314979742739,36.19702930448292,20,1,5.0
RET-000986,ORD-006145,2024-03-17,CUST-00916,PROD-0457,Beauty,Changed Mind,769.8927806692874,44.772408545167885,0,0,5.0
RET-000987,ORD-007323,2023-04-30,CUST-00644,PROD-0121,Home,Wrong Item,1418.1463438613841,47.73426615390653,29,0,5.0
RET-000988,ORD-003055,2022-08-05,CUST-01385,PROD-0233,Home,Changed Mind,1111.3637272095832,7.7973633533171665,16,0,3.0
RET-000989,ORD-007694,2022-06-06,CUST-00501,PROD-0167,Home,Wrong Item,372.2778364081713,95.86701702670575,8,0,4.0
RET-000990,ORD-003153,2023-04-03,CUST-00095,PROD-0483,Home,Not as Described,1802.597999622384,70.0045047968504,26,0,5.0
RET-000991,ORD-003257,2023-06-17,CUST-01548,PROD-0252,Electronics,Not as Described,1028.371946051902,7.447064311608709,9,0,4.0
RET-000992,ORD-006528,2023-03-25,CUST-00471,PROD-0281,Clothing,Size Issue,1681.8540747121522,17.565189722781472,13,0,3.0
RET-000993,ORD-002330,2023-10-23,CUST-01581,PROD-0279,Clothing,Changed Mind,1983.4747807170986,1.7706672289807046,10,1,1.0
RET-000994,ORD-004705,2023-08-16,CUST-01027,PROD-0161,Clothing,Changed Mind,1216.6396686469288,34.86938914390092,4,0,
RET-000995,ORD-007530,2023-07-29,CUST-00455,PROD-0404,Home,Size Issue,673.3480930245805,53.87978262456128,17,1,3.0
RET-000996,ORD-001126,2023-11-29,CUST-00526,PROD-0364,Clothing,Defective,1973.2360983472959,74.05779541337071,3,0,5.0
RET-000997,,2023-07-14,CUST-01262,PROD-0131,Clothing,Changed Mind,664.7458111975901,18.217225479748745,22,0,5.0
RET-000998,ORD-001251,2024-03-12,CUST-00539,PROD-0246,Home,Wrong Item,1346.7523404086105,44.37534457398331,28,0,1.0
RET-000999,ORD-009962,2023-09-16,CUST-01125,PROD-0444,Clothing,Changed Mind,1483.1832168202172,32.78242840961643,2,0,1.0
RET-001000,ORD-007616,2023-09-03,CUST-01263,PROD-0499,Clothing,Defective,1191.949462571883,24.64669518288064,17,0,4.0
RET-001001,ORD-009476,2024-01-12,CUST-01114,PROD-0003,Beauty,Not as Described,1143.1609400373225,48.636060377086665,6,0,2.0
RET-001002,ORD-005105,2023-01-03,CUST-01617,,Clothing,Not as Described,1616.3897888914498,97.35525304882803,16,1,3.0
RET-001003,ORD-003672,,CUST-00321,PROD-0430,Beauty,Not as Described,206.48667670456211,40.40738261346647,11,1,5.0
RET-001004,ORD-003103,2023-08-31,CUST-00791,PROD-0174,Home,Size Issue,625.8768474990197,24.89316514055524,4,0,1.0
RET-001005,ORD-004097,2023-09-06,CUST-00917,PROD-0225,Home,Defective,1537.6204242595309,95.66670429939515,1,0,2.0
RET-001006,ORD-005621,2023-03-24,CUST-00979,PROD-0257,Beauty,Changed Mind,1006.8031190155168,32.243331066048306,17,1,4.0
RET-001007,ORD-000197,2023-12-11,CUST-01331,PROD-0303,Electronics,Size Issue,1493.375959947696,35.11558677556844,28,1,1.0
RET-001008,ORD-002817,2023-01-06,CUST-01599,PROD-0230,Beauty,Wrong Item,306.42279614146975,73.69191031188488,24,0,4.0
RET-001009,ORD-001707,2022-11-23,CUST-00957,PROD-0258,Home,Size Issue,1370.3292009287854,28.72243524107232,25,0,4.0
RET-001010,ORD-009160,2023-02-27,CUST-01453,PROD-0009,Home,Wrong Item,349.4382965371105,93.69632196601046,1,1,
RET-001011,,2022-07-01,CUST-01087,,Beauty,Size Issue,1597.023608545707,76.63099102233785,8,0,
RET-001012,ORD-004565,2023-03-30,CUST-00187,PROD-0016,Clothing,Changed Mind,590.874136426665,50.9100149024823,4,0,4.0
RET-001013,ORD-004553,2022-11-10,CUST-01694,PROD-0010,Electronics,Size Issue,1368.9580572542056,90.1119797956853,25,1,5.0
RET-001014,ORD-001300,2023-09-27,CUST-01983,PROD-0185,Clothing,Wrong Item,640.7236877063326,98.10544611192253,27,0,5.0
RET-001015,ORD-006150,2024-03-02,CUST-01201,PROD-0437,Clothing,Not as Described,927.5553125019151,75.27999204229003,11,0,
RET-001016,ORD-001339,2022-08-18,CUST-01780,PROD-0469,Home,Not as Described,891.62318412615,28.792908695754605,12,0,4.0
RET-001017,ORD-002518,2024-03-21,CUST-01608,PROD-0395,Clothing,Not as Described,32.307311011694864,15.115397739655801,1,1,5.0
RET-001018,,2022-06-26,CUST-00865,PROD-0416,Electronics,Wrong Item,1894.9413562236075,41.0749256530755,22,0,1.0
RET-001019,ORD-009580,2023-12-28,CUST-00945,PROD-0192,Home,Wrong Item,936.5901175754733,60.51116194764092,26,0,4.0
RET-001020,ORD-007962,2022-08-14,CUST-01297,PROD-0333,Home,Changed Mind,1116.4801755980666,19.124434202482774,1,1,5.0
RET-001021,ORD-008518,2023-08-16,CUST-01167,PROD-0187,Home,Size Issue,1206.7017760571014,76.41166913294101,9,1,1.0
RET-001022,ORD-009944,2023-09-11,CUST-00275,PROD-0344,Electronics,Not as Described,911.4095253946748,18.30082178118846,18,0,3.0
RET-001023,ORD-003947,2023-04-27,CUST-01825,PROD-0297,Electronics,Changed Mind,1253.4425446459156,26.52840009890227,18,1,2.0
RET-001024,ORD-005055,2022-11-20,CUST-01343,PROD-0385,Electronics,Not as Described,1461.7540129919828,7.222855511085536,29,0,5.0
RET-001025,ORD-005079,2024-01-15,CUST-00031,PROD-0426,Home,Not as Described,863.9842944407051,42.984259478173485,8,0,4.0
RET-001026,ORD-006588,2024-04-02,CUST-01352,PROD-0190,Beauty,Changed Mind,826.0743894037662,64.5652865170419,2,0,5.0
RET-001027,ORD-005074,2022-10-13,CUST-01909,PROD-0422,Clothing,Changed Mind,237.77310949807224,56.23706816533526,3,0,5.0
RET-001028,ORD-001867,2023-06-29,CUST-00421,,Beauty,Not as Described,1668.9468826120078,25.88391972462647,7,0,5.0
RET-001029,ORD-003130,2023-12-11,CUST-00495,PROD-0334,Electronics,Changed Mind,1944.4653937396974,9.918569416095746,11,0,1.0
RET-001030,ORD-006748,,CUST-00344,PROD-0428,Home,Not as Described,595.790734255044,88.83796605285575,26,0,2.0
RET-001031,ORD-005540,2023-09-20,CUST-01847,PROD-0235,Electronics,Changed Mind,1950.637535580171,88.19805971309643,4,0,5.0
RET-001032,ORD-002973,,CUST-01284,PROD-0069,Clothing,Wrong Item,1028.847021317732,63.380825077332894,13,0,1.0
RET-001033,ORD-006254,2023-08-21,CUST-01400,PROD-0387,Clothing,Size Issue,252.8945434556759,42.41384238021333,21,0,4.0
RET-001034,ORD-000685,2023-08-25,CUST-01417,PROD-0253,Home,Size Issue,527.2848532992392,8.43399177862796,1,0,3.0
RET-001035,ORD-006489,2023-06-05,CUST-00309,PROD-0390,Electronics,Changed Mind,1581.1107594449936,54.37989334922321,0,1,4.0
RET-001036,ORD-006171,2022-10-13,CUST-00332,PROD-0024,Electronics,Wrong Item,10.769134297805051,60.514581821106475,21,0,1.0
RET-001037,ORD-004379,2023-10-23,CUST-01126,PROD-0224,Beauty,Not as Described,591.5589399761569,22.97963771045357,27,1,3.0
RET-001038,ORD-006641,2023-05-27,CUST-00691,PROD-0144,Electronics,Defective,912.0669666970215,35.7717417502056,1,0,1.0
RET-001039,ORD-004862,2022-06-09,CUST-01232,PROD-0274,Clothing,Changed Mind,155.12003610240154,97.43902255080613,6,0,4.0
RET-001040,ORD-005579,2023-07-29,CUST-00824,PROD-0051,Beauty,Defective,1840.1775679483605,44.19389863956174,9,0,3.0
RET-001041,ORD-005830,2024-01-23,CUST-01860,PROD-0213,Clothing,Defective,869.4775614009947,36.838277184342274,26,0,1.0
RET-001042,ORD-006548,2024-02-10,CUST-00850,PROD-0364,Beauty,Changed Mind,202.0411573972897,71.98258966487425,9,1,3.0
RET-001043,ORD-009670,2022-08-23,CUST-00276,PROD-0209,Electronics,Defective,941.3181503038451,26.071044896518035,18,0,4.0
RET-001044,ORD-002085,2023-04-13,CUST-00606,PROD-0050,Clothing,Changed Mind,136.0520597996288,30.86133238039762,24,0,1.0
RET-001045,ORD-006597,2024-03-27,CUST-00332,PROD-0216,Electronics,Changed Mind,1563.2159472221322,80.76404797007864,1,1,1.0
RET-001046,ORD-009023,2022-07-15,CUST-00734,PROD-0098,Home,Wrong Item,1420.5058086874449,82.32688023515139,4,0,5.0
RET-001047,ORD-000775,2022-12-26,CUST-00200,PROD-0070,Clothing,Changed Mind,209.44547057803248,19.19246598871982,1,0,3.0
RET-001048,ORD-001855,2023-07-22,CUST-01501,PROD-0008,Beauty,Changed Mind,1006.2861509907749,66.03610726455796,24,0,4.0
RET-001049,ORD-007742,2023-10-18,CUST-01643,PROD-0077,Clothing,Changed Mind,690.0142644117318,8.409316249038001,8,0,1.0
RET-001050,,2023-07-20,CUST-00634,PROD-0486,Home,Size Issue,41.93113742875717,12.85114736334718,12,0,1.0
RET-001051,ORD-003862,2023-12-18,CUST-00510,PROD-0070,Beauty,Size Issue,1646.7996265148936,68.95768351972366,7,0,5.0
RET-001052,ORD-004953,2022-08-11,CUST-01656,PROD-0227,Electronics,Not as Described,1776.7953955370747,72.0237476499214,0,0,3.0
RET-001053,ORD-001481,2023-01-27,CUST-00096,PROD-0289,Electronics,Changed Mind,1983.827709299063,22.00803286021189,15,0,3.0
RET-001054,ORD-004362,2022-10-10,CUST-01078,PROD-0337,Electronics,Wrong Item,1560.1667410361795,17.887389013829402,6,0,1.0
RET-001055,ORD-004089,2023-08-07,CUST-01087,PROD-0391,Home,Changed Mind,614.6338287597355,28.22413853851059,16,0,3.0
RET-001056,ORD-008065,2023-05-07,CUST-00705,PROD-0296,Beauty,Not as Described,1708.8681657881205,86.42831348343152,0,1,5.0
RET-001057,ORD-008925,2024-03-26,CUST-00779,PROD-0027,Beauty,Defective,1270.8128695565601,74.38557088700806,27,1,3.0
RET-001058,ORD-008237,2023-10-06,CUST-00555,PROD-0486,Home,Changed Mind,1028.529716323994,64.76110217988439,20,0,1.0
RET-001059,ORD-004829,2023-07-05,CUST-01396,PROD-0016,Electronics,Changed Mind,1366.2389430178278,27.838949482753993,5,1,3.0
RET-001060,ORD-008398,2023-01-31,CUST-00653,PROD-0078,Clothing,Wrong Item,1568.4375512192776,93.05180774175726,8,0,
RET-001061,ORD-004546,2022-08-25,CUST-01198,PROD-0228,Home,Size Issue,678.7681312155293,49.8506701032,21,1,5.0
RET-001062,ORD-005641,2022-06-22,CUST-01504,PROD-0338,Clothing,Size Issue,840.5849426169017,83.34454946638485,4,0,2.0
RET-001063,,2023-10-26,CUST-00814,PROD-0366,Home,Changed Mind,87.68411391495015,78.34388640781647,9,0,1.0
RET-001064,ORD-001013,2022-06-03,CUST-01928,PROD-0099,Beauty,Wrong Item,110.99956802720466,87.15582074874793,23,0,1.0
RET-001065,ORD-000870,2022-12-15,CUST-00164,PROD-0462,Electronics,Not as Described,280.0504299966669,51.65343997255769,11,0,4.0
RET-001066,ORD-002195,2023-02-20,CUST-01977,PROD-0104,Beauty,Wrong Item,1146.9159992712978,66.35093731562746,6,0,4.0
RET-001067,ORD-002593,2023-05-04,CUST-00587,PROD-0226,Clothing,Not as Described,929.3004633876973,0.0671047410029435,2,0,4.0
RET-001068,ORD-000242,2022-10-04,CUST-00477,PROD-0071,Electronics,Defective,14.318732305506414,19.709557141202772,8,0,4.0
RET-001069,ORD-003051,2023-01-25,CUST-00951,PROD-0185,Clothing,Changed Mind,1732.0555358927606,41.365972928334635,16,0,
RET-001070,ORD-004845,2023-01-13,CUST-01741,PROD-0255,Electronics,Size Issue,960.5988604984373,32.17845539648133,21,0,3.0
RET-001071,ORD-004907,2023-01-17,CUST-00816,PROD-0263,Home,Changed Mind,1336.2584067235953,65.54611060055244,5,1,1.0
RET-001072,ORD-008429,2022-10-14,CUST-01541,PROD-0029,Electronics,Size Issue,657.5607819373469,48.03063895880505,14,0,3.0
RET-001073,ORD-003778,2023-03-08,CUST-01263,PROD-0227,Clothing,Defective,875.2354744620741,93.91735676523578,22,0,2.0
RET-001074,ORD-000137,2022-07-14,CUST-01836,PROD-0461,Clothing,Wrong Item,1722.0557125513064,86.28052214395046,14,0,2.0
RET-001075,ORD-000668,2023-02-15,CUST-00305,PROD-0322,Electronics,Defective,1404.5274195080478,29.269791968887603,28,1,
RET-001076,ORD-007301,2022-11-06,CUST-00421,PROD-0467,Clothing,Not as Described,1976.593524025757,24.178866524036835,21,0,5.0
RET-001077,ORD-009777,2023-02-06,CUST-01221,PROD-0302,Home,Not as Described,393.0860331712819,25.226653424179236,5,1,2.0
RET-001078,ORD-008232,2022-09-25,CUST-00351,PROD-0407,Clothing,Not as Described,1027.6580019330288,2.033781254417577,22,1,5.0
RET-001079,ORD-008277,2023-01-10,CUST-01653,PROD-0122,Clothing,Defective,1930.9993119560288,50.03846302155307,5,0,4.0
RET-001080,ORD-005532,2022-10-28,CUST-01407,PROD-0317,Beauty,Defective,1131.7961930853257,41.81314742837823,25,0,4.0
RET-001081,ORD-003421,2023-06-13,CUST-01046,PROD-0176,Beauty,Not as Described,1838.0545467648465,57.03037696537287,5,0,2.0
RET-001082,ORD-000399,2023-11-19,CUST-00648,PROD-0068,Clothing,Not as Described,1611.8401607388657,42.07880422167509,6,1,5.0
RET-001083,ORD-006125,2022-08-13,CUST-00969,PROD-0005,Beauty,Defective,1826.4389236159768,61.43757958684698,20,0,
RET-001084,ORD-004234,2023-04-20,CUST-00752,PROD-0304,Home,Changed Mind,558.2037291605068,14.907195939387064,2,0,2.0
RET-001085,,2022-07-28,CUST-00826,PROD-0180,Clothing,Defective,1858.7999017589375,17.000555267243932,9,0,2.0
RET-001086,ORD-004868,2022-06-14,CUST-01392,PROD-0440,Beauty,Defective,1504.9151956247151,36.11825987416428,17,0,2.0
RET-001087,ORD-006715,2024-04-20,CUST-00301,PROD-0088,Home,Not as Described,1808.4397639198055,43.29128858384508,4,1,5.0
RET-001088,ORD-005186,2023-05-03,CUST-00836,PROD-0230,Home,Changed Mind,728.888590656954,34.291424841958516,8,0,1.0
RET-001089,ORD-005290,2023-06-30,CUST-00526,PROD-0425,Beauty,Wrong Item,1967.1582736618186,12.479849294999712,7,0,4.0
RET-001090,ORD-009253,2023-12-13,CUST-00223,PROD-0151,Beauty,Changed Mind,839.6316852126737,25.450305057266508,8,1,5.0
RET-001091,ORD-003772,2023-09-17,CUST-00410,PROD-0382,Electronics,Changed Mind,1769.2938721499531,27.09121200199691,22,0,5.0
RET-001092,ORD-000697,2023-07-25,CUST-01648,PROD-0009,Electronics,Defective,667.34368341127,30.322603320374775,7,0,1.0
RET-001093,ORD-002240,,CUST-01829,,Clothing,Wrong Item,914.5851900666985,12.559233389139667,25,0,4.0
RET-001094,ORD-009497,2023-09-17,CUST-00934,PROD-0218,Home,Defective,397.0416960349534,22.038329965168202,12,0,5.0
RET-001095,ORD-007564,2023-03-05,CUST-00574,PROD-0051,Home,Defective,1222.741594609082,42.90878166161748,23,1,3.0
RET-001096,ORD-001848,2022-08-15,CUST-00390,PROD-0295,Clothing,Wrong Item,678.9283398453688,82.49894878501061,28,1,1.0
RET-001097,ORD-005681,2023-05-22,CUST-01224,PROD-0186,Electronics,Wrong Item,1329.7657430432348,87.18870596184416,28,0,5.0
RET-001098,ORD-002979,2022-11-10,CUST-00539,PROD-0154,Clothing,Wrong Item,1919.7239155845205,34.032453961842904,23,1,3.0
RET-001099,ORD-009679,2023-05-11,CUST-00266,PROD-0433,Beauty,Changed Mind,395.7225013798089,13.077108457142849,20,0,1.0
RET-001100,ORD-004338,2023-04-22,CUST-00754,PROD-0279,Beauty,Wrong Item,1762.5901042892629,75.48636338218894,13,1,3.0
RET-001101,ORD-002588,2024-02-13,CUST-01894,PROD-0065,Beauty,Changed Mind,1499.0875378694493,32.81497940981784,0,0,2.0
RET-001102,ORD-002520,2022-12-27,CUST-01110,PROD-0344,Beauty,Wrong Item,29.787902097696886,15.075285862530496,29,0,1.0
RET-001103,ORD-005260,2023-02-19,CUST-00449,PROD-0275,Beauty,Size Issue,634.6142351500966,78.27072457243867,14,0,4.0
RET-001104,ORD-008610,2022-12-22,CUST-01186,PROD-0075,Electronics,Size Issue,449.60930072151655,78.18989745369697,3,0,2.0
RET-001105,ORD-003043,2022-08-10,CUST-01066,PROD-0211,Beauty,Defective,134.05746551369623,15.16231097245051,23,0,4.0
RET-001106,ORD-002571,2024-04-26,CUST-00979,PROD-0193,Beauty,Changed Mind,1918.1091027452492,54.670324447373275,20,0,2.0
RET-001107,ORD-001099,2023-03-08,CUST-00611,PROD-0002,Clothing,Not as Described,770.2878235955109,86.99754609747362,4,0,2.0
RET-001108,ORD-006831,2023-01-18,CUST-01700,PROD-0099,Clothing,Wrong Item,233.44419184783646,47.19613353304653,17,0,5.0
RET-001109,ORD-003975,2023-05-02,CUST-00107,PROD-0283,Beauty,Defective,1871.136352529142,72.8775551210385,25,0,2.0
RET-001110,ORD-009352,2022-09-25,CUST-00958,PROD-0172,Home,Changed Mind,1463.379088843673,40.544983395737944,24,0,5.0
RET-001111,ORD-004166,2023-11-21,CUST-01392,PROD-0409,Electronics,Defective,1821.4071340358903,7.8799282612634025,11,0,4.0
RET-001112,ORD-002887,2022-07-14,CUST-01712,PROD-0180,Clothing,Wrong Item,370.34644721694826,35.580648618582224,13,1,3.0
RET-001113,ORD-006000,2023-06-05,CUST-00200,PROD-0315,Electronics,Not as Described,1242.2272986773107,97.18785881713113,17,0,1.0
RET-001114,ORD-002032,2022-06-16,CUST-01101,,Electronics,Size Issue,117.19631536127598,35.18922879829719,9,0,2.0
RET-001115,ORD-002290,2022-07-15,CUST-00582,PROD-0100,Home,Changed Mind,1561.7575791163404,33.78691596424921,5,0,4.0
RET-001116,ORD-002315,2023-04-21,CUST-00495,PROD-0469,Beauty,Changed Mind,1546.5210208607887,48.84723661011573,16,0,2.0
RET-001117,ORD-006400,2023-09-14,CUST-00155,PROD-0332,Beauty,Size Issue,1512.0515460925908,10.972549359101002,15,0,5.0
RET-001118,ORD-008044,2023-04-04,CUST-01689,PROD-0321,Electronics,Not as Described,1007.2877501878417,73.36375220468616,29,1,2.0
RET-001119,ORD-003246,2022-08-21,CUST-00975,PROD-0166,Electronics,Not as Described,1201.637789692843,71.13208861070714,17,0,1.0
RET-001120,ORD-004269,2023-12-15,CUST-01789,PROD-0404,Clothing,Defective,595.0434877760046,3.7315074020996764,4,0,5.0
RET-001121,ORD-003438,,CUST-00880,PROD-0345,Electronics,Wrong Item,526.338747998656,65.30091222338125,3,0,5.0
RET-001122,ORD-007985,2023-12-18,CUST-00828,PROD-0449,Beauty,Defective,245.5714788206423,69.9091787782036,21,0,5.0
RET-001123,ORD-001932,2023-12-26,CUST-00982,PROD-0052,Home,Not as Described,1841.8693612849177,10.772013665393299,13,0,2.0
RET-001124,ORD-004768,2023-01-23,CUST-00297,PROD-0083,Beauty,Size Issue,1219.539742529079,30.76817194875684,13,0,3.0
RET-001125,ORD-007529,2023-05-03,CUST-00145,PROD-0358,Home,Size Issue,1260.212230131336,43.573741037913024,8,0,4.0
RET-001126,ORD-004850,2024-03-07,CUST-00334,PROD-0418,Home,Changed Mind,513.6719887409183,94.5191514597016,13,0,1.0
RET-001127,ORD-002450,2023-09-07,CUST-00634,PROD-0468,Clothing,Not as Described,1455.3235619702023,75.63443413199604,27,0,5.0
RET-001128,ORD-000177,2024-02-08,CUST-00367,PROD-0464,Beauty,Changed Mind,1561.8431531116582,73.48691290392169,13,0,3.0
RET-001129,ORD-004302,2024-01-04,CUST-00797,PROD-0382,Beauty,Changed Mind,646.5626891907712,18.06487907865271,29,0,1.0
RET-001130,ORD-009896,2024-01-24,CUST-00199,PROD-0259,Clothing,Wrong Item,702.0488386142373,67.77275695195537,4,1,3.0
RET-001131,ORD-001746,2023-10-26,CUST-01831,PROD-0431,Clothing,Size Issue,1547.5135018940723,86.76420356661545,17,0,4.0
RET-001132,ORD-008795,2022-10-23,CUST-00244,PROD-0244,Clothing,Not as Described,1437.218881940706,32.43795968122748,4,0,1.0
RET-001133,,2024-03-20,CUST-01044,PROD-0084,Home,Defective,1427.4423933072032,31.1965497392128,14,0,5.0
RET-001134,ORD-007707,2022-10-04,CUST-01649,PROD-0136,Electronics,Not as Described,759.552902822048,81.43394924050577,6,0,2.0
RET-001135,ORD-006901,2022-10-10,CUST-00015,PROD-0151,Beauty,Changed Mind,673.3849517837733,68.40656193441725,27,1,3.0
RET-001136,ORD-006684,2023-08-30,CUST-01826,PROD-0170,Electronics,Size Issue,1535.8829862527753,7.565810070788581,5,0,2.0
RET-001137,ORD-007457,2023-06-20,CUST-01024,PROD-0192,Home,Wrong Item,243.96235161781655,37.379224657236584,4,0,5.0
RET-001138,ORD-004417,,CUST-00795,PROD-0378,Clothing,Not as Described,19.228264314939462,24.630452231431644,17,0,3.0
RET-001139,ORD-005186,2022-07-10,CUST-01119,PROD-0122,Home,Defective,1123.641603514478,48.512067021295444,12,0,1.0
RET-001140,ORD-000545,2023-12-25,CUST-00044,PROD-0262,Home,Size Issue,213.2198549914997,75.95074613180599,28,1,5.0
RET-001141,ORD-003724,2022-12-26,CUST-01532,PROD-0162,Clothing,Not as Described,1746.2995614877314,40.67518243611209,9,1,4.0
RET-001142,ORD-005315,2023-08-11,CUST-00833,PROD-0205,Electronics,Size Issue,371.9584969363805,57.84084763718913,19,0,2.0
RET-001143,ORD-000147,2022-08-09,CUST-01987,PROD-0196,Clothing,Wrong Item,873.9687617628888,42.44705555641251,23,1,3.0
RET-001144,ORD-001895,2022-09-03,CUST-01895,PROD-0043,Home,Wrong Item,1866.8081199600026,26.96934960080869,27,1,3.0
RET-001145,ORD-005618,2023-01-13,CUST-01418,PROD-0185,Home,Defective,1421.296618297085,2.2514974424420298,17,1,2.0
RET-001146,ORD-005061,2023-05-27,CUST-01758,PROD-0197,Electronics,Changed Mind,95.81891001037634,77.91087016683895,23,0,4.0
RET-001147,ORD-006358,2022-10-23,CUST-01397,PROD-0480,Electronics,Size Issue,1867.2170076143668,25.1181163131055,18,1,1.0
RET-001148,ORD-008043,2023-09-11,CUST-01669,PROD-0083,Home,Wrong Item,925.0959469155541,73.33376424848913,5,0,2.0
RET-001149,ORD-009735,2024-01-03,CUST-01595,PROD-0478,Home,Changed Mind,863.6706730697542,37.4552025330734,14,0,2.0
RET-001150,ORD-007193,2023-10-07,CUST-01987,PROD-0088,Beauty,Size Issue,940.8692726553325,88.9570181064818,9,0,2.0
RET-001151,ORD-002716,2024-03-26,CUST-01726,PROD-0325,Clothing,Changed Mind,469.2740162521872,41.05498811230286,12,0,1.0
RET-001152,ORD-005078,2024-02-22,CUST-00634,PROD-0216,Electronics,Wrong Item,1113.9573784566985,15.364345278216064,17,0,1.0
RET-001153,ORD-007976,2023-09-04,CUST-00226,PROD-0401,Home,Changed Mind,42.40083996600522,78.45643852290335,9,0,5.0
RET-001154,ORD-000492,2022-11-06,CUST-01682,PROD-0123,Home,Size Issue,1390.9531144750729,43.07705211208801,14,1,2.0
RET-001155,ORD-001207,2023-03-23,CUST-00921,,Clothing,Defective,1767.7241016745627,5.98323465863948,8,1,5.0
RET-001156,ORD-002301,2023-04-16,CUST-01115,PROD-0394,Home,Changed Mind,1690.669526837055,70.69137424829445,24,0,1.0
RET-001157,ORD-000759,2023-12-18,CUST-00364,PROD-0104,Clothing,Size Issue,1643.4991223427667,8.204251791003225,7,0,1.0
RET-001158,ORD-002900,2024-01-21,CUST-00258,PROD-0344,Electronics,Not as Described,298.26145610381747,1.3431954667431856,10,0,4.0
RET-001159,ORD-007126,2022-09-30,CUST-01950,PROD-0281,Beauty,Size Issue,1244.093867261046,15.064022511450382,12,0,
RET-001160,ORD-001470,,CUST-01286,PROD-0201,Clothing,Changed Mind,494.1744592654942,66.35985021635284,27,0,2.0
RET-001161,ORD-009505,2022-10-08,CUST-00030,PROD-0092,Electronics,Defective,1242.317213147364,82.40111857455457,19,0,4.0
RET-001162,ORD-008979,2023-05-31,CUST-01770,PROD-0138,Home,Defective,491.88518802782727,31.01170066710387,2,1,5.0
RET-001163,ORD-009559,2024-01-01,CUST-00650,PROD-0342,Home,Defective,966.2480027960817,54.02990007455338,28,0,1.0
RET-001164,ORD-004000,2023-02-11,CUST-01031,PROD-0181,Beauty,Wrong Item,1663.4194593741774,33.823512814219335,14,0,2.0
RET-001165,ORD-005851,2024-04-10,CUST-01487,PROD-0231,Clothing,Not as Described,1872.5289981209949,29.32416389446012,24,1,3.0
RET-001166,ORD-002174,2023-05-23,CUST-01476,PROD-0452,Electronics,Wrong Item,492.9355763164763,55.12325438465685,8,1,1.0
RET-001167,ORD-009048,2024-02-22,CUST-00403,PROD-0140,Electronics,Size Issue,1102.8563457384198,69.05469787932385,15,0,4.0
RET-001168,ORD-002867,2023-09-01,CUST-01571,PROD-0226,Clothing,Not as Described,1768.3803125831744,94.45861322485307,27,0,1.0
RET-001169,ORD-001785,2023-04-24,CUST-00503,PROD-0307,Electronics,Wrong Item,1322.0034181686096,12.5215525647972,17,0,2.0
RET-001170,ORD-006039,2023-07-18,CUST-01120,PROD-0165,Electronics,Defective,85.5277782344629,74.64637827297695,14,1,1.0
RET-001171,ORD-007909,2022-07-12,CUST-00794,PROD-0029,Clothing,Changed Mind,441.44519942897546,93.58784287958414,16,1,4.0
RET-001172,ORD-006449,2023-08-20,CUST-00544,PROD-0230,Clothing,Defective,1528.5355843191708,74.55393226261305,18,0,4.0
RET-001173,ORD-008355,2022-08-26,CUST-01356,PROD-0122,Electronics,Not as Described,320.45650165240585,55.77476607018427,12,0,2.0
RET-001174,ORD-009997,2023-01-31,CUST-01228,PROD-0075,Beauty,Wrong Item,450.14521111148474,6.650720863932246,22,1,3.0
RET-001175,ORD-008251,2023-07-04,CUST-01586,PROD-0341,Home,Defective,990.1519874765654,96.31709532417541,3,0,4.0
RET-001176,ORD-001208,2022-06-07,CUST-00937,PROD-0025,Electronics,Changed Mind,1268.8989443714065,28.336012039530534,23,1,4.0
RET-001177,ORD-009985,2023-04-15,CUST-01012,PROD-0267,Electronics,Defective,1404.8998192969366,4.210623505480826,9,0,1.0
RET-001178,ORD-003252,2024-01-03,CUST-00123,PROD-0359,Home,Defective,854.6575459892125,32.28554771634051,4,0,4.0
RET-001179,ORD-006992,2023-07-18,CUST-00980,PROD-0204,Home,Changed Mind,1207.2834138663668,6.956739003057921,3,0,5.0
RET-001180,ORD-001135,2023-11-24,CUST-00235,PROD-0023,Electronics,Wrong Item,1851.0152342756107,230.74890606623683,10,0,1.0
RET-001181,ORD-008397,2022-06-19,CUST-01518,PROD-0077,Beauty,Defective,1598.550751794657,77.33887593517133,0,1,3.0
RET-001182,ORD-003854,2023-04-25,CUST-01264,PROD-0367,Clothing,Changed Mind,1907.8080120680247,85.59431310184678,19,0,
RET-001183,ORD-004383,2023-04-11,CUST-01677,PROD-0462,Electronics,Defective,1976.444747956313,27.978767109954628,24,1,3.0
RET-001184,ORD-001091,2024-03-26,CUST-00507,PROD-0359,Home,Not as Described,440.99204584783206,33.473729405755506,4,0,1.0
RET-001185,,2024-01-30,CUST-01012,PROD-0235,Beauty,Size Issue,1371.8779873543688,93.5342869213094,14,1,1.0
RET-001186,,2022-07-28,CUST-01812,PROD-0139,Beauty,Wrong Item,622.0221982789618,99.68725331785406,8,1,5.0
RET-001187,ORD-002980,2023-02-23,CUST-01449,PROD-0114,Electronics,Defective,1958.9562211064851,8.663473719845205,0,0,
RET-001188,ORD-003872,2024-03-17,CUST-00829,PROD-0453,Clothing,Wrong Item,907.8948302879766,84.55487178848922,17,0,5.0
RET-001189,ORD-008544,2024-03-21,CUST-01978,PROD-0318,Home,Not as Described,443.1188738859418,57.386746183673424,21,0,2.0
RET-001190,ORD-001448,,CUST-01553,PROD-0235,Electronics,Wrong Item,1236.5596943332368,38.913159597687795,29,0,3.0
RET-001191,ORD-001411,2023-10-17,CUST-00771,PROD-0378,Beauty,Not as Described,1337.553497643012,40.455937075813154,19,0,4.0
RET-001192,ORD-002223,2022-08-26,CUST-01927,PROD-0383,Beauty,Changed Mind,273.6426468036378,7.559716231124214,29,0,5.0
RET-001193,ORD-006554,2023-10-13,CUST-00906,PROD-0273,Electronics,Defective,1695.8590098879577,75.75116827472851,1,0,4.0
RET-001194,ORD-007253,2023-01-23,CUST-00589,,Beauty,Size Issue,1589.6561190930452,13.693986379575495,11,1,1.0
RET-001195,ORD-003533,2022-12-27,CUST-00235,PROD-0244,Home,Wrong Item,249.7943961967627,33.871355950192815,19,0,2.0
RET-001196,ORD-004417,2022-10-02,CUST-01166,PROD-0248,Home,Wrong Item,162.0953264859061,80.24445633172846,15,0,3.0
RET-001197,ORD-003525,2022-09-10,CUST-00757,PROD-0024,Electronics,Changed Mind,90.39216292735803,56.19685349859576,1,0,3.0
RET-001198,ORD-009087,2023-04-28,CUST-00325,PROD-0473,Beauty,Changed Mind,870.6033030551062,9.196857220986466,11,1,3.0
RET-001199,ORD-003916,2023-08-26,CUST-01297,PROD-0190,Clothing,Wrong Item,1821.28837964619,15.74397946126581,25,1,1.0
RET-001200,ORD-008681,2023-07-30,CUST-00502,PROD-0465,Home,Changed Mind,1075.7349294213839,58.29475891501688,27,0,2.0
RET-001201,ORD-006016,2023-11-28,CUST-00581,PROD-0159,Electronics,Wrong Item,825.286352472854,21.896731746057153,23,1,2.0
RET-001202,ORD-004105,2022-11-19,CUST-00684,PROD-0493,Beauty,Wrong Item,1820.802744605077,12.25749738576738,12,1,1.0
RET-001203,ORD-007098,2024-04-04,CUST-01921,PROD-0458,Clothing,Wrong Item,1099.4716530933254,14.119755815979062,10,0,5.0
RET-001204,ORD-008926,2023-04-24,CUST-00486,PROD-0415,Beauty,Wrong Item,595.2828268817389,92.86039832225978,24,0,1.0
RET-001205,ORD-001645,2022-11-14,CUST-00549,PROD-0107,Clothing,Defective,503.14130748932837,11.245945530088475,10,0,
RET-001206,ORD-004149,2023-05-07,CUST-00825,PROD-0336,Home,Size Issue,1252.4140233754574,44.62797858181287,14,0,4.0
RET-001207,ORD-003224,2022-07-04,CUST-01168,PROD-0148,Electronics,Defective,153.87985222640583,16.031987943922843,5,0,4.0
RET-001208,ORD-002261,2022-06-26,CUST-00694,PROD-0313,Clothing,Not as Described,1412.5225831096598,10.672339247611317,28,0,3.0
RET-001209,ORD-002550,,CUST-00520,PROD-0407,Home,Not as Described,639.069851473261,84.06213347711733,15,0,
RET-001210,ORD-000224,2023-03-02,CUST-00606,PROD-0325,Home,Not as Described,379.30502482536906,15.855928284082555,12,0,4.0
RET-001211,ORD-004898,2022-11-10,CUST-00518,,Electronics,Defective,590.3460782808502,71.66501844385057,14,0,2.0
RET-001212,ORD-009998,2022-09-11,CUST-01549,PROD-0402,Beauty,Size Issue,1779.966932351063,45.056518963900295,7,0,3.0
RET-001213,ORD-001897,2022-06-14,CUST-00009,PROD-0170,Electronics,Not as Described,1606.204109756116,28.42325480332105,7,0,5.0
RET-001214,ORD-002049,2024-01-18,CUST-01831,PROD-0470,Beauty,Wrong Item,977.0997344083006,91.21813008192457,6,0,3.0
RET-001215,ORD-006119,2022-11-27,CUST-00251,PROD-0340,Clothing,Defective,1728.0338003130928,31.10925179154561,14,0,2.0
RET-001216,ORD-002243,2023-12-17,CUST-01107,PROD-0306,Home,Size Issue,819.8157916519946,61.971067016090764,22,0,2.0
RET-001217,,2023-05-26,CUST-00800,PROD-0426,Clothing,Changed Mind,818.4083780644672,25.228725289720867,20,0,4.0
RET-001218,ORD-000273,2022-07-30,CUST-00254,PROD-0114,Home,Wrong Item,1227.0019152428472,38.73503320816625,1,1,1.0
RET-001219,ORD-006279,,CUST-00830,PROD-0399,Clothing,Size Issue,340.7837851742592,69.79467270536657,19,0,1.0
RET-001220,ORD-000611,2023-09-09,CUST-00602,PROD-0219,Clothing,Not as Described,316.03629646428,44.98407994452531,20,1,
RET-001221,ORD-009662,2024-01-10,CUST-01521,PROD-0132,Home,Wrong Item,410.752961656527,69.62671765693268,4,0,2.0
RET-001222,ORD-003512,2023-03-28,CUST-00902,PROD-0059,Beauty,Defective,1063.9976664786377,12.811090894565902,11,0,3.0
RET-001223,ORD-007643,2023-08-15,CUST-01414,PROD-0141,Beauty,Wrong Item,1151.8285852391862,13.848880723335688,14,0,2.0
RET-001224,ORD-001907,2023-10-16,CUST-01604,PROD-0018,Home,Not as Described,402.33075033343806,95.80907635206292,29,0,1.0
RET-001225,ORD-008344,2024-02-26,CUST-01803,,Clothing,Defective,489.028505322803,94.81112700996944,12,0,2.0
RET-001226,ORD-008500,2023-03-05,CUST-00151,PROD-0237,Beauty,Changed Mind,1543.4800936435101,86.11748619368905,21,0,
RET-001227,ORD-006924,2023-01-18,CUST-00441,PROD-0080,Beauty,Wrong Item,70.23911954814903,81.27472961909659,25,0,5.0
RET-001228,ORD-000809,2023-08-29,CUST-01910,PROD-0088,Home,Size Issue,1900.8269743896542,26.79431523689171,13,0,2.0
RET-001229,ORD-001093,2022-12-11,CUST-00064,PROD-0479,Beauty,Changed Mind,1021.1494035857737,53.57688789372131,11,0,4.0
RET-001230,ORD-006145,2023-07-05,CUST-00053,PROD-0034,Beauty,Defective,1494.5118670238576,88.51491403702411,24,0,4.0
RET-001231,ORD-002562,2022-06-16,CUST-00198,PROD-0006,Clothing,Wrong Item,425.85823419248845,69.60524131335073,18,0,5.0
RET-001232,ORD-006737,2023-02-12,CUST-01481,PROD-0237,Beauty,Size Issue,468.8967997772625,25.624468104449715,27,1,1.0
RET-001233,ORD-006958,2023-02-14,CUST-00248,PROD-0364,Clothing,Wrong Item,809.870947362775,84.47893500768107,3,0,4.0
RET-001234,ORD-001521,2023-07-03,CUST-00608,PROD-0370,Beauty,Changed Mind,1726.572668216341,17.756331163521345,12,0,
RET-001235,ORD-001118,2023-05-23,CUST-00836,PROD-0441,Beauty,Changed Mind,1092.6888487193353,16.238260087563116,13,0,2.0
RET-001236,ORD-003033,2022-09-22,CUST-00065,PROD-0215,Home,Not as Described,941.62356243095,17.557493907381037,20,0,1.0
RET-001237,ORD-008600,2023-06-26,CUST-01119,PROD-0244,Home,Size Issue,1710.2874410470292,81.85306961652083,1,1,1.0
RET-001238,ORD-009583,2022-11-29,CUST-01778,PROD-0116,Clothing,Not as Described,962.4316442038407,44.96563277706663,19,0,4.0
RET-001239,ORD-002244,2023-05-03,CUST-00624,PROD-0167,Electronics,Wrong Item,1547.5686882415023,74.29803541907141,7,1,1.0
RET-001240,ORD-003246,2022-11-08,CUST-00865,PROD-0288,Clothing,Changed Mind,313.02630436519536,72.5819409583683,18,0,3.0
RET-001241,ORD-001705,2023-01-18,CUST-00984,PROD-0292,Electronics,Wrong Item,1663.7152109858032,62.20389229747717,1,0,5.0
RET-001242,ORD-003278,2022-10-14,CUST-00352,PROD-0033,Electronics,Not as Described,1716.2905110992324,79.04145277332549,1,1,5.0
RET-001243,ORD-002536,2023-06-27,CUST-00607,PROD-0128,Clothing,Not as Described,1221.5913837292458,40.67826663966031,7,1,2.0
RET-001244,ORD-009859,2023-03-16,CUST-01591,PROD-0073,Home,Changed Mind,463.96177650044615,38.791770601525464,3,0,2.0
RET-001245,ORD-004982,2022-09-09,CUST-00919,PROD-0051,Electronics,Size Issue,1704.1828631433966,68.68793847860908,5,0,5.0
RET-001246,ORD-006917,2023-08-19,CUST-00198,PROD-0048,Beauty,Not as Described,1583.8055959237256,90.44683602055525,0,1,2.0
RET-001247,ORD-003032,2023-08-20,CUST-00202,PROD-0288,Electronics,Not as Described,1792.7278393596964,91.48012104908786,27,0,3.0
RET-001248,ORD-009263,2024-04-21,CUST-00874,PROD-0126,Beauty,Not as Described,88.4073776747703,43.6857621489973,10,0,
RET-001249,ORD-001111,2024-02-16,CUST-00141,PROD-0428,Beauty,Wrong Item,1928.5050596192243,66.17668724998735,4,0,2.0
RET-001250,ORD-006434,2022-08-17,CUST-00286,PROD-0447,Clothing,Changed Mind,718.2430521623041,8.86009778606761,10,0,5.0
RET-001251,ORD-006341,2022-08-25,CUST-01337,PROD-0486,Beauty,Changed Mind,1497.7092349368356,97.77940344006853,22,0,5.0
RET-001252,ORD-001013,2023-01-25,CUST-00844,PROD-0227,Beauty,Size Issue,281.73669904244383,69.90337537294997,26,1,2.0
RET-001253,ORD-003020,2023-06-09,CUST-00982,PROD-0326,Home,Not as Described,819.4701935958024,29.00220297816295,14,0,1.0
RET-001254,ORD-008571,,CUST-01695,PROD-0041,Home,Size Issue,748.2567657983396,15.749477153658065,13,0,1.0
RET-001255,ORD-001819,2023-10-19,CUST-01685,PROD-0264,Clothing,Defective,401.6602914729208,40.38617552614221,24,1,1.0
RET-001256,ORD-003748,2024-04-29,CUST-01666,PROD-0060,Home,Size Issue,1917.9596010155385,81.4734494493028,14,0,2.0
RET-001257,ORD-004684,2022-12-18,CUST-00570,PROD-0291,Home,Size Issue,61.050036127546555,55.72377017742931,12,0,3.0
RET-001258,ORD-002869,2023-09-01,CUST-01765,,Home,Not as Described,208.5098798387279,64.66700905413612,10,0,3.0
RET-001259,ORD-009596,2023-11-18,CUST-01791,PROD-0322,Clothing,Changed Mind,397.6558208515039,74.83541358241548,15,1,2.0
RET-001260,ORD-003844,2022-06-28,CUST-00330,PROD-0170,Home,Size Issue,473.5182308446344,29.60440970136995,25,1,4.0
RET-001261,ORD-009900,2023-04-17,CUST-00790,PROD-0335,Electronics,Not as Described,585.8233449718049,11.14286645122975,0,0,2.0
RET-001262,ORD-003152,2022-09-01,CUST-01286,PROD-0250,Home,Defective,65.08376932058016,72.63499117950849,23,0,5.0
RET-001263,ORD-000502,2023-10-01,CUST-00378,PROD-0435,Home,Wrong Item,804.0705715096465,59.68310173548422,15,0,1.0
RET-001264,ORD-003827,2022-11-20,CUST-00455,PROD-0490,Home,Defective,724.1569931910129,93.06423746961852,23,1,4.0
RET-001265,ORD-002132,2022-07-13,CUST-01260,PROD-0240,Electronics,Size Issue,564.8023532580331,88.72028834533623,8,1,2.0
RET-001266,ORD-006815,2023-12-04,CUST-00881,PROD-0494,Electronics,Size Issue,285.2911986556837,24.864493979217915,5,0,4.0
RET-001267,ORD-002919,2022-06-14,CUST-00421,PROD-0173,Beauty,Changed Mind,976.212685499251,17.219033866290822,15,1,1.0
RET-001268,ORD-009999,2022-10-19,CUST-00664,PROD-0141,Electronics,Changed Mind,1696.7334801551337,14.032876063670741,4,0,4.0
RET-001269,ORD-000251,2023-03-27,CUST-01754,PROD-0253,Home,Wrong Item,1755.5172189246339,14.85421142684027,25,0,4.0
RET-001270,ORD-005286,,CUST-01821,PROD-0337,Beauty,Changed Mind,1448.4483884076003,78.82545245731953,28,0,4.0
RET-001271,ORD-008078,2022-10-29,CUST-01418,PROD-0109,Home,Changed Mind,134.97792474472152,87.17204915848161,16,0,4.0
RET-001272,ORD-004203,2023-10-06,CUST-01801,PROD-0075,Electronics,Defective,620.0962340893619,2.8139422732227692,15,0,3.0
RET-001273,ORD-001023,2023-04-15,CUST-00258,PROD-0029,Electronics,Changed Mind,374.3146449973463,77.0706953585305,13,0,2.0
RET-001274,ORD-002318,2023-09-09,CUST-01067,PROD-0176,Electronics,Wrong Item,1172.7867771431502,1.9464848921154965,15,0,
RET-001275,ORD-006886,2023-12-08,CUST-00078,PROD-0155,Beauty,Defective,792.250914304692,45.34269590374376,27,1,4.0
RET-001276,ORD-008563,2024-01-02,CUST-01273,PROD-0341,Beauty,Not as Described,497.55998169231356,15.854776840285577,0,0,1.0
RET-001277,ORD-003599,2024-02-07,CUST-00020,PROD-0331,Home,Changed Mind,970.6194336745825,71.79153051029105,5,0,2.0
RET-001278,ORD-009740,2022-06-01,CUST-00954,,Electronics,Defective,487.9855975023809,15.281934053669243,9,0,2.0
RET-001279,ORD-002473,2022-12-17,CUST-00664,PROD-0258,Clothing,Wrong Item,1951.7242498967476,48.35897848972154,25,0,5.0
RET-001280,ORD-002334,2024-04-20,CUST-00276,PROD-0143,Beauty,Defective,1590.2013483571197,77.46553217601827,24,0,2.0
RET-001281,ORD-003679,2023-04-06,CUST-00283,PROD-0352,Clothing,Changed Mind,184.1195599707837,49.69280149264308,10,0,4.0
RET-001282,ORD-006598,,CUST-01095,PROD-0398,Clothing,Defective,762.1140249905599,0.460087468275705,26,1,1.0
RET-001283,ORD-003234,2022-08-27,CUST-01735,PROD-0116,Clothing,Changed Mind,1710.8439312861638,18.685229000333003,7,0,4.0
RET-001284,ORD-006480,2023-12-01,CUST-00798,PROD-0379,Clothing,Changed Mind,473.46201843835024,19.226430994201138,18,1,2.0
RET-001285,ORD-001003,2022-07-30,CUST-00064,PROD-0451,Home,Changed Mind,1849.1022231973402,48.2741146184074,25,0,5.0
RET-001286,ORD-001846,2024-02-20,CUST-01098,PROD-0280,Beauty,Size Issue,1438.673083447056,50.82817360781359,7,0,3.0
RET-001287,ORD-007581,2023-12-19,CUST-01441,PROD-0043,Electronics,Changed Mind,1520.996717439801,68.78807759617068,17,0,3.0
RET-001288,ORD-007164,2023-02-21,CUST-01394,PROD-0039,Clothing,Defective,641.1236303546605,65.15936778263051,2,0,5.0
RET-001289,ORD-006430,2022-07-15,CUST-00615,PROD-0207,Clothing,Defective,1790.624425310794,97.2251998940046,8,0,2.0
RET-001290,ORD-008810,2022-07-15,CUST-01667,PROD-0379,Electronics,Changed Mind,1398.7837836832634,17.19041844269483,5,0,3.0
RET-001291,ORD-000352,2022-06-13,CUST-01531,PROD-0363,Electronics,Size Issue,554.6999258554309,76.87083055792903,16,1,1.0
RET-001292,ORD-006752,2022-11-10,CUST-01754,PROD-0316,Beauty,Changed Mind,1798.258889439064,47.12735406417815,18,1,2.0
RET-001293,ORD-006281,2024-04-02,CUST-00616,PROD-0461,Clothing,Size Issue,351.2610828948564,81.6889903611193,14,1,5.0
RET-001294,ORD-005298,2023-07-01,CUST-00453,PROD-0253,Electronics,Wrong Item,1432.2254702080356,23.541697671928663,13,1,2.0
RET-001295,ORD-009446,2023-11-04,CUST-00624,PROD-0071,Beauty,Defective,1124.975972661848,10.040812473062488,22,0,4.0
RET-001296,ORD-001406,2024-02-13,CUST-00556,PROD-0312,Home,Wrong Item,93.4754429989482,83.36845409959447,29,0,1.0
RET-001297,ORD-005216,2023-08-12,CUST-00131,PROD-0467,Home,Changed Mind,390.4048665469993,24.41212886461489,7,0,3.0
RET-001298,,2024-03-12,CUST-01742,PROD-0204,Clothing,Changed Mind,1266.9270286460774,22.07477490288936,4,0,2.0
RET-001299,ORD-005306,2023-02-21,CUST-00822,PROD-0302,Clothing,Changed Mind,479.30581577391746,61.04920801435738,27,0,1.0
RET-001300,ORD-006147,2023-04-25,CUST-01980,PROD-0138,Beauty,Changed Mind,84.3717369305615,47.148313805442854,26,0,3.0
RET-001301,ORD-008441,2023-05-29,CUST-01596,PROD-0479,Home,Not as Described,1957.2859833208886,9.383730972932137,16,0,3.0
RET-001302,ORD-002897,2022-12-11,CUST-01879,PROD-0106,Clothing,Not as Described,1458.6301214256143,26.926303099453364,5,0,4.0
RET-001303,ORD-003285,,CUST-01864,PROD-0150,Home,Defective,1726.0771686312094,84.68751793889138,9,0,3.0
RET-001304,ORD-006254,2023-08-20,CUST-01425,PROD-0392,Electronics,Changed Mind,119.83966546748084,45.43422102424894,26,0,1.0
RET-001305,ORD-008267,2024-04-06,CUST-01473,PROD-0397,Home,Wrong Item,1952.6309547921119,42.21581347092417,17,0,1.0
RET-001306,ORD-007824,2023-10-28,CUST-00051,PROD-0484,Electronics,Not as Described,1931.1696297802594,88.22876618008131,20,0,2.0
RET-001307,ORD-006235,2023-02-04,CUST-01782,PROD-0431,Beauty,Changed Mind,1343.7861496458395,81.75545805859615,5,0,1.0
RET-001308,ORD-001821,2023-02-10,CUST-01638,PROD-0072,Clothing,Changed Mind,1966.0488226463813,85.31498131163222,1,0,5.0
RET-001309,,2023-01-19,CUST-00683,PROD-0385,Home,Wrong Item,350.47766149466327,25.742779677417428,16,0,2.0
RET-001310,ORD-005848,2022-10-23,CUST-00128,PROD-0329,Clothing,Wrong Item,104.47270906643466,26.052230488766416,8,0,3.0
RET-001311,ORD-005072,2022-09-08,CUST-00889,PROD-0248,Clothing,Defective,1637.0539018355973,83.86213613381884,23,0,5.0
RET-001312,ORD-006540,2023-03-06,CUST-01912,PROD-0049,Electronics,Size Issue,579.5406249636922,38.84815248888679,8,0,5.0
RET-001313,ORD-001469,2023-02-27,CUST-01295,PROD-0327,Home,Changed Mind,1395.3654969524323,93.08523834048673,21,0,2.0
RET-001314,ORD-005898,2023-01-09,CUST-01900,PROD-0414,Electronics,Changed Mind,846.2294367898788,33.436529538148804,22,0,3.0
RET-001315,ORD-003123,2024-01-17,CUST-00712,PROD-0122,Clothing,Wrong Item,888.3441094272192,98.47283859168799,10,1,4.0
RET-001316,,2023-04-19,CUST-01013,PROD-0036,Beauty,Changed Mind,339.68538297432025,15.24820636823787,16,1,5.0
RET-001317,ORD-004351,2023-06-20,CUST-00230,PROD-0490,Beauty,Size Issue,113.78053737624812,70.19103009294042,19,0,1.0
RET-001318,ORD-007910,2023-11-23,CUST-01552,PROD-0260,Clothing,Size Issue,1636.497022597112,35.12655978789956,5,0,1.0
RET-001319,ORD-008330,2024-02-12,CUST-01723,PROD-0435,Clothing,Size Issue,294.5764201349932,41.61083947379287,16,0,1.0
RET-001320,ORD-007933,2024-03-10,CUST-00891,PROD-0445,Clothing,Defective,1874.6629255098849,25.514483746361726,3,0,2.0
RET-001321,ORD-002288,2023-07-05,CUST-01861,PROD-0468,Clothing,Defective,922.1521700960769,26.85006564987622,13,0,4.0
RET-001322,ORD-006936,2023-04-13,CUST-01840,,Clothing,Defective,890.3661751461375,23.123955258755615,24,0,3.0
RET-001323,ORD-007131,2024-04-29,CUST-00700,PROD-0020,Clothing,Wrong Item,1513.1702623643723,46.49289615654043,19,0,1.0
RET-001324,ORD-003121,2022-10-09,CUST-00038,PROD-0038,Clothing,Wrong Item,1331.1390623737227,74.98714178058673,17,0,5.0
RET-001325,ORD-008561,2022-07-15,CUST-00531,PROD-0483,Beauty,Wrong Item,1773.7024708825181,40.55091296322904,19,0,4.0
RET-001326,ORD-007892,2023-05-23,CUST-00692,PROD-0220,Beauty,Size Issue,1970.4736267990816,41.06548048871178,5,0,2.0
RET-001327,,2023-01-14,CUST-00470,PROD-0326,Electronics,Changed Mind,1514.1580984186628,61.336163049231686,2,0,1.0
RET-001328,ORD-004228,2023-08-30,CUST-00873,PROD-0382,Electronics,Defective,1712.2818889091236,71.25139593752436,0,1,
RET-001329,ORD-004266,2024-01-19,CUST-01557,PROD-0403,Electronics,Wrong Item,545.8474221762466,98.18702613386249,20,1,2.0
RET-001330,ORD-003376,2024-04-02,CUST-00024,PROD-0148,Clothing,Wrong Item,276.8553894969853,82.56079763421572,20,0,1.0
RET-001331,ORD-003010,2023-02-21,CUST-00384,PROD-0463,Beauty,Wrong Item,403.885427225377,229.4445895695698,2,0,5.0
RET-001332,ORD-005895,2023-05-10,CUST-01417,PROD-0266,Clothing,Changed Mind,1315.9095031153563,53.18119177371855,22,1,2.0
RET-001333,ORD-008922,,CUST-00880,PROD-0062,Clothing,Size Issue,147.8864887609437,82.66030177115422,8,0,2.0
RET-001334,ORD-005405,2023-02-03,CUST-00306,PROD-0342,Clothing,Changed Mind,1403.391725370802,65.59505906034867,5,0,2.0
RET-001335,ORD-000961,2022-09-28,CUST-00139,PROD-0116,Beauty,Wrong Item,349.1242372153308,68.39560965427039,14,0,2.0
RET-001336,ORD-005121,2024-03-08,CUST-00534,PROD-0230,Clothing,Not as Described,1626.0856144836505,1.9776352930574892,4,1,2.0
RET-001337,ORD-005415,2023-08-28,CUST-00977,PROD-0120,Home,Changed Mind,1755.6738448369315,67.1486145647274,16,0,5.0
RET-001338,ORD-007308,2023-11-12,CUST-00565,PROD-0283,Clothing,Not as Described,1024.661629118744,37.623111810010414,20,0,4.0
RET-001339,ORD-002702,2023-09-19,CUST-01910,PROD-0440,Clothing,Changed Mind,1563.68520852941,89.23927941331432,13,1,3.0
RET-001340,ORD-008538,2023-07-31,CUST-01469,PROD-0316,Home,Wrong Item,1878.2402074251809,65.74416622911873,5,0,
RET-001341,ORD-002337,2023-05-21,CUST-00369,PROD-0284,Electronics,Wrong Item,960.5322818120867,91.2608387396739,28,0,4.0
RET-001342,,2024-03-24,CUST-01633,PROD-0345,Clothing,Size Issue,644.4049959098636,20.36021915376218,1,0,2.0
RET-001343,,2022-10-21,CUST-01421,PROD-0220,Beauty,Changed Mind,199.94151067475252,39.7168619075746,8,0,2.0
RET-001344,ORD-009407,2023-02-18,CUST-00263,,Home,Changed Mind,751.0814715756854,18.4009497632317,1,1,1.0
RET-001345,ORD-005599,2022-07-07,CUST-01106,PROD-0202,Clothing,Defective,1731.7223958180016,34.98290082236613,3,0,1.0
RET-001346,ORD-004872,2023-11-17,CUST-00945,PROD-0010,Electronics,Not as Described,560.3178780933123,21.12417308956972,24,0,3.0
RET-001347,ORD-004053,2023-05-19,CUST-01968,PROD-0479,Electronics,Not as Described,1110.3122578695097,4.347633772061455,15,0,2.0
RET-001348,ORD-009993,2022-12-13,CUST-00821,PROD-0397,Clothing,Size Issue,321.954606645205,59.61699581080746,3,0,1.0
RET-001349,ORD-008323,2023-09-09,CUST-01709,PROD-0108,Home,Size Issue,1069.5092765936636,45.67585511934148,25,0,1.0
RET-001350,ORD-009814,2023-04-17,CUST-00563,,Home,Size Issue,92.77277601504669,94.09028840984311,27,1,4.0
RET-001351,ORD-003461,2022-06-06,CUST-01455,PROD-0061,Clothing,Not as Described,243.58611118764088,27.577546319247126,14,1,3.0
RET-001352,ORD-003029,2022-07-14,CUST-01524,PROD-0149,Beauty,Not as Described,1963.3660929112011,91.06476590305857,27,1,5.0
RET-001353,ORD-001998,2023-07-12,CUST-00066,PROD-0416,Clothing,Defective,152.4967475493368,83.98500127265017,13,1,5.0
RET-001354,ORD-001625,2023-10-05,CUST-01152,PROD-0487,Clothing,Changed Mind,515.0699455407862,58.409957392116375,21,0,
RET-001355,ORD-008203,2023-11-03,CUST-01394,PROD-0388,Electronics,Changed Mind,1088.72609671805,16.254529010567566,14,0,3.0
RET-001356,,2024-02-16,CUST-01772,PROD-0022,Beauty,Size Issue,1424.6250819655695,75.65083635779024,2,0,1.0
RET-001357,ORD-007977,2022-08-02,CUST-00478,PROD-0140,Beauty,Size Issue,1868.7284560783924,54.73563978684691,17,0,4.0
RET-001358,ORD-004407,2023-12-09,CUST-00282,PROD-0104,Home,Size Issue,1290.6079364828718,10.672239365399172,27,0,1.0
RET-001359,ORD-009582,2022-11-21,CUST-01998,PROD-0243,Electronics,Changed Mind,1449.5803313955907,70.99183600102215,20,0,4.0
RET-001360,ORD-007308,2022-08-25,CUST-01563,PROD-0283,Clothing,Changed Mind,119.96197345402386,78.22770857301467,7,0,4.0
RET-001361,ORD-008657,2023-12-15,CUST-01221,PROD-0375,Beauty,Size Issue,166.241146947204,87.57083174862383,16,0,4.0
RET-001362,ORD-007764,2022-12-13,CUST-00424,PROD-0173,Clothing,Changed Mind,251.526360299739,70.92886960610807,15,0,3.0
RET-001363,ORD-000896,2024-01-13,CUST-00377,PROD-0490,Electronics,Wrong Item,14.307593983379636,3.2971253501090425,16,0,1.0
RET-001364,ORD-002644,2024-01-17,CUST-01830,PROD-0214,Electronics,Defective,423.78511580628196,74.00290902994078,14,0,1.0
RET-001365,ORD-003468,2022-10-02,CUST-01949,PROD-0039,Home,Not as Described,390.65880455253546,5.413414103618863,26,0,
RET-001366,ORD-007634,2024-04-09,CUST-00693,PROD-0131,Home,Changed Mind,768.606274856152,78.65038939718995,24,0,3.0
RET-001367,ORD-004439,2023-09-09,CUST-00468,PROD-0107,Electronics,Wrong Item,818.2320008721706,24.963661176182406,14,0,2.0
RET-001368,ORD-000737,,CUST-00286,PROD-0216,Beauty,Not as Described,1830.139431138793,83.06393211610008,16,0,2.0
RET-001369,ORD-007556,2023-01-06,CUST-00866,PROD-0329,Home,Size Issue,688.2557354982848,39.72840953774019,3,1,1.0
RET-001370,ORD-004002,2023-04-01,CUST-00740,PROD-0010,Home,Changed Mind,1218.1489738508712,33.07779603682103,14,0,3.0
RET-001371,ORD-000565,2024-03-26,CUST-00377,PROD-0014,Clothing,Not as Described,1487.8244765507657,12.0942824272963,21,0,1.0
RET-001372,ORD-007313,2022-11-20,CUST-01532,PROD-0383,Clothing,Changed Mind,592.4424514115519,29.566749661265245,29,1,1.0
RET-001373,ORD-002892,2022-06-05,CUST-00698,PROD-0210,Clothing,Wrong Item,1926.9687378531744,56.589431484483214,0,1,1.0
RET-001374,ORD-000006,2024-03-25,CUST-01154,PROD-0310,Electronics,Changed Mind,454.1004076369424,11.719847443233544,11,0,1.0
RET-001375,ORD-008755,2023-07-18,CUST-01668,PROD-0179,Beauty,Defective,439.4071408440189,56.95948101933632,16,1,3.0
RET-001376,ORD-001532,2022-11-24,CUST-01891,PROD-0457,Home,Size Issue,1552.7634611629967,19.658258435572783,25,0,4.0
RET-001377,ORD-009334,2024-01-16,CUST-01635,PROD-0403,Electronics,Defective,457.3661620325429,92.08795355702593,28,0,4.0
RET-001378,ORD-005018,2022-11-27,CUST-01719,PROD-0030,Home,Wrong Item,1951.5143129544724,49.42411151536834,20,0,3.0
RET-001379,ORD-002778,2023-05-05,CUST-01807,PROD-0423,Clothing,Wrong Item,1555.0486517863224,89.28410946015676,7,1,2.0
RET-001380,ORD-000707,2023-01-10,CUST-01351,PROD-0355,Electronics,Wrong Item,1864.253784419602,47.010233497556484,5,0,1.0
RET-001381,ORD-002200,2023-05-06,CUST-00517,,Clothing,Size Issue,776.2194904617852,78.56224025605904,17,1,5.0
RET-001382,ORD-006241,2023-12-07,CUST-01052,PROD-0035,Electronics,Wrong Item,1158.034095341447,4.6438884597789105,29,0,4.0
RET-001383,ORD-005535,2023-09-16,CUST-01947,PROD-0355,Beauty,Not as Described,1518.7314708814802,75.60037921756856,6,0,3.0
RET-001384,ORD-004980,2022-11-22,CUST-01669,PROD-0034,Clothing,Defective,933.8300382466955,1.6713703467594487,10,0,4.0
RET-001385,ORD-007874,2022-07-12,CUST-01593,PROD-0428,Electronics,Not as Described,224.96280578456523,12.624978307856672,9,0,2.0
RET-001386,ORD-005068,2022-07-10,CUST-01418,PROD-0086,Electronics,Defective,1012.923240396987,64.19159997123846,21,0,2.0
RET-001387,ORD-001343,2024-03-14,CUST-00578,PROD-0154,Clothing,Size Issue,857.7915826776322,80.70463660406043,22,0,4.0
RET-001388,ORD-006263,2024-02-15,CUST-00241,PROD-0239,Clothing,Changed Mind,1838.240356085781,49.14239025347772,23,0,2.0
RET-001389,ORD-008210,2023-07-22,CUST-00953,PROD-0219,Clothing,Defective,1709.923511578685,18.402136621534538,14,0,5.0
RET-001390,ORD-005711,2024-01-16,CUST-01698,PROD-0233,Clothing,Size Issue,484.2333749766369,54.43149780119757,2,0,4.0
RET-001391,ORD-008150,2024-03-27,CUST-00282,PROD-0083,Clothing,Defective,578.2747349597342,57.71365091079179,4,0,5.0
RET-001392,ORD-008450,2023-01-16,CUST-00489,PROD-0036,Electronics,Size Issue,360.02583298970956,0.486883753188494,2,1,5.0
RET-001393,ORD-009174,2024-01-11,CUST-01673,PROD-0141,Clothing,Wrong Item,1954.1735156475388,7.8471166969180555,13,0,
RET-001394,ORD-000907,2022-06-21,CUST-01223,PROD-0020,Clothing,Changed Mind,571.2564924291049,77.6516988151603,2,0,1.0
RET-001395,ORD-004104,2023-11-22,CUST-01392,PROD-0178,Electronics,Changed Mind,579.6461975543214,53.834042091139445,25,0,2.0
RET-001396,ORD-008180,2022-08-23,CUST-01656,PROD-0297,Clothing,Wrong Item,1371.332179589836,57.12340941252512,11,0,5.0
RET-001397,ORD-003572,2022-08-17,CUST-00825,PROD-0387,Home,Size Issue,425.77527951132083,17.739531955241205,15,0,5.0
RET-001398,ORD-000884,2024-01-11,CUST-01846,PROD-0313,Clothing,Defective,364.88758654129407,53.15514641671225,26,0,4.0
RET-001399,ORD-009716,2022-10-13,CUST-00794,PROD-0300,Home,Wrong Item,1467.6270019874,83.3202516640416,25,1,5.0
RET-001400,ORD-009549,2024-02-17,CUST-00997,PROD-0227,Clothing,Wrong Item,792.1726512351904,80.01700392777134,1,0,2.0
RET-001401,ORD-005434,2023-05-08,CUST-01003,PROD-0015,Electronics,Not as Described,1217.8597373105708,51.56990354996118,6,0,1.0
RET-001402,ORD-005937,2023-02-08,CUST-00423,PROD-0254,Electronics,Not as Described,475.11210016694366,36.103974004303154,16,0,5.0
RET-001403,ORD-003419,2022-07-25,CUST-01819,PROD-0038,Home,Size Issue,1196.102162291392,37.1451448551808,17,0,3.0
RET-001404,ORD-002717,2023-03-02,CUST-00726,PROD-0264,Clothing,Not as Described,585.3379262373955,89.99172211512003,24,0,2.0
RET-001405,ORD-001224,2023-01-06,CUST-01073,PROD-0335,Clothing,Wrong Item,684.9347960848273,30.89839830723651,22,0,4.0
RET-001406,ORD-008418,2022-11-29,CUST-00838,PROD-0295,Clothing,Not as Described,1670.4721291784424,0.5203107800811901,16,0,3.0
RET-001407,ORD-003546,2023-05-22,CUST-01888,PROD-0283,Home,Defective,1696.8821280090299,72.59870348701656,17,1,2.0
RET-001408,ORD-000192,2022-12-26,CUST-00440,PROD-0203,Beauty,Defective,1219.8729158260228,1.9297024796777196,13,0,4.0
RET-001409,ORD-002040,2023-02-03,CUST-00570,PROD-0023,Home,Wrong Item,1441.9046134007835,31.809509761432743,16,0,3.0
RET-001410,ORD-009051,2023-07-02,CUST-01959,PROD-0394,Home,Changed Mind,1523.226801981795,84.30524214029906,29,1,3.0
RET-001411,ORD-008281,2023-03-03,CUST-00724,PROD-0184,Electronics,Changed Mind,1864.727224156439,89.26806065331535,26,0,5.0
RET-001412,ORD-005958,2023-04-18,CUST-00576,PROD-0008,Home,Changed Mind,714.5131669853897,80.31153145012885,17,0,2.0
RET-001413,ORD-003306,2023-08-24,CUST-00702,PROD-0397,Beauty,Defective,800.209836870368,87.60930932896669,14,0,5.0
RET-001414,ORD-005695,2023-01-10,CUST-01512,PROD-0495,Clothing,Changed Mind,710.1270840508582,19.75386810652815,28,1,4.0
RET-001415,ORD-001168,2023-02-28,CUST-01612,PROD-0010,Beauty,Wrong Item,1090.6526992939969,30.21876583726123,14,0,1.0
RET-001416,ORD-002724,2023-10-30,CUST-01698,PROD-0285,Electronics,Defective,761.1569509891198,64.53421689252835,14,0,4.0
RET-001417,ORD-005725,2023-12-08,CUST-00894,PROD-0215,Beauty,Defective,1301.2417431174927,38.42336892335351,20,0,5.0
RET-001418,ORD-000776,2023-04-01,CUST-00544,PROD-0329,Beauty,Not as Described,488.20353482417204,9.00548829529636,19,0,
RET-001419,ORD-002726,2023-02-19,CUST-01104,PROD-0445,Home,Wrong Item,1825.091580934473,52.43880131797473,2,0,5.0
RET-001420,ORD-008768,2022-09-13,CUST-00958,PROD-0017,Clothing,Wrong Item,1671.520199513872,63.0223386224199,4,0,4.0
RET-001421,ORD-004539,2022-06-28,CUST-01816,PROD-0115,Beauty,Not as Described,980.8890704765747,86.54989737144784,27,1,5.0
RET-001422,ORD-001386,2024-03-10,CUST-01346,PROD-0058,Electronics,Defective,1635.1563620842471,39.33717182975869,15,0,1.0
RET-001423,ORD-001745,2023-05-21,CUST-00269,PROD-0061,Home,Not as Described,1657.0585589564826,61.967142825091805,23,1,4.0
RET-001424,ORD-003087,2022-11-05,CUST-00642,PROD-0279,Home,Defective,1775.5519559840693,12.79068054062391,28,1,5.0
RET-001425,ORD-008861,2023-12-03,CUST-00725,PROD-0263,Beauty,Not as Described,1571.3497458937056,67.94029046448559,2,0,4.0
RET-001426,ORD-004551,2023-12-17,CUST-01467,PROD-0275,Home,Not as Described,705.6633022451118,55.083146433136875,11,1,3.0
RET-001427,ORD-006833,2022-10-30,CUST-01108,PROD-0001,Home,Size Issue,994.153246043859,1.0340405989832102,26,0,1.0
RET-001428,ORD-005534,2023-07-14,CUST-00888,PROD-0499,Clothing,Not as Described,744.0614226617464,8.572813115334165,10,0,3.0
RET-001429,ORD-003279,2023-05-07,CUST-01808,PROD-0204,Beauty,Not as Described,1203.2358662378467,50.67603687411687,26,0,
RET-001430,ORD-002175,2022-12-20,CUST-01982,PROD-0153,Clothing,Wrong Item,1885.0693540140257,72.23455041245538,26,0,5.0
RET-001431,ORD-007260,2023-04-19,CUST-00391,PROD-0194,Beauty,Defective,76.43136978093152,53.37476066746007,9,0,4.0
RET-001432,ORD-009301,2022-08-27,CUST-00449,PROD-0257,Home,Not as Described,358.15602233502096,19.098463039924784,1,0,3.0
RET-001433,ORD-003934,2022-12-22,CUST-01882,PROD-0318,Electronics,Changed Mind,1258.0670328467866,59.538903374397734,26,1,3.0
RET-001434,ORD-002137,2023-02-08,CUST-00732,PROD-0239,Electronics,Defective,1738.3412582539715,79.79209653539795,23,1,1.0
RET-001435,ORD-000918,2024-02-09,CUST-01867,PROD-0482,Clothing,Wrong Item,1638.2000639722944,14.39978152807322,27,0,4.0
RET-001436,ORD-002299,2022-06-22,CUST-00702,PROD-0420,Beauty,Not as Described,1641.0980076851743,91.5973167448095,29,0,3.0
RET-001437,ORD-005073,2024-03-06,CUST-01061,PROD-0370,Beauty,Not as Described,1454.4267257343167,94.9470914421733,14,0,5.0
RET-001438,ORD-007175,2022-10-03,CUST-01959,PROD-0024,Beauty,Size Issue,1823.361976382934,32.685174336545145,16,0,4.0
RET-001439,ORD-009186,2024-02-29,CUST-01813,PROD-0413,Electronics,Size Issue,383.7891489206695,22.55321871560646,28,0,3.0
RET-001440,ORD-000614,2024-01-02,CUST-00649,PROD-0327,Clothing,Wrong Item,1906.712259023058,57.227498382167774,5,1,1.0
RET-001441,ORD-004472,2022-10-01,CUST-01733,PROD-0359,Electronics,Wrong Item,1127.3682068982241,47.20013452549098,8,0,1.0
RET-001442,ORD-001881,2022-07-22,CUST-00717,PROD-0113,Beauty,Not as Described,526.7440897109311,30.916173392905065,3,0,3.0
RET-001443,ORD-009706,2024-04-22,CUST-00856,PROD-0492,Clothing,Defective,1285.2986613806236,7.763582806005031,21,0,4.0
RET-001444,ORD-003721,2022-07-03,CUST-00083,PROD-0497,Beauty,Changed Mind,1230.3335709496023,36.87038295654549,20,1,5.0
RET-001445,ORD-008373,2022-09-30,CUST-00682,PROD-0227,Clothing,Wrong Item,280.60029287436197,14.858884772852498,25,0,2.0
RET-001446,ORD-001455,2023-03-28,CUST-01694,PROD-0019,Electronics,Changed Mind,517.7406721849445,88.47644051827125,14,1,1.0
RET-001447,ORD-001021,2022-11-05,CUST-01759,PROD-0169,Electronics,Size Issue,994.0083413935878,26.25617273045432,1,0,5.0
RET-001448,ORD-009170,,CUST-01505,PROD-0243,Beauty,Not as Described,990.8542766069098,63.357528652093045,13,0,1.0
RET-001449,ORD-002340,2023-10-28,CUST-01213,PROD-0266,Electronics,Wrong Item,414.27040899751955,69.21907629911551,12,1,2.0
RET-001450,ORD-008911,,CUST-01649,PROD-0234,Beauty,Defective,1976.5273373676375,13.655926349081415,25,0,5.0
RET-001451,ORD-003082,2024-02-09,CUST-00611,PROD-0245,Clothing,Not as Described,1616.0376437979874,84.82869854558163,4,1,3.0
RET-001452,ORD-003461,2022-09-30,CUST-00616,PROD-0279,Clothing,Not as Described,389.9507225172945,90.0752220994849,12,0,3.0
RET-001453,ORD-006193,2023-01-27,CUST-00717,PROD-0411,Electronics,Size Issue,717.4504888607802,66.01161234507998,8,0,3.0
RET-001454,ORD-003472,2023-07-08,CUST-00552,PROD-0495,Electronics,Size Issue,445.3219411722396,53.36878693191429,20,0,1.0
RET-001455,ORD-009696,,CUST-01328,PROD-0133,Home,Defective,938.914426138649,87.37757501497168,28,0,1.0
RET-001456,ORD-005982,2022-12-11,CUST-00456,PROD-0417,Home,Changed Mind,1689.89095465583,89.09627251866318,21,1,4.0
RET-001457,ORD-001347,2022-06-08,CUST-00760,PROD-0060,Home,Size Issue,582.2951920763888,87.022457258053,2,0,1.0
RET-001458,ORD-007777,2024-02-26,CUST-01659,PROD-0131,Beauty,Wrong Item,381.9582016986639,26.58738260898875,17,0,4.0
RET-001459,ORD-004705,2022-07-28,CUST-01001,PROD-0198,Home,Size Issue,1322.4414781704907,43.446605114834135,4,0,2.0
RET-001460,ORD-007994,2024-01-07,CUST-01451,PROD-0158,Clothing,Wrong Item,615.3621541699559,58.55623295518066,13,1,5.0
RET-001461,ORD-001649,2023-12-23,CUST-01731,PROD-0259,Electronics,Wrong Item,1075.075063647211,89.98117088732911,24,1,4.0
RET-001462,ORD-007245,2024-04-16,CUST-01669,PROD-0338,Clothing,Changed Mind,1491.4280315053277,66.73783950850572,23,0,
RET-001463,ORD-004883,2024-04-12,CUST-00564,PROD-0063,Electronics,Wrong Item,844.1878023382851,41.72072050064982,29,0,5.0
RET-001464,ORD-000329,2022-10-12,CUST-00805,PROD-0190,Beauty,Wrong Item,329.10501163410606,72.3049836594147,22,0,2.0
RET-001465,ORD-000470,2023-12-01,CUST-00813,PROD-0369,Clothing,Not as Described,234.25988442867046,97.4193821858765,3,0,2.0
RET-001466,ORD-005923,2022-09-29,CUST-00775,PROD-0135,Beauty,Changed Mind,1949.1158507942505,11.009636751367037,29,0,5.0
RET-001467,ORD-002281,2022-09-11,CUST-01874,PROD-0029,Clothing,Wrong Item,1395.419914605181,65.62249227962377,15,0,1.0
RET-001468,ORD-009154,2023-03-18,CUST-01872,PROD-0205,Home,Wrong Item,1822.6665983401997,93.26229698685898,25,0,3.0
RET-001469,ORD-007513,,CUST-00717,PROD-0134,Home,Not as Described,329.47261328244684,59.71137621994106,6,0,3.0
RET-001470,ORD-008893,2023-04-18,CUST-01672,,Home,Size Issue,690.9731109326273,81.91478273956376,9,0,4.0
RET-001471,ORD-002535,2023-03-13,CUST-01819,PROD-0222,Clothing,Size Issue,947.9760328056853,16.386616829623403,16,0,1.0
RET-001472,ORD-003697,2022-09-25,CUST-01085,PROD-0335,Clothing,Wrong Item,367.6356752847876,99.07827713330448,17,0,3.0
RET-001473,ORD-001293,2022-11-29,CUST-01567,PROD-0433,Beauty,Wrong Item,1737.0985708938035,339.9908787612159,18,1,4.0
RET-001474,ORD-009870,2022-12-05,CUST-00279,PROD-0323,Electronics,Not as Described,1030.957281697986,96.00889083998602,0,1,4.0
RET-001475,ORD-008145,2022-09-04,CUST-01679,PROD-0198,Electronics,Wrong Item,108.75965355805758,92.36120928821222,24,0,4.0
RET-001476,ORD-005847,2024-01-18,CUST-00684,PROD-0151,Electronics,Wrong Item,1457.4429515011614,66.28943411101112,24,0,1.0
RET-001477,ORD-001603,2024-03-15,CUST-00688,PROD-0039,Home,Wrong Item,1383.3612199843647,31.484501408902176,19,1,4.0
RET-001478,ORD-005820,2022-09-20,CUST-00528,PROD-0190,Home,Changed Mind,1221.1999519530352,14.767299044295934,5,0,4.0
RET-001479,ORD-005882,,CUST-01343,PROD-0295,Clothing,Defective,1551.5029716025279,20.63920269793992,6,0,5.0
RET-001480,ORD-002024,2024-01-11,CUST-01201,PROD-0431,Electronics,Defective,707.1159125641641,74.0207858858351,5,0,5.0
RET-001481,ORD-008426,2022-09-23,CUST-01500,PROD-0056,Clothing,Changed Mind,495.6523547162052,4.255856823162018,24,0,3.0
RET-001482,ORD-006848,2022-07-31,CUST-00736,PROD-0164,Beauty,Changed Mind,754.3415395437181,11.947546353860982,26,0,5.0
RET-001483,ORD-001721,2023-08-04,CUST-01043,PROD-0236,Home,Defective,1921.3393681939644,96.45090855437395,19,1,3.0
RET-001484,ORD-009454,2023-01-12,CUST-01578,PROD-0324,Beauty,Defective,973.5966533028177,41.98278063689712,13,1,2.0
RET-001485,ORD-000761,2023-02-12,CUST-01887,PROD-0353,Home,Not as Described,1462.4360239885473,89.89188443708666,26,0,4.0
RET-001486,,2023-02-11,CUST-01402,PROD-0124,Electronics,Defective,1619.516849634747,10.162376128215788,10,0,1.0
RET-001487,ORD-008157,2023-02-04,CUST-01505,PROD-0202,Beauty,Defective,145.6851506305753,94.5142778957239,6,0,3.0
RET-001488,ORD-001908,2023-10-22,CUST-01642,PROD-0424,Clothing,Not as Described,1873.2466261403986,27.370880093941796,9,1,5.0
RET-001489,ORD-003693,2024-03-21,CUST-00482,PROD-0333,Beauty,Defective,1121.6859571048792,34.746635322036035,9,0,1.0
RET-001490,ORD-007615,2022-08-09,CUST-00472,PROD-0488,Home,Not as Described,1685.8245505337106,89.98960467537292,5,0,5.0
RET-001491,ORD-006876,2024-03-28,CUST-00103,PROD-0019,Clothing,Defective,1415.0257107176237,44.44166437775211,6,0,2.0
RET-001492,ORD-004596,2024-03-19,CUST-00394,PROD-0463,Beauty,Not as Described,1573.4464141997753,9.761891013065839,9,1,3.0
RET-001493,ORD-004403,2022-11-01,CUST-00661,PROD-0258,Beauty,Defective,594.2046641765521,46.10375509171305,4,0,
RET-001494,ORD-006132,2023-08-09,CUST-01267,PROD-0388,Electronics,Size Issue,242.0078166643871,34.919240592543645,25,0,4.0
RET-001495,ORD-007958,2024-03-22,CUST-01575,PROD-0444,Electronics,Changed Mind,1240.9201948730329,80.49812548789814,10,1,1.0
RET-001496,ORD-009635,2022-09-25,CUST-01374,PROD-0390,Electronics,Size Issue,1651.9666408743312,68.13192755784063,2,1,1.0
RET-001497,,2023-04-02,CUST-01880,PROD-0109,Clothing,Not as Described,847.3498679040034,26.308520553176084,20,0,2.0
RET-001498,ORD-002109,2022-09-06,CUST-01251,PROD-0222,Electronics,Changed Mind,1160.5241406739106,12.629778605128417,26,0,5.0
RET-001499,ORD-007648,2023-10-16,CUST-00957,PROD-0234,Clothing,Wrong Item,1319.5887352343618,37.417674539790916,19,0,5.0
RET-001500,ORD-000944,2023-02-12,CUST-01268,PROD-0085,Home,Changed Mind,335.37304133850165,30.919083127788593,23,0,3.0
RET-001501,ORD-003239,2022-07-31,CUST-01714,PROD-0277,Electronics,Changed Mind,1978.5434703525411,95.18013427840538,12,1,1.0
RET-001502,ORD-003666,2023-02-25,CUST-01501,PROD-0355,Beauty,Changed Mind,469.8939974918834,30.631654462290513,3,1,2.0
RET-001503,ORD-003849,2022-12-14,CUST-00276,PROD-0111,Clothing,Wrong Item,1843.1958298389163,63.76929943434801,16,1,2.0
RET-001504,ORD-002960,2024-01-22,CUST-00248,PROD-0011,Home,Size Issue,653.877231391492,1.8563665984227207,4,1,4.0
RET-001505,ORD-008103,2022-10-29,CUST-01901,PROD-0161,Clothing,Not as Described,159.58503647797224,88.38695296994392,22,1,5.0
RET-001506,ORD-005570,2023-02-20,CUST-00695,PROD-0174,Home,Changed Mind,946.7136560903889,3.2225010768898055,26,1,2.0
RET-001507,ORD-002528,2022-09-14,CUST-01154,PROD-0224,Home,Defective,969.8948158352036,66.13909273511959,9,0,1.0
RET-001508,ORD-002556,2022-08-27,CUST-01797,PROD-0293,Beauty,Size Issue,933.1960263406079,31.89839089779024,9,0,1.0
RET-001509,ORD-001162,2022-12-23,CUST-00117,PROD-0356,Electronics,Wrong Item,163.3622622446193,67.24606070468425,19,0,2.0
RET-001510,ORD-003182,2023-10-27,CUST-00255,PROD-0272,Home,Changed Mind,1832.4934796716775,11.005247661243544,2,0,3.0
RET-001511,ORD-003612,2022-10-28,CUST-00018,PROD-0348,Clothing,Wrong Item,1914.7551476681672,20.69596213182463,8,0,3.0
RET-001512,ORD-008970,2023-09-15,CUST-01244,PROD-0265,Beauty,Wrong Item,243.78874809294075,63.59574309871818,15,0,3.0
RET-001513,ORD-004392,2022-11-20,CUST-00645,PROD-0131,Home,Changed Mind,1293.9922765448632,70.4754148142683,29,0,4.0
RET-001514,ORD-001834,2023-05-12,CUST-00486,PROD-0084,Electronics,Size Issue,1844.333777729246,5.516339865471642,15,1,
RET-001515,ORD-009681,2022-12-11,CUST-00475,PROD-0340,Clothing,Not as Described,1864.5079745971614,34.90625703537392,28,0,3.0
RET-001516,ORD-007068,2024-01-18,CUST-01767,PROD-0477,Clothing,Size Issue,1939.8834936243163,19.070211053735076,12,0,1.0
RET-001517,ORD-006125,2023-08-04,CUST-01114,PROD-0113,Beauty,Defective,197.70130635333157,8.348529516201552,22,0,4.0
RET-001518,ORD-007453,2022-12-20,CUST-00950,PROD-0086,Home,Not as Described,1371.0046021091264,80.28435202861077,19,1,5.0
RET-001519,ORD-006992,2023-08-03,CUST-01698,PROD-0039,Electronics,Wrong Item,541.66899655447,4.058440122211615,25,0,4.0
RET-001520,ORD-006613,2023-05-30,CUST-00909,PROD-0065,Beauty,Not as Described,1354.545250791959,63.62728902092583,14,0,5.0
RET-001521,ORD-002225,2024-01-03,CUST-00626,PROD-0429,Electronics,Defective,907.965318176034,32.92228138511197,7,0,3.0
RET-001522,ORD-000705,,CUST-01417,PROD-0337,Beauty,Changed Mind,612.7845741525445,75.00587875706732,11,1,4.0
RET-001523,ORD-004520,2023-12-24,CUST-01816,PROD-0044,Electronics,Not as Described,1322.66000708682,45.42528197317708,28,0,2.0
RET-001524,ORD-007274,2023-11-06,CUST-00009,PROD-0306,Beauty,Changed Mind,912.1235735855053,89.23112894342252,5,0,4.0
RET-001525,ORD-000414,2023-01-18,CUST-00578,PROD-0383,Clothing,Changed Mind,774.1249110173785,56.62063591155707,10,0,3.0
RET-001526,ORD-006152,2023-02-01,CUST-01157,PROD-0063,Beauty,Size Issue,1067.4316918152642,61.61874876066723,20,1,3.0
RET-001527,ORD-002729,2022-10-05,CUST-01342,PROD-0455,Electronics,Size Issue,1175.7193559212915,4.595125418612933,18,0,2.0
RET-001528,ORD-002076,2022-11-26,CUST-01187,PROD-0132,Clothing,Size Issue,563.427954541963,23.949358233237582,5,0,4.0
RET-001529,ORD-000046,2022-07-31,CUST-01221,PROD-0471,Electronics,Changed Mind,1901.1568888186505,54.9553428529598,23,0,5.0
RET-001530,ORD-006881,2023-11-21,CUST-00618,PROD-0064,Electronics,Wrong Item,660.8777868576951,58.21541265528677,8,0,2.0
RET-001531,ORD-000541,2023-05-24,CUST-01261,PROD-0332,Electronics,Changed Mind,49.62962809154634,97.52356900450317,2,0,4.0
RET-001532,ORD-003066,2024-02-03,CUST-01083,PROD-0051,Electronics,Size Issue,1778.4090202410239,16.30839770692525,20,0,4.0
RET-001533,ORD-009984,2024-02-18,CUST-01814,PROD-0435,Clothing,Not as Described,1150.2321036067563,49.97874067195838,1,0,2.0
RET-001534,ORD-007019,2022-11-13,CUST-01461,PROD-0189,Clothing,Not as Described,1909.4028489680607,17.67095278229831,25,0,4.0
RET-001535,ORD-001783,2022-08-30,CUST-00638,PROD-0075,Home,Changed Mind,1765.0478083772894,35.47315224115268,17,0,2.0
RET-001536,ORD-003675,2023-09-03,CUST-00875,PROD-0459,Beauty,Wrong Item,374.07247520837484,33.71338801425606,20,0,1.0
RET-001537,ORD-007684,2024-04-15,CUST-00254,PROD-0272,Home,Defective,549.9769422250782,34.243136659721785,21,0,
RET-001538,ORD-008528,2023-04-14,CUST-00753,PROD-0123,Electronics,Changed Mind,846.0525709687093,65.65414321822199,29,1,4.0
RET-001539,ORD-002717,2022-11-10,CUST-00295,PROD-0427,Home,Changed Mind,1753.3978550496615,44.9544719089631,19,0,5.0
RET-001540,ORD-004839,2023-09-21,CUST-01384,PROD-0002,Beauty,Not as Described,1059.0640116910895,78.10432318725267,5,0,3.0
RET-001541,ORD-007646,2023-10-01,CUST-00374,PROD-0130,Beauty,Wrong Item,1225.3522109508515,75.80117824693376,11,0,5.0
RET-001542,ORD-002487,2022-11-23,CUST-00932,PROD-0005,Electronics,Not as Described,303.2206641056147,82.00170150360462,13,1,1.0
RET-001543,ORD-006995,2023-05-22,CUST-01773,PROD-0087,Electronics,Changed Mind,1283.7042665569957,90.73007737088993,5,0,4.0
RET-001544,ORD-009262,2022-10-11,CUST-01172,PROD-0496,Home,Changed Mind,1475.581199866647,21.265547301392964,2,0,3.0
RET-001545,ORD-004887,2022-08-20,CUST-01180,PROD-0248,Beauty,Defective,1078.4338811172495,20.10951933245383,5,1,3.0
RET-001546,ORD-001731,2022-11-11,CUST-01224,PROD-0031,Clothing,Changed Mind,634.8797187712387,272.15611058141735,15,0,2.0
RET-001547,ORD-006433,2022-12-07,CUST-00767,PROD-0060,Electronics,Size Issue,360.9972077116471,51.00651149794123,9,0,1.0
RET-001548,ORD-002049,2022-08-15,CUST-00287,PROD-0428,Electronics,Defective ,678.1584315075874,88.04132692536606,14,0,3.0
RET-001549,ORD-006416,2022-12-28,CUST-01930,PROD-0385,Clothing,Not as Described,357.7689572781286,94.31812322720674,22,0,4.0
RET-001550,ORD-005322,2023-02-10,CUST-01425,PROD-0473,Clothing,Wrong Item,1940.8665916312164,6.170887165828109,12,0,
RET-001551,ORD-002583,2023-06-17,CUST-01197,PROD-0008,Home,Not as Described,160.87948234154777,83.07932609026706,16,0,4.0
RET-001552,ORD-002324,2023-09-06,CUST-00912,PROD-0318,Clothing,Wrong Item,977.5175357740378,93.65684311269034,3,0,5.0
RET-001553,ORD-002635,2023-11-20,CUST-01545,PROD-0221,Home,Not as Described,757.227845263892,92.06145764600858,18,0,2.0
RET-001554,ORD-002316,2023-10-30,CUST-00804,PROD-0435,Electronics,Defective,1335.0051041070785,18.317326518667453,15,0,5.0
RET-001555,ORD-006860,2022-11-21,CUST-01258,PROD-0432,Home,Wrong Item,1830.9603958087753,53.00840182841389,18,0,5.0
RET-001556,ORD-008641,2023-10-23,CUST-00819,PROD-0229,Electronics,Not as Described,477.3356103219519,31.559725813366768,24,1,3.0
RET-001557,ORD-008015,,CUST-00900,PROD-0222,Home,Not as Described,765.30593664895,45.61500012000652,14,0,2.0
RET-001558,ORD-002736,2023-03-18,CUST-01170,PROD-0249,Clothing,Wrong Item,823.4214207659469,12.936790959949052,12,0,3.0
RET-001559,ORD-006260,2023-07-12,CUST-01105,PROD-0016,Home,Wrong Item,1294.9091933633995,37.047529617594456,4,0,5.0
RET-001560,ORD-003348,2023-02-15,CUST-00376,PROD-0291,Home,Wrong Item,401.5164292198102,60.74356642877047,23,0,1.0
RET-001561,ORD-002350,2023-06-18,CUST-01262,PROD-0077,Electronics,Defective,868.2373653534495,60.269706763475284,0,1,1.0
RET-001562,ORD-003548,2022-09-07,CUST-00760,PROD-0300,Home,Size Issue,346.5414433559817,10.85235254358552,27,0,3.0
RET-001563,ORD-004689,2023-12-14,CUST-01368,PROD-0390,Home,Wrong Item,247.47766115136875,89.77813861004364,2,0,1.0
RET-001564,ORD-003623,2022-08-30,CUST-00474,PROD-0296,Beauty,Size Issue,969.4419077978066,80.94341191657624,7,0,1.0
RET-001565,ORD-001019,2023-06-10,CUST-01176,PROD-0414,Home,Not as Described,252.14726486819458,76.21691737941939,13,1,4.0
RET-001566,ORD-004008,2023-05-18,CUST-01724,PROD-0009,Electronics,Wrong Item,1752.2556555889043,61.13260215800208,26,0,1.0
RET-001567,ORD-003917,2024-01-01,CUST-01092,PROD-0194,Beauty,Defective,633.5157533109755,83.6661952340499,10,1,5.0
RET-001568,ORD-004059,2023-10-08,CUST-01299,PROD-0107,Clothing,Changed Mind,705.8626513544057,10.374120799901497,2,0,2.0
RET-001569,ORD-005456,2024-03-18,CUST-00131,PROD-0315,Home,Defective,107.07018402599215,8.314227945070519,20,0,5.0
RET-001570,ORD-000480,2023-09-17,CUST-01848,PROD-0264,Clothing,Changed Mind,1410.4634806110323,93.55849465463707,28,0,4.0
RET-001571,ORD-006898,2022-11-07,CUST-01744,PROD-0142,Beauty,Defective,1691.4723498344595,190.73304284869397,3,1,1.0
RET-001572,ORD-002661,,CUST-00194,PROD-0466,Home,Changed Mind,1962.8081568642313,29.996790280686124,8,0,2.0
RET-001573,ORD-009106,2023-01-09,CUST-01479,PROD-0148,Electronics,Size Issue,374.78279769814236,46.76447246698706,7,0,1.0
RET-001574,ORD-005885,2023-07-09,CUST-01608,PROD-0245,Home,Size Issue,906.9715719599296,66.5450886347823,17,0,3.0
RET-001575,ORD-009172,2023-11-19,CUST-00714,PROD-0483,Clothing,Changed Mind,48.08727453638259,76.19188026473635,13,0,4.0
RET-001576,ORD-000177,2023-09-12,CUST-01868,PROD-0479,Clothing,Wrong Item,1798.8974057572432,57.38416596301419,23,1,4.0
RET-001577,ORD-009996,2023-06-27,CUST-00544,PROD-0379,Clothing,Wrong Item,1977.7796231412767,42.24736590719533,27,0,2.0
RET-001578,ORD-009617,2023-07-27,CUST-00450,PROD-0176,Electronics,Wrong Item,445.18936725123905,23.514472818045164,24,0,1.0
RET-001579,,2023-02-15,CUST-00454,PROD-0205,Clothing,Defective,1398.577077682652,3.7397645601882745,18,1,4.0
RET-001580,ORD-007752,2023-05-13,CUST-01393,PROD-0250,Clothing,Changed Mind,925.2983770973615,20.592801987063268,28,0,2.0
RET-001581,ORD-002654,2022-12-31,CUST-01816,PROD-0276,Beauty,Changed Mind,546.1392925088944,55.27583206836718,1,1,2.0
RET-001582,ORD-004063,2024-04-02,CUST-00931,PROD-0062,Beauty,Size Issue,72.23442533296901,10.79482295405736,25,1,4.0
RET-001583,ORD-001552,2023-05-26,CUST-01229,PROD-0165,Beauty,Wrong Item,1883.2279113883042,28.892757733539888,2,1,
RET-001584,ORD-004392,2022-10-06,CUST-01061,PROD-0173,Beauty,Changed Mind,1777.6550076881756,73.27480941558281,12,0,2.0
RET-001585,ORD-009421,2023-08-03,CUST-01896,PROD-0228,Beauty,Size Issue,1406.9708434318877,18.841841240773082,16,0,2.0
RET-001586,ORD-001690,2023-02-12,CUST-00450,PROD-0138,Clothing,Not as Described,90.97137238473316,9.985524676235036,28,1,
RET-001587,ORD-008134,2023-09-25,CUST-01055,PROD-0285,Clothing,Changed Mind,854.3756617681346,39.57671922897619,20,0,2.0
RET-001588,,2023-09-22,CUST-00110,PROD-0383,Clothing,Size Issue,1871.5073444574375,29.145792521649504,8,0,1.0
RET-001589,,2023-01-16,CUST-00290,PROD-0113,Electronics,Changed Mind,551.8320500745835,58.76318407351909,11,0,4.0
RET-001590,ORD-009314,2023-05-28,CUST-00094,PROD-0079,Electronics,Not as Described,1933.1898752046336,51.48615178600083,5,0,1.0
RET-001591,ORD-009478,2023-03-16,CUST-01641,PROD-0487,Electronics,Defective,1370.229866243642,13.409860588807355,18,1,4.0
RET-001592,,2022-10-20,CUST-00543,PROD-0480,Electronics,Not as Described,1015.9195010900582,13.652556152786,11,0,5.0
RET-001593,ORD-009247,2023-06-23,CUST-00503,PROD-0049,Electronics,Size Issue,1790.204817108026,87.69809005065252,19,0,1.0
RET-001594,ORD-001559,2024-01-04,CUST-00216,PROD-0415,Electronics,Not as Described,1187.785590644704,83.2972646999345,0,1,5.0
RET-001595,ORD-004023,2023-07-04,CUST-00141,PROD-0172,Home,Not as Described,596.2967479002741,98.3384134303183,3,0,4.0
RET-001596,ORD-000279,2022-07-04,CUST-00051,PROD-0154,Clothing,Defective,602.0632449057098,49.35801886965052,25,0,4.0
RET-001597,,,CUST-00995,PROD-0250,Clothing,Defective,1373.8952338535134,77.44418712294102,22,0,3.0
RET-001598,ORD-003058,2023-08-27,CUST-00295,PROD-0186,Beauty,Wrong Item,1386.017169956264,14.27924606384482,2,0,2.0
RET-001599,ORD-005101,2023-10-24,CUST-00042,PROD-0385,Electronics,Not as Described,165.8218324415604,93.77495494295151,18,1,2.0
RET-001600,ORD-009505,2023-07-22,CUST-01145,PROD-0033,Electronics,Changed Mind,461.6375962718549,19.465690411155457,2,0,1.0
RET-001601,ORD-008900,2023-12-22,CUST-00989,PROD-0086,Electronics,Changed Mind,250.61033395408518,96.60607475892635,9,1,3.0
RET-001602,ORD-002309,2022-09-28,CUST-00171,PROD-0481,Beauty,Wrong Item,101.71752477139283,87.9960489131961,0,1,3.0
RET-001603,ORD-004805,2024-03-20,CUST-01003,PROD-0118,Home,Wrong Item,39.05060707650149,4.655071928944421,25,0,
RET-001604,ORD-009865,2023-08-05,CUST-00546,PROD-0095,Clothing,Size Issue,1843.1395573094005,70.29817670390585,2,0,4.0
RET-001605,ORD-004527,,CUST-00924,PROD-0268,Electronics,Wrong Item,61.81587332091567,0.7551904391274844,28,0,4.0
RET-001606,ORD-000322,2023-09-06,CUST-00699,PROD-0317,Home,Not as Described,741.1520904915518,48.924948096059,7,1,4.0
RET-001607,ORD-007015,2023-01-04,CUST-00166,PROD-0309,Home,Changed Mind,1367.2329643216244,84.2137576107414,21,0,5.0
RET-001608,ORD-004149,2022-10-09,CUST-00924,PROD-0180,Clothing,Not as Described,1641.8808170843645,11.521431642418388,11,1,1.0
RET-001609,ORD-003076,2022-08-07,CUST-01135,PROD-0119,Electronics,Wrong Item,1476.6141673220511,33.01069734651,3,0,5.0
RET-001610,ORD-002484,2023-02-23,CUST-01110,PROD-0076,Beauty,Wrong Item,300.9703568641071,72.03200558266438,17,0,1.0
RET-001611,ORD-005467,2024-03-24,CUST-01635,PROD-0283,Home,Defective,1909.479169740493,8.936846136301035,13,0,4.0
RET-001612,ORD-005318,2022-10-17,CUST-00897,PROD-0143,Home,Wrong Item,1174.2338600453586,45.13885455562491,29,0,1.0
RET-001613,ORD-002558,2024-04-19,CUST-00535,PROD-0339,Home,Not as Described,1250.8848599684804,7.930949900167661,14,0,4.0
RET-001614,ORD-001753,2023-01-06,CUST-00625,PROD-0393,Home,Size Issue,710.3142569454772,4.522423201177173,17,1,2.0
RET-001615,ORD-006941,2022-08-09,CUST-00914,PROD-0480,Electronics,Not as Described,1050.113974001758,68.20330601242269,18,0,3.0
RET-001616,ORD-007600,2023-01-15,CUST-01122,PROD-0300,Electronics,Changed Mind,1269.6224517017135,85.14164980318579,28,0,5.0
RET-001617,ORD-003775,2023-09-17,CUST-00880,PROD-0474,Electronics,Changed Mind,1981.9653546161392,52.93375349338664,4,0,3.0
RET-001618,ORD-001679,2022-08-17,CUST-00975,PROD-0361,Clothing,Changed Mind,1392.1552224556674,39.8352339515056,11,1,5.0
RET-001619,ORD-006363,2022-10-18,CUST-00629,PROD-0146,Clothing,Changed Mind,1488.4417949430003,50.939631268192734,24,0,4.0
RET-001620,ORD-000865,2022-08-13,CUST-01520,PROD-0295,Clothing,Wrong Item,427.98466280892035,80.06587589623211,14,0,3.0
RET-001621,ORD-007500,2022-09-21,CUST-00459,PROD-0160,Home,Defective,1408.2316392899797,45.1997384583917,27,1,1.0
RET-001622,ORD-005561,2022-07-04,CUST-01074,PROD-0391,Beauty,Not as Described,755.037985769735,97.70265514105665,7,0,4.0
RET-001623,ORD-000195,2023-08-31,CUST-00771,PROD-0001,Home,Defective,816.0550364704193,34.327757868908705,29,1,4.0
RET-001624,ORD-002795,2023-10-26,CUST-00149,PROD-0480,Beauty,Size Issue,102.63669011294118,24.79371387750685,11,0,5.0
RET-001625,ORD-007856,2023-09-18,CUST-01954,PROD-0270,Home,Not as Described,492.3859297081493,81.10489744610906,16,0,4.0
RET-001626,ORD-006216,2023-10-20,CUST-00064,PROD-0345,Home,Changed Mind,742.0934237742953,48.591062468116974,18,0,2.0
RET-001627,ORD-007017,2024-02-24,CUST-01478,PROD-0427,Electronics,Wrong Item,315.8241868934348,22.511202679868948,9,0,3.0
RET-001628,ORD-003971,2023-11-19,CUST-01342,PROD-0398,Electronics,Defective,737.1587107029212,41.32460755876339,15,1,4.0
RET-001629,ORD-003062,2022-09-02,CUST-01306,PROD-0029,Beauty,Size Issue,1705.1063914070144,18.173521677492378,13,0,5.0
RET-001630,ORD-004798,2023-04-13,CUST-00771,PROD-0031,Beauty,Defective,1624.1861597404409,33.61386731959958,20,0,4.0
RET-001631,ORD-000493,2022-07-27,CUST-00992,PROD-0352,Electronics,Defective,440.90320418029904,54.547994937200905,26,1,1.0
RET-001632,ORD-009431,2022-11-14,CUST-01911,PROD-0202,Beauty,Changed Mind,420.43447250633835,34.33555711237268,7,0,4.0
RET-001633,ORD-002346,2022-07-22,CUST-00133,PROD-0059,Beauty,Wrong Item,1972.7669491038507,15.96077430010736,14,0,2.0
RET-001634,ORD-007479,2023-10-19,CUST-01566,PROD-0131,Clothing,Wrong Item,375.43759655155384,35.44779468710689,26,0,3.0
RET-001635,ORD-004704,,CUST-01664,PROD-0020,Electronics,Wrong Item,649.0413739868666,90.96718518801956,23,0,5.0
RET-001636,ORD-000259,2024-02-21,CUST-00768,PROD-0176,Electronics,Wrong Item,937.8634828147104,87.54600731209842,14,0,4.0
RET-001637,ORD-007951,2023-05-09,CUST-01944,PROD-0429,Home,Not as Described,1315.3779513477436,78.55849331135506,16,1,3.0
RET-001638,ORD-004227,2022-11-06,CUST-01946,PROD-0243,Clothing,Changed Mind,992.4745989684144,83.01122614725543,17,0,2.0
RET-001639,ORD-005683,2023-07-03,CUST-00103,PROD-0402,Electronics,Size Issue,1747.9883913253566,90.28870792062331,18,1,2.0
RET-001640,ORD-008046,2023-11-28,CUST-01924,PROD-0057,Clothing,Size Issue,1709.2223678390874,53.96900589370017,15,0,3.0
RET-001641,ORD-007529,2022-12-04,CUST-00737,PROD-0386,Home,Size Issue,237.69952598496403,58.205022854363705,19,1,4.0
RET-001642,ORD-007871,2022-11-06,CUST-01290,PROD-0166,Home,Not as Described,1762.136757841584,28.992502394260644,2,0,2.0
RET-001643,ORD-003068,2024-02-01,CUST-01350,PROD-0085,Clothing,Changed Mind,286.9668727520669,69.45523795995918,12,1,3.0
RET-001644,ORD-002245,2023-12-29,CUST-01295,PROD-0229,Beauty,Defective,821.377798478825,99.73005095914219,24,1,5.0
RET-001645,ORD-003548,2022-06-24,CUST-00112,PROD-0092,Electronics,Changed Mind,612.3274417891494,82.85713580794855,13,0,5.0
RET-001646,ORD-005301,2023-07-03,CUST-00170,PROD-0471,Home,Defective,512.4068782829272,89.38132787728883,3,0,1.0
RET-001647,ORD-007637,2023-01-25,CUST-01107,PROD-0001,Electronics,Size Issue,618.8691088165465,71.62194867547234,9,1,4.0
RET-001648,ORD-007788,2023-09-29,CUST-01904,PROD-0353,Home,Changed Mind,1450.7047382617538,62.887677224294045,9,0,5.0
RET-001649,ORD-005083,2024-01-14,CUST-00123,PROD-0278,Home,Changed Mind,430.10570561284754,97.04602758499612,26,1,3.0
RET-001650,ORD-005179,2022-07-27,CUST-01303,PROD-0089,Clothing,Size Issue,1286.2121109985867,16.712653897014228,28,0,3.0
RET-001651,ORD-000107,2023-08-19,CUST-00854,PROD-0251,Clothing,Size Issue,246.6425046552509,26.8380062714072,10,0,3.0
RET-001652,ORD-008762,2023-05-05,CUST-00506,PROD-0345,Home,Not as Described,56.254297436826626,426.8286760590262,15,0,1.0
RET-001653,ORD-005095,2024-01-31,CUST-00979,PROD-0196,Clothing,Defective,1485.8865030044415,5.752972953848634,11,0,4.0
RET-001654,ORD-006921,2023-04-03,CUST-01016,PROD-0189,Home,Changed Mind,1938.1892621968177,93.66738274348263,11,0,
RET-001655,ORD-005892,2022-10-13,CUST-01307,PROD-0140,Clothing,Size Issue,1779.9572344636679,75.01175229061533,13,0,4.0
RET-001656,ORD-009818,2023-09-15,CUST-00525,PROD-0242,Clothing,Size Issue,1709.5048393119373,52.30372729990045,11,1,5.0
RET-001657,ORD-006892,2024-02-27,CUST-01683,PROD-0401,Electronics,Changed Mind,740.1439379065882,4.597507067946449,28,0,5.0
RET-001658,ORD-000611,2023-06-07,CUST-00667,PROD-0468,Clothing,Size Issue,152.82674367707523,13.224487750231207,7,0,4.0
RET-001659,ORD-008909,2023-11-26,CUST-01418,PROD-0205,Electronics,Defective,1633.5956191875755,41.29559134424571,15,1,1.0
RET-001660,ORD-008634,2023-03-15,CUST-01097,PROD-0155,Beauty,Size Issue,580.3718084772428,37.903877088002915,20,1,1.0
RET-001661,ORD-000442,2022-10-18,CUST-01281,PROD-0175,Electronics,Wrong Item,167.27915776013995,97.92346051014803,15,1,5.0
RET-001662,ORD-000678,2023-03-01,CUST-01298,PROD-0391,Beauty,Defective,1071.513359133615,54.14516257488211,10,0,5.0
RET-001663,ORD-008667,2023-05-08,CUST-00297,PROD-0372,Home,Defective,1362.5650398582568,39.628831301683675,6,0,3.0
RET-001664,ORD-006841,2023-04-12,CUST-00076,PROD-0417,Clothing,Size Issue,1633.4628420065796,64.58168417536827,15,1,1.0
RET-001665,ORD-004225,2022-08-17,CUST-00878,PROD-0165,Home,Defective,1108.1371865554756,3.6276531044483917,28,0,3.0
RET-001666,ORD-005880,2023-12-20,CUST-01363,PROD-0037,Clothing,Not as Described,861.8030672495892,27.118053543704022,13,0,1.0
RET-001667,ORD-002102,2022-09-30,CUST-00887,PROD-0291,Clothing,Changed Mind,1778.3372680746756,52.933669046772934,0,1,4.0
RET-001668,ORD-000850,2023-11-08,CUST-00641,PROD-0172,Beauty,Size Issue,1574.093147054438,32.24931751003507,21,0,3.0
RET-001669,ORD-000247,2022-07-12,CUST-00978,PROD-0263,Clothing,Wrong Item,928.6775763774097,96.81804363260692,7,0,1.0
RET-001670,ORD-000766,2022-09-15,CUST-01812,PROD-0326,Home,Not as Described,32.465649714755386,60.62463929168318,10,1,2.0
RET-001671,ORD-005333,2024-03-24,CUST-01671,PROD-0182,Clothing,Size Issue,1425.7540822211752,30.558441941839497,15,0,3.0
RET-001672,ORD-005023,2023-08-17,CUST-00559,PROD-0386,Beauty,Size Issue,895.4257431810303,21.65031281395833,22,0,3.0
RET-001673,ORD-005053,2024-03-13,CUST-01058,PROD-0415,Beauty,Defective,1754.1500804109155,52.02326641384488,12,1,3.0
RET-001674,ORD-003198,2023-05-19,CUST-00799,PROD-0428,Electronics,Not as Described,1180.044123121321,26.029112640067208,16,0,4.0
RET-001675,ORD-000890,2023-01-05,CUST-00597,PROD-0314,Home,Changed Mind,1181.886619217936,23.71911236089741,20,0,4.0
RET-001676,ORD-004763,2022-08-28,CUST-00652,PROD-0305,Home,Defective,577.603097587093,74.3410930674112,18,0,3.0
RET-001677,ORD-003598,2023-02-10,CUST-00158,PROD-0208,Electronics,Wrong Item,670.206218731747,28.75937922277122,10,0,5.0
RET-001678,ORD-001294,2022-10-21,CUST-01190,PROD-0163,Beauty,Changed Mind,584.2447787702089,98.00703836980858,16,1,2.0
RET-001679,ORD-009377,2022-12-15,CUST-01173,PROD-0256,Home,Defective,904.1053743428572,20.507783553655035,16,0,5.0
RET-001680,ORD-005812,2022-07-18,CUST-00603,PROD-0044,Beauty,Changed Mind,958.8999315417238,93.27404067631035,24,0,4.0
RET-001681,ORD-005492,2022-08-13,CUST-00006,PROD-0308,Clothing,Wrong Item,1883.9021050300503,73.11704023152399,11,0,5.0
RET-001682,ORD-007192,2023-12-22,CUST-01081,PROD-0320,Electronics,Size Issue,143.4398635169107,59.49272846476368,22,0,5.0
RET-001683,ORD-000027,2023-02-09,CUST-01564,,Electronics,Defective,447.7611366235317,32.34418282176708,5,0,3.0
RET-001684,ORD-008395,2023-07-13,CUST-00062,PROD-0176,Beauty,Changed Mind,1361.4402592647662,9.795590333097259,15,0,4.0
RET-001685,ORD-008421,2023-01-30,CUST-01252,PROD-0297,Home,Not as Described,259.52597254781915,55.7847602477449,21,0,1.0
RET-001686,ORD-000103,2022-07-04,CUST-01503,PROD-0092,Electronics,Size Issue,867.0142512333028,38.64359507119293,19,0,1.0
RET-001687,ORD-006159,2024-01-24,CUST-00555,PROD-0454,Beauty,Not as Described,598.8584074098708,65.57804603219685,6,1,1.0
RET-001688,ORD-008547,2023-02-20,CUST-01263,PROD-0026,Electronics,Changed Mind,603.3917715334695,55.61817350956867,17,1,3.0
RET-001689,ORD-009849,2022-10-24,CUST-01931,PROD-0464,Electronics,Not as Described,1849.0172965887562,66.74907291343366,13,0,3.0
RET-001690,ORD-000334,2022-09-14,CUST-01196,PROD-0480,Beauty,Changed Mind,1817.420564854037,62.629461102943864,29,0,2.0
RET-001691,,2023-01-10,CUST-01294,PROD-0183,Clothing,Wrong Item,1767.6558346523695,79.31768545673975,29,1,4.0
RET-001692,ORD-003139,2023-07-04,CUST-01407,PROD-0148,Clothing,Wrong Item,1262.736885957289,73.71884678156427,6,0,1.0
RET-001693,ORD-004314,2022-10-20,CUST-00687,PROD-0402,Beauty,Not as Described,1289.612172805489,22.75863027160434,12,0,2.0
RET-001694,ORD-003889,,CUST-01550,PROD-0314,Electronics,Wrong Item,1658.424320461122,47.24789106762917,24,0,2.0
RET-001695,ORD-004606,2023-10-18,CUST-00176,PROD-0087,Beauty,Defective,1291.2466743201655,52.888775291966205,10,0,4.0
RET-001696,ORD-004220,2023-12-27,CUST-01931,PROD-0159,Home,Defective,570.6742147278553,86.73411631100925,4,1,4.0
RET-001697,ORD-007562,2022-12-02,CUST-01189,PROD-0336,Beauty,Defective,1252.0074217807407,84.82569567138614,19,1,5.0
RET-001698,ORD-001741,2022-11-09,CUST-00817,PROD-0415,Clothing,Not as Described,932.2806604843034,54.483460226021286,28,0,1.0
RET-001699,ORD-009148,2023-11-11,CUST-00267,PROD-0371,Home,Not as Described,37.56891813125419,36.17396608354129,4,0,2.0
RET-001700,ORD-002933,2023-08-29,CUST-01138,PROD-0105,Beauty,Wrong Item,370.23616094009674,89.96497339872506,25,0,1.0
RET-001701,ORD-006058,2024-01-05,CUST-00856,PROD-0130,Electronics,Not as Described,1321.831034428233,68.09656452888272,8,1,3.0
RET-001702,ORD-008252,2022-09-19,CUST-00478,PROD-0271,Home,Size Issue,445.34582122584885,37.69987505504766,29,0,3.0
RET-001703,ORD-002967,2023-07-02,CUST-00737,PROD-0122,Home,Changed Mind,1164.7158353719428,68.46812924476458,18,0,4.0
RET-001704,ORD-006514,2024-02-05,CUST-01204,PROD-0324,Beauty,Not as Described,1650.7971285425633,69.9119809709389,25,0,2.0
RET-001705,ORD-006449,2024-02-16,CUST-00281,PROD-0095,Home,Wrong Item,1424.0574347789934,15.980972632137169,11,1,3.0
RET-001706,ORD-006258,2022-06-29,CUST-00917,PROD-0416,Home,Wrong Item,625.4497118911667,4.150683270367573,21,1,1.0
RET-001707,ORD-007346,2023-05-01,CUST-00856,PROD-0342,Home,Defective,1251.0839740157246,97.62453688381267,21,1,4.0
RET-001708,ORD-007568,2022-12-16,CUST-01008,PROD-0316,Beauty,Changed Mind,447.55694274417226,99.5504996095192,4,0,5.0
RET-001709,ORD-004629,2022-07-21,CUST-01507,PROD-0396,Electronics,Size Issue,140.06323494896228,33.76079196755395,17,0,1.0
RET-001710,ORD-009768,2022-08-26,CUST-01460,PROD-0310,Electronics,Wrong Item,1890.6904593630013,38.66911147978121,1,0,3.0
RET-001711,ORD-005227,2023-06-17,CUST-00495,PROD-0318,Beauty,Not as Described,234.23015632515072,320.6282050331384,17,0,1.0
RET-001712,ORD-006113,2023-02-23,CUST-00932,PROD-0136,Beauty,Not as Described,552.9334488213206,2.5325990921682306,16,0,5.0
RET-001713,ORD-004780,2023-03-14,CUST-01707,PROD-0491,Home,Defective,597.6135179783977,65.0752487594036,14,1,1.0
RET-001714,ORD-007456,2023-07-24,CUST-00166,PROD-0416,Clothing,Defective,1650.241845578496,42.10704722859546,7,1,1.0
RET-001715,ORD-006900,2022-06-04,CUST-00994,PROD-0037,Clothing,Wrong Item,1035.5966896589237,88.4101039266212,27,0,4.0
RET-001716,ORD-009695,2024-04-27,CUST-00274,PROD-0415,Electronics,Not as Described,356.5150050550528,2.9211108009886466,4,1,1.0
RET-001717,ORD-001177,2024-02-12,CUST-00903,PROD-0226,Home,Changed Mind,70.56005097777648,77.01624444385368,16,0,3.0
RET-001718,ORD-001962,,CUST-01247,PROD-0362,Beauty,Changed Mind,1876.4705457419561,88.79902160335091,21,0,2.0
RET-001719,ORD-002338,2023-02-20,CUST-00797,PROD-0072,Beauty ,Size Issue,1923.132730513836,0.6014393911564775,13,0,4.0
RET-001720,ORD-007382,2024-04-17,CUST-01539,PROD-0425,Electronics,Changed Mind,383.24602334055214,9.086207625742105,24,0,3.0
RET-001721,ORD-005080,2023-12-13,CUST-00694,PROD-0093,Clothing,Defective,636.6638505267322,34.722694893005205,26,1,2.0
RET-001722,ORD-006794,2022-08-05,CUST-01845,PROD-0154,Beauty,Changed Mind,1699.0455184228827,47.80721315394687,19,0,3.0
RET-001723,ORD-003104,2022-11-10,CUST-00837,PROD-0205,Clothing,Not as Described,558.0706476445218,71.77583071852843,26,0,3.0
RET-001724,ORD-001621,2022-12-25,CUST-01454,PROD-0263,Beauty,Changed Mind,1699.0577600301065,18.88465123885672,12,0,4.0
RET-001725,ORD-009218,,CUST-01839,PROD-0421,Electronics,Not as Described,1905.0465959174721,47.59351087284915,0,0,3.0
RET-001726,ORD-002635,2022-07-15,CUST-00768,PROD-0193,Home,Changed Mind,1164.6416428219234,10.218350612642224,20,0,1.0
RET-001727,ORD-004384,2023-06-19,CUST-01585,PROD-0061,Electronics,Wrong Item,1183.5889322278501,6.126121551531039,19,0,2.0
RET-001728,ORD-008005,2022-07-16,CUST-01628,PROD-0262,Home,Defective,289.9941607932035,58.08288275869212,6,0,3.0
RET-001729,ORD-003416,2022-10-15,CUST-00168,PROD-0151,Electronics,Wrong Item,1826.773252612482,81.43243099368394,0,0,5.0
RET-001730,ORD-003312,2022-06-07,CUST-01440,PROD-0321,Clothing,Defective,1929.850769049007,79.51198017940608,2,1,3.0
RET-001731,ORD-007719,2022-08-22,CUST-01068,PROD-0151,Clothing,Not as Described,423.6285863033046,29.398016972583196,22,0,3.0
RET-001732,ORD-005464,2023-11-03,CUST-00745,PROD-0442,Clothing,Size Issue,652.6895321704028,10.74478624431614,3,0,4.0
RET-001733,ORD-003421,2023-11-21,CUST-00352,PROD-0311,Beauty,Defective,1233.1891443987251,16.506995886351696,15,0,2.0
RET-001734,ORD-002939,2022-11-05,CUST-00289,PROD-0198,Electronics,Size Issue,971.1243903309875,31.457910105067455,17,1,3.0
RET-001735,ORD-005399,2023-04-29,CUST-01050,PROD-0175,Electronics,Changed Mind,10.761946563412987,5.2546965554694625,13,1,5.0
RET-001736,ORD-000767,2022-07-24,CUST-01600,PROD-0317,Beauty,Not as Described,216.17901047051782,63.98461035300439,17,1,1.0
RET-001737,ORD-006799,2023-11-27,CUST-00921,PROD-0275,Electronics,Defective,112.87585250175353,11.628001351219819,3,1,4.0
RET-001738,ORD-003488,2023-08-21,CUST-00971,PROD-0187,Electronics,Not as Described,1604.4813780450743,2.1838076744935986,26,0,2.0
RET-001739,ORD-005810,2022-08-16,CUST-01629,PROD-0261,Beauty,Size Issue,329.6270548797389,59.91508182450387,24,0,1.0
RET-001740,ORD-002666,2022-09-29,CUST-00568,PROD-0083,Home,Wrong Item,1364.3590414872617,67.0893670989169,3,0,4.0
RET-001741,ORD-007819,2022-11-19,CUST-00061,PROD-0338,Beauty,Defective,1675.8375270324361,66.56483080221814,22,0,4.0
RET-001742,ORD-008077,2023-01-16,CUST-00468,PROD-0054,Home, Defective ,373.19533042884746,70.5919250416737,16,0,1.0
RET-001743,ORD-004685,2022-07-13,CUST-01617,PROD-0090,Electronics,Not as Described,1418.6610771153134,58.622679487484774,29,0,1.0
RET-001744,ORD-008022,2022-06-02,CUST-00641,PROD-0318,Beauty,Wrong Item,721.7250558838759,1.7317002312420504,3,1,1.0
RET-001745,ORD-001027,2023-02-10,CUST-01504,PROD-0234,Beauty,Changed Mind,1227.2008793383327,87.08763475630028,1,0,5.0
RET-001746,ORD-002727,2022-09-12,CUST-00331,PROD-0044,Beauty,Size Issue,202.58602868012215,4.830270160469774,14,1,4.0
RET-001747,ORD-002453,2023-08-22,CUST-01780,PROD-0236,Home,Wrong Item,218.46550035461107,23.763565246370632,2,0,4.0
RET-001748,ORD-005398,2024-03-10,CUST-00267,PROD-0020,Beauty,Wrong Item,580.6734066689846,7.845191790203354,10,0,5.0
RET-001749,ORD-007821,2023-04-02,CUST-00116,PROD-0279,Beauty,Not as Described,441.1311143391977,13.717954325276938,4,1,4.0
RET-001750,ORD-007271,2024-01-30,CUST-01217,PROD-0188,Home,Defective,1596.8727916756513,73.53425080675459,12,0,
RET-001751,ORD-003900,2023-05-17,CUST-01001,PROD-0069,Electronics,Not as Described,883.7315400331353,75.33921103771328,1,0,3.0
RET-001752,ORD-008514,2022-08-27,CUST-00856,PROD-0120,Beauty,Wrong Item,214.6710939261185,96.53562799916281,10,0,2.0
RET-001753,ORD-000420,2023-09-30,CUST-01838,PROD-0388,Clothing,Changed Mind,609.6830196133347,50.5159081767673,2,0,2.0
RET-001754,ORD-003560,2023-06-04,CUST-01075,PROD-0280,Beauty,Size Issue,602.8619986624429,54.64541154762343,9,0,1.0
RET-001755,ORD-001626,2024-02-23,CUST-01029,PROD-0119,Clothing,Not as Described,222.4427265871925,84.48742920766223,12,0,5.0
RET-001756,ORD-001129,2023-08-25,CUST-01201,PROD-0330,Clothing,Size Issue,310.97579128410723,75.43864804268743,29,0,5.0
RET-001757,ORD-003225,2023-02-15,CUST-00602,PROD-0347,Beauty,Not as Described,917.5805411353875,97.34485479950456,20,0,1.0
RET-001758,ORD-003306,2023-04-02,CUST-00700,PROD-0085,Home,Not as Described,705.9082709563131,33.452676775299636,28,0,2.0
RET-001759,ORD-007273,,CUST-01202,PROD-0127,Home,Changed Mind,344.64776265354215,68.54654857767721,19,0,4.0
RET-001760,ORD-007812,2023-03-08,CUST-01453,PROD-0328,Clothing,Changed Mind,775.9120807937268,49.019133137197315,7,0,2.0
RET-001761,ORD-003008,2023-04-11,CUST-01551,PROD-0421,Beauty,Wrong Item,148.5142868617945,68.17376093344156,17,0,5.0
RET-001762,ORD-001768,2023-05-10,CUST-00741,PROD-0385,Home,Wrong Item,702.8005886474208,15.243677055913762,27,1,1.0
RET-001763,ORD-003674,2024-03-06,CUST-01024,PROD-0027,Beauty,Size Issue,918.5673640387749,18.76256318932513,9,0,4.0
RET-001764,ORD-000916,2022-08-07,CUST-00791,PROD-0219,Home,Wrong Item,1866.1109828407266,90.68583473318564,8,0,3.0
RET-001765,ORD-004291,2023-05-16,CUST-00092,PROD-0365,Home,Changed Mind,1851.2514015252614,16.109616557146133,15,1,5.0
RET-001766,,2023-08-13,CUST-01762,PROD-0092,Clothing,Defective,495.95800959684647,7.579487975418287,17,0,5.0
RET-001767,ORD-002922,2023-02-25,CUST-00819,PROD-0355,Clothing,Size Issue,30.88035827572479,42.48104858580186,5,0,3.0
RET-001768,ORD-004079,2023-11-27,CUST-00283,PROD-0360,Beauty,Defective,1446.1871850414414,16.243146508146467,28,0,4.0
RET-001769,ORD-001079,2023-10-09,CUST-01838,,Home,Changed Mind,1484.4923670002884,18.456995308981938,12,1,4.0
RET-001770,ORD-006469,2022-08-21,CUST-01743,PROD-0107,Electronics,Wrong Item,71.50611594643237,34.58743063194996,23,0,1.0
RET-001771,ORD-006700,2024-01-23,CUST-00907,PROD-0314,Electronics,Defective,1622.86758491949,4.648496591334094,28,0,2.0
RET-001772,ORD-004422,2022-12-21,CUST-00379,PROD-0241,Beauty,Defective,103.37443199025857,55.959630641637645,23,1,1.0
RET-001773,ORD-006535,2022-12-21,CUST-01663,PROD-0331,Home,Not as Described,554.9341313668291,16.182721781675724,13,1,3.0
RET-001774,ORD-000921,2024-02-19,CUST-01901,PROD-0402,Beauty,Wrong Item,847.5353374186419,33.30410989405404,25,0,5.0
RET-001775,ORD-009548,2023-08-26,CUST-01879,PROD-0375,Electronics,Not as Described,1395.3606869056684,31.57912840585113,23,1,2.0
RET-001776,ORD-008380,2024-04-11,CUST-00529,PROD-0324,Electronics,Changed Mind,226.37120875636987,86.54099434922631,23,0,4.0
RET-001777,ORD-003549,2023-01-22,CUST-01110,PROD-0500,Home,Changed Mind,440.6057663057428,95.65487284557479,13,0,5.0
RET-001778,ORD-007827,2022-11-30,CUST-01032,PROD-0452,Beauty,Changed Mind,1512.9006303115327,73.07663150449285,3,0,1.0
RET-001779,ORD-006430,2023-03-24,CUST-01663,PROD-0302,Beauty,Changed Mind,701.8230577500939,74.6397602304768,13,1,4.0
RET-001780,ORD-002684,2024-04-11,CUST-01216,PROD-0321,Beauty,Wrong Item,1969.6433469075328,47.777122541609906,14,0,5.0
RET-001781,ORD-001473,,CUST-01707,PROD-0136,Clothing,Not as Described,1573.9104832331946,64.35091108560064,14,0,1.0
RET-001782,ORD-007667,2022-08-15,CUST-00599,PROD-0079,Electronics,Size Issue,1430.5423219580266,61.16145416418779,17,0,3.0
RET-001783,ORD-005388,2023-11-30,CUST-01628,PROD-0462,Beauty,Changed Mind,1503.3616939006026,40.26300438535587,24,0,1.0
RET-001784,ORD-007586,2023-12-14,CUST-01213,PROD-0428,Clothing,Defective,1065.6864730117832,56.3081728829938,22,0,1.0
RET-001785,ORD-000795,2023-08-31,CUST-01495,PROD-0274,Home,Changed Mind,1646.6179642301581,15.74387362256584,22,0,1.0
RET-001786,ORD-004362,2023-07-04,CUST-01758,PROD-0013,Electronics,Size Issue,1071.1827721955326,81.14288015939529,13,0,1.0
RET-001787,ORD-007733,2023-06-17,CUST-00321,PROD-0134,Clothing,Not as Described,681.0453634810393,94.75145413190994,17,0,4.0
RET-001788,ORD-000206,2023-03-29,CUST-00471,PROD-0484,Beauty,Not as Described,1467.38892000635,65.74005427360818,12,0,4.0
RET-001789,ORD-004980,2023-12-01,CUST-00968,PROD-0025,Electronics,Size Issue,1340.718023620207,19.3271836415434,3,0,3.0
RET-001790,ORD-002401,2022-07-08,CUST-00616,PROD-0193,Beauty,Size Issue,353.10876948373834,85.09248544218413,18,0,1.0
RET-001791,,2022-10-31,CUST-00315,PROD-0421,Clothing,Changed Mind,638.6972177412341,8.544034798318446,10,1,5.0
RET-001792,ORD-007901,2022-08-30,CUST-01559,PROD-0450,Electronics,Wrong Item,555.2402185685577,30.46526873550539,29,0,4.0
RET-001793,ORD-000418,2023-09-24,CUST-00639,PROD-0379,Electronics,Defective,29.471528287141865,46.6612877265089,4,0,3.0
RET-001794,ORD-003845,2023-10-04,CUST-00689,PROD-0182,Home,Size Issue,802.9657890776061,75.48725175279436,19,0,2.0
RET-001795,ORD-006488,2023-01-16,CUST-00466,PROD-0206,Clothing,Not as Described,321.3475154726515,52.36294991706806,12,0,2.0
RET-001796,ORD-005068,2023-08-22,CUST-01577,PROD-0103,Home,Changed Mind,1582.3414958237734,54.09371354872107,17,0,4.0
RET-001797,ORD-002663,2022-11-16,CUST-00777,PROD-0067,Home,Wrong Item,1690.1165738181137,13.360456558689137,3,0,5.0
RET-001798,ORD-005743,2023-12-09,CUST-00159,PROD-0096,Home,Changed Mind,1506.4405811940587,26.441241374178926,8,0,5.0
RET-001799,ORD-007746,2022-11-01,CUST-00918,PROD-0423,Beauty,Wrong Item,1402.0526876618233,70.0939272082526,0,0,3.0
RET-001800,ORD-006330,2022-07-12,CUST-00658,PROD-0442,Home,Not as Described,842.3947416077128,58.048949109751725,16,0,5.0
RET-001801,ORD-009447,2022-07-20,CUST-00442,PROD-0406,Home,Not as Described,1620.3961696703548,53.654600206941204,5,1,1.0
RET-001802,ORD-008719,2024-04-16,CUST-00095,PROD-0480,Clothing,Not as Described,1126.3252009022747,43.638215317343175,18,0,4.0
RET-001803,ORD-003418,2023-09-01,CUST-01600,PROD-0042,Beauty,Size Issue,1118.9688132286124,13.806606858787063,15,0,2.0
RET-001804,ORD-008838,2022-08-26,CUST-01973,PROD-0227,Home,Changed Mind,258.2355552909098,23.74400341769094,25,1,4.0
RET-001805,,2023-08-10,CUST-01966,,Clothing,Wrong Item,1043.1735636993371,67.31622743879056,2,0,4.0
RET-001806,ORD-005116,2023-05-21,CUST-00879,PROD-0133,Electronics,Defective,1112.2659889880536,44.250051133532075,27,0,2.0
RET-001807,ORD-008790,2023-10-04,CUST-00188,PROD-0176,Home,Size Issue,1126.213908278473,39.59385570045097,27,0,2.0
RET-001808,ORD-000880,2023-12-19,CUST-00555,PROD-0485,Clothing,Not as Described,1283.2735208630615,64.18264729524404,3,0,5.0
RET-001809,ORD-006454,2023-02-20,CUST-00739,PROD-0169,Beauty,Defective,142.9048692892746,61.617066352336245,1,0,4.0
RET-001810,,2022-09-01,CUST-01448,PROD-0194,Home,Not as Described,1934.0613516135504,63.28494500600278,7,1,3.0
RET-001811,ORD-009614,2022-11-22,CUST-01017,PROD-0036,Clothing,Size Issue,151.74121371395637,86.06773822256433,2,0,2.0
RET-001812,ORD-008146,2022-07-18,CUST-00944,PROD-0349,Home,Not as Described,998.9259626436949,31.338543789030048,26,0,1.0
RET-001813,ORD-007475,2022-08-24,CUST-00293,PROD-0226,Beauty,Changed Mind,735.1309685424773,40.7268573875455,28,0,5.0
RET-001814,ORD-001262,2023-08-20,CUST-00478,PROD-0175,Clothing,Wrong Item,164.2905022087105,94.40517227732614,19,0,2.0
RET-001815,ORD-000959,2024-02-26,CUST-00696,PROD-0319,Beauty,Size Issue,462.857454120193,78.9501503335463,16,1,5.0
RET-001816,ORD-001938,2022-06-29,CUST-00578,PROD-0343,Electronics,Not as Described,10.905716723093494,18.742331299474337,12,0,2.0
RET-001817,ORD-007915,2023-10-19,CUST-00919,PROD-0342,Electronics,Defective,1635.6203136641016,51.983878338773025,0,0,5.0
RET-001818,ORD-001948,2022-10-14,CUST-00406,PROD-0434,Beauty,Defective,13.006889507950932,99.72503466095529,29,1,5.0
RET-001819,ORD-000733,2023-06-12,CUST-01605,PROD-0015,Electronics,Size Issue,1758.535377005773,44.02478471810257,12,0,5.0
RET-001820,ORD-002107,2022-09-13,CUST-01209,PROD-0163,Beauty,Wrong Item,1989.2226885516236,93.58600063164232,22,0,
RET-001821,ORD-000343,2023-07-21,CUST-01892,PROD-0178,Home,Size Issue,1192.5692900585987,31.631254625542947,11,1,2.0
RET-001822,ORD-005282,2023-08-03,CUST-01009,PROD-0321,Electronics,Changed Mind,1104.9566345237192,22.32225750947765,3,0,1.0
RET-001823,ORD-006331,2023-04-21,CUST-00655,PROD-0181,Home,Not as Described,1982.7632936340965,42.166177660448426,24,0,5.0
RET-001824,ORD-005486,2023-07-31,CUST-01041,PROD-0225,Clothing,Size Issue,931.6902599255833,55.93086666281778,29,0,5.0
RET-001825,ORD-004819,2022-10-28,CUST-01789,PROD-0030,Home,Wrong Item,1676.0608768098132,39.210231388473616,11,0,5.0
RET-001826,ORD-007865,2024-04-30,CUST-01886,PROD-0364,Electronics,Wrong Item,777.1300228745271,64.70822084368915,23,0,1.0
RET-001827,ORD-000786,2024-01-18,CUST-01261,PROD-0065,Beauty,Not as Described,1528.05100466225,51.85822218883559,25,1,1.0
RET-001828,ORD-001233,2023-01-07,CUST-00407,PROD-0182,Electronics,Defective,1121.9216800438276,6.408173688468144,22,0,2.0
RET-001829,ORD-001990,,CUST-00999,PROD-0467,Home,Size Issue,454.0967929712341,57.46544214182732,8,0,2.0
RET-001830,ORD-000538,2022-06-01,CUST-01796,PROD-0439,Clothing,Not as Described,1681.2375855030527,64.28028635527735,14,0,2.0
RET-001831,ORD-009263,2022-09-26,CUST-01457,PROD-0206,Clothing,Defective,690.9045245294906,13.551221712573113,20,1,5.0
RET-001832,,2023-02-14,CUST-01263,PROD-0419,Beauty,Defective,291.1972231643842,48.96971784631277,24,0,3.0
RET-001833,ORD-008739,2022-11-06,CUST-01847,PROD-0226,Clothing,Not as Described,1137.4053174132134,56.01359766051761,11,1,5.0
RET-001834,ORD-001320,2023-08-20,CUST-01067,PROD-0498,Beauty,Size Issue,1023.5563526210307,1.660412364593078,3,0,5.0
RET-001835,ORD-001536,2022-11-09,CUST-01223,PROD-0493,Electronics,Defective,999.4324862996577,35.21106256653602,15,1,4.0
RET-001836,ORD-002390,2023-06-24,CUST-00672,PROD-0109,Electronics,Not as Described,983.735838685418,42.359498100032376,14,1,5.0
RET-001837,ORD-001530,2022-10-19,CUST-01265,PROD-0202,Home,Not as Described,505.5914274319203,18.817767548060573,3,0,3.0
RET-001838,ORD-003814,2023-12-29,CUST-01766,PROD-0475,Clothing,Wrong Item,1622.0602627027142,49.208734603845,4,0,4.0
RET-001839,ORD-008308,2024-01-20,CUST-00177,PROD-0349,Clothing,Wrong Item,677.4206462713562,12.989394128075581,20,0,2.0
RET-001840,ORD-005273,2023-10-25,CUST-00536,PROD-0484,Clothing,Not as Described,1046.262814410169,52.172417423350126,5,0,3.0
RET-001841,ORD-002202,2023-09-27,CUST-00890,PROD-0003,Electronics,Size Issue,1176.1861042772791,85.7005819402045,26,0,4.0
RET-001842,ORD-008903,2022-10-04,CUST-00818,PROD-0363,Beauty,Defective,1349.1980399776733,59.83133247581706,11,0,5.0
RET-001843,ORD-006442,2023-10-24,CUST-01111,PROD-0407,Beauty,Size Issue,702.1814130439511,9.570615082026734,0,0,4.0
RET-001844,ORD-004140,2023-05-20,CUST-00813,PROD-0411,Electronics,Wrong Item,340.9818901972276,34.42483622223621,18,0,2.0
RET-001845,ORD-004879,2023-09-08,CUST-00353,PROD-0041,Clothing,Size Issue,262.6539338839906,37.204425563267826,4,0,5.0
RET-001846,ORD-004528,2022-10-12,CUST-00652,PROD-0047,Home,Wrong Item,1453.6053766290545,72.91118811380677,5,1,1.0
RET-001847,ORD-006793,2022-11-29,CUST-01979,PROD-0494,Clothing,Defective,1423.5103836952624,56.616786503224226,3,1,3.0
RET-001848,ORD-006412,2023-07-02,CUST-01763,PROD-0090,Home,Not as Described,993.959325399118,40.99855440406815,3,1,4.0
RET-001849,ORD-000766,2023-11-19,CUST-01442,,Home,Wrong Item,1074.516540830262,81.13410553784313,24,0,3.0
RET-001850,ORD-006582,2023-12-19,CUST-01513,PROD-0444,Home,Defective,261.3299724136533,79.97731458909769,26,0,4.0
RET-001851,ORD-003927,2024-04-18,CUST-00280,PROD-0486,Electronics,Not as Described,144.4685512227385,11.162140388639951,29,1,4.0
RET-001852,ORD-002539,2023-05-04,CUST-01909,PROD-0117,Clothing,Not as Described,555.9529860260516,58.86978361327454,14,0,2.0
RET-001853,ORD-001507,2023-10-18,CUST-01718,PROD-0127,Clothing,Not as Described,467.217379944957,127.24868194471418,19,0,3.0
RET-001854,ORD-003722,2022-07-26,CUST-00514,PROD-0495,Home,Defective,1645.4475684630631,78.04124257637555,12,0,1.0
RET-001855,ORD-005994,2023-08-04,CUST-01104,PROD-0411,Home,Changed Mind,353.6747770574616,66.77018223758799,19,0,5.0
RET-001856,ORD-006758,2023-12-06,CUST-01482,PROD-0044,Clothing,Changed Mind,320.77126749093367,26.887484685371497,20,0,1.0
RET-001857,ORD-002948,2022-09-23,CUST-00222,PROD-0230,Clothing,Not as Described,1021.3713181996142,40.625568077049344,7,0,4.0
RET-001858,ORD-007280,2023-12-10,CUST-00281,PROD-0176,Electronics,Defective,537.7434459280786,73.2866621746662,3,1,4.0
RET-001859,ORD-007351,2022-12-02,CUST-00029,PROD-0106,Electronics,Not as Described,1013.4560687822377,51.70251430639829,29,0,1.0
RET-001860,ORD-005558,2024-04-12,CUST-00852,PROD-0131,Clothing,Defective,1464.4014388038574,91.098240149458,26,1,
RET-001861,ORD-005288,2023-12-27,CUST-00122,PROD-0304,Home,Changed Mind,444.45559513040365,82.20302449629416,0,1,3.0
RET-001862,ORD-000537,2023-11-10,CUST-01416,PROD-0250,Clothing,Wrong Item,1497.0091891237703,29.393499488066112,29,0,5.0
RET-001863,ORD-008055,2023-04-26,CUST-00806,PROD-0166,Beauty,Wrong Item,1583.9277303501947,27.40416383507641,9,1,1.0
RET-001864,ORD-001631,2023-10-27,CUST-00262,PROD-0225,Beauty,Size Issue,1991.8415593654952,5.944891877181857,1,0,4.0
RET-001865,ORD-005678,2024-03-22,CUST-00497,PROD-0487,Home,Changed Mind,1899.7372685512007,26.730267743362724,23,0,3.0
RET-001866,ORD-001708,2023-07-01,CUST-00871,PROD-0026,Electronics,Defective,494.70964264276375,11.92946375021724,15,0,5.0
RET-001867,ORD-000555,2023-07-13,CUST-01310,PROD-0298,Beauty,Changed Mind,1929.848824025178,30.416714192662553,13,1,1.0
RET-001868,ORD-000820,2023-11-01,CUST-01344,PROD-0256,Electronics,Not as Described,796.9000763648838,50.76216794606623,17,0,4.0
RET-001869,ORD-006261,2022-06-06,CUST-01989,PROD-0135,Beauty,Changed Mind,1536.933855994145,30.861081254590694,5,0,4.0
RET-001870,ORD-000063,2023-05-07,CUST-01365,PROD-0061,Home,Wrong Item,1348.4141227762746,48.605793460990576,28,0,5.0
RET-001871,ORD-000841,2024-04-28,CUST-00670,PROD-0237,Electronics,Wrong Item,1451.2952108184675,87.89196236820717,25,0,3.0
RET-001872,ORD-000332,2022-07-28,CUST-00316,PROD-0327,Home,Wrong Item,1043.4758805795286,51.90573867732455,16,0,3.0
RET-001873,ORD-004712,2022-12-13,CUST-00325,PROD-0383,Electronics,Changed Mind,1308.4295612983858,24.725599285134304,16,0,1.0
RET-001874,ORD-009771,2024-02-12,CUST-00372,PROD-0471,Clothing,Defective,922.118413692819,72.00435760510655,24,0,4.0
RET-001875,ORD-007925,2022-07-07,CUST-00354,PROD-0015,Electronics,Defective,582.4432689459949,30.93850320580692,2,0,5.0
RET-001876,ORD-001188,2024-03-29,CUST-00560,PROD-0166,Electronics,Wrong Item,1826.345489549716,6.793695054239645,22,0,2.0
RET-001877,ORD-007907,2024-01-13,CUST-01574,PROD-0134,Clothing,Size Issue,402.84884987541335,63.985491071915405,18,0,1.0
RET-001878,ORD-001466,2022-09-11,CUST-01295,PROD-0059,Electronics,Size Issue,796.6454841391306,30.564283150322,15,0,5.0
RET-001879,ORD-009792,2022-10-05,CUST-00688,PROD-0218,Beauty,Wrong Item,381.75255112529226,17.016095258507924,20,0,5.0
RET-001880,ORD-004805,,CUST-01003,PROD-0358,Clothing,Wrong Item,996.9802671722358,5.707613539540279,25,0,3.0
RET-001881,ORD-001703,2023-02-01,CUST-01583,PROD-0044,Beauty,Wrong Item,1827.1622728715176,10.577371078414144,1,0,
RET-001882,ORD-004006,2023-06-10,CUST-01557,PROD-0438,Clothing,Size Issue,703.6551201752226,70.24760533875035,6,0,4.0
RET-001883,ORD-008322,2022-07-28,CUST-00275,PROD-0147,Home,Changed Mind,1537.7115655937732,16.540974159043053,7,0,5.0
RET-001884,ORD-007247,2023-08-25,CUST-00588,PROD-0087,Electronics,Not as Described,136.29096787441392,44.52231308171063,11,0,2.0
RET-001885,ORD-007270,2022-08-29,CUST-00850,PROD-0243,Beauty,Size Issue,1856.2463872119529,73.08378748533066,18,1,4.0
RET-001886,ORD-005642,2022-07-06,CUST-00203,PROD-0333,Electronics,Defective,1474.2750700079637,30.504385995482664,15,0,2.0
RET-001887,ORD-006435,2023-06-03,CUST-01204,PROD-0099,Home,Defective,1424.1018120947283,45.539617782926875,4,0,4.0
RET-001888,ORD-003469,2024-03-11,CUST-01554,PROD-0356,Electronics,Wrong Item,1350.1329373319475,97.59748705960241,19,1,2.0
RET-001889,ORD-004217,2023-01-05,CUST-01786,PROD-0049,Electronics,Changed Mind,434.6263704270172,33.15416482651603,27,0,2.0
RET-001890,ORD-004774,2023-02-18,CUST-01351,PROD-0424,Home,Changed Mind,1368.8005704820027,89.32451172691034,17,0,5.0
RET-001891,ORD-003203,2024-04-09,CUST-00585,PROD-0237,Electronics,Defective,909.4622080636099,43.99724757494179,19,0,3.0
RET-001892,ORD-008028,2022-06-20,CUST-01158,PROD-0359,Beauty,Changed Mind,827.6791614391775,34.607767195413906,10,0,5.0
RET-001893,ORD-008541,2023-03-04,CUST-00639,PROD-0057,Beauty,Changed Mind,1130.1413161497408,67.12795807207152,28,1,5.0
RET-001894,ORD-005081,2022-07-30,CUST-01912,PROD-0270,Clothing,Defective,999.3467963169336,89.6683284235027,29,0,5.0
RET-001895,ORD-006868,2023-12-21,CUST-01882,PROD-0321,Electronics,Wrong Item,1566.4746004140893,59.95719140043775,28,0,4.0
RET-001896,ORD-009822,2022-07-16,CUST-00819,PROD-0258,Beauty,Size Issue,1596.956319579339,67.10881961433596,26,0,1.0
RET-001897,ORD-004917,2022-07-21,CUST-01899,PROD-0002,Clothing,Changed Mind,98.9911987014734,11.621076835577625,17,0,1.0
RET-001898,ORD-009065,2022-11-10,CUST-01467,PROD-0375,Home,Size Issue,1592.0741415500859,43.79714879506346,29,0,3.0
RET-001899,ORD-001520,2023-04-12,CUST-01769,PROD-0247,Electronics,Defective,1014.6173787801356,37.6926591317162,21,0,1.0
RET-001900,,2023-12-06,CUST-01885,PROD-0202,Clothing,Wrong Item,1673.74229666086,80.28793082631337,28,0,3.0
RET-001901,ORD-004025,2023-12-04,CUST-00479,PROD-0347,Clothing,Size Issue,102.62882951007086,64.53490747084449,20,1,2.0
RET-001902,ORD-006795,2023-01-11,CUST-00655,PROD-0377,Home,Defective,704.9917755800217,22.36860180487269,6,1,5.0
RET-001903,ORD-001020,2023-12-22,CUST-00727,PROD-0418,Electronics,Not as Described,917.2438060966748,53.658789958587064,21,1,3.0
RET-001904,ORD-002404,2023-12-31,CUST-00705,PROD-0151,Beauty,Size Issue,941.2272934217555,31.424841829927963,17,0,2.0
RET-001905,ORD-008315,2023-05-13,CUST-01853,PROD-0123,Electronics,Not as Described,77.46754286504256,29.80635746220085,5,0,4.0
RET-001906,ORD-000668,2022-09-28,CUST-01826,PROD-0041,Electronics,Changed Mind,889.4085556141955,60.97666203815702,19,0,1.0
RET-001907,ORD-005146,2022-08-27,CUST-00330,PROD-0341,Electronics,Defective,822.4691282844434,85.09946216341838,13,0,1.0
RET-001908,ORD-002567,2023-03-15,CUST-01557,PROD-0345,Clothing,Not as Described,1340.871380110288,28.95121609265967,26,0,5.0
RET-001909,ORD-008465,2023-02-14,CUST-01993,PROD-0345,Electronics,Defective,62.33759934309583,77.77640408120334,9,0,3.0
RET-001910,ORD-007908,2023-10-25,CUST-00898,PROD-0396,Clothing,Changed Mind,233.13597649567927,66.11804203143872,7,1,2.0
RET-001911,ORD-000611,2023-03-29,CUST-00941,PROD-0343,Electronics,Wrong Item,320.3337159797437,86.04462956252561,15,0,4.0
RET-001912,ORD-009955,2023-10-09,CUST-01127,PROD-0167,Electronics,Not as Described,268.470669434536,12.099874933209387,7,0,1.0
RET-001913,ORD-004706,2024-03-27,CUST-00848,PROD-0291,Electronics,Changed Mind,417.94956217161274,18.61124771670766,15,0,3.0
RET-001914,ORD-005255,2022-08-01,CUST-01128,PROD-0268,Clothing,Changed Mind,1632.645811658222,79.38072504817917,14,0,2.0
RET-001915,ORD-005258,2023-12-28,CUST-01684,PROD-0040,Beauty,Size Issue,243.64778487541784,59.8471456635004,18,0,2.0
RET-001916,ORD-009359,2023-03-10,CUST-00370,PROD-0242,Electronics,Wrong Item,1622.996440433941,78.73205811917317,26,0,5.0
RET-001917,ORD-005702,2022-12-01,CUST-00327,PROD-0235,Home,Defective,931.4314897034257,21.95424917904353,29,0,5.0
RET-001918,ORD-003525,2023-11-11,CUST-01505,PROD-0012,Beauty,Changed Mind,529.8475841003107,96.80883427974847,26,1,5.0
RET-001919,ORD-002878,2023-09-17,CUST-00174,PROD-0051,Home,Size Issue,1545.2818662665986,92.66307551327911,23,0,2.0
RET-001920,ORD-006500,2024-03-08,CUST-00027,PROD-0458,Clothing,Size Issue,430.05648929307114,69.24668683797101,0,0,5.0
RET-001921,ORD-005211,2023-11-10,CUST-01574,PROD-0204,Clothing,Defective,718.6828050479548,38.227130399951,19,1,1.0
RET-001922,ORD-009315,2022-12-17,CUST-00610,PROD-0401,Electronics,Wrong Item,581.187677091286,65.75202632438051,14,0,2.0
RET-001923,ORD-002711,2022-08-26,CUST-01321,PROD-0321,Beauty,Changed Mind,316.7133682841264,96.60164297814875,17,0,5.0
RET-001924,ORD-008124,2023-05-22,CUST-01979,PROD-0377,Home,Wrong Item,1773.7227918067197,89.98983110189947,21,0,1.0
RET-001925,ORD-005206,2023-07-04,CUST-00336,PROD-0410,Beauty,Size Issue,1034.8349573281162,44.690172968772224,26,0,5.0
RET-001926,ORD-003163,2023-10-31,CUST-01320,PROD-0109,Home,Wrong Item,419.34540733168535,49.84558221250508,16,0,2.0
RET-001927,ORD-005644,2023-08-31,CUST-01362,PROD-0350,Clothing,Defective,1340.188870380267,63.52355489583149,15,0,2.0
RET-001928,ORD-009521,2024-02-06,CUST-00625,PROD-0034,Clothing,Defective,1053.7218852437913,15.685374433255783,0,0,5.0
RET-001929,ORD-004062,2023-01-04,CUST-01773,PROD-0232,Beauty,Not as Described,1534.0716110698197,49.95657105247518,8,0,2.0
RET-001930,ORD-004509,2024-03-01,CUST-01646,PROD-0325,Electronics,Defective,888.0611925627195,6.571008170060644,26,0,5.0
RET-001931,ORD-009811,2022-06-11,CUST-00884,PROD-0354,Electronics,Not as Described,1972.7910699696642,84.35405596585919,26,0,1.0
RET-001932,ORD-004823,2024-04-20,CUST-00890,PROD-0325,Beauty,Size Issue,1753.0112419051204,3.519336272964757,19,0,4.0
RET-001933,ORD-003535,2022-08-09,CUST-01824,PROD-0304,Home,Defective,1664.5755371590392,9.393774899760654,6,0,2.0
RET-001934,ORD-006230,2024-03-30,CUST-00018,PROD-0268,Clothing,Changed Mind,1466.9268815114706,53.63162209879151,12,0,3.0
RET-001935,ORD-008032,2022-12-01,CUST-00172,PROD-0012,Beauty,Changed Mind,1566.1253100882623,68.51816123221464,13,0,1.0
RET-001936,ORD-000328,2023-01-13,CUST-01771,PROD-0457,Electronics,Wrong Item,1170.2796864820923,88.22493469590106,19,0,3.0
RET-001937,ORD-005781,2023-03-27,CUST-01167,PROD-0132,Clothing,Not as Described,719.1311779175225,21.190708144607928,26,0,5.0
RET-001938,ORD-001676,2023-01-25,CUST-01624,PROD-0475,Home,Changed Mind,1029.2257680211396,60.357127937038356,28,1,1.0
RET-001939,ORD-007087,2022-07-28,CUST-01183,PROD-0343,Beauty,Size Issue,1772.8420872614113,48.077025455666835,23,0,3.0
RET-001940,ORD-004036,2023-02-05,CUST-00287,PROD-0493,Electronics,Size Issue,587.7429322925055,35.05455202197696,8,1,2.0
RET-001941,ORD-006243,2023-11-18,CUST-01542,PROD-0040,Electronics,Wrong Item,947.3469305951081,85.94678891843166,24,0,
RET-001942,,2024-03-25,CUST-00358,PROD-0087,Electronics,Not as Described,227.66986579964612,12.434013830076962,3,1,3.0
RET-001943,ORD-001686,2022-08-25,CUST-00828,PROD-0480,Clothing,Not as Described,265.28321205696693,9.591930936303484,22,1,4.0
RET-001944,ORD-009204,,CUST-01129,PROD-0246,Home,Wrong Item,1820.6565050763916,55.90565348516373,3,0,5.0
RET-001945,ORD-001305,,CUST-00778,PROD-0378,Beauty,Changed Mind,570.2145178023147,4.135617503628319,4,0,5.0
RET-001946,ORD-002229,2023-10-22,CUST-01692,PROD-0387,Electronics,Defective,933.5956978368853,82.4183193458518,15,1,5.0
RET-001947,ORD-005628,2022-08-18,CUST-00527,PROD-0421,Beauty,Defective,1949.7827681929084,9.932751663232775,11,1,4.0
RET-001948,ORD-002634,2023-05-28,CUST-01325,PROD-0424,Clothing,Wrong Item,1565.404722708348,49.266580882886544,1,0,4.0
RET-001949,ORD-000167,2022-07-30,CUST-00969,PROD-0066,Beauty,Not as Described,745.2531964765632,44.09371183577143,0,1,4.0
RET-001950,ORD-003620,2023-09-29,CUST-01611,PROD-0208,Clothing,Not as Described,273.35571410140807,95.30466627348424,9,0,5.0
RET-001951,ORD-006272,2023-08-13,CUST-00881,PROD-0424,Electronics,Size Issue,32.89378623824466,74.83533826142803,22,0,5.0
RET-001952,ORD-009864,,CUST-00187,PROD-0283,Electronics,Wrong Item,1063.5157748675792,26.69729314755216,12,0,1.0
RET-001953,ORD-006529,2022-09-24,CUST-01419,PROD-0087,Beauty,Wrong Item,1705.685943093451,27.684638897155267,13,0,4.0
RET-001954,ORD-007374,2023-12-19,CUST-00258,PROD-0224,Beauty,Defective,1930.2369868591777,54.09252201089988,9,0,3.0
RET-001955,ORD-008377,2023-11-19,CUST-00324,PROD-0273,Home,Wrong Item,85.98527034521247,90.77661801547933,10,0,3.0
RET-001956,ORD-006352,2022-12-24,CUST-00489,PROD-0021,Electronics,Wrong Item,841.5579096411221,81.48516517753517,21,0,4.0
RET-001957,ORD-001334,2024-02-11,CUST-01661,PROD-0149,Electronics,Wrong Item,978.3459710738982,33.26188791614433,20,0,2.0
RET-001958,ORD-005547,2023-03-02,CUST-01838,PROD-0446,Home,Wrong Item,1464.1581705885528,76.66627482659095,6,0,
RET-001959,ORD-006290,2023-08-31,CUST-01883,PROD-0015,Clothing,Size Issue,1925.5006612232207,15.772594979690368,4,0,
RET-001960,ORD-007152,2023-03-08,CUST-01361,PROD-0430,Electronics,Not as Described,64.20130074351897,87.2818462409764,3,1,1.0
RET-001961,ORD-001043,2023-11-23,CUST-00806,PROD-0485,Electronics,Not as Described,245.1930852968835,85.31125994085478,28,0,4.0
RET-001962,ORD-004290,2023-05-16,CUST-01455,PROD-0112,Beauty,Not as Described,1040.80156370125,66.3577158166522,23,0,2.0
RET-001963,ORD-006196,2023-10-07,CUST-00929,PROD-0164,Clothing,Changed Mind,1903.8934998600726,15.87411114594538,12,0,2.0
RET-001964,ORD-006487,2024-02-14,CUST-01380,PROD-0462,Home,Defective,444.82892641448643,22.06875935770859,23,1,3.0
RET-001965,ORD-009448,2022-10-30,CUST-01631,PROD-0271,Beauty,Changed Mind,1920.4574275685031,72.36140031041116,29,1,1.0
RET-001966,,2022-09-22,CUST-01243,PROD-0287,Electronics,Size Issue,544.7340981607593,71.39987752346765,9,1,4.0
RET-001967,ORD-000804,2023-08-03,CUST-01429,PROD-0431,Beauty,Defective,892.3670417691075,68.72085819876294,7,0,1.0
RET-001968,ORD-004138,2023-06-02,CUST-00648,PROD-0453,Electronics,Not as Described,516.6677503810457,24.9597197961114,20,0,4.0
RET-001969,ORD-004170,2023-11-13,CUST-01707,,Beauty,Size Issue,367.4242674123459,29.87370882685455,8,0,1.0
RET-001970,ORD-004669,2024-02-15,CUST-01229,PROD-0144,Clothing,Changed Mind,510.149766196414,62.2576300940158,29,0,2.0
RET-001971,ORD-001879,2022-09-09,CUST-00682,PROD-0155,Clothing,Wrong Item,987.1250910983757,14.422013516591914,6,0,1.0
RET-001972,ORD-005291,2023-07-15,CUST-01479,PROD-0329,Home,Changed Mind,574.1320338655114,47.476074714889535,27,1,5.0
RET-001973,ORD-000939,2023-03-15,CUST-01561,PROD-0028,Home,Not as Described,88.84668781677505,8.804481419263366,13,0,5.0
RET-001974,ORD-005668,2024-02-04,CUST-00483,PROD-0425,Home,Changed Mind,1025.4058982924894,4.622935296740128,25,1,3.0
RET-001975,ORD-003545,2023-05-19,CUST-01025,PROD-0136,Home,Size Issue,1775.8026447253112,19.014613953605775,23,1,3.0
RET-001976,ORD-005548,2024-03-24,CUST-01704,PROD-0454,Clothing,Wrong Item,1503.1033540399385,22.86054817186067,6,0,1.0
RET-001977,ORD-004823,2023-08-04,CUST-00856,PROD-0065,Clothing,Defective,1691.3983535535856,64.18041223757433,12,0,5.0
RET-001978,ORD-000022,2024-03-25,CUST-00730,PROD-0198,Electronics,Size Issue,1631.8906972814093,86.45923569378809,18,0,5.0
RET-001979,ORD-004710,2022-12-10,CUST-01178,PROD-0233,Beauty,Wrong Item,898.6634415670401,71.9492236426288,2,0,4.0
RET-001980,ORD-003059,2024-04-30,CUST-01572,PROD-0104,Electronics,Not as Described,1345.685907246731,9.168785314713679,0,1,2.0
RET-001981,ORD-000709,2024-02-12,CUST-00510,PROD-0157,Beauty,Not as Described,1190.6457139470544,98.64341287705025,19,0,4.0
RET-001982,ORD-000200,2022-08-08,CUST-01303,PROD-0385,Home,Wrong Item,717.5424541517357,4.5362334252492476,13,0,2.0
RET-001983,ORD-000759,2023-02-26,CUST-00680,PROD-0383,Electronics,Not as Described,1851.6084742380046,35.078935859702554,29,0,1.0
RET-001984,ORD-006364,2023-01-31,CUST-00019,PROD-0122,Clothing,Not as Described,1296.9413754643952,9.934005433867465,10,0,5.0
RET-001985,ORD-009786,2024-01-13,CUST-00075,PROD-0361,Electronics,Wrong Item,1085.8281134648466,4.983754375391369,7,0,1.0
RET-001986,ORD-000556,2023-01-06,CUST-00327,PROD-0125,Clothing,Not as Described,883.133926458522,33.4604947364492,25,0,3.0
RET-001987,ORD-005750,2023-03-16,CUST-01117,PROD-0174,Clothing,Size Issue,266.1539941573397,0.04121342833472985,7,1,5.0
RET-001988,ORD-009274,2022-12-06,CUST-01345,PROD-0331,Home,Changed Mind,745.5369496341855,57.20248740264714,29,0,4.0
RET-001989,ORD-001934,2023-11-12,CUST-01987,PROD-0146,Home,Size Issue,148.742272622572,10.971075912430505,11,0,4.0
RET-001990,ORD-002281,2022-11-26,CUST-00656,PROD-0208,Clothing,Not as Described,243.25659100044612,4.009102066974634,19,0,1.0
RET-001991,ORD-000580,2022-07-25,CUST-00980,PROD-0319,Beauty,Wrong Item,729.6516984690256,77.87588460333525,18,0,3.0
RET-001992,ORD-007543,2024-01-22,CUST-01703,PROD-0235,Beauty,Not as Described,676.7787806436976,13.324403396474816,0,0,1.0
RET-001993,ORD-004743,2022-08-14,CUST-01911,PROD-0449,Home,Changed Mind,366.0854506100704,52.700980679302745,2,0,2.0
RET-001994,ORD-003715,2023-06-09,CUST-01359,PROD-0484,Clothing,Changed Mind,288.5166445807183,44.47551882348944,28,1,1.0
RET-001995,ORD-008112,2023-01-27,CUST-00266,PROD-0261,Beauty,Wrong Item,978.8026843581677,62.39476917745497,5,0,3.0
RET-001996,ORD-003290,2024-04-02,CUST-00147,PROD-0070,Home,Not as Described,661.3408263963915,89.11264424084212,17,0,4.0
RET-001997,ORD-006334,2023-01-30,CUST-01270,PROD-0038,Electronics,Changed Mind,1286.5106011786477,42.297522017726784,19,1,4.0
RET-001998,ORD-002697,2022-07-23,CUST-00568,PROD-0372,Beauty,Wrong Item,1023.3824790835044,76.23269132992499,29,0,2.0
RET-001999,ORD-000189,2022-06-21,CUST-01771,PROD-0332,Clothing,Wrong Item,52.582274330875045,24.802025707177357,29,0,1.0
RET-002000,ORD-000802,2023-03-29,CUST-00159,PROD-0345,Home,Not as Described,867.5834034015927,54.674680063752376,9,0,5.0
RET-002001,ORD-004984,2024-03-05,CUST-01174,PROD-0204,Electronics,Wrong Item,1495.7329044697915,44.12966920112408,8,0,3.0
RET-002002,ORD-001994,2024-04-21,CUST-01790,PROD-0442,Home,Not as Described,1231.7793397796295,15.665790417184711,12,1,4.0
RET-002003,ORD-004966,2023-05-15,CUST-01400,PROD-0139,Electronics,Size Issue,544.0992008771526,26.487528301346174,12,1,3.0
RET-002004,ORD-009912,2023-03-08,CUST-00362,PROD-0072,Electronics,Size Issue,971.3506588275648,27.449316539608716,7,0,3.0
RET-002005,ORD-001852,2023-04-28,CUST-01490,PROD-0199,Clothing,Size Issue,111.07873315331318,13.69314549468058,4,0,3.0
RET-002006,ORD-005185,2022-07-03,CUST-00391,PROD-0060,Clothing,Defective,1372.2071058800605,7.441826515659589,14,0,3.0
RET-002007,ORD-007780,2024-04-27,CUST-00251,PROD-0499,Electronics,Size Issue,1440.277392737929,3.5662270745134284,23,0,3.0
RET-002008,ORD-003267,2023-05-05,CUST-01250,PROD-0432,Clothing,Defective,933.6302143898055,31.94319204967504,22,0,1.0
RET-002009,ORD-001864,2023-07-01,CUST-00413,PROD-0355,Beauty,Changed Mind,1344.1934376549473,41.9041939035067,5,0,3.0
RET-002010,ORD-006662,2023-10-26,CUST-00408,PROD-0138,Home,Wrong Item,291.97768120401435,74.62734562029463,14,0,3.0
RET-002011,ORD-001792,2022-08-11,CUST-01503,PROD-0331,Electronics,Wrong Item,866.5293198455165,87.08408161731379,29,1,1.0
RET-002012,ORD-009316,2023-12-13,CUST-00233,PROD-0120,Electronics,Not as Described,1228.4396487283263,77.80462726264652,10,0,1.0
RET-002013,ORD-007320,2024-04-17,CUST-01557,PROD-0148,Beauty,Wrong Item,1836.7239497746668,20.078924138856124,3,0,2.0
RET-002014,ORD-008778,2024-02-01,CUST-01426,PROD-0326,Electronics,Wrong Item,513.9194379967762,93.785939720693,28,0,2.0
RET-002015,ORD-006820,2024-02-12,CUST-00205,PROD-0332,Electronics,Defective,1494.2395653437918,96.72464938689053,1,1,3.0
RET-002016,ORD-002382,2023-06-20,CUST-00885,PROD-0465,Clothing,Changed Mind,150.62877701738904,4.662158106472292,27,0,2.0
RET-002017,ORD-005039,2023-09-20,CUST-01214,PROD-0399,Electronics,Size Issue,180.63976986822894,28.808504210656615,19,0,5.0
RET-002018,ORD-006123,2024-02-19,CUST-00628,PROD-0281,Clothing,Changed Mind,675.9424413708799,26.708791038914537,11,0,4.0
RET-002019,,2023-09-19,CUST-00324,PROD-0432,Home,Defective,997.6949353947922,37.613645840126644,0,0,5.0
RET-002020,ORD-003389,2022-06-21,CUST-00664,PROD-0162,Home,Wrong Item,1465.0412414826008,5.2643258677358755,26,0,4.0
RET-002021,ORD-009171,2022-08-22,CUST-00790,PROD-0288,Electronics,Wrong Item,1267.3481353021425,40.7342557075448,9,1,1.0
RET-002022,ORD-002557,2024-03-01,CUST-00130,PROD-0212,Beauty,Changed Mind,586.1586357886091,16.306819796638806,15,0,2.0
RET-002023,ORD-008121,2023-03-02,CUST-01779,PROD-0007,Clothing,Size Issue,1291.0452933529823,49.74030857289337,26,0,2.0
RET-002024,ORD-001208,2023-12-19,CUST-00940,PROD-0386,Beauty,Wrong Item,1191.7665351119242,52.81662242869313,17,0,5.0
RET-002025,ORD-004597,2022-06-08,CUST-01692,PROD-0286,Beauty,Wrong Item,1146.678912695848,56.014955620419556,6,0,1.0
RET-002026,ORD-003203,2024-04-12,CUST-00054,PROD-0402,Home,Defective,258.1003266615673,91.51353447433664,0,1,2.0
RET-002027,ORD-005419,2023-12-22,CUST-01195,PROD-0414,Clothing,Not as Described,1517.4116228867233,54.23558606321618,7,0,1.0
RET-002028,ORD-001860,2023-01-22,CUST-01129,PROD-0314,Home,Defective,387.7027109433571,0.40596053960604284,8,0,5.0
RET-002029,ORD-000504,2023-04-29,CUST-00417,PROD-0230,Electronics,Defective,1058.5406093650213,5.266967860213367,19,0,5.0
RET-002030,ORD-003222,2024-04-12,CUST-00135,PROD-0038,Beauty,Not as Described,27.317696444876233,85.14275301141583,15,0,4.0
RET-002031,ORD-000759,2023-09-10,CUST-00819,PROD-0121,Electronics,Changed Mind,1037.6860112891359,38.90133273122663,10,0,2.0
RET-002032,ORD-009370,2022-12-19,CUST-01548,PROD-0084,Clothing,Not as Described,12.649557825119741,49.93792675833299,24,0,4.0
RET-002033,ORD-000138,2024-01-29,CUST-00637,PROD-0360,Electronics,Changed Mind,1063.8446872294471,94.01285686238315,8,0,2.0
RET-002034,ORD-004552,2023-05-09,CUST-00805,PROD-0212,Beauty,Defective,847.7804660014955,34.6062584161388,27,1,1.0
RET-002035,ORD-009199,2023-10-28,CUST-01478,PROD-0481,Clothing,Defective,273.3379753823794,94.34777441568009,23,0,4.0
RET-002036,ORD-002470,,CUST-00008,PROD-0426,Electronics,Changed Mind,844.1893437093216,3.672592197445934,14,1,2.0
RET-002037,ORD-008871,2023-07-28,CUST-00579,PROD-0356,Beauty,Changed Mind,817.847915198562,53.922408885048675,17,0,1.0
RET-002038,ORD-000418,2024-01-21,CUST-00312,PROD-0137,Electronics,Not as Described,89.12656363627306,71.15135972132897,19,1,3.0
RET-002039,ORD-005776,2023-06-22,CUST-00407,PROD-0085,Home,Size Issue,1350.0046637067837,89.91496431228715,3,0,2.0
RET-002040,ORD-001666,2022-10-17,CUST-01779,PROD-0373,Electronics,Size Issue,1905.0216908297068,68.62852700847904,28,0,
RET-002041,ORD-008449,2023-02-11,CUST-01545,PROD-0499,Home,Size Issue,1152.0041874236426,61.22389552638119,11,1,3.0
RET-002042,ORD-007203,2023-12-17,CUST-01012,PROD-0402,Home,Size Issue,1107.5211575084481,48.86118573077367,9,1,3.0
RET-002043,ORD-001222,2023-10-05,CUST-00133,PROD-0274,Clothing,Changed Mind,1479.2382952727191,93.61588157180576,1,0,2.0
RET-002044,ORD-000786,2023-09-11,CUST-01960,PROD-0422,Home,Defective,1572.602759409701,35.26399176767272,12,0,2.0
RET-002045,,2022-10-30,CUST-00937,PROD-0276,Clothing,Defective,310.41380721379113,49.549100902935315,8,1,4.0
RET-002046,ORD-009797,2023-03-08,CUST-01376,PROD-0442,Beauty,Wrong Item,501.3465326547559,12.311102775531369,21,0,2.0
RET-002047,ORD-006674,2024-03-09,CUST-00418,PROD-0362,Home,Defective,1171.783183889136,12.018707730699951,5,0,4.0
RET-002048,ORD-002411,2022-11-01,CUST-00703,PROD-0125,Home,Not as Described,355.41808832347573,86.22161168348148,20,1,4.0
RET-002049,ORD-003920,2024-01-22,CUST-01770,PROD-0480,Electronics,Not as Described,187.027274473704,5.963620352214216,19,0,1.0
RET-002050,ORD-005107,2023-09-08,CUST-00112,PROD-0331,Electronics,Size Issue,1541.396733032219,3.896667542124632,4,0,4.0
RET-002051,ORD-007709,2023-11-19,CUST-00874,,Home,Changed Mind,631.1716631186384,81.32975646821463,28,0,1.0
RET-002052,ORD-002036,2023-09-12,CUST-01498,PROD-0229,Electronics,Defective,1866.0253275932835,79.87349250595953,5,0,5.0
RET-002053,ORD-001072,2024-02-02,CUST-01702,PROD-0197,Beauty,Changed Mind,1108.4399607456685,83.44211213998065,26,1,2.0
RET-002054,ORD-008299,2022-11-11,CUST-00216,PROD-0471,Beauty,Size Issue,1162.5041702464857,20.808541047134522,12,0,4.0
RET-002055,ORD-008942,2023-01-11,CUST-01807,PROD-0186,Electronics,Not as Described,282.1615906990143,36.72939701864863,25,0,1.0
RET-002056,ORD-004285,2022-08-13,CUST-00158,PROD-0050,Electronics,Defective,1725.9086235372733,89.9868762902717,24,0,4.0
RET-002057,ORD-003756,,CUST-01275,PROD-0277,Clothing,Wrong Item,117.27214188160006,77.16713243478563,28,0,3.0
RET-002058,ORD-002770,2024-01-28,CUST-01468,PROD-0084,Electronics,Not as Described,1332.5166134653573,24.73907137605369,26,0,3.0
RET-002059,ORD-003485,2024-03-05,CUST-00074,PROD-0127,Beauty,Not as Described,488.9421709834579,72.1843449583914,10,0,5.0
RET-002060,ORD-001236,2022-12-10,CUST-00711,PROD-0191,Clothing,Not as Described,1895.7273154497161,74.26146345229341,24,1,4.0
RET-002061,ORD-005870,2023-08-03,CUST-01929,PROD-0012,Home,Wrong Item,364.73328565267985,47.26345227270012,9,0,1.0
RET-002062,ORD-001920,2023-03-27,CUST-00644,PROD-0009,Home,Defective,392.3287993425951,27.599233281413472,11,0,5.0
RET-002063,ORD-005236,2023-04-30,CUST-00557,PROD-0436,Beauty,Changed Mind,436.8818803362059,19.06409811598122,18,0,1.0
RET-002064,ORD-001561,2022-07-22,CUST-01612,PROD-0295,Clothing,Changed Mind,1926.1443163360236,97.13034708392419,5,0,1.0
RET-002065,ORD-004598,2022-06-27,CUST-00353,PROD-0134,Beauty,Not as Described,1352.24733940383,75.7862740880176,2,0,1.0
RET-002066,ORD-000993,2024-01-19,CUST-00882,PROD-0154,Clothing,Defective,1330.1172248010614,29.911918905698,2,1,1.0
RET-002067,ORD-009571,2022-10-14,CUST-01557,PROD-0257,Clothing,Defective,800.1088395040389,99.51130715949613,13,0,5.0
RET-002068,ORD-005550,2023-03-21,CUST-00258,PROD-0032,Clothing,Not as Described,937.468440648795,19.046673285315475,12,0,4.0
RET-002069,ORD-001649,2022-06-13,CUST-00576,PROD-0246,Beauty,Size Issue,1217.2391361882376,4.575155252232898,27,1,2.0
RET-002070,ORD-009355,,CUST-01888,PROD-0217,Electronics,Size Issue,1167.5690362924888,91.559254211238,2,0,1.0
RET-002071,ORD-000897,2023-10-15,CUST-01086,PROD-0253,Electronics,Wrong Item,1989.7349553706254,37.48492956874867,20,0,4.0
RET-002072,ORD-006075,2023-06-10,CUST-01970,PROD-0247,Clothing,Wrong Item,925.3122842789,84.06132382404724,6,0,1.0
RET-002073,ORD-003809,2023-03-09,CUST-00053,PROD-0323,Electronics,Size Issue,1793.9500277555328,31.951634099022243,2,0,2.0
RET-002074,ORD-001867,2023-01-08,CUST-00861,PROD-0135,Beauty,Changed Mind,1000.2335632573696,48.16870952716085,27,0,1.0
RET-002075,ORD-004692,2023-03-11,CUST-01095,PROD-0113,Electronics,Not as Described,1514.8499308627022,49.08139224876156,3,0,4.0
RET-002076,ORD-006606,2022-10-13,CUST-01533,PROD-0038,Electronics,Not as Described,1287.8206037866323,67.78833935638959,7,0,1.0
RET-002077,ORD-003285,2024-02-09,CUST-01029,PROD-0265,Clothing,Changed Mind,928.3648098661273,75.26638715425165,14,0,4.0
RET-002078,ORD-005571,2023-01-14,CUST-00396,PROD-0121,Clothing,Not as Described,92.71710259219552,17.75605992451346,2,0,1.0
RET-002079,ORD-008002,2023-04-03,CUST-00500,PROD-0498,Beauty,Wrong Item,245.45466165767547,40.54684781841298,5,0,3.0
RET-002080,ORD-007602,2023-03-19,CUST-01858,PROD-0058,Beauty,Size Issue,23.791852379097747,19.105497289298732,16,0,3.0
RET-002081,ORD-007154,2022-07-11,CUST-00998,PROD-0221,Home,Changed Mind,1250.2438332123613,91.28497645439538,16,0,1.0
RET-002082,ORD-006081,2022-09-26,CUST-01539,PROD-0419,Beauty,Wrong Item,352.0463340926122,88.93412755958151,0,0,
RET-002083,ORD-002439,2023-04-30,CUST-00304,PROD-0321,Clothing,Changed Mind,526.8655441508901,30.823739836641117,26,0,
RET-002084,ORD-004763,2022-09-05,CUST-00582,PROD-0446,Clothing,Defective,1120.8358896035365,9.281236169018447,12,0,1.0
RET-002085,ORD-001965,2023-01-23,CUST-00241,PROD-0215,Electronics,Size Issue,1629.701280392603,29.845185639502603,12,0,4.0
RET-002086,ORD-006337,2022-10-24,CUST-01595,PROD-0322,Home,Size Issue,1097.117297772623,62.056776181987914,23,0,2.0
RET-002087,ORD-000497,2024-02-20,CUST-00801,PROD-0191,Home,Size Issue,1050.5895626790177,49.274338817833716,4,0,2.0
RET-002088,ORD-000695,2023-02-03,CUST-01920,PROD-0180,Home,Not as Described,1033.5496348608458,29.32170422552677,19,1,1.0
RET-002089,ORD-008605,2023-10-20,CUST-00896,PROD-0367,Home,Wrong Item,1905.0078490390881,68.16167680256201,21,0,2.0
RET-002090,ORD-009096,2024-02-05,CUST-01191,,Home,Changed Mind,651.2855744997795,38.799043979752526,21,1,3.0
RET-002091,ORD-000182,2022-09-28,CUST-01396,PROD-0073,Beauty,Changed Mind,1382.6554422248842,0.5657465723282518,27,0,2.0
RET-002092,ORD-008065,2023-02-21,CUST-00546,PROD-0215,Clothing,Defective,1528.2228426388494,55.849229224110864,18,1,5.0
RET-002093,ORD-003471,2022-11-18,CUST-00116,PROD-0228,Beauty,Changed Mind,250.872890487803,4.955557137262712,21,0,1.0
RET-002094,ORD-004861,2022-09-07,CUST-01802,PROD-0418,Home,Defective,101.33130333763424,1.30906813589855,12,0,2.0
RET-002095,ORD-001916,2023-03-13,CUST-00797,,Electronics,Defective,685.4722338045427,64.02377018013802,15,0,2.0
RET-002096,ORD-005413,2022-07-25,CUST-00272,PROD-0402,Beauty,Wrong Item,321.7187966748676,3.6988828607170565,15,0,4.0
RET-002097,ORD-001574,2023-08-19,CUST-00377,PROD-0011,Beauty,Size Issue,1518.819025866475,366.1287042668328,15,0,1.0
RET-002098,,2023-03-24,CUST-00808,PROD-0204,Clothing,Wrong Item,1898.587198564269,65.87605569120808,0,1,1.0
RET-002099,ORD-003215,2023-07-23,CUST-00378,PROD-0469,Home,Changed Mind,430.17553799093406,10.27616215645909,9,0,4.0
RET-002100,ORD-003627,2022-09-04,CUST-00796,PROD-0010,Home,Not as Described,1171.792062374279,2.341198715854542,3,0,2.0
RET-002101,ORD-003386,2022-06-28,CUST-01792,PROD-0324,Clothing,Size Issue,246.4972004753974,45.4896290787707,6,1,1.0
RET-002102,ORD-001558,2024-04-02,CUST-01770,PROD-0090,Clothing,Defective,1806.599649347869,94.41172654669217,29,0,3.0
RET-002103,ORD-006399,2023-04-30,CUST-00200,PROD-0381,Home,Size Issue,1497.928361020004,54.550135419873854,14,0,
RET-002104,ORD-002295,2023-10-05,CUST-01634,PROD-0289,Electronics,Changed Mind,1362.7760829461777,31.31013053340078,25,0,5.0
RET-002105,ORD-003127,2024-03-27,CUST-01912,PROD-0106,Home,Not as Described,1156.5667970100474,58.16272926114712,17,0,2.0
RET-002106,ORD-009654,2022-09-29,CUST-00422,PROD-0236,Beauty,Defective,1398.3674605779524,84.90383150763947,1,0,2.0
RET-002107,ORD-001487,2022-12-01,CUST-01416,PROD-0486,Home,Size Issue,963.5687201644389,74.75861811471476,18,0,4.0
RET-002108,ORD-006657,2023-02-18,CUST-00921,PROD-0115,Electronics,Defective,1012.8441011049373,68.89516680483857,0,0,3.0
RET-002109,ORD-001136,2022-09-30,CUST-00472,PROD-0407,Home,Not as Described,1150.1870714517133,87.88976044056363,17,0,1.0
RET-002110,ORD-007746,2024-04-29,CUST-00647,PROD-0148,Clothing,Changed Mind,553.3953821140375,8.483034624239405,27,0,1.0
RET-002111,ORD-006093,2023-11-05,CUST-01135,PROD-0345,Beauty,Not as Described,872.5380571511818,65.6253047009304,17,1,5.0
RET-002112,ORD-002943,2022-07-10,CUST-00240,,Beauty,Wrong Item,1758.8480486950523,2.9300261944199657,0,1,3.0
RET-002113,ORD-006859,2022-11-17,CUST-01052,PROD-0200,Home,Size Issue,1458.4065925377029,83.15404560346249,4,0,2.0
RET-002114,ORD-000395,2023-02-13,CUST-01387,PROD-0135,Clothing,Changed Mind,926.8331341969772,7.972033666701694,21,1,2.0
RET-002115,ORD-008648,2022-08-08,CUST-00590,PROD-0051,Clothing,Wrong Item,1239.4927563394815,82.0865766864729,1,1,5.0
RET-002116,ORD-000416,2023-12-08,CUST-01321,PROD-0489,Electronics,Defective,579.1777165222345,92.2217900640068,25,0,2.0
RET-002117,ORD-003221,2024-03-15,CUST-01224,PROD-0464,Beauty,Size Issue,1019.4799534199502,68.4387751029479,19,0,3.0
RET-002118,ORD-008818,2023-05-24,CUST-01554,PROD-0496,Home,Defective,596.2935021771319,52.84446455724176,2,0,3.0
RET-002119,ORD-009694,2023-01-08,CUST-00623,PROD-0468,Electronics,Defective,924.6628735607487,52.228349908811076,3,0,1.0
RET-002120,ORD-001860,2023-10-10,CUST-00417,PROD-0496,Beauty,Wrong Item,1714.894322308289,40.10028893809289,11,0,5.0
RET-002121,ORD-009168,2024-02-14,CUST-01092,PROD-0310,Home,Not as Described,435.12176532590354,5.22651002854494,12,0,3.0
RET-002122,ORD-002623,2022-11-18,CUST-01883,PROD-0325,Home,Not as Described,1260.1073562667132,5.947374453494714,0,0,4.0
RET-002123,ORD-002005,2024-04-10,CUST-01526,PROD-0441,Beauty,Wrong Item,869.5965244613369,81.17440059671284,24,0,1.0
RET-002124,ORD-004317,2022-06-26,CUST-00524,PROD-0383,Clothing,Wrong Item,1825.4411367814719,31.434175145398758,2,0,5.0
RET-002125,ORD-003391,2023-04-25,CUST-01330,PROD-0228,Beauty,Changed Mind,1879.6445452481553,271.27404652146663,1,1,5.0
RET-002126,ORD-006691,2023-01-23,CUST-00742,PROD-0377,Clothing,Not as Described,1306.2947690486685,63.93020391757045,25,0,4.0
RET-002127,ORD-002550,2022-08-25,CUST-01051,PROD-0349,Beauty,Changed Mind,1476.0233029097278,23.94545878672466,20,0,5.0
RET-002128,ORD-005579,2023-01-19,CUST-00173,PROD-0289,Electronics,Changed Mind,1940.854130875422,76.14107872125719,21,0,2.0
RET-002129,ORD-001826,2022-11-15,CUST-00680,PROD-0105,Electronics,Not as Described,1370.246374054034,81.82129092539488,24,0,5.0
RET-002130,ORD-005401,2022-10-04,CUST-01639,PROD-0422,Clothing,Not as Described,1119.2929848372883,61.28614253174776,5,0,3.0
RET-002131,ORD-005124,2023-12-16,CUST-01186,PROD-0374,Clothing,Size Issue,1315.997758691167,86.28278864562591,10,0,2.0
RET-002132,ORD-000984,2024-01-16,CUST-01495,PROD-0326,Beauty,Not as Described,645.4428234787475,60.932558261711364,26,0,4.0
RET-002133,ORD-003957,2023-10-24,CUST-01336,PROD-0246,Clothing,Size Issue,1236.5887619146304,93.14945082409301,25,1,4.0
RET-002134,ORD-008302,2024-03-03,CUST-01907,PROD-0200,Beauty,Wrong Item,1980.1949700013374,98.06066809465717,18,0,4.0
RET-002135,ORD-007259,2023-03-08,CUST-00906,PROD-0354,Clothing,Defective,447.7798529846864,9.44202541768454,9,0,5.0
RET-002136,ORD-008902,2022-10-22,CUST-01307,PROD-0078,Home,Not as Described,875.5804635853584,8.129175962172496,25,1,2.0
RET-002137,ORD-000872,,CUST-00652,PROD-0282,Beauty,Changed Mind,1489.0440136087752,29.40023952117349,5,0,2.0
RET-002138,ORD-000877,2023-01-07,CUST-00093,PROD-0046,Electronics,Defective,1575.7866658067353,24.528644707890322,20,0,3.0
RET-002139,ORD-006236,2023-07-09,CUST-01900,PROD-0450,Clothing,Not as Described,604.9543154162438,66.513551492576,24,0,2.0
RET-002140,ORD-008614,2022-08-06,CUST-00913,PROD-0300,Clothing,Defective,443.13377435678564,40.36082179956336,29,0,3.0
RET-002141,ORD-009513,2022-11-12,CUST-01469,PROD-0111,Beauty,Not as Described,1348.7509175891432,28.249452990453218,28,0,2.0
RET-002142,ORD-002412,2023-06-03,CUST-00959,PROD-0358,Beauty,Not as Described,261.4117989502611,64.11721211862961,11,0,2.0
RET-002143,,2023-04-24,CUST-00391,PROD-0030,Clothing,Not as Described,230.18928296199573,40.501855232973895,2,0,2.0
RET-002144,ORD-009958,2023-05-14,CUST-01514,PROD-0123,Home,Changed Mind,1840.660998321347,12.894879071499943,12,1,3.0
RET-002145,ORD-006776,2022-07-05,CUST-01215,PROD-0086,Home,Changed Mind,1957.317362456505,28.683682810741786,9,1,3.0
RET-002146,ORD-009752,2023-12-08,CUST-00198,PROD-0428,Beauty,Size Issue,1893.6611582016453,60.21004444916676,28,0,4.0
RET-002147,ORD-003149,2023-12-25,CUST-01048,PROD-0015,Electronics,Not as Described,73.19788097246445,18.122904822936526,9,0,4.0
RET-002148,ORD-006402,2023-03-19,CUST-00547,PROD-0184,Home,Wrong Item,1944.4811338304291,30.820758660792702,26,0,4.0
RET-002149,ORD-002827,2023-03-21,CUST-01746,PROD-0322,Electronics,Changed Mind,523.2034896583873,52.16275051195144,8,0,3.0
RET-002150,ORD-007015,2024-01-07,CUST-00270,PROD-0373,Home,Wrong Item,1853.4231014359127,0.551427621985956,10,1,4.0
RET-002151,ORD-008530,2024-03-05,CUST-00068,,Clothing,Wrong Item,611.0388748624471,46.6797569869166,9,0,2.0
RET-002152,ORD-003230,2023-10-22,CUST-01614,PROD-0474,Clothing,Not as Described,502.55143645674974,29.867699153686566,4,0,3.0
RET-002153,ORD-007000,2023-01-10,CUST-00774,PROD-0062,Electronics,Size Issue,1310.2514884327354,66.20558453687,25,0,3.0
RET-002154,ORD-003758,2022-07-17,CUST-00708,PROD-0461,Beauty,Size Issue,218.60935824263092,93.53831707071974,27,0,5.0
RET-002155,ORD-004131,2023-10-07,CUST-00955,PROD-0468,Home,Wrong Item,1680.8523338422997,31.042779254362905,14,0,1.0
RET-002156,ORD-003743,2022-08-05,CUST-00575,PROD-0279,Electronics,Not as Described,980.6515189058878,40.701307332987454,23,1,1.0
RET-002157,ORD-001175,2023-01-26,CUST-01473,PROD-0306,Electronics,Size Issue,755.0346055404199,62.75997372588039,7,0,2.0
RET-002158,ORD-005326,2023-07-17,CUST-01616,PROD-0254,Home,Wrong Item,1307.8189325082374,68.37521836935981,16,0,2.0
RET-002159,ORD-003231,2023-09-26,CUST-01777,PROD-0009,Clothing,Size Issue,1193.1261260959916,19.217150341268752,15,0,4.0
RET-002160,ORD-001849,2022-06-21,CUST-01218,PROD-0442,Home,Wrong Item,1455.2187773114658,60.75149331419403,0,0,1.0
RET-002161,ORD-000426,2022-07-07,CUST-01876,PROD-0495,Clothing,Not as Described,40.55800975626613,19.344561868370935,8,0,4.0
RET-002162,ORD-006560,2022-09-11,CUST-01865,PROD-0003,Electronics,Not as Described,400.6242443461298,19.01113903607552,6,0,2.0
RET-002163,ORD-002083,2024-03-18,CUST-00222,PROD-0016,Beauty,Not as Described,788.3305208727519,27.723596626553228,27,0,2.0
RET-002164,ORD-004455,2024-01-24,CUST-00931,PROD-0455,Beauty,Changed Mind,1228.3965538755522,1.9525404549165626,10,0,3.0
RET-002165,ORD-002219,2024-04-14,CUST-00967,PROD-0368,Home,Defective,1547.5230799583837,56.87950437385712,1,0,4.0
RET-002166,ORD-002192,2023-02-03,CUST-01835,PROD-0367,Beauty,Defective,352.31810959835053,82.21211189308616,25,0,3.0
RET-002167,ORD-009603,2022-10-01,CUST-00545,PROD-0494,Home,Changed Mind,797.6862649367428,35.27068968129933,0,0,1.0
RET-002168,ORD-000640,2024-03-30,CUST-01299,PROD-0049,Home,Size Issue,1331.0058462062336,59.0025128297088,29,0,4.0
RET-002169,,2024-02-02,CUST-01077,PROD-0005,Electronics,Not as Described,1125.5482184459845,53.088641593878705,18,0,2.0
RET-002170,ORD-006322,2023-08-26,CUST-00946,PROD-0500,Beauty,Wrong Item,1557.9555651950188,12.069056185044536,9,0,5.0
RET-002171,ORD-002970,2024-04-21,CUST-01292,PROD-0139,Electronics,Wrong Item,475.65508763604873,7.60086769585111,23,0,4.0
RET-002172,ORD-004025,2024-03-18,CUST-01734,PROD-0319,Beauty,Defective,1539.2421931323452,28.198022189600824,4,0,4.0
RET-002173,,2022-08-08,CUST-00291,PROD-0125,Home,Not as Described,619.9604696740071,74.71722043872711,28,1,3.0
RET-002174,ORD-009128,2023-11-12,CUST-00836,PROD-0149,Home,Not as Described,299.12577325491367,13.26395229997055,9,0,4.0
RET-002175,ORD-005706,2022-06-25,CUST-00572,PROD-0116,Beauty,Changed Mind,1209.2540020475492,63.472863528389865,15,1,1.0
RET-002176,ORD-001027,2023-05-20,CUST-01496,PROD-0301,Electronics,Size Issue,290.6029080261532,70.55160336160085,6,0,2.0
RET-002177,ORD-003140,2023-11-01,CUST-01075,PROD-0238,Clothing,Defective,780.1230143711136,16.209305842239186,29,0,5.0
RET-002178,ORD-005686,2022-10-04,CUST-00291,PROD-0208,Beauty,Size Issue,322.7732762835445,48.1267748405392,23,1,3.0
RET-002179,ORD-009336,2023-12-13,CUST-01107,PROD-0376,Beauty,Wrong Item,1039.5930687033913,91.26413452492588,3,1,1.0
RET-002180,ORD-007210,2023-10-29,CUST-00817,PROD-0357,Electronics,Not as Described,568.9617229565972,36.45614061985369,20,0,5.0
RET-002181,ORD-005648,2023-08-03,CUST-01587,PROD-0340,Beauty,Not as Described,62.39119304315294,94.32795155536463,4,1,1.0
RET-002182,ORD-005987,2023-03-20,CUST-01117,PROD-0389,Beauty,Size Issue,1926.2893783290888,65.36064160191157,20,0,5.0
RET-002183,ORD-008433,2024-01-29,CUST-01766,PROD-0477,Electronics,Wrong Item,1649.8909021076224,4.403845069087941,7,1,2.0
RET-002184,ORD-006966,2023-03-15,CUST-00641,PROD-0109,Home,Wrong Item,272.1694701594279,14.222472142636533,22,1,1.0
RET-002185,ORD-004798,,CUST-00966,PROD-0474,Clothing,Wrong Item,200.8346604073087,35.29921105672626,5,0,1.0
RET-002186,ORD-006707,2023-03-17,CUST-00054,PROD-0443,Clothing,Not as Described,1378.0456131242806,64.51470157177523,5,0,5.0
RET-002187,ORD-003622,2023-04-29,CUST-00054,PROD-0096,Beauty,Defective,1847.0026859112863,72.19544881761743,7,0,1.0
RET-002188,ORD-009770,2022-12-19,CUST-01820,PROD-0431,Clothing,Changed Mind,1819.5510628256384,59.83839842039953,7,0,3.0
RET-002189,ORD-005267,2023-08-05,CUST-01530,PROD-0018,Home,Defective,1940.2573670183622,54.741716199767666,18,0,2.0
RET-002190,ORD-008671,2023-12-28,CUST-01254,PROD-0350,Clothing,Size Issue,439.59800351856865,48.307535137824445,19,0,5.0
RET-002191,ORD-004070,2022-08-18,CUST-01167,PROD-0136,Electronics,Size Issue,250.19329231434327,64.6017140221888,5,0,5.0
RET-002192,ORD-002070,2023-10-12,CUST-00348,PROD-0307,Home,Defective,760.2477382406922,40.80735825425504,28,0,5.0
RET-002193,,2022-11-12,CUST-01651,PROD-0205,Clothing,Changed Mind,858.6265673559019,4.704107920107603,28,0,1.0
RET-002194,ORD-006220,2023-06-07,CUST-01052,PROD-0145,Beauty,Defective,1519.1332702124905,77.30807496799787,13,0,4.0
RET-002195,ORD-003589,2024-03-08,CUST-01010,PROD-0394,Home,Defective,868.3929908596125,68.55713118841146,23,0,3.0
RET-002196,ORD-001388,2023-03-19,CUST-00606,PROD-0165,Electronics,Size Issue,848.9152131056317,38.70411566451036,21,1,4.0
RET-002197,ORD-007027,2024-03-10,CUST-01749,PROD-0305,Home,Wrong Item,1627.3091137873832,3.2050590839579285,6,0,4.0
RET-002198,ORD-009528,2023-07-22,CUST-00818,PROD-0198,Electronics,Wrong Item,239.19063921945047,47.016908580081974,28,0,2.0
RET-002199,ORD-009685,2023-07-25,CUST-00053,PROD-0164,Home,Size Issue,893.197990827149,65.26991709312459,22,1,5.0
RET-002200,ORD-004445,2022-10-15,CUST-00920,PROD-0352,Electronics,Changed Mind,134.60243587337953,38.26875091346656,5,0,4.0
RET-002201,ORD-002314,2022-11-20,CUST-01188,PROD-0379,Clothing,Defective,542.08690075283,8.2483324614829,16,0,1.0
RET-002202,ORD-007524,2023-01-16,CUST-00076,PROD-0381,Electronics,Defective,678.0455728653325,81.74195422159121,6,1,3.0
RET-002203,ORD-008142,2024-03-09,CUST-00373,PROD-0442,Electronics,Defective,862.9120581695753,15.91727123536364,19,1,3.0
RET-002204,ORD-004182,2022-11-20,CUST-01228,PROD-0062,Home,Not as Described,1870.8846041430238,83.27328701546608,11,0,1.0
RET-002205,ORD-005867,2023-02-03,CUST-01915,PROD-0198,Clothing,Defective,1260.863478814335,41.5822766582526,21,0,1.0
RET-002206,ORD-005207,2023-07-02,CUST-00982,PROD-0288,Beauty,Defective,397.76207526666485,6.250536330730039,28,0,5.0
RET-002207,ORD-001904,2023-02-04,CUST-00798,PROD-0276,Home,Defective,227.7540189282883,58.74244888097251,3,1,5.0
RET-002208,ORD-002479,2022-07-09,CUST-01149,PROD-0037,Electronics,Defective,877.9928069661322,3.1724287163151343,1,0,4.0
RET-002209,ORD-006436,2022-09-15,CUST-00213,PROD-0411,Beauty,Changed Mind,1684.0543810741883,85.36560971849133,24,0,2.0
RET-002210,,2023-01-13,CUST-01981,PROD-0043,Clothing,Defective,519.2471561733457,32.723891302006834,1,1,
RET-002211,ORD-005955,2023-08-03,CUST-00126,PROD-0209,Home,Defective,1228.6743241660954,71.42162081803522,11,0,4.0
RET-002212,ORD-005642,2022-10-02,CUST-01693,PROD-0065,Electronics,Not as Described,958.6083005300146,26.119471941999407,25,0,2.0
RET-002213,ORD-004347,2023-10-08,CUST-00515,PROD-0142,Electronics,Changed Mind,166.6764327541076,1.0864591653886868,2,0,3.0
RET-002214,ORD-007438,2024-01-09,CUST-01274,PROD-0181,Clothing,Defective,1976.2714143649284,1.6805620237902552,17,0,3.0
RET-002215,ORD-007882,2022-08-04,CUST-00768,PROD-0497,Home,Changed Mind,495.78277695952005,49.405676501412465,12,0,5.0
RET-002216,ORD-004332,2023-11-30,CUST-01140,PROD-0498,Home,Changed Mind,263.91556611684814,23.940902653822427,4,0,4.0
RET-002217,ORD-009126,2023-03-29,CUST-00999,PROD-0476,Electronics,Not as Described,748.6356998355783,47.4630091655753,21,0,3.0
RET-002218,ORD-006328,2023-11-23,CUST-00510,PROD-0318,Electronics,Not as Described,1342.7567288256894,1.04768437699716,0,0,5.0
RET-002219,ORD-009235,2022-07-02,CUST-00529,PROD-0426,Electronics,Changed Mind,1849.3180327000632,50.16812517344496,2,0,1.0
RET-002220,ORD-009599,2023-11-09,CUST-01147,PROD-0093,Beauty,Defective,1767.8387618141082,12.607595712941455,25,0,4.0
RET-002221,ORD-004225,2023-11-30,CUST-00492,PROD-0018,Electronics,Size Issue,396.80193718089254,10.185522850330342,1,0,3.0
RET-002222,ORD-002472,2022-11-24,CUST-00781,PROD-0408,Beauty,Defective,1612.7422414970044,71.56762951640816,8,0,3.0
RET-002223,ORD-009404,2023-04-11,CUST-00463,PROD-0368,Home,Defective,1871.8292774958225,2.132343548146376,1,0,4.0
RET-002224,ORD-003085,2023-12-01,CUST-01358,PROD-0187,Clothing,Not as Described,137.99399915093016,41.33413461438838,7,1,5.0
RET-002225,ORD-009538,2023-12-14,CUST-01512,PROD-0039,Home,Defective,85.2484888862226,11.595072880048896,29,0,1.0
RET-002226,ORD-007950,2022-06-14,CUST-01265,PROD-0131,Clothing,Changed Mind,1445.5225263664024,96.53440404339759,5,0,5.0
RET-002227,ORD-008246,2023-02-08,CUST-01938,PROD-0137,Beauty,Changed Mind,1174.9438566662288,58.72938767895488,12,1,4.0
RET-002228,ORD-006419,2024-03-13,CUST-01574,PROD-0270,Home,Defective,1232.6501650318494,74.38629748046193,19,0,
RET-002229,,2023-06-24,CUST-01970,PROD-0438,Home,Wrong Item,1398.4115441496117,73.35977636020182,19,1,3.0
RET-002230,ORD-002067,2023-05-04,CUST-01017,PROD-0256,Home,Not as Described,948.2206941923591,99.00389855547817,12,0,2.0
RET-002231,ORD-000984,2022-11-13,CUST-00934,PROD-0149,Beauty,Size Issue,1322.9645910470094,74.94617871567316,15,0,1.0
RET-002232,ORD-006486,2022-11-04,CUST-01818,PROD-0407,Home,Wrong Item,798.1514933556923,60.78624804988467,15,0,2.0
RET-002233,ORD-001515,2024-04-26,CUST-00908,PROD-0466,Home,Wrong Item,199.86409979768933,44.188504329451106,0,0,3.0
RET-002234,ORD-008340,2023-04-27,CUST-00994,PROD-0269,Electronics,Not as Described,1763.3498521167007,11.915297576489948,1,0,1.0
RET-002235,ORD-007130,2023-10-07,CUST-00530,PROD-0177,Clothing,Changed Mind,1513.9095305740677,76.89766858312358,16,0,3.0
RET-002236,ORD-003462,2023-08-10,CUST-01933,PROD-0285,Home,Size Issue,982.89496510808,82.84764278350322,14,0,2.0
RET-002237,ORD-000853,2022-08-24,CUST-00223,PROD-0485,Home,Defective,1613.1008585074042,97.76401642241491,18,0,4.0
RET-002238,ORD-008556,2023-10-12,CUST-01822,PROD-0264,Electronics,Defective,1455.2610966433297,21.15623602147879,26,1,3.0
RET-002239,ORD-001239,2023-10-22,CUST-01488,PROD-0395,Clothing,Wrong Item,466.97691026621715,33.06459268215772,5,1,4.0
RET-002240,ORD-008814,2022-09-06,CUST-00678,PROD-0147,Clothing,Size Issue,420.00665855591427,30.564598971978906,9,0,5.0
RET-002241,ORD-003282,2024-01-16,CUST-00458,PROD-0384,Clothing,Not as Described,1746.916560425127,58.80137924414044,6,1,2.0
RET-002242,ORD-006449,,CUST-00196,PROD-0318,Beauty,Size Issue,526.3416534781367,73.20484776183717,18,0,2.0
RET-002243,ORD-001123,2023-11-18,CUST-00686,PROD-0004,Beauty,Size Issue,312.41317976139004,91.41683567658433,19,0,1.0
RET-002244,ORD-003825,2022-10-09,CUST-01402,PROD-0035,Home,Wrong Item,359.5555958727112,57.80872218607501,9,0,5.0
RET-002245,ORD-008911,2022-10-03,CUST-01024,PROD-0319,Electronics,Changed Mind,202.34811830262208,50.46267516314018,6,0,4.0
RET-002246,ORD-001192,2024-03-16,CUST-00582,PROD-0399,Electronics,Not as Described,200.39805365523307,41.91924940563918,17,0,1.0
RET-002247,ORD-009812,2022-06-27,CUST-00282,PROD-0402,Clothing,Not as Described,798.8640992140035,95.25470055540178,11,1,3.0
RET-002248,ORD-008069,2022-10-14,CUST-01370,PROD-0336,Home,Wrong Item,789.4052991486056,63.21077930659506,4,0,4.0
RET-002249,ORD-002067,2023-07-12,CUST-01401,PROD-0115,Home,Size Issue,745.5251367210269,36.336391029659474,13,1,4.0
RET-002250,ORD-005413,2022-06-24,CUST-01384,PROD-0416,Clothing,Wrong Item,706.0478165703363,26.99698454388859,21,0,4.0
RET-002251,ORD-000027,2024-01-03,CUST-00465,PROD-0441,Home,Not as Described,936.5666482304285,3.2495390222126663,7,1,3.0
RET-002252,ORD-008031,2022-08-18,CUST-00321,,Electronics,Defective,917.4324544242673,99.34106289950803,18,0,4.0
RET-002253,ORD-006329,2022-07-11,CUST-00767,,Electronics,Changed Mind,670.2669100427705,16.28173198179904,22,0,1.0
RET-002254,ORD-001003,2022-11-22,CUST-01256,PROD-0147,Beauty,Not as Described,1149.4126005583971,69.7004500293396,4,0,5.0
RET-002255,ORD-006367,2023-08-29,CUST-01930,PROD-0133,Beauty,Defective,1640.480362062998,61.027142423888336,14,1,4.0
RET-002256,ORD-002283,2022-06-28,CUST-00728,PROD-0486,Clothing,Changed Mind,1417.910091797437,52.0919361664578,1,0,3.0
RET-002257,ORD-005175,2022-07-04,CUST-01069,PROD-0387,Clothing,Not as Described,94.10857261937346,37.556194607877146,19,1,1.0
RET-002258,ORD-009186,2023-11-10,CUST-00827,PROD-0137,Beauty,Changed Mind,1691.0784726952622,32.877215376804116,0,1,4.0
RET-002259,ORD-004719,2022-06-13,CUST-01984,PROD-0492,Beauty,Defective,1613.9080919044404,65.79318860384858,13,0,1.0
RET-002260,ORD-008217,2023-04-23,CUST-01584,PROD-0407,Clothing,Size Issue,1074.4772131654308,98.28836861723809,26,0,5.0
RET-002261,ORD-006209,2023-09-21,CUST-01906,PROD-0302,Clothing,Changed Mind,711.5271381769654,50.60879332298247,24,0,3.0
RET-002262,ORD-009417,2023-04-01,CUST-01379,PROD-0288,Beauty,Defective,190.88445586036363,60.10847342754263,14,0,3.0
RET-002263,ORD-009905,2023-12-28,CUST-00885,PROD-0295,Beauty,Defective,1693.5650245158813,43.70516712420122,22,0,5.0
RET-002264,,2023-02-18,CUST-01453,PROD-0165,Electronics,Changed Mind,75.02642138479206,64.38339362398956,3,1,5.0
RET-002265,ORD-007767,2023-01-23,CUST-00787,PROD-0325,Home,Wrong Item,435.7466774051944,96.40110577163755,7,0,1.0
RET-002266,ORD-001113,2023-04-14,CUST-00810,PROD-0341,Electronics,Wrong Item,1250.3610983119129,13.328576080740163,9,0,1.0
RET-002267,ORD-002109,2023-12-10,CUST-00535,PROD-0394,Beauty,Wrong Item,979.1850085383661,64.43394251811685,9,0,5.0
RET-002268,ORD-005473,2023-10-24,CUST-00876,PROD-0330,Home,Wrong Item,339.35418874854656,92.36740482062748,19,0,2.0
RET-002269,ORD-010000,2023-11-13,CUST-00646,,Beauty,Defective ,1863.6355550508556,62.92148318066692,16,1,2.0
RET-002270,,2023-04-10,CUST-00987,PROD-0283,Beauty,Changed Mind,1682.9085194341005,37.80994723396318,20,1,2.0
RET-002271,ORD-005809,2023-02-17,CUST-00923,PROD-0042,Home,Wrong Item,1680.572511274557,22.634223022546852,7,0,5.0
RET-002272,ORD-006592,2022-09-10,CUST-00095,PROD-0365,Home,Changed Mind,1983.7652523559593,19.669333542889543,21,1,2.0
RET-002273,ORD-000026,2022-12-06,CUST-00004,PROD-0300,Clothing,Not as Described,1445.3800449300124,80.80062661824313,2,0,3.0
RET-002274,ORD-004499,2023-01-26,CUST-00001,PROD-0314,Electronics,Size Issue,1900.5702484916947,77.77071220326334,17,0,3.0
RET-002275,ORD-000771,2024-03-30,CUST-00971,PROD-0183,Electronics,Wrong Item,419.87624373453997,56.19961157264135,0,0,5.0
RET-002276,ORD-001022,2023-09-15,CUST-00467,PROD-0282,Home,Changed Mind,1797.7974503851217,68.08382214815477,18,0,5.0
RET-002277,ORD-006160,2024-01-06,CUST-01802,PROD-0148,Beauty,Defective,1465.8023743603835,55.12880700457712,14,1,3.0
RET-002278,ORD-008776,2024-03-27,CUST-00882,PROD-0412,Home,Defective,371.3915785543536,94.97015170150836,3,0,5.0
RET-002279,ORD-006325,2022-11-06,CUST-01596,PROD-0385,Home,Size Issue,499.1610481772765,22.849599548725188,12,0,1.0
RET-002280,ORD-000470,2023-07-12,CUST-01637,PROD-0167,Clothing,Defective,1494.1260526479173,39.63531805596012,23,0,2.0
RET-002281,ORD-002971,2024-04-25,CUST-00290,,Beauty,Wrong Item,446.8418877605278,73.40778367095871,13,0,1.0
RET-002282,ORD-003038,2022-06-10,CUST-00781,PROD-0452,Electronics,Size Issue,1918.7875301878576,72.89444438263553,7,0,5.0
RET-002283,ORD-004534,2022-07-09,CUST-01539,PROD-0018,Clothing,Wrong Item,1771.081269583617,89.18445278891497,24,0,3.0
RET-002284,ORD-001814,2023-01-23,CUST-01951,PROD-0471,Electronics,Changed Mind,757.068040850954,35.10763585199146,9,0,3.0
RET-002285,ORD-006750,2023-04-28,CUST-01598,PROD-0038,Home,Wrong Item,1806.3451995293926,12.20108516106061,4,0,2.0
RET-002286,ORD-002286,2023-02-05,CUST-01913,PROD-0311,Beauty,Wrong Item,94.00099090542943,46.837417108768655,26,0,2.0
RET-002287,ORD-002278,2023-03-11,CUST-00974,PROD-0371,Beauty,Not as Described,1009.8110378255916,98.25244917333245,2,1,5.0
RET-002288,ORD-001764,2024-02-29,CUST-00249,,Clothing,Not as Described,1430.5279365982367,63.67285898830393,3,0,2.0
RET-002289,ORD-001338,2022-09-12,CUST-00129,PROD-0407,Electronics,Wrong Item,1766.4443408534225,79.38168468363102,14,1,1.0
RET-002290,ORD-007921,2023-02-17,CUST-01297,PROD-0115,Beauty,Changed Mind,1435.0737256685402,28.995124543059536,24,1,
RET-002291,ORD-001883,2024-03-10,CUST-00932,PROD-0027,Clothing,Wrong Item,1511.9741879618039,53.00741077367711,28,1,3.0
RET-002292,ORD-006702,2022-09-27,CUST-00876,PROD-0301,Electronics,Not as Described,1143.3818614177023,28.535159548496324,25,0,5.0
RET-002293,ORD-007245,2023-03-27,CUST-01013,PROD-0467,Home,Defective,1045.0549227995618,59.61696587461467,14,0,5.0
RET-002294,ORD-005153,2023-04-05,CUST-01605,PROD-0370,Home,Wrong Item,1335.6733385537577,89.71574571606125,16,0,4.0
RET-002295,ORD-008711,2023-03-03,CUST-01090,,Clothing,Wrong Item,375.193164191361,86.73389430439909,5,0,1.0
RET-002296,ORD-002189,2023-07-19,CUST-00465,PROD-0201,Electronics,Not as Described,1716.0619889375796,80.22239699487318,28,0,5.0
RET-002297,ORD-009247,2022-08-09,CUST-01211,PROD-0153,Electronics,Size Issue,976.5042762735254,25.808661072398074,26,0,4.0
RET-002298,ORD-009829,2023-10-31,CUST-01786,PROD-0173,Electronics,Changed Mind,1108.0177643314337,80.91407394707505,7,0,5.0
RET-002299,ORD-005272,2024-03-07,CUST-01275,PROD-0330,Home,Changed Mind,1735.7701139852024,16.00956223949489,2,0,3.0
RET-002300,ORD-005811,2024-04-15,CUST-00355,PROD-0475,Clothing,Wrong Item,1646.0935007177347,68.76008172430602,24,0,
RET-002301,ORD-003445,2023-11-11,CUST-00692,PROD-0468,Clothing,Not as Described,225.92072875312294,66.01182145404256,9,0,3.0
RET-002302,ORD-006113,2023-07-02,CUST-00576,PROD-0093,Home,Changed Mind,298.65739659754513,71.006219324909,3,0,1.0
RET-002303,ORD-005787,2022-12-27,CUST-00629,PROD-0213,Beauty,Size Issue,1418.9349229167078,90.09684242884491,13,0,5.0
RET-002304,ORD-002439,2022-08-02,CUST-00204,PROD-0228,Electronics,Size Issue,951.064228249186,68.21629732933533,10,0,5.0
RET-002305,ORD-005846,2023-07-24,CUST-01424,PROD-0415,Beauty,Size Issue,287.61683477924794,74.49986401185821,0,1,1.0
RET-002306,ORD-009896,2022-06-11,CUST-01095,PROD-0227,Home,Not as Described,72.95486170759972,82.73161402011753,2,1,3.0
RET-002307,ORD-003951,2024-01-23,CUST-01756,PROD-0066,Beauty,Wrong Item,1809.4349715864953,70.85448286562192,26,0,4.0
RET-002308,ORD-000092,2022-11-14,CUST-01574,PROD-0394,Home,Changed Mind,1458.772300073827,28.497256148170237,24,0,2.0
RET-002309,ORD-005737,2024-02-16,CUST-01847,PROD-0229,Home,Wrong Item,581.9561096035873,99.2791763063386,8,1,2.0
RET-002310,ORD-008083,2023-12-14,CUST-01742,PROD-0126,Electronics,Defective,1774.35117251634,48.871572136629496,3,1,3.0
RET-002311,ORD-009204,2023-04-03,CUST-01708,PROD-0229,Clothing,Not as Described,768.8367982262482,14.759688533850913,3,0,2.0
RET-002312,ORD-000728,,CUST-00246,PROD-0306,Home,Size Issue,172.39960216665006,63.824986952264304,8,0,2.0
RET-002313,ORD-009314,2023-05-14,CUST-01959,PROD-0479,Beauty,Changed Mind,516.1270742856051,80.58834108107068,3,0,3.0
RET-002314,ORD-002927,2022-12-26,CUST-01165,PROD-0211,Clothing,Defective,1660.3643824167177,37.426077816935546,5,1,4.0
RET-002315,ORD-008832,2022-06-04,CUST-00802,PROD-0014,Electronics,Not as Described,797.7186698147542,73.78563674000989,9,0,5.0
RET-002316,ORD-008027,2022-06-21,CUST-00519,PROD-0493,Electronics,Wrong Item,1677.3845777077984,69.7076889303921,3,0,5.0
RET-002317,ORD-004176,2024-04-20,CUST-01094,PROD-0346,Home,Not as Described,1042.7602296539078,44.24363361410738,10,0,3.0
RET-002318,ORD-000142,2023-05-01,CUST-00212,PROD-0350,Home,Defective,722.1554748976612,95.93490409131952,5,0,2.0
RET-002319,ORD-006824,2023-01-31,CUST-00496,PROD-0276,Home,Changed Mind,1775.6712308638657,439.96463532600217,4,0,4.0
RET-002320,ORD-002543,2024-01-18,CUST-00576,PROD-0200,Beauty,Changed Mind,1459.5796048364473,75.17400431888733,2,1,2.0
RET-002321,ORD-003839,2023-08-29,CUST-01589,PROD-0093,Beauty,Defective,1072.4455578098996,35.17606710300337,13,1,5.0
RET-002322,,2023-07-27,CUST-01902,PROD-0106,Electronics,Defective,1155.6274713384078,48.99943600891948,18,0,4.0
RET-002323,ORD-009486,2023-11-13,CUST-00256,PROD-0107,Beauty,Defective,1619.5702066117933,48.7306052423092,14,1,5.0
RET-002324,ORD-007668,2023-11-16,CUST-01925,PROD-0072,Electronics,Size Issue,1237.1612162404713,29.02717587318866,24,1,1.0
RET-002325,ORD-005340,2023-10-03,CUST-00437,PROD-0274,Home,Wrong Item,1089.26226897064,10.332921525946759,13,0,5.0
RET-002326,ORD-005346,2022-10-31,CUST-01875,PROD-0204,Clothing,Changed Mind,1774.5833120175366,13.448853221479185,23,0,3.0
RET-002327,ORD-007205,2022-07-11,CUST-01545,PROD-0309,Electronics,Changed Mind,984.0984340661436,58.12770828371387,1,0,4.0
RET-002328,ORD-008418,2022-08-25,CUST-00656,PROD-0272,Beauty,Defective,1509.7613377896855,36.457447580202754,7,0,
RET-002329,ORD-008075,2023-07-04,CUST-00072,PROD-0393,Clothing,Wrong Item,591.5328637674836,12.732490003568241,26,0,2.0
RET-002330,ORD-005226,2022-09-08,CUST-01930,PROD-0030,Electronics,Not as Described,1710.7271767877726,72.3010416397725,4,0,1.0
RET-002331,ORD-005710,2023-11-19,CUST-01691,PROD-0102,Home,Changed Mind,1951.2920907637786,16.230983404298627,20,0,5.0
RET-002332,ORD-009097,2023-12-18,CUST-01093,PROD-0085,Home,Wrong Item,1963.1364348329078,97.43923311023262,0,0,5.0
RET-002333,ORD-005153,2022-09-25,CUST-00780,PROD-0002,Beauty,Size Issue,1990.1004936768088,16.31532021489437,6,0,2.0
RET-002334,ORD-001224,2023-05-11,CUST-00301,PROD-0316,Electronics,Not as Described,1201.392811505768,3.3594390194350288,8,0,3.0
RET-002335,ORD-003965,2023-10-03,CUST-01261,PROD-0231,Clothing,Wrong Item,191.74658015252712,93.6723496680308,25,0,
RET-002336,ORD-001378,2023-03-09,CUST-00229,PROD-0382,Electronics,Not as Described,1105.6449277199774,73.5833283580205,12,1,2.0
RET-002337,ORD-003642,2023-02-06,CUST-01098,PROD-0157,Home,Size Issue,854.1186753922851,22.90033767453492,23,0,3.0
RET-002338,ORD-008562,2023-12-04,CUST-01946,PROD-0147,Clothing,Changed Mind,960.8580400275542,46.695449521216425,26,0,4.0
RET-002339,ORD-001358,2023-01-22,CUST-01881,PROD-0108,Electronics,Wrong Item,607.3440136174274,60.91886451419117,6,1,1.0
RET-002340,ORD-008418,2023-10-27,CUST-01443,PROD-0371,Home,Size Issue,1093.3753905287765,71.51047313140786,7,0,
RET-002341,ORD-004047,2023-10-19,CUST-01908,PROD-0383,Clothing,Changed Mind,570.3822171070161,32.605011931242544,5,0,1.0
RET-002342,ORD-002385,2023-10-17,CUST-00446,PROD-0170,Beauty,Not as Described,826.7623148609321,70.71690552191913,13,0,1.0
RET-002343,ORD-005114,2023-05-05,CUST-01272,PROD-0478,Electronics,Defective,1660.4075013622432,85.57181340888256,2,1,
RET-002344,ORD-001058,2024-04-20,CUST-01689,PROD-0453,Beauty,Not as Described,843.0424982196558,3.1636251915722613,15,0,2.0
RET-002345,ORD-001483,2023-10-19,CUST-01544,PROD-0349,Clothing,Not as Described,521.0821501880534,90.07576954176993,27,1,2.0
RET-002346,ORD-005435,2022-07-19,CUST-00444,PROD-0394,Clothing,Wrong Item,1939.6102762108626,40.25410628628217,1,0,3.0
RET-002347,ORD-001844,2023-01-18,CUST-01202,PROD-0463,Clothing,Size Issue,1282.0008301856217,41.17076583475643,1,0,1.0
RET-002348,ORD-005361,2022-09-18,CUST-01569,PROD-0011,Home,Not as Described,127.53867078539136,36.65249848949833,25,0,2.0
RET-002349,ORD-007652,2023-11-04,CUST-00304,PROD-0044,Clothing,Size Issue,1657.506600903824,90.34872219344889,4,0,5.0
RET-002350,ORD-001779,2024-02-21,CUST-01883,PROD-0150,Clothing,Defective,765.4692405503305,97.03953544434505,5,0,2.0
RET-002351,ORD-000841,2022-10-26,CUST-00305,PROD-0321,Home,Changed Mind,1504.4701775633457,74.86432562974859,10,0,1.0
RET-002352,ORD-004578,2024-01-21,CUST-01958,PROD-0047,Beauty,Defective,877.9892489712015,46.279452464195934,20,0,3.0
RET-002353,ORD-001106,2023-05-13,CUST-01530,PROD-0228,BEAUTY,Defective,48.84151376447492,82.91798364939997,24,0,1.0
RET-002354,ORD-008625,2023-04-30,CUST-01000,PROD-0241,Electronics,Size Issue,354.3850446308114,27.871968389395928,8,0,4.0
RET-002355,ORD-008569,2023-01-17,CUST-00605,PROD-0406,Home,Not as Described,388.856727619417,55.7527777971722,10,1,5.0
RET-002356,ORD-001125,2023-02-26,CUST-00123,PROD-0025,Home,Not as Described,1203.7200354167967,85.52420931197382,13,0,3.0
RET-002357,ORD-003516,2024-01-10,CUST-00247,PROD-0003,Electronics,Defective,10.698926029807202,48.26373800638226,14,0,4.0
RET-002358,ORD-000276,2022-07-02,CUST-00364,PROD-0092,Electronics,Size Issue,1644.8861030834673,33.77843424445962,7,0,4.0
RET-002359,ORD-009868,2023-07-19,CUST-00943,PROD-0191,Clothing,Not as Described,1379.0811642210351,41.36584949828281,23,0,3.0
RET-002360,ORD-000579,2024-03-22,CUST-00213,PROD-0027,Clothing,Not as Described,1513.6893956450483,40.139962804310414,12,0,1.0
RET-002361,ORD-006204,2023-10-09,CUST-00075,PROD-0457,Home,Defective,966.8651956533444,73.4524369190589,15,0,5.0
RET-002362,ORD-005589,2023-06-26,CUST-00206,PROD-0380,Home,Wrong Item,409.91041960346337,5.9656027993305045,18,0,1.0
RET-002363,ORD-004127,2024-04-25,CUST-01894,PROD-0165,Beauty,Changed Mind,619.4164132651871,55.67948859543424,11,0,3.0
RET-002364,ORD-003513,2022-11-27,CUST-00238,PROD-0075,Electronics,Changed Mind,1118.0570830994013,39.3102435902412,22,1,2.0
RET-002365,ORD-003103,2022-06-28,CUST-01640,PROD-0159,Clothing,Wrong Item,1330.4483775927085,21.59965101484812,24,0,3.0
RET-002366,ORD-007671,2022-08-10,CUST-01288,PROD-0383,Home,Changed Mind,1780.6180335861684,74.12130746999617,15,0,4.0
RET-002367,ORD-002612,2023-02-23,CUST-01409,PROD-0069,Beauty,Size Issue,1722.31538043094,25.375959952821592,21,0,3.0
RET-002368,ORD-006897,2023-04-01,CUST-01255,PROD-0323,Beauty,Wrong Item,375.1598019474653,39.50877228895428,17,0,2.0
RET-002369,ORD-004945,2022-07-20,CUST-00120,PROD-0385,Home,Not as Described,679.1678375518983,94.20323314905596,16,0,3.0
RET-002370,ORD-008789,2022-06-13,CUST-01941,PROD-0399,Home,Defective,1991.8483566884747,86.9767422080928,1,0,1.0
RET-002371,ORD-004828,2023-10-30,CUST-00931,PROD-0291,Electronics,Size Issue,803.7646419623358,99.89318039952012,13,0,3.0
RET-002372,ORD-007279,2022-11-03,CUST-01888,PROD-0050,Beauty,Changed Mind,276.5335745970926,34.569161249848655,3,0,5.0
RET-002373,ORD-008271,2023-11-06,CUST-01563,PROD-0337,Clothing,Defective,192.66037245648963,23.512168179314962,14,0,1.0
RET-002374,ORD-005192,2024-01-18,CUST-01304,PROD-0371,Beauty,Changed Mind,240.13783404051495,39.791920981588966,11,0,4.0
RET-002375,ORD-000959,2022-09-27,CUST-01801,PROD-0111,Beauty,Size Issue,1399.7550033968657,96.11500671495328,10,0,5.0
RET-002376,ORD-007746,2023-04-22,CUST-01723,PROD-0007,Beauty,Not as Described,1576.8569181418552,2.2161233126675506,16,0,3.0
RET-002377,ORD-009697,2024-01-05,CUST-00387,PROD-0366,Clothing,Wrong Item,105.52404378437753,87.86167950629395,12,0,1.0
RET-002378,ORD-007031,2023-08-13,CUST-00760,PROD-0483,Clothing,Defective,1187.7743951369466,36.52137545926586,23,1,4.0
RET-002379,ORD-007911,2023-01-02,CUST-00062,PROD-0412,Home,Defective,317.54969404612723,79.77394981445059,0,0,5.0
RET-002380,ORD-005477,2024-02-05,CUST-00828,PROD-0477,Beauty,Wrong Item,236.54869966961812,7.2058211048221406,14,0,4.0
RET-002381,ORD-009058,2022-11-25,CUST-00296,PROD-0139,Electronics,Wrong Item,390.314851750754,94.78934202582352,15,0,5.0
RET-002382,ORD-005158,2022-06-05,CUST-01491,PROD-0173,Home,Size Issue,307.6833109636177,93.4160267429868,8,0,2.0
RET-002383,ORD-009679,2024-01-25,CUST-00273,PROD-0462,Beauty,Wrong Item,1076.9188894992135,82.02281101069799,23,1,2.0
RET-002384,ORD-002137,,CUST-00987,PROD-0170,Home,Wrong Item,1193.2926246704121,21.141218433607367,15,0,2.0
RET-002385,,2023-11-10,CUST-01068,PROD-0428,Clothing,Wrong Item,874.2102100275523,17.316496487890774,4,0,5.0
RET-002386,ORD-008637,2023-01-08,CUST-00553,PROD-0261,Clothing,Wrong Item,161.50394308177158,47.848834550637676,21,0,1.0
RET-002387,ORD-001520,2023-07-27,CUST-01794,PROD-0056,Clothing,Defective,1132.3285917737564,66.98642493637107,27,0,5.0
RET-002388,ORD-009304,2023-06-01,CUST-01368,PROD-0379,Clothing,Changed Mind,1162.918718610544,88.74813349139609,11,0,1.0
RET-002389,ORD-003536,2024-01-04,CUST-01902,PROD-0319,Home,Size Issue,797.8040189292599,89.11669956045873,11,0,3.0
RET-002390,ORD-005228,2024-04-26,CUST-00551,PROD-0445,Home,Defective,1055.883489197184,73.32727891205468,20,0,3.0
RET-002391,ORD-004921,2023-01-12,CUST-00288,PROD-0330,Electronics,Defective,425.6402227363597,87.75440140416391,12,1,1.0
RET-002392,ORD-000174,2023-12-30,CUST-01955,PROD-0222,Home,Changed Mind,1034.7584201066602,32.179388224839464,28,0,4.0
RET-002393,ORD-009611,2023-09-01,CUST-00750,PROD-0294,Beauty,Defective,77.3119545859561,28.62345613928846,21,0,2.0
RET-002394,ORD-005723,2023-07-20,CUST-01557,PROD-0390,Beauty,Changed Mind,1040.7082279635881,13.700012954424823,28,0,2.0
RET-002395,ORD-002246,2023-11-21,CUST-01019,PROD-0322,Clothing,Defective,1198.1404556328202,69.00228782241513,26,0,1.0
RET-002396,ORD-000071,2022-07-26,CUST-01178,PROD-0169,Electronics,Defective,696.1653549252135,70.78415438864384,14,0,1.0
RET-002397,ORD-006381,2023-10-06,CUST-01200,PROD-0421,Home,Wrong Item,1581.380954394802,71.36676688860251,25,0,4.0
RET-002398,ORD-008593,2022-08-03,CUST-01421,PROD-0196,Beauty,Defective,398.0471298035042,64.29683790878975,21,0,
RET-002399,ORD-001432,2024-04-03,CUST-01924,PROD-0425,Beauty,Changed Mind,53.59703421577209,53.3215056536754,24,1,2.0
RET-002400,ORD-007696,2024-05-01,CUST-00209,PROD-0488,Electronics,Defective,139.05529231937172,73.4797398239085,23,1,4.0
RET-002401,ORD-000152,2023-02-12,CUST-01622,PROD-0453,Electronics,Wrong Item,755.688902545993,43.852353941013355,9,1,4.0
RET-002402,ORD-005904,2022-07-18,CUST-01622,PROD-0425,Clothing,Wrong Item,1108.1512898086576,49.608314651581544,17,0,4.0
RET-002403,ORD-008963,2024-04-15,CUST-01527,PROD-0450,Beauty,Size Issue,1106.7964511030975,51.61166839123248,16,0,1.0
RET-002404,ORD-006619,2022-08-08,CUST-00227,PROD-0111,Home,Size Issue,601.8318976238055,67.8944310100561,26,1,4.0
RET-002405,ORD-007148,2023-07-19,CUST-01726,PROD-0139,Beauty,Size Issue,78.17492714023251,1.6188988475911437,29,1,1.0
RET-002406,ORD-000455,,CUST-00390,PROD-0461,Clothing,Changed Mind,771.3651039331983,43.05884637576359,24,0,3.0
RET-002407,ORD-009558,2023-02-04,CUST-00250,PROD-0195,Clothing,Not as Described,199.09686732154583,14.128445804643752,25,0,4.0
RET-002408,ORD-008541,2022-08-19,CUST-00588,PROD-0470,Home,Size Issue,429.59516983236904,39.55092384240406,10,1,2.0
RET-002409,ORD-009339,2023-05-31,CUST-01550,PROD-0175,Beauty,Size Issue,1488.4534005684575,81.9605696275064,6,1,3.0
RET-002410,ORD-008537,2023-09-02,CUST-00216,PROD-0152,Electronics,Defective,653.0016341969072,53.88966206019327,9,1,5.0
RET-002411,ORD-000268,2022-09-12,CUST-01722,,Beauty,Defective,883.8618243264525,33.23030348752758,29,0,5.0
RET-002412,ORD-006530,2023-07-30,CUST-00917,PROD-0190,Electronics,Changed Mind,1377.03995025511,80.12774583189427,14,0,1.0
RET-002413,ORD-009519,2022-12-04,CUST-00419,PROD-0266,Electronics,Size Issue,1866.0793315721248,3.848557792547813,8,1,4.0
RET-002414,ORD-001957,2023-02-09,CUST-01816,PROD-0388,Home,Not as Described,843.6553420849526,15.153100605352998,24,0,3.0
RET-002415,ORD-002850,2023-08-22,CUST-00317,PROD-0413,Electronics,Wrong Item,517.1852779025296,70.19923666111048,2,0,1.0
RET-002416,ORD-001034,2024-02-23,CUST-00726,PROD-0395,Clothing,Wrong Item,1805.0368494901234,35.14406736432596,1,0,1.0
RET-002417,ORD-003779,2023-10-19,CUST-01343,PROD-0017,Beauty,Not as Described,678.0603038323068,2.972184707164005,7,0,2.0
RET-002418,ORD-007469,2022-12-12,CUST-00637,PROD-0140,Electronics,Defective,321.90472245443107,1.0878111720831751,9,0,1.0
RET-002419,ORD-004801,2022-11-07,CUST-00585,PROD-0386,Electronics,Defective,272.7155872199514,57.39488527048704,12,0,1.0
RET-002420,ORD-004041,2022-12-31,CUST-01274,PROD-0311,Beauty,Size Issue,210.49169934149913,59.341804418981724,2,0,5.0
RET-002421,ORD-001394,2023-10-01,CUST-00758,PROD-0404,Home,Size Issue,1395.0049304142058,37.99670921500196,25,0,5.0
RET-002422,ORD-007945,2022-09-23,CUST-00492,PROD-0253,Beauty,Defective,1287.1073214529013,67.3746126105569,21,0,1.0
RET-002423,ORD-001318,2023-04-07,CUST-00386,PROD-0369,Home,Wrong Item,1067.980808584111,29.692119987318566,29,0,1.0
RET-002424,ORD-001650,2023-07-20,CUST-00418,PROD-0344,Electronics,Defective,1225.1976841348899,52.10610991097289,27,0,1.0
RET-002425,ORD-008320,2023-02-02,CUST-00522,PROD-0472,Clothing,Not as Described,1236.7545492458335,12.790286314543975,22,0,5.0
RET-002426,ORD-007012,2023-05-26,CUST-01435,PROD-0446,Beauty,Wrong Item,275.18518824318346,91.15644274981372,23,0,3.0
RET-002427,ORD-004564,2022-07-20,CUST-00937,PROD-0246,Clothing,Not as Described,1736.4573161444314,50.68863013568971,8,0,4.0
RET-002428,ORD-007975,2023-07-14,CUST-00894,PROD-0005,Electronics,Changed Mind,1680.9817949816547,55.01291619759792,2,1,4.0
RET-002429,ORD-006403,2022-08-01,CUST-00940,PROD-0481,Beauty,Changed Mind,149.69901318811876,26.015715395791204,15,0,1.0
RET-002430,ORD-009841,2024-02-12,CUST-01506,PROD-0423,Electronics,Not as Described,830.7125637921503,9.586860538758069,7,0,5.0
RET-002431,ORD-003048,2022-06-07,CUST-00039,PROD-0467,Clothing,Changed Mind,1086.2909893307199,10.811584444165568,23,0,4.0
RET-002432,ORD-005731,2022-10-19,CUST-01488,PROD-0003,Home,Wrong Item,1528.0868390461862,66.55226148602588,2,0,5.0
RET-002433,ORD-007681,2023-03-03,CUST-01041,PROD-0252,Home,Defective,827.4349603382765,55.00330780288086,5,0,4.0
RET-002434,ORD-005174,2022-08-05,CUST-00073,PROD-0109,Clothing,Changed Mind,706.0525332214546,35.88297007636692,0,0,1.0
RET-002435,ORD-005892,2023-07-08,CUST-01391,PROD-0311,Beauty,Wrong Item,1876.7486052609886,43.73595165148285,29,1,2.0
RET-002436,ORD-002908,2022-11-24,CUST-01909,PROD-0125,Beauty,Not as Described,205.43600995482683,0.08119324317075183,25,0,3.0
RET-002437,ORD-009442,2024-03-26,CUST-00515,,Electronics,Size Issue,1580.158265494522,1.5052371365027684,1,0,1.0
RET-002438,ORD-009594,2022-06-14,CUST-00305,PROD-0348,Electronics,Changed Mind,1607.1562476260256,45.879012300161406,23,0,1.0
RET-002439,ORD-003093,2023-04-27,CUST-00880,PROD-0118,Clothing,Wrong Item,1118.1074591258434,94.2927131461452,10,0,3.0
RET-002440,ORD-002725,2024-04-01,CUST-01236,PROD-0409,Electronics,Changed Mind,1307.2048134655436,54.81970712387172,11,0,4.0
RET-002441,ORD-002528,2022-12-08,CUST-01004,PROD-0236,Electronics,Defective,120.33836053561085,35.796245087424694,9,0,3.0
RET-002442,ORD-001295,2023-03-26,CUST-00445,PROD-0224,Clothing,Defective,741.8468315194499,48.018402521401335,4,1,5.0
RET-002443,ORD-007388,2022-08-18,CUST-01680,PROD-0317,Electronics,Size Issue,1468.5411516826941,5.206403502283208,8,0,1.0
RET-002444,ORD-009883,2023-11-17,CUST-01219,PROD-0494,Beauty,Defective,1772.3164405007326,75.72028561688016,6,0,2.0
RET-002445,ORD-003833,2022-06-17,CUST-01962,PROD-0260,Home,Size Issue,1985.115786677866,13.512975292071527,8,0,5.0
RET-002446,ORD-000710,2023-08-12,CUST-01335,PROD-0243,Home,Not as Described,915.1818883710183,75.12317142777178,10,0,3.0
RET-002447,ORD-007999,2023-07-19,CUST-00276,PROD-0119,Home,Changed Mind,393.47297156262164,31.84878852076054,12,1,4.0
RET-002448,ORD-008955,2022-06-08,CUST-01070,PROD-0277,Electronics,Defective,1275.2852763898343,36.72798966377155,7,0,2.0
RET-002449,ORD-003258,2022-10-20,CUST-00728,PROD-0303,Electronics,Changed Mind,45.10993831839741,40.49144913292084,22,0,5.0
RET-002450,ORD-000757,2023-11-13,CUST-00727,PROD-0238,Beauty,Not as Described,1760.6319992883207,62.1160620394536,22,0,4.0
RET-002451,ORD-001136,2023-02-01,CUST-01817,PROD-0175,Clothing,Wrong Item,364.01399562982965,50.45655198813851,8,0,1.0
RET-002452,ORD-006220,2024-04-25,CUST-00555,,Clothing,Defective,1941.4489337587693,17.728195975637018,22,1,1.0
RET-002453,ORD-005806,2022-08-16,CUST-00588,PROD-0135,Beauty,Not as Described,1390.6966341816253,58.39521566151588,12,0,4.0
RET-002454,ORD-003748,2024-02-12,CUST-00024,PROD-0050,Electronics,Size Issue,564.5928388463052,15.804542237134346,17,0,5.0
RET-002455,ORD-004802,2023-09-17,CUST-00946,,Beauty,Changed Mind,1949.4534052257745,61.89300345754507,17,0,4.0
RET-002456,ORD-001562,2023-05-16,CUST-00409,PROD-0317,Beauty,Size Issue,1365.827816692146,54.94237748919372,7,0,2.0
RET-002457,ORD-005219,2024-04-29,CUST-01507,PROD-0231,Beauty,Wrong Item,1703.3036164730252,28.892593769530507,17,0,3.0
RET-002458,ORD-003003,2023-01-19,CUST-01245,PROD-0059,Electronics,Defective,135.6803742115662,81.09219332512816,18,0,2.0
RET-002459,,2022-06-06,CUST-01567,PROD-0034,Electronics,Changed Mind,1219.2443017662752,94.02507727538084,6,1,4.0
RET-002460,ORD-004371,2022-07-05,CUST-01176,PROD-0006,Electronics,Defective,1691.5769944550316,25.4462577248902,23,0,5.0
RET-002461,ORD-003251,2023-05-25,CUST-01041,PROD-0190,Electronics,Not as Described,447.13652964144507,46.15948191685425,18,1,3.0
RET-002462,ORD-001120,2023-11-11,CUST-00048,PROD-0298,Clothing,Not as Described,1409.8051135852345,53.00190472198396,23,0,3.0
RET-002463,ORD-006691,2022-09-19,CUST-01485,PROD-0454,Home,Changed Mind,277.0818351685975,45.686438953502275,28,0,1.0
RET-002464,ORD-003168,2022-07-24,CUST-01228,PROD-0336,Home,Changed Mind,436.04968318666255,87.86662696142649,28,1,2.0
RET-002465,ORD-008796,2022-11-24,CUST-01060,PROD-0421,Home,Wrong Item,113.50409362651514,19.592167530889594,19,0,5.0
RET-002466,ORD-000063,,CUST-01485,PROD-0196,Clothing,Defective,994.7954214239384,6.237353060855256,13,0,3.0
RET-002467,ORD-006010,2023-02-03,CUST-00249,PROD-0270,Beauty,Size Issue,867.613910308166,52.70501137233455,11,0,1.0
RET-002468,ORD-000469,,CUST-00949,PROD-0133,Beauty,Changed Mind,1313.741798016772,53.31509709265926,20,0,1.0
RET-002469,ORD-009699,2022-10-02,CUST-01914,PROD-0098,Clothing,Size Issue,1788.8275524854455,78.98384845350942,0,1,1.0
RET-002470,ORD-002576,2023-06-05,CUST-00744,PROD-0276,Electronics,Wrong Item,961.5626359854571,59.5790544426591,5,0,4.0
RET-002471,ORD-006988,2022-06-23,CUST-00667,,Clothing,Wrong Item,917.2452399079749,2.41133633688444,2,0,1.0
RET-002472,ORD-006734,2022-12-11,CUST-01383,PROD-0377,Beauty,Not as Described,127.33842872880686,24.199454984685296,28,0,2.0
RET-002473,ORD-009110,2023-02-19,CUST-00802,PROD-0112,Home,Size Issue,543.9822022716367,84.89212621686687,29,0,3.0
RET-002474,ORD-003192,2022-10-18,CUST-01848,PROD-0477,Home,Not as Described,1678.0357669991097,91.3658255123253,3,0,2.0
RET-002475,ORD-007389,2024-02-29,CUST-01316,PROD-0387,Clothing,Defective,1703.1567477561314,82.7909855228591,26,0,2.0
RET-002476,ORD-006757,2023-05-12,CUST-00715,PROD-0464,Home,Not as Described,675.1227677929551,17.6807665716187,1,0,2.0
RET-002477,ORD-004278,2022-07-29,CUST-01319,,Clothing,Wrong Item,1174.7776188523512,82.35972724551534,24,0,1.0
RET-002478,ORD-007761,2022-06-14,CUST-00156,PROD-0368,Beauty,Not as Described,1169.6071076915566,87.12807969234653,16,0,1.0
RET-002479,ORD-005665,2024-01-02,CUST-01109,PROD-0038,Electronics,Wrong Item,61.585212468342995,12.487405743321478,24,0,4.0
RET-002480,ORD-002868,2023-01-14,CUST-01790,PROD-0220,Home,Not as Described,1152.496258790257,11.706856394869348,18,0,2.0
RET-002481,ORD-002510,2022-06-11,CUST-01207,PROD-0235,Home,Size Issue,1432.465989136164,60.25873964431886,28,0,4.0
RET-002482,ORD-001192,2022-09-17,CUST-00907,PROD-0217,Clothing,Changed Mind,1312.486945057768,85.68162571984605,18,0,1.0
RET-002483,ORD-001118,2024-02-26,CUST-01926,PROD-0025,Electronics,Wrong Item,1615.8055877587067,44.40552576590551,18,0,3.0
RET-002484,ORD-005362,2024-01-30,CUST-00865,PROD-0322,Home,Not as Described,918.2036985093808,5.886812784607487,27,0,3.0
RET-002485,ORD-000906,2022-09-27,CUST-00974,PROD-0067,Electronics,Size Issue,983.4865339413246,1.6158445850140368,27,0,4.0
RET-002486,ORD-007435,2022-09-28,CUST-00654,PROD-0238,Home,Size Issue,189.24912228944947,66.36200841692997,15,1,5.0
RET-002487,ORD-008094,2023-07-03,CUST-01387,PROD-0159,Home,Size Issue,640.4375656903006,33.802292306892745,7,1,5.0
RET-002488,ORD-008645,2024-02-17,CUST-01277,PROD-0168,Home,Changed Mind,1996.4782520773429,93.81794190441563,20,1,4.0
RET-002489,ORD-005397,2024-01-20,CUST-01391,PROD-0275,Clothing,Size Issue,784.9436352012895,29.071959047522412,3,0,5.0
RET-002490,ORD-009922,2023-05-07,CUST-01455,PROD-0378,Clothing,Defective,196.55740379202462,0.5324770577366467,10,0,2.0
RET-002491,ORD-001081,2023-07-20,CUST-00511,PROD-0112,Home,Size Issue,781.3341954784847,44.952657625200274,10,0,3.0
RET-002492,ORD-000538,2022-10-19,CUST-01172,PROD-0119,Electronics,Size Issue,1316.8373555804594,90.44189364353996,17,1,4.0
RET-002493,ORD-002055,2022-10-18,CUST-01783,PROD-0101,Home,Wrong Item,1281.4986125398207,96.25924691801255,0,1,2.0
RET-002494,ORD-000970,,CUST-00146,PROD-0044,Electronics,Not as Described,1769.8807041056077,82.47919784559038,6,0,2.0
RET-002495,ORD-000782,2023-04-25,CUST-00213,PROD-0003,Beauty,Defective,1686.471010973573,92.7666343960383,27,1,1.0
RET-002496,ORD-000634,2023-11-05,CUST-00121,PROD-0202,Clothing,Not as Described,1083.048467026121,70.56193898437503,12,1,1.0
RET-002497,ORD-003659,2022-07-11,CUST-01801,PROD-0182,Electronics,Changed Mind,722.8856388057895,99.0325917015785,1,0,1.0
RET-002498,ORD-006930,2022-10-18,CUST-01742,PROD-0472,Clothing,Changed Mind,480.00510543450275,49.05958388831386,29,1,5.0
RET-002499,ORD-002179,2022-11-17,CUST-00622,PROD-0259,Clothing,Changed Mind,1675.7246879227766,3.4731478802241367,20,0,1.0
RET-002500,ORD-009096,2024-04-22,CUST-00830,PROD-0096,Clothing,Wrong Item,863.6573503154226,97.13071937410365,6,1,5.0
RET-002501,ORD-004163,2023-09-26,CUST-01547,PROD-0440,Home,Not as Described,1914.6159748515565,84.49497811175065,2,0,2.0
RET-002502,ORD-003876,2024-04-15,CUST-01796,PROD-0089,Home,Not as Described,979.6729322636487,9.789550845165829,27,0,4.0
RET-002503,ORD-000026,2024-01-28,CUST-00966,PROD-0449,Clothing,Defective,918.7012999839366,14.38865359452709,20,0,3.0
RET-002504,ORD-008726,2024-04-26,CUST-00577,PROD-0230,Clothing,Wrong Item,1329.180232858433,6.735172441600423,19,0,5.0
RET-002505,ORD-001769,2023-04-06,CUST-00855,PROD-0351,Home,Size Issue,1499.3295871068874,90.89724706958825,1,0,3.0
RET-002506,ORD-008686,2024-01-03,CUST-01896,PROD-0486,Beauty,Not as Described,1741.5769978529336,37.72734229329133,8,1,4.0
RET-002507,ORD-001095,2023-01-26,CUST-00369,PROD-0347,Clothing,Not as Described,1319.0113474504772,3.930957130540369,21,0,4.0
RET-002508,ORD-003272,2024-03-01,CUST-01233,PROD-0274,Electronics,Changed Mind,1412.9486239909816,65.96457670755107,21,0,1.0
RET-002509,ORD-007020,2022-08-08,CUST-00437,PROD-0466,Electronics,Wrong Item,764.8546266298449,64.80905630326545,2,0,5.0
RET-002510,ORD-009357,2022-06-19,CUST-01290,PROD-0098,Home,Changed Mind,1503.988451989154,69.42065292578539,3,0,1.0
RET-002511,ORD-007866,2022-12-19,CUST-00422,PROD-0033,Clothing,Size Issue,377.1347022221706,79.9134509449135,19,0,3.0
RET-002512,ORD-008350,2023-11-12,CUST-00529,PROD-0363,Clothing,Wrong Item,301.85571561976457,65.80014660587136,9,1,1.0
RET-002513,ORD-001999,2023-05-21,CUST-01017,PROD-0277,Clothing,Defective,155.77767915860653,61.98519926892111,28,1,2.0
RET-002514,ORD-001006,2022-11-26,CUST-00163,PROD-0051,Electronics,Changed Mind,123.47102200166759,53.09215800536804,23,0,1.0
RET-002515,ORD-005125,2022-10-21,CUST-01527,PROD-0396,Clothing,Size Issue,1365.0844650060621,18.045013998286365,20,0,4.0
RET-002516,ORD-002525,2024-03-29,CUST-00124,PROD-0131,Electronics,Wrong Item,1910.4439260672048,41.704624208017464,10,0,4.0
RET-002517,ORD-006882,2022-06-15,CUST-01198,PROD-0240,Beauty,Wrong Item,1310.1150982687764,13.454310564509075,12,1,3.0
RET-002518,ORD-005501,2022-09-19,CUST-00474,PROD-0038,Beauty,Changed Mind,1104.1399272012088,11.036949821123187,28,0,1.0
RET-002519,ORD-009202,2023-04-23,CUST-00503,PROD-0155,Home,Size Issue,879.5409428177319,31.790677618780194,16,0,4.0
RET-002520,ORD-008960,2023-12-01,CUST-01084,PROD-0307,Electronics,Size Issue,116.57484244813776,63.58979529169032,14,0,3.0
RET-002521,ORD-009514,2023-08-15,CUST-01325,PROD-0214,Beauty,Not as Described,1338.4700560600395,18.982840228527998,11,0,3.0
RET-002522,ORD-008899,2022-09-25,CUST-00368,PROD-0208,Clothing,Changed Mind,1243.799700295231,24.41339379244183,26,0,5.0
RET-002523,ORD-003989,2022-10-26,CUST-00633,PROD-0429,Beauty,Not as Described,56.93058838744437,2.458460180352806,4,0,4.0
RET-002524,ORD-008856,2022-07-16,CUST-00117,PROD-0478,Home,Not as Described,1302.5798365077158,24.886760041142107,29,0,3.0
RET-002525,ORD-002494,2024-02-05,CUST-00605,PROD-0278,Electronics,Size Issue,281.628217718373,74.2669002202421,5,0,4.0
RET-002526,ORD-001851,2022-07-08,CUST-00110,PROD-0103,Home,Changed Mind,592.8707912640335,24.641333566052726,5,0,3.0
RET-002527,ORD-006243,2022-08-14,CUST-01607,PROD-0420,Beauty,Defective,1478.7719983371135,11.159304923444846,20,0,3.0
RET-002528,ORD-009111,2023-05-01,CUST-00581,PROD-0434,Beauty,Defective,1344.4124636206027,49.899732990981946,11,0,3.0
RET-002529,ORD-007995,2023-02-15,CUST-00788,PROD-0191,Beauty,Changed Mind,706.9543387463468,43.537101159613435,20,0,5.0
RET-002530,ORD-009240,2022-09-16,CUST-01828,PROD-0002,Home,Not as Described,192.94872923321364,69.65326331933225,1,0,5.0
RET-002531,ORD-009101,2022-06-17,CUST-01352,PROD-0476,Electronics,Size Issue,258.76037607072453,95.09685966310091,16,1,4.0
RET-002532,ORD-006230,2023-06-23,CUST-00602,PROD-0466,Clothing,Not as Described,1212.1638721734703,68.60087299099156,11,0,5.0
RET-002533,ORD-000667,2023-04-23,CUST-00693,PROD-0324,Clothing,Not as Described,1328.127175671573,63.5168276838648,16,0,2.0
RET-002534,ORD-003350,2022-08-25,CUST-01197,PROD-0459,Clothing,Wrong Item,936.0814756857035,93.81134583052471,25,0,2.0
RET-002535,ORD-003856,2023-04-20,CUST-00268,PROD-0345,Beauty,Size Issue,570.1141494809768,2.795172790942424,3,0,5.0
RET-002536,ORD-003869,2023-03-18,CUST-01673,PROD-0185,Electronics,Defective,1406.853226794531,42.52300319394563,4,0,3.0
RET-002537,ORD-000783,2023-02-13,CUST-01350,PROD-0486,Beauty,Defective,767.6060908655026,45.11913858200661,15,0,3.0
RET-002538,ORD-006525,2023-01-25,CUST-01666,,Clothing,Defective,1722.45810939109,96.14730988930725,12,0,1.0
RET-002539,ORD-008037,2022-07-30,CUST-01746,PROD-0366,Beauty,Defective,1721.7648738490252,75.41383638901425,7,0,3.0
RET-002540,ORD-004044,2023-06-07,CUST-00810,PROD-0077,Electronics,Size Issue,1962.8019234407757,29.14386063721134,20,0,2.0
RET-002541,ORD-007769,2023-12-12,CUST-00051,PROD-0148,Beauty,Not as Described,579.8964389245409,86.90775852163397,15,0,1.0
RET-002542,ORD-006531,2023-04-28,CUST-00525,PROD-0320,Electronics,Not as Described,1810.5059657292047,25.197068610366546,0,0,2.0
RET-002543,ORD-005964,2023-08-09,CUST-00066,PROD-0459,Home,Wrong Item,821.0390818879379,90.25209706704038,1,0,1.0
RET-002544,ORD-009689,2022-07-16,CUST-01412,PROD-0367,Clothing,Changed Mind,1112.0576039376683,51.303104076962235,8,0,3.0
RET-002545,,2023-03-11,CUST-01528,PROD-0010,Clothing,Size Issue,773.0582148001654,89.26680787501206,20,1,4.0
RET-002546,ORD-000716,2024-01-16,CUST-00235,PROD-0328,Home,Changed Mind,1974.9912570280294,1.113939174569245,9,1,
RET-002547,ORD-009597,2022-06-28,CUST-00635,PROD-0030,Home,Changed Mind,1787.1656416580336,62.512963355222254,22,0,1.0
RET-002548,ORD-009306,,CUST-00931,PROD-0466,Clothing,Wrong Item,1042.4870238743308,4.668032808919087,16,0,3.0
RET-002549,ORD-002373,2023-12-02,CUST-01555,PROD-0408,Clothing,Changed Mind,820.8454598812585,18.36841038934216,15,0,4.0
RET-002550,ORD-001583,2023-01-29,CUST-00247,PROD-0067,Beauty,Not as Described,35.4197685918589,89.51015379070046,22,1,3.0
RET-002551,ORD-000173,2022-07-29,CUST-01983,PROD-0028,Home,Not as Described,885.7338502877685,86.75141544180947,13,0,3.0
RET-002552,ORD-003172,2022-09-26,CUST-01612,PROD-0310,Clothing,Not as Described,1437.831936506499,32.12647713886587,24,1,3.0
RET-002553,ORD-004200,2023-02-20,CUST-01689,PROD-0276,Clothing,Changed Mind,284.68717140899923,40.346199627333604,11,0,2.0
RET-002554,ORD-000114,2023-04-20,CUST-01096,PROD-0242,Electronics,Changed Mind,599.5990285599994,52.39687368993658,0,0,3.0
RET-002555,ORD-007194,2023-10-29,CUST-01098,PROD-0140,Clothing,Defective,161.5017621886824,53.658645368108374,14,0,4.0
RET-002556,ORD-000419,2022-12-31,CUST-01632,PROD-0018,Electronics,Wrong Item,1490.2608951617594,74.43305237417927,19,0,4.0
RET-002557,ORD-000710,2022-06-05,CUST-00913,PROD-0464,Clothing,Size Issue,1608.024482727715,23.769879099036693,21,0,1.0
RET-002558,ORD-003421,2023-06-27,CUST-01674,PROD-0205,Beauty,Defective,1182.920820987037,93.00210456546225,29,0,2.0
RET-002559,ORD-008271,2023-02-09,CUST-01953,,Electronics,Changed Mind,214.06252591162962,52.86304264052728,6,0,2.0
RET-002560,ORD-003968,2023-10-28,CUST-01609,PROD-0332,Clothing,Defective,1329.3740396621781,36.02195798121684,15,0,3.0
RET-002561,ORD-008354,2023-11-03,CUST-00168,,Home,Defective,1242.2951203220623,87.49114437439228,17,0,
RET-002562,ORD-006256,2022-09-28,CUST-00738,PROD-0146,Electronics,Wrong Item,1455.2458259075893,78.94664944219205,20,1,5.0
RET-002563,ORD-003875,2022-06-28,CUST-00329,PROD-0341,Beauty,Changed Mind,1054.83435225039,75.54225505154825,4,0,4.0
RET-002564,ORD-007507,2022-07-06,CUST-00481,PROD-0135,Clothing,Not as Described,353.3152646897767,39.863818204886805,26,0,1.0
RET-002565,ORD-007424,2022-06-05,CUST-00422,PROD-0152,Electronics,Wrong Item,258.9580137983562,7.28910919003356,27,0,5.0
RET-002566,,2024-02-09,CUST-01355,PROD-0035,Home,Changed Mind,1980.8103937832793,24.693155133577406,15,0,5.0
RET-002567,ORD-008439,2023-09-09,CUST-01621,PROD-0121,Home,Defective,1785.2301088347685,29.548612003467202,20,0,4.0
RET-002568,ORD-007179,2023-04-02,CUST-01512,PROD-0113,Home,Defective,1099.1774391225536,13.118366696071693,3,1,5.0
RET-002569,ORD-008481,2023-08-22,CUST-00468,PROD-0208,Electronics,Wrong Item,568.5908505341538,7.67370217495249,6,1,4.0
RET-002570,ORD-006841,2024-02-27,CUST-00597,PROD-0402,Beauty,Defective,1259.8309499551403,81.4982392821501,26,0,5.0
RET-002571,ORD-003403,,CUST-00644,PROD-0379,Home,Defective,1952.8448202478085,12.363490788482856,17,1,1.0
RET-002572,ORD-001209,2022-11-24,CUST-00058,PROD-0263,Beauty,Defective,1513.9100984459797,57.375360835249055,20,0,4.0
RET-002573,,2024-04-02,CUST-00060,PROD-0136,Home,Defective,1307.7975442577492,60.84669426964155,8,1,4.0
RET-002574,ORD-000124,2024-02-28,CUST-01552,PROD-0146,Home,Not as Described,1037.3110519728618,78.1567731066293,13,0,4.0
RET-002575,ORD-004262,2024-01-11,CUST-01320,PROD-0230,Electronics,Changed Mind,1093.200102736031,47.94624383436697,9,0,3.0
RET-002576,ORD-003576,2022-12-07,CUST-00580,PROD-0491,Electronics,Not as Described,1106.3052630930047,28.312486074965292,8,0,1.0
RET-002577,ORD-002777,2024-04-30,CUST-01873,PROD-0077,Electronics,Not as Described,700.3780911208877,3.6325891644918062,5,1,3.0
RET-002578,ORD-007017,2022-11-02,CUST-00196,PROD-0194,Home,Wrong Item,1532.0821500288375,97.64956195638771,24,0,1.0
RET-002579,ORD-005214,2023-08-16,CUST-00904,PROD-0223,Home,Defective,835.5460108470566,16.761986542969233,14,1,1.0
RET-002580,ORD-006889,2023-12-22,CUST-01831,PROD-0384,Beauty,Wrong Item,774.2254550715,3.2663833128443676,22,1,1.0
RET-002581,ORD-001928,2022-08-02,CUST-01053,PROD-0252,Electronics,Size Issue,1227.5052369763318,26.55393217272867,17,0,2.0
RET-002582,ORD-006171,2023-03-24,CUST-01516,PROD-0088,Home,Size Issue,92.50736225369687,52.52547637687868,3,0,3.0
RET-002583,ORD-001667,2022-12-01,CUST-01680,PROD-0305,Electronics,Changed Mind,669.9035097863795,27.68681461785325,7,0,4.0
RET-002584,ORD-005212,2023-05-29,CUST-01771,PROD-0476,Home,Wrong Item,1370.5049876604878,24.09424267998592,19,1,4.0
RET-002585,,2023-05-17,CUST-01944,PROD-0415,Electronics,Defective,894.2138379793466,20.805055606409294,13,0,2.0
RET-002586,ORD-001661,2022-11-19,CUST-00915,PROD-0036,Home,Size Issue,1571.4371762608557,56.3074583934401,28,0,5.0
RET-002587,ORD-005488,2022-09-14,CUST-01102,PROD-0463,Clothing,Not as Described,1513.5668786689516,36.67834815499806,12,0,5.0
RET-002588,ORD-001870,2023-12-04,CUST-00008,PROD-0174,Clothing,Changed Mind,1069.403714227426,98.41373070343737,26,0,2.0
RET-002589,,2023-10-24,CUST-01427,PROD-0280,Beauty,Defective,661.7864034152869,19.141696112959018,25,1,1.0
RET-002590,ORD-009453,2022-12-14,CUST-00934,PROD-0204,Beauty,Wrong Item,662.3921194978366,26.08611055926441,3,0,2.0
RET-002591,ORD-001718,2022-06-24,CUST-01890,PROD-0423,Clothing,Defective,1210.0896951239774,62.77202727803473,24,1,2.0
RET-002592,ORD-008313,2022-08-26,CUST-00196,PROD-0500,Beauty,Not as Described,645.4782182393456,95.23907430858792,9,0,2.0
RET-002593,ORD-000642,2024-04-19,CUST-01287,PROD-0280,Home,Defective,1468.445222980438,14.589369180101098,21,0,2.0
RET-002594,ORD-007281,2022-10-13,CUST-00315,PROD-0397,Home,Size Issue,1151.8238751474507,79.47984056676691,26,0,1.0
RET-002595,ORD-004764,2022-08-16,CUST-01181,PROD-0491,Beauty,Defective,982.4084306161562,38.5158995977243,28,0,1.0
RET-002596,ORD-003993,2022-11-24,CUST-01042,PROD-0151,Clothing,Size Issue,1876.456612418896,4.394399220528178,26,1,3.0
RET-002597,ORD-000635,,CUST-01021,PROD-0217,Clothing,Changed Mind,406.90584146653185,2.713146537711908,24,1,1.0
RET-002598,ORD-006474,2022-12-18,CUST-00797,PROD-0496,Clothing,Not as Described,1325.556478323399,53.93009544657018,7,1,4.0
RET-002599,ORD-007794,2024-01-18,CUST-01198,PROD-0194,Home,Size Issue,824.9840942140597,51.26787258556258,14,0,4.0
RET-002600,ORD-005947,2023-10-17,CUST-01032,PROD-0044,Beauty,Defective,1814.8244175084926,82.36313950753393,2,0,4.0
RET-002601,ORD-001935,2023-01-24,CUST-00966,PROD-0176,Home,Defective,71.43608176080639,81.67886986454288,8,0,1.0
RET-002602,ORD-006290,2022-12-02,CUST-00010,PROD-0438,Beauty,Size Issue,1663.7923664701548,61.534507834935816,20,0,2.0
RET-002603,ORD-009601,2024-04-16,CUST-00655,PROD-0184,Home,Wrong Item,944.9328409690198,33.355282118882165,0,0,1.0
RET-002604,,2023-01-03,CUST-00246,PROD-0075,Home,Defective,426.5679424277499,58.427646068539396,28,0,4.0
RET-002605,ORD-001902,2023-12-29,CUST-00441,PROD-0286,beauty,Wrong Item,1345.9970466290529,19.93603053071641,26,0,2.0
RET-002606,ORD-009535,2023-08-06,CUST-01430,PROD-0255,Beauty,Not as Described,621.1167479525417,94.48918894860314,23,1,4.0
RET-002607,ORD-006829,2024-03-26,CUST-01428,PROD-0240,Home,Not as Described,171.38433055057757,87.53397158514487,15,0,2.0
RET-002608,ORD-008402,,CUST-01550,PROD-0195,Clothing,Size Issue,1093.1679771122433,3.3558906216133444,16,0,5.0
RET-002609,ORD-000842,2022-09-21,CUST-01135,PROD-0007,Clothing,Wrong Item,1960.4445747999714,39.5824188893944,6,1,2.0
RET-002610,ORD-004070,2023-03-02,CUST-01455,PROD-0105,Clothing,Size Issue,754.917882580648,16.06642034347757,27,1,4.0
RET-002611,ORD-008455,2023-03-02,CUST-00220,PROD-0492,Electronics,Changed Mind,191.0518574132836,98.65139927785111,29,0,1.0
RET-002612,ORD-001379,2023-04-02,CUST-01997,PROD-0348,Clothing,Wrong Item,1469.928670148249,46.593147528100644,24,0,2.0
RET-002613,,2023-11-26,CUST-01685,PROD-0005,Beauty,Changed Mind,635.3988958039752,12.648348318276526,3,0,5.0
RET-002614,,2024-02-09,CUST-00442,PROD-0417,Clothing,Not as Described,1215.4688467980247,8.905749579211486,15,0,2.0
RET-002615,ORD-002740,2022-07-14,CUST-00514,PROD-0088,Home,Changed Mind,1815.4527119593117,72.04917627405226,23,1,1.0
RET-002616,ORD-001765,2024-04-20,CUST-01773,PROD-0187,Beauty,Defective,342.0442505493901,66.72487152148254,23,0,4.0
RET-002617,ORD-000501,2024-02-23,CUST-01069,PROD-0356,Beauty,Size Issue,1398.4679078009033,99.56553144329754,15,0,1.0
RET-002618,ORD-007636,2023-10-05,CUST-00343,PROD-0049,Electronics,Size Issue,1276.1680746958784,36.554368203779475,1,0,3.0
RET-002619,ORD-004909,2023-02-15,CUST-00305,PROD-0002,Beauty,Size Issue,1352.9532915062905,13.995655028018195,27,0,5.0
RET-002620,ORD-005803,2024-03-04,CUST-01839,PROD-0235,Home,Size Issue,126.54583956206336,26.516216094537548,24,1,5.0
RET-002621,ORD-006531,2023-10-12,CUST-01593,PROD-0482,Electronics,Wrong Item,1689.2595857948138,75.38870144501811,16,0,5.0
RET-002622,ORD-005444,2023-06-06,CUST-01926,PROD-0424,Home,Defective,1068.0420332357896,49.091667164752586,21,1,2.0
RET-002623,ORD-009737,2022-10-29,CUST-00176,PROD-0016,Home,Not as Described,1133.3402497240413,72.95475606255025,25,1,5.0
RET-002624,ORD-004525,2024-03-13,CUST-00030,PROD-0005,Clothing,Changed Mind,1983.4383056124302,63.72688885701893,25,0,2.0
RET-002625,ORD-007103,2022-09-20,CUST-01243,PROD-0456,Home,Defective,343.1266430609778,69.53195345982783,10,0,2.0
RET-002626,ORD-006671,2023-10-13,CUST-01462,PROD-0133,Clothing,Defective,806.3014281728035,23.157130576721485,20,0,4.0
RET-002627,ORD-004172,2022-09-28,CUST-00077,PROD-0318,Clothing,Size Issue,701.4277684291768,71.45341511344692,21,0,2.0
RET-002628,ORD-005757,2023-08-19,CUST-00430,PROD-0363,Home,Wrong Item,180.9015989238494,32.55336467807899,13,0,3.0
RET-002629,ORD-007954,2022-09-11,CUST-01794,PROD-0287,Clothing,Changed Mind,270.7810659312053,76.19056360243921,17,0,4.0
RET-002630,,2024-03-14,CUST-01720,PROD-0217,Beauty,Defective,1395.5706194543088,48.28886303151124,7,0,3.0
RET-002631,ORD-008291,2023-01-09,CUST-01241,PROD-0013,Clothing,Changed Mind,39.16318098833443,13.127362912127127,12,0,2.0
RET-002632,ORD-004930,2023-08-06,CUST-01663,PROD-0323,Beauty,Not as Described,1246.7472220660272,44.31375382569998,7,0,3.0
RET-002633,ORD-003658,2024-01-05,CUST-01405,PROD-0435,Beauty,Changed Mind,803.8805088141983,61.91751012344439,21,0,5.0
RET-002634,ORD-008866,2022-11-02,CUST-01362,PROD-0130,Electronics,Changed Mind,307.0862832926341,53.17171432429827,5,0,2.0
RET-002635,ORD-003200,2023-09-26,CUST-01489,PROD-0162,Beauty,Defective,1381.7107809017414,7.7213950988349485,0,1,2.0
RET-002636,ORD-006973,2022-11-15,CUST-00868,PROD-0286,Clothing,Defective,167.0696092324099,42.90654625366316,5,0,2.0
RET-002637,ORD-001023,2022-12-29,CUST-01573,PROD-0388,Clothing,Defective,1372.6496300647184,74.67919522270451,5,0,5.0
RET-002638,ORD-004823,2023-03-22,CUST-01689,PROD-0300,Beauty,Changed Mind,871.9086784983007,42.419095774835604,5,0,3.0
RET-002639,ORD-006092,2022-07-15,CUST-00443,PROD-0336,Clothing,Not as Described,1730.5724303000063,75.51624091706978,29,1,1.0
RET-002640,ORD-000568,2023-10-12,CUST-00862,PROD-0468,Home,Wrong Item,218.9328079452696,4.6193873801703145,26,0,2.0
RET-002641,ORD-001826,,CUST-01348,PROD-0228,Home,Wrong Item,1965.8639885832179,2.1206264741684078,17,0,4.0
RET-002642,ORD-003250,2023-07-16,CUST-00869,PROD-0456,Beauty,Not as Described,589.0197219669193,18.197069395461284,18,0,2.0
RET-002643,ORD-009377,2024-01-26,CUST-01265,PROD-0304,Beauty,Defective,717.8586660776095,83.32212426430723,7,0,2.0
RET-002644,ORD-008856,2023-08-01,CUST-01785,PROD-0189,Beauty,Changed Mind,1110.906020437667,48.08565586929895,13,0,3.0
RET-002645,ORD-009355,2022-09-29,CUST-01513,PROD-0031,Beauty,Wrong Item,137.39111743527423,20.82803392535906,13,0,3.0
RET-002646,ORD-008902,2023-08-19,CUST-00462,PROD-0311,Clothing,Not as Described,1722.2153230675233,14.089584700669056,12,1,3.0
RET-002647,ORD-005295,2024-01-20,CUST-00301,PROD-0407,Beauty,Changed Mind,1641.342997011082,19.059362510031054,22,0,5.0
RET-002648,ORD-007683,2023-01-06,CUST-00792,PROD-0422,Home,Changed Mind,1550.3344158658267,22.448206548660266,0,1,4.0
RET-002649,ORD-006515,2024-04-07,CUST-01224,PROD-0318,Beauty,Size Issue,719.8141679590038,14.874450514610349,16,1,3.0
RET-002650,ORD-008516,2023-01-12,CUST-01112,PROD-0149,Home,Wrong Item,1993.0201465755717,76.25969944747493,21,1,4.0
RET-002651,ORD-003463,2023-04-10,CUST-01976,PROD-0073,Electronics,Not as Described,636.7000973902451,20.224574793062956,0,0,1.0
RET-002652,ORD-007243,2024-04-01,CUST-00592,PROD-0331,Clothing,Wrong Item,316.13091725813644,97.67068460212555,1,0,2.0
RET-002653,ORD-008367,2023-07-26,CUST-00063,PROD-0458,Clothing,Not as Described,1770.6285816804282,26.329731415637603,17,1,5.0
RET-002654,ORD-002915,2024-01-26,CUST-00340,PROD-0277,Clothing,Not as Described,1390.1380586714472,83.53926730249799,23,1,3.0
RET-002655,ORD-003390,2023-09-20,CUST-01353,PROD-0453,Clothing,Size Issue,1739.0782090190992,30.101205274248166,19,0,1.0
RET-002656,,2023-05-08,CUST-01339,PROD-0054,Home,Defective,1677.9700479528221,68.44567405973706,7,0,2.0
RET-002657,ORD-002325,2022-12-24,CUST-00593,PROD-0450,Home,Not as Described,1009.835433447976,63.07265078217096,10,0,4.0
RET-002658,ORD-009496,2022-12-31,CUST-01917,PROD-0480,Clothing,Changed Mind,1731.0112039048474,0.6921253742452116,24,1,3.0
RET-002659,ORD-003813,2022-10-25,CUST-00771,PROD-0186,Clothing,Not as Described,1690.1697954918825,90.43276083148044,9,0,1.0
RET-002660,ORD-007575,2023-01-07,CUST-00222,PROD-0387,Beauty,Defective,668.221275557397,28.10313263899502,9,0,5.0
RET-002661,ORD-006214,2023-01-10,CUST-00080,PROD-0165,Beauty,Size Issue,570.0587427078086,95.92493346630373,2,0,1.0
RET-002662,ORD-006376,2023-05-22,CUST-01867,PROD-0150,Beauty,Defective,933.7194020229881,10.940163911486135,6,0,3.0
RET-002663,ORD-008827,,CUST-01701,PROD-0372,Home,Defective,368.2813581741282,35.57622654113233,22,0,3.0
RET-002664,ORD-009463,,CUST-00083,PROD-0401,Electronics,Wrong Item,1151.9551959591863,61.69236592071176,21,0,2.0
RET-002665,ORD-006721,2022-08-19,CUST-00636,PROD-0451,Home,Defective,1177.3293091002909,39.11465394841206,13,1,1.0
RET-002666,ORD-005151,2024-02-06,CUST-01980,PROD-0318,Beauty,Defective,1760.2718946748114,56.16931920920598,0,1,1.0
RET-002667,ORD-000032,2023-04-16,CUST-00479,PROD-0202,Clothing,Changed Mind,1451.9673846365772,68.45257374199028,4,1,4.0
RET-002668,ORD-004763,2024-03-22,CUST-00078,PROD-0161,Home,Wrong Item,461.2753162546708,37.298486124519926,9,0,2.0
RET-002669,ORD-002199,2023-08-29,CUST-00095,PROD-0462,Home,Wrong Item,1609.2887741929762,4.404128468008384,22,0,4.0
RET-002670,ORD-008561,2023-03-24,CUST-00441,PROD-0173,Home,Changed Mind,1512.1056139881894,54.7153499644483,22,0,3.0
RET-002671,ORD-009639,2023-12-03,CUST-00023,,Beauty,Wrong Item,1811.940554307079,41.65981898359452,24,0,3.0
RET-002672,ORD-008556,2022-06-04,CUST-00527,PROD-0448,Clothing,Wrong Item,804.0682628171204,39.64653917729063,19,1,3.0
RET-002673,ORD-002652,2024-01-31,CUST-00227,PROD-0193,Clothing,Size Issue,1915.0775761858092,29.70536429226214,19,1,4.0
RET-002674,ORD-002595,2023-08-08,CUST-01473,PROD-0105,Electronics,Defective,1649.962963927901,81.24054829897317,7,1,1.0
RET-002675,ORD-004317,2023-07-22,CUST-01373,PROD-0450,Clothing,Wrong Item,782.1184512552204,1.4025552331421776,19,0,5.0
RET-002676,ORD-006159,2023-12-27,CUST-01383,PROD-0191,Home,Wrong Item,1077.742912982861,18.04398078408186,25,0,2.0
RET-002677,ORD-004159,2023-10-07,CUST-01081,PROD-0199,Beauty,Wrong Item,281.97442157431755,83.7103629689047,18,0,4.0
RET-002678,ORD-000652,2023-10-01,CUST-00033,PROD-0389,Clothing,Size Issue,1864.5335101356816,74.98452472714524,15,0,4.0
RET-002679,ORD-004229,2024-03-15,CUST-00902,PROD-0201,Beauty,Defective,516.2574135469152,62.66605164198212,5,0,4.0
RET-002680,ORD-005345,2023-08-01,CUST-00443,PROD-0144,Home,Changed Mind,1106.425402974477,72.7144280776661,22,0,2.0
RET-002681,ORD-007452,2023-04-28,CUST-01455,PROD-0030,Clothing,Changed Mind,1943.4187282918667,45.55489349224653,8,1,4.0
RET-002682,ORD-003926,2023-05-14,CUST-00031,PROD-0478,Home,Not as Described,1134.8455764373282,5.337050066107851,14,0,5.0
RET-002683,ORD-003093,2023-02-11,CUST-01911,PROD-0239,Electronics,Wrong Item,1591.728130158871,59.141824790240335,3,0,5.0
RET-002684,ORD-006839,2023-12-09,CUST-01737,PROD-0245,Electronics,Not as Described,338.8844324671717,17.401010092090765,11,0,4.0
RET-002685,ORD-001713,2022-10-30,CUST-01641,PROD-0086,Home,Wrong Item,1146.4264067518393,85.4306210114824,1,1,2.0
RET-002686,ORD-002986,2023-04-26,CUST-01158,PROD-0113,Home,Size Issue,229.39496726808787,36.20772656965035,28,0,3.0
RET-002687,ORD-008898,2023-12-10,CUST-00391,PROD-0242,Electronics,Size Issue,1301.186273664645,91.4296930311391,13,0,3.0
RET-002688,ORD-008714,2022-11-22,CUST-01164,PROD-0373,Home,Defective,1256.3390135811328,49.161302608806544,13,0,1.0
RET-002689,ORD-003615,2022-09-01,CUST-01032,PROD-0086,Clothing,Changed Mind,601.434750790171,99.00263497316861,5,0,3.0
RET-002690,ORD-003805,2023-10-13,CUST-01152,PROD-0160,Home,Size Issue,598.7452081132279,98.46316560167708,28,0,
RET-002691,ORD-007415,2023-09-07,CUST-00031,PROD-0212,Home,Defective,212.14461122383392,20.13916312271915,1,1,5.0
RET-002692,ORD-003437,2024-01-26,CUST-00538,PROD-0042,Beauty,Size Issue,531.2329686141973,58.64917715273942,23,0,1.0
RET-002693,ORD-005201,2023-11-06,CUST-01108,PROD-0483,Home,Size Issue,1387.4219907049508,94.80071154643676,20,0,5.0
RET-002694,ORD-003252,2023-06-12,CUST-01677,PROD-0084,Home,Size Issue,888.2140337775388,55.854959867698426,22,0,5.0
RET-002695,ORD-008446,2022-07-01,CUST-00733,PROD-0410,Clothing,Defective,1163.8033110654317,87.4379094055513,29,1,2.0
RET-002696,ORD-003221,2023-09-23,CUST-00289,PROD-0472,Beauty,Wrong Item,1714.9042572726812,75.63742857004087,14,1,1.0
RET-002697,ORD-004438,2023-10-06,CUST-01033,PROD-0350, Beauty ,Size Issue,1993.982775900975,90.95360954301539,19,0,5.0
RET-002698,ORD-006266,2023-12-27,CUST-00538,PROD-0443,Beauty,Not as Described,1846.7948553749945,59.59252942641021,4,0,
RET-002699,ORD-009437,2022-12-17,CUST-01678,PROD-0451,Beauty,Not as Described,1368.8908454275736,74.17306149696152,20,0,3.0
RET-002700,ORD-005389,2023-08-15,CUST-01226,PROD-0143,Electronics,Wrong Item,1358.679617903305,30.266830042247594,14,0,
RET-002701,ORD-005327,2023-04-18,CUST-00491,PROD-0135,Clothing,Defective,1323.7373500251629,87.57285317703959,0,1,1.0
RET-002702,ORD-005138,2022-09-28,CUST-01767,PROD-0217,Beauty,Size Issue,1919.3957782957877,10.530288651291864,8,1,2.0
RET-002703,,2024-04-23,CUST-00331,PROD-0264,Home,Size Issue,96.78555989146784,62.89293225283893,13,0,4.0
RET-002704,ORD-003483,2022-12-19,CUST-00987,PROD-0161,Electronics,Size Issue,1838.0052854276198,92.65391710422905,10,0,4.0
RET-002705,ORD-009591,2022-09-10,CUST-01621,PROD-0132,Beauty,Size Issue,1018.276642470931,77.36510561675469,23,0,5.0
RET-002706,ORD-002551,2023-09-28,CUST-01821,PROD-0359,Home,Changed Mind,1751.367159884671,5.2979780344337035,0,0,2.0
RET-002707,ORD-009328,2022-11-19,CUST-00040,PROD-0498,Beauty,Size Issue,1570.7613717582271,25.887043569447865,11,0,5.0
RET-002708,ORD-002262,2024-02-25,CUST-02000,PROD-0475,Electronics,Wrong Item,1831.3838879799225,51.64336119338451,25,0,2.0
RET-002709,ORD-004995,2023-11-17,CUST-00831,PROD-0017,Electronics,Wrong Item,618.2599240868502,39.27171797549962,18,0,3.0
RET-002710,ORD-009547,2023-09-01,CUST-01656,PROD-0373,Home,Defective,433.8977688375917,92.67992832419928,17,1,5.0
RET-002711,ORD-002123,2023-12-28,CUST-01783,PROD-0040,Clothing,Defective,70.78683497272436,81.4030531089667,18,0,5.0
RET-002712,ORD-006385,2024-04-19,CUST-00816,PROD-0002,Beauty,Size Issue,1237.4599226584414,73.16403252426987,21,0,5.0
RET-002713,ORD-005408,2024-04-04,CUST-01663,PROD-0283,Beauty,Defective,1950.2952746897531,47.0587763193818,2,0,2.0
RET-002714,ORD-008312,2022-11-12,CUST-01677,PROD-0033,Electronics,Wrong Item,1504.8552765154866,25.21380907157691,19,0,2.0
RET-002715,ORD-001489,2024-03-03,CUST-01581,PROD-0462,Beauty,Not as Described,268.0479761896473,84.1935884008999,27,0,4.0
RET-002716,ORD-008683,2023-05-11,CUST-01084,PROD-0499,Beauty,Wrong Item,142.91841256217475,56.07275094019383,7,0,1.0
RET-002717,ORD-003654,2022-12-06,CUST-00534,PROD-0422,Electronics,Changed Mind,21.287036921408767,40.61439586441096,12,0,4.0
RET-002718,ORD-004936,2022-09-10,CUST-00542,PROD-0294,Clothing,Changed Mind,1872.905999197368,48.32727838693328,2,0,5.0
RET-002719,ORD-008441,2022-09-15,CUST-01748,PROD-0140,Home,Changed Mind,1198.5468381889116,57.71940798488623,3,0,3.0
RET-002720,ORD-004241,2024-02-26,CUST-00872,PROD-0191,Beauty,Changed Mind,1013.3971230135987,96.28434615217711,26,0,3.0
RET-002721,ORD-006677,2023-10-18,CUST-00340,PROD-0374,Electronics,Size Issue,717.8292815497434,15.409142555192224,8,0,4.0
RET-002722,ORD-002493,2023-05-12,CUST-00868,PROD-0044,Beauty,Changed Mind,1467.7210990813423,36.03179811570227,21,0,5.0
RET-002723,ORD-008260,2022-09-03,CUST-00340,PROD-0265,Electronics,Defective,1517.8486312224525,99.05458872290535,7,0,4.0
RET-002724,ORD-002734,2023-06-29,CUST-01318,PROD-0167,Beauty,Not as Described,119.67062274896128,43.533728989406306,27,0,5.0
RET-002725,ORD-005053,2023-03-26,CUST-01538,PROD-0458,Clothing,Size Issue,81.24772431838333,42.7945859714408,15,0,4.0
RET-002726,ORD-001434,2022-06-19,CUST-01666,PROD-0433,Clothing,Not as Described,101.69247141019126,63.717928946626024,22,0,1.0
RET-002727,ORD-008417,2023-12-31,CUST-00683,PROD-0017,Home,Not as Described,241.45864415763683,57.16022447936214,15,1,1.0
RET-002728,ORD-004383,2024-04-05,CUST-01168,PROD-0126,Electronics,Size Issue,668.0741877904537,21.414549029040597,3,1,1.0
RET-002729,ORD-006916,2022-06-04,CUST-01149,PROD-0483,Clothing,Changed Mind,835.3450783850586,61.93642673439691,19,1,4.0
RET-002730,ORD-000083,2022-11-09,CUST-00424,PROD-0014,Clothing,Not as Described,1094.8335441551485,76.2293287836873,3,1,1.0
RET-002731,ORD-004772,2023-10-06,CUST-01051,PROD-0343,Home,Not as Described,642.9701313230325,50.56131172287671,4,0,2.0
RET-002732,ORD-007843,2024-01-07,CUST-00243,PROD-0329,Electronics,Changed Mind,788.7452789532554,71.97937068836508,13,1,3.0
RET-002733,ORD-001111,2022-08-09,CUST-00679,,Clothing,Not as Described,357.3407408444205,41.31349721566616,9,1,
RET-002734,ORD-007293,2022-12-03,CUST-00156,PROD-0033,Beauty,Not as Described,1185.7871711679677,6.210526163214835,24,0,
RET-002735,ORD-003355,2024-04-09,CUST-00511,PROD-0205,Clothing,Size Issue,1699.4474534549029,59.186359536294205,16,0,
RET-002736,ORD-000296,2024-01-23,CUST-01073,PROD-0127,Clothing,Not as Described,1889.2533603926563,33.657113383219794,3,0,3.0
RET-002737,ORD-006151,2023-04-17,CUST-00600,PROD-0175,Clothing,Wrong Item,1507.765092739086,32.121725939995486,15,0,4.0
RET-002738,ORD-003686,2023-01-13,CUST-01604,PROD-0177,Home,Changed Mind,1974.6077493017517,42.13022806829756,15,1,1.0
RET-002739,ORD-003631,2023-04-08,CUST-01296,PROD-0203,Electronics,Not as Described,278.26693486737196,8.675720673713627,20,0,2.0
RET-002740,ORD-004272,2024-02-24,CUST-01801,PROD-0332,Electronics,Changed Mind,614.9980501508445,22.83934012620634,3,0,2.0
RET-002741,ORD-004418,2023-03-30,CUST-00745,PROD-0485,Clothing,Changed Mind,1626.4518319763533,66.77809600352585,12,0,3.0
RET-002742,ORD-009730,2024-02-14,CUST-01572,PROD-0243,Electronics,Not as Described,1743.4997289118567,97.50414888787327,25,0,2.0
RET-002743,ORD-006832,2022-08-09,CUST-00293,PROD-0116,Electronics,Changed Mind,1900.5548576162269,63.24955709023173,23,0,5.0
RET-002744,ORD-009036,2023-03-23,CUST-01730,PROD-0491,Home,Changed Mind,1765.4998949604305,93.83251310933298,12,0,
RET-002745,ORD-008480,2022-09-01,CUST-01734,PROD-0500,Clothing,Wrong Item,1165.4104440638648,42.432170666770915,5,0,5.0
RET-002746,ORD-002518,2023-10-23,CUST-01922,PROD-0257,Electronics,Wrong Item,611.5275994022318,68.01471863644525,0,0,5.0
RET-002747,ORD-002603,2023-09-10,CUST-00582,PROD-0106,Clothing,Not as Described,49.37594012680693,51.13602224565128,18,0,5.0
RET-002748,ORD-004980,2022-09-26,CUST-00459,PROD-0091,Clothing,Size Issue,1000.9424990481263,58.581096045071945,0,0,1.0
RET-002749,ORD-006188,2023-02-09,CUST-00364,PROD-0486,Home,Defective,1847.6611902546472,80.734127113394,22,0,4.0
RET-002750,ORD-008793,,CUST-00183,PROD-0311,Home,Wrong Item,1256.5931602078635,19.12651557263141,22,0,3.0
RET-002751,ORD-007041,2023-08-09,CUST-01396,PROD-0391,Clothing,Size Issue,754.3879189667372,88.03946454260033,6,0,4.0
RET-002752,ORD-006437,2023-01-06,CUST-01133,PROD-0260,Electronics,Not as Described,1129.6827505049412,40.65312967978477,17,1,5.0
RET-002753,ORD-008015,2023-11-11,CUST-01528,PROD-0464,Electronics,Defective,766.2956630467413,26.31983516579939,26,0,1.0
RET-002754,ORD-000715,2023-10-22,CUST-00207,PROD-0403,Beauty,Defective,1769.6419308514917,98.27291485847634,6,0,1.0
RET-002755,ORD-004043,2023-08-28,CUST-01759,PROD-0463,Clothing,Defective,1824.4260390301854,78.34516940516906,23,0,3.0
RET-002756,ORD-001285,2022-07-16,CUST-01903,PROD-0082,Clothing,Not as Described,740.7463425245284,31.293433642341196,17,1,5.0
RET-002757,ORD-006741,2023-01-19,CUST-01631,PROD-0212,Home,Changed Mind,428.653171495096,74.5269168873406,17,0,3.0
RET-002758,ORD-006255,2023-04-24,CUST-01497,PROD-0196,Clothing,Not as Described,1472.4759510610209,7.643093317405636,9,1,3.0
RET-002759,ORD-005688,2023-07-30,CUST-01660,PROD-0331,Electronics,Size Issue,1880.940045603639,75.89987369477012,14,0,5.0
RET-002760,ORD-004682,2024-02-24,CUST-00401,PROD-0010,Clothing,Wrong Item,748.8545558093015,63.56546999680437,2,0,2.0
RET-002761,ORD-005169,2023-02-11,CUST-01490,PROD-0489,Clothing,Size Issue,486.64446354020157,1.3936472020572688,25,0,4.0
RET-002762,ORD-007386,2023-01-26,CUST-00533,PROD-0202,Electronics,Wrong Item,720.4676305432861,21.268637120037216,15,0,3.0
RET-002763,ORD-004271,2023-09-22,CUST-00888,PROD-0305,Electronics,Not as Described,647.4361560777977,28.870856531687494,26,0,1.0
RET-002764,ORD-007058,2022-06-06,CUST-00689,PROD-0340,Electronics,Defective,650.3482195926342,40.540916117088976,11,0,
RET-002765,ORD-004960,2023-03-21,CUST-00631,PROD-0191,Electronics,Defective,311.3877385965549,92.00803765351795,22,0,3.0
RET-002766,ORD-001577,2023-05-21,CUST-00553,PROD-0049,Home,Defective,1590.61771390812,67.93233320216923,26,0,5.0
RET-002767,ORD-001080,2024-03-09,CUST-00017,PROD-0170,Beauty,Wrong Item,1461.8751810809094,4.367228535762823,20,0,1.0
RET-002768,ORD-002242,2023-03-06,CUST-01238,PROD-0102,Beauty,Changed Mind,33.9170496445943,70.72531511244338,21,0,4.0
RET-002769,ORD-006357,2023-10-31,CUST-01614,PROD-0057,Home,Not as Described,1015.0741995507864,89.18038640897157,19,0,3.0
RET-002770,ORD-005964,2022-12-22,CUST-00666,PROD-0170,Home,Defective,88.50833057962994,81.43355272593973,4,0,3.0
RET-002771,ORD-001967,2024-01-12,CUST-01121,PROD-0097,Beauty,Wrong Item,800.0709231122331,45.94658816605697,26,1,5.0
RET-002772,ORD-003543,2023-04-08,CUST-00007,PROD-0122,Clothing,Changed Mind,1967.543653977121,58.20985001859618,2,0,5.0
RET-002773,ORD-003609,2022-12-14,CUST-01616,PROD-0091,Electronics,Defective,1826.0332198963786,69.26801941829576,18,0,1.0
RET-002774,ORD-005193,2024-02-08,CUST-01727,PROD-0296,Beauty,Wrong Item,50.57549602028488,65.87674175756723,12,0,3.0
RET-002775,ORD-009914,2023-01-10,CUST-00266,PROD-0125,Electronics,Changed Mind,213.81738013911666,15.287296586076737,16,1,
RET-002776,ORD-002605,2022-11-28,CUST-01693,PROD-0222,Electronics,Changed Mind,401.74357381215617,95.22677586602177,0,0,4.0
RET-002777,ORD-001488,2024-03-06,CUST-00089,PROD-0349,Beauty,Changed Mind,180.34551121580353,97.23071382922839,8,0,3.0
RET-002778,ORD-001258,2023-10-25,CUST-00260,PROD-0297,Electronics,Size Issue,603.4245263390898,86.80212001708621,26,0,1.0
RET-002779,ORD-004756,2022-09-15,CUST-01025,PROD-0007,Clothing,Size Issue,962.3735711341515,18.868227520959646,23,0,3.0
RET-002780,ORD-000718,2022-10-18,CUST-00038,PROD-0227,Electronics,Size Issue,1687.0645135620482,99.91058006938088,8,0,5.0
RET-002781,ORD-000115,2023-04-23,CUST-00668,PROD-0125,Electronics,Changed Mind,894.729499361626,32.846768577055784,1,0,1.0
RET-002782,ORD-005572,2024-01-13,CUST-00628,PROD-0032,Home,Size Issue,1754.8632152652106,92.98503198437372,26,0,2.0
RET-002783,ORD-009412,2023-01-13,CUST-01066,PROD-0426,Beauty,Size Issue,911.1334402973638,93.60526119277645,0,0,3.0
RET-002784,ORD-003410,2023-05-25,CUST-01345,PROD-0277,Beauty,Size Issue,1184.9882665922369,13.807546804786098,18,0,1.0
RET-002785,ORD-000912,2022-07-13,CUST-00788,PROD-0017,Electronics,Defective,307.1380372194564,31.64011780841799,19,0,2.0
RET-002786,ORD-008624,2022-07-16,CUST-00120,PROD-0128,Clothing,Wrong Item,774.8427236320927,64.88405183184096,24,0,5.0
RET-002787,ORD-009136,2022-08-13,CUST-00587,PROD-0020,Beauty,Not as Described,1799.0765047438447,63.14785851216308,20,1,1.0
RET-002788,ORD-005839,2022-06-21,CUST-01797,PROD-0182,Home,Wrong Item,1496.758292032595,9.3326478311056,22,0,5.0
RET-002789,ORD-000872,2023-12-02,CUST-01570,PROD-0213,Clothing,Wrong Item,1802.0234945764794,70.57692230520117,28,0,3.0
RET-002790,ORD-005124,2023-08-21,CUST-01437,PROD-0310,Beauty,Not as Described,761.8209776089469,86.80987402464929,29,0,4.0
RET-002791,ORD-004060,2023-05-19,CUST-00854,PROD-0317,Beauty,Changed Mind,717.0113373779349,26.780797680776647,7,0,2.0
RET-002792,ORD-005754,2022-06-10,CUST-01226,PROD-0246,Home,Changed Mind,1592.5955323567873,82.09083605408497,28,0,2.0
RET-002793,ORD-009682,2022-06-13,CUST-01982,PROD-0374,Beauty,Wrong Item,479.7281418084036,18.769609115239017,0,0,1.0
RET-002794,ORD-005947,2024-04-09,CUST-00070,PROD-0357,Home,Defective,1614.0779588545267,67.15892247096687,28,1,1.0
RET-002795,ORD-004988,2022-07-01,CUST-00646,PROD-0042,Electronics,Not as Described,935.3408257247007,65.6288622010761,10,1,2.0
RET-002796,ORD-004121,2023-06-02,CUST-01801,PROD-0231,Beauty,Defective,809.2238495891855,4.991854090411629,7,0,5.0
RET-002797,ORD-004754,2024-04-12,CUST-01217,PROD-0036,Beauty,Wrong Item,1527.5562136228837,81.73609359287212,17,0,5.0
RET-002798,ORD-002652,2023-06-16,CUST-00362,PROD-0235,Home,Wrong Item,1726.0977769338588,16.824578862867433,23,1,2.0
RET-002799,ORD-007404,2023-03-23,CUST-01861,PROD-0161,Electronics,Defective,542.5995867736241,2.0761423175778004,2,0,5.0
RET-002800,ORD-006512,2024-03-09,CUST-01573,PROD-0187,Clothing,Changed Mind,1657.2917977412856,44.2027228890244,8,0,3.0
RET-002801,ORD-005255,2022-07-30,CUST-01479,PROD-0396,Home,Defective,770.3975767690978,43.07326627231283,18,0,3.0
RET-002802,ORD-004550,2022-07-09,CUST-01991,PROD-0435,Electronics,Defective,353.8916692288497,91.03671673675842,11,1,2.0
RET-002803,ORD-002019,2022-06-14,CUST-01396,PROD-0362,Beauty,Defective,906.4641266317207,50.11645730745718,25,0,3.0
RET-002804,ORD-003821,2024-03-26,CUST-00867,PROD-0428,Clothing,Size Issue,101.75362709567001,93.45050472017697,2,0,2.0
RET-002805,ORD-001691,2022-12-03,CUST-01269,PROD-0421,Electronics,Defective,683.0070619169269,21.237303354337133,8,0,1.0
RET-002806,ORD-006601,2023-06-10,CUST-00048,PROD-0310,Clothing,Not as Described,216.84143781110257,27.034743784500115,25,0,5.0
RET-002807,ORD-002021,2023-08-15,CUST-00875,PROD-0421,Electronics,Size Issue,162.10770677326678,72.81668893735811,8,0,5.0
RET-002808,ORD-003510,2024-01-30,CUST-00086,PROD-0375,Electronics,Not as Described,1523.0441909921888,53.976265061092754,7,0,1.0
RET-002809,ORD-000502,2023-07-30,CUST-01475,PROD-0460,Electronics,Not as Described,1389.7100861434808,58.88750112455008,22,0,1.0
RET-002810,ORD-008877,2023-09-07,CUST-01804,PROD-0226,Home,Not as Described,1342.1913836134067,65.7808814089644,18,0,4.0
RET-002811,ORD-008854,2023-11-22,CUST-00309,PROD-0479,Electronics,Not as Described,337.41720615751046,1.5964627404358112,0,0,4.0
RET-002812,ORD-009017,2022-11-14,CUST-01629,PROD-0487,Home,Changed Mind,672.8519872738547,58.08082306489645,17,0,2.0
RET-002813,ORD-003270,2024-04-12,CUST-01034,PROD-0469,Home,Wrong Item,972.4185566582435,25.575587338308114,1,0,3.0
RET-002814,ORD-005188,2023-09-17,CUST-01722,,Clothing,Changed Mind,1448.8804387587124,1.191850306911868,8,0,1.0
RET-002815,ORD-000254,2022-12-23,CUST-01320,PROD-0369,Electronics,Size Issue,1320.4926354031816,94.72514729239882,26,1,3.0
RET-002816,ORD-006299,2023-12-19,CUST-00624,PROD-0068,Electronics,Not as Described,1676.5529284554361,46.19486318637299,1,0,1.0
RET-002817,ORD-006295,2023-04-28,CUST-01652,PROD-0406,Home,Defective,1165.702176388735,36.15790013474588,7,1,2.0
RET-002818,ORD-000058,2022-06-26,CUST-00595,PROD-0381,Home,Changed Mind,1945.1438081970696,31.93947544686462,5,1,1.0
RET-002819,ORD-002889,2023-03-22,CUST-00419,PROD-0493,Electronics,Size Issue,1887.336743404386,70.88798958771872,19,0,4.0
RET-002820,ORD-001849,2022-07-12,CUST-01488,PROD-0164,Home,Defective,686.3194672479855,1.5072912942855843,9,0,5.0
RET-002821,,2023-09-27,CUST-01934,PROD-0417,Clothing,Wrong Item,1984.1547294640948,240.59566383874315,22,0,3.0
RET-002822,ORD-006252,2022-09-13,CUST-01159,PROD-0350,Beauty,Size Issue,99.6117905975129,72.3917576528304,29,0,5.0
RET-002823,ORD-001002,2024-02-20,CUST-01629,PROD-0082,Beauty,Not as Described,1469.6594209224577,46.803798456527666,1,1,3.0
RET-002824,ORD-001746,2024-03-01,CUST-00185,PROD-0312,Home,Not as Described,15.07491599905406,29.79578580349721,6,1,2.0
RET-002825,ORD-002422,2022-07-16,CUST-01355,PROD-0305,Electronics,Not as Described,1898.2674810932099,78.68409643137669,13,1,4.0
RET-002826,ORD-003576,2023-04-06,CUST-00090,PROD-0216,Beauty,Not as Described,748.6108517690903,71.96207783670174,25,0,3.0
RET-002827,ORD-002239,2022-09-28,CUST-00472,PROD-0424,Clothing,Changed Mind,221.56514397703128,3.1804294677609923,28,0,3.0
RET-002828,ORD-000023,2023-10-26,CUST-01782,PROD-0157,Clothing,Wrong Item,356.22249849571466,84.28200460460205,22,0,5.0
RET-002829,ORD-004401,2023-02-07,CUST-01950,PROD-0088,Clothing,Size Issue,316.1516048985171,48.16457696075553,25,0,2.0
RET-002830,ORD-006549,2024-02-06,CUST-01501,PROD-0456,Electronics,Changed Mind,595.0298405081289,61.46022709781258,0,1,2.0
RET-002831,ORD-009785,,CUST-00660,PROD-0397,Electronics,Size Issue,374.349266613752,26.7453141334303,25,0,1.0
RET-002832,ORD-000432,2023-01-11,CUST-01092,PROD-0001,Clothing,Changed Mind,379.1716996638048,18.577204985609363,2,0,4.0
RET-002833,ORD-002179,2023-11-03,CUST-01920,PROD-0002,Beauty,Not as Described,1093.178353304868,2.593435374692721,12,0,3.0
RET-002834,ORD-006824,,CUST-00276,PROD-0290,Clothing,Changed Mind,681.7532066250624,61.169334625356775,12,0,1.0
RET-002835,ORD-004058,2024-04-30,CUST-00436,PROD-0376,Electronics,Changed Mind,881.154227618001,51.5835313081527,12,0,2.0
RET-002836,,2023-08-14,CUST-00272,PROD-0241,Home,Changed Mind,1697.9634503083055,94.55800062085963,8,0,5.0
RET-002837,ORD-003684,2023-09-18,CUST-01043,PROD-0197,Home,Wrong Item,61.45372153192214,92.83784912942976,8,0,4.0
RET-002838,,2022-12-12,CUST-01348,PROD-0319,Beauty,Size Issue,1275.664716675978,5.93829545871295,17,1,3.0
RET-002839,ORD-002143,2022-06-15,CUST-00344,PROD-0252,Electronics,Wrong Item,744.4816735098575,36.53026405617962,21,0,3.0
RET-002840,ORD-009796,2023-11-30,CUST-01709,PROD-0187,Clothing,Changed Mind,277.86496937392144,20.252502422743646,13,0,4.0
RET-002841,ORD-005225,2023-12-11,CUST-01854,PROD-0210,Beauty,Wrong Item,1746.4021122668037,85.54562288672797,2,0,3.0
RET-002842,ORD-002690,2023-06-14,CUST-00417,PROD-0360,Clothing,Not as Described,1216.718315742911,49.00525331485785,11,0,4.0
RET-002843,ORD-004648,,CUST-00667,PROD-0353,Home,Changed Mind,207.59344739120104,72.43231936996382,29,0,5.0
RET-002844,ORD-006723,2023-12-19,CUST-00145,PROD-0393,Electronics,Not as Described,1585.0145194299557,72.17380534503407,27,0,1.0
RET-002845,ORD-005227,2024-03-26,CUST-01938,PROD-0182,Electronics,Defective,562.0065953278408,27.873858802975672,9,1,3.0
RET-002846,ORD-009848,2023-08-14,CUST-01612,PROD-0245,Clothing,Wrong Item,1755.3468818735928,39.450050497775045,5,1,5.0
RET-002847,,2024-04-14,CUST-01244,PROD-0046,Clothing,Size Issue,359.32477092450534,0.867940920462773,27,0,5.0
RET-002848,,2023-10-15,CUST-00991,PROD-0408,Home,Size Issue,1143.909564747906,55.27552846370261,3,0,4.0
RET-002849,ORD-001031,2022-11-04,CUST-00623,PROD-0083,Home,Size Issue,209.4638323702358,27.702817374573385,29,0,4.0
RET-002850,,2022-06-06,CUST-00411,PROD-0402,Electronics,Wrong Item,1382.1232315445727,65.2317119681576,6,0,3.0
RET-002851,ORD-008751,2024-01-21,CUST-00616,PROD-0200,Clothing,Defective,456.6664037203155,44.14000723050718,8,0,2.0
RET-002852,ORD-001306,2023-10-06,CUST-00323,PROD-0023,Clothing,Wrong Item,1330.8632574468493,46.421223362563545,29,1,
RET-002853,ORD-000453,2022-06-11,CUST-00094,PROD-0248,Beauty,Defective,1960.926522574527,40.002185313124805,16,0,2.0
RET-002854,ORD-002924,2022-08-03,CUST-00904,PROD-0263,Electronics,Not as Described,828.3447420567164,45.74307056307455,21,0,4.0
RET-002855,ORD-005625,2023-09-22,CUST-01121,PROD-0225,Home,Not as Described,1798.0702240899564,49.812407540405246,7,0,3.0
RET-002856,ORD-000118,2023-05-12,CUST-01182,PROD-0420,Clothing,Changed Mind,1382.2759323930513,56.22543243885153,5,0,1.0
RET-002857,ORD-000083,2023-04-21,CUST-00383,PROD-0092,Beauty,Not as Described,185.03891739619633,6.885894983206686,25,0,5.0
RET-002858,ORD-005011,2023-01-18,CUST-00515,PROD-0322,Electronics,Size Issue,1203.9569369214535,71.85972869507951,26,1,5.0
RET-002859,ORD-008534,2023-06-22,CUST-00736,PROD-0158,Beauty,Wrong Item,1900.8415903025664,44.330913810492234,28,0,3.0
RET-002860,ORD-006677,2022-06-27,CUST-01744,PROD-0177,Beauty,Not as Described,1457.3693118179933,92.13170983877622,4,0,4.0
RET-002861,ORD-004364,2022-08-15,CUST-00487,PROD-0034,Home,Not as Described,126.1472441043134,99.03869392822898,20,0,2.0
RET-002862,ORD-006887,2024-03-29,CUST-01097,PROD-0026,Beauty,Not as Described,215.69942436118635,2.935583554166543,20,0,2.0
RET-002863,ORD-004732,2024-04-23,CUST-01747,PROD-0010,Home,Size Issue,1344.873764378281,72.00379099825642,27,0,2.0
RET-002864,ORD-002712,2022-12-24,CUST-01986,,Electronics,Wrong Item,353.3450577791125,78.14043403018127,24,0,4.0
RET-002865,,2022-07-20,CUST-00781,PROD-0322,Clothing,Wrong Item,508.2830089890534,40.374647875333615,1,1,3.0
RET-002866,ORD-000866,2023-02-07,CUST-00161,PROD-0366,Beauty,Changed Mind,251.04448152854528,51.67041009202369,8,0,4.0
RET-002867,ORD-006354,2023-06-29,CUST-00369,PROD-0024,Clothing,Defective,156.11245464376407,3.552941056372838,2,1,2.0
RET-002868,ORD-009119,2024-01-07,CUST-01357,PROD-0104,Home,Changed Mind,1671.068695390624,62.62080319550667,17,1,1.0
RET-002869,ORD-005664,2023-05-02,CUST-00095,PROD-0233,Beauty,Changed Mind,876.4260518718119,14.880657913121265,5,1,3.0
RET-002870,ORD-001358,2023-11-20,CUST-01477,PROD-0346,Clothing,Not as Described,1643.5305377363668,65.83464487174115,1,1,2.0
RET-002871,ORD-002312,2024-02-16,CUST-01417,PROD-0246,Clothing,Defective,1691.3454878253067,19.068942232655882,29,0,1.0
RET-002872,ORD-005534,2023-09-02,CUST-00379,PROD-0351,Clothing,Defective,1852.9913207757738,14.294924811940223,15,0,5.0
RET-002873,ORD-006317,2024-03-29,CUST-01170,PROD-0029,Home,Defective,1505.951853966231,17.19039904408821,6,1,
RET-002874,ORD-009608,2023-09-17,CUST-00377,PROD-0445,Beauty,Defective,788.6368443083618,17.4608137085704,26,1,1.0
RET-002875,ORD-009411,2023-12-27,CUST-00716,PROD-0003,Beauty,Not as Described,1387.41675576926,90.12694068847513,29,0,2.0
RET-002876,ORD-008207,2022-12-02,CUST-01851,PROD-0464,Electronics,Wrong Item,1098.1259022029105,7.766000385494987,15,0,1.0
RET-002877,ORD-002380,2023-02-09,CUST-01645,PROD-0405,Home,Defective,1135.472130957933,31.788382761343705,13,1,5.0
RET-002878,ORD-003906,2022-06-19,CUST-01245,PROD-0398,Clothing,Not as Described,15.8040041317237,91.72850214557882,3,1,4.0
RET-002879,ORD-000831,2023-05-22,CUST-00043,,Home,Wrong Item,1339.6910204303624,22.09115955349148,16,0,1.0
RET-002880,ORD-002008,2023-03-25,CUST-01884,PROD-0401,Clothing,Size Issue,1078.2667054912013,4.8486549935797925,5,0,4.0
RET-002881,ORD-001326,2022-12-09,CUST-01528,PROD-0424,Home,Not as Described,1874.633867954011,98.25292614847854,16,0,3.0
RET-002882,ORD-004664,2023-12-02,CUST-01411,PROD-0277,Home,Changed Mind,500.08230473006097,0.20709775391446472,7,0,4.0
RET-002883,ORD-004087,2024-03-12,CUST-01201,PROD-0285,Clothing,Not as Described,656.941949270861,29.883805165725374,24,0,1.0
RET-002884,ORD-004003,2023-05-23,CUST-00021,PROD-0376,Clothing,Wrong Item,1728.3924493768125,80.09247448153285,21,0,4.0
RET-002885,ORD-005757,,CUST-00286,PROD-0381,Beauty,Wrong Item,834.4628784957683,94.01107409896808,25,0,5.0
RET-002886,ORD-000692,2023-06-23,CUST-00327,PROD-0317,Home,Defective,1238.262793394278,57.557163028245796,13,0,2.0
RET-002887,ORD-005072,2022-11-15,CUST-00093,PROD-0337,Home,Changed Mind,64.82095185508044,79.09601642400409,16,0,3.0
RET-002888,ORD-001893,2024-03-11,CUST-00721,PROD-0170,Home,Changed Mind,1059.865999480964,18.392810889763066,4,0,4.0
RET-002889,ORD-000436,2024-03-05,CUST-00162,PROD-0353,Home,Changed Mind,116.13428256067385,48.6246622063118,6,0,2.0
RET-002890,ORD-000310,2022-12-18,CUST-01800,PROD-0147,Electronics,Changed Mind,208.4757832634957,39.38429110811054,18,0,2.0
RET-002891,ORD-009746,2024-04-15,CUST-01196,PROD-0382,Electronics,Not as Described,1702.021686442832,61.51061394547155,18,0,5.0
RET-002892,ORD-005584,2023-06-10,CUST-01657,PROD-0071,Electronics,Defective,232.80803086770706,75.42585568573102,0,0,4.0
RET-002893,ORD-000190,2024-02-15,CUST-01481,PROD-0423,Beauty,Changed Mind,969.6315630374148,64.84970748045124,4,1,2.0
RET-002894,ORD-005553,2023-12-14,CUST-01569,PROD-0167,Beauty,Not as Described,972.5464992106539,83.18477893847617,5,0,3.0
RET-002895,ORD-008912,2022-11-19,CUST-01846,PROD-0048,Electronics,Changed Mind,298.9357602534395,76.26458100306375,10,1,2.0
RET-002896,ORD-007929,2023-10-14,CUST-01136,PROD-0390,Electronics,Changed Mind,570.0227276959415,48.78469315639858,12,0,3.0
RET-002897,ORD-009575,2022-06-04,CUST-01929,,Home,Not as Described,903.1662253443784,83.90720239774112,29,0,1.0
RET-002898,ORD-004588,2024-02-06,CUST-01384,PROD-0446,Beauty,Size Issue,225.0928366849441,11.828788714335236,16,0,2.0
RET-002899,ORD-004377,2022-08-01,CUST-00126,PROD-0014,Beauty,Defective,1957.5749095238814,88.52868713879015,6,0,1.0
RET-002900,ORD-000456,2023-08-08,CUST-01032,PROD-0015,Home,Wrong Item,424.1392499179924,81.15315507440457,11,1,2.0
RET-002901,ORD-004785,2024-02-12,CUST-00849,PROD-0469,Home,Wrong Item,303.55533420134975,1.4966380006709357,23,0,3.0
RET-002902,ORD-004303,2023-08-08,CUST-00480,PROD-0373,Clothing,Not as Described,435.8815591178281,8.752233418235145,1,0,4.0
RET-002903,ORD-007513,2023-06-26,CUST-01891,PROD-0480,Clothing,Not as Described,1353.1155712422399,98.30047085419065,3,1,3.0
RET-002904,ORD-007208,,CUST-00992,PROD-0241,Beauty,Size Issue,1930.1364660420136,9.392053988419658,14,1,5.0
RET-002905,ORD-008000,2022-07-30,CUST-00602,PROD-0136,Home,Defective,1196.7466619103425,56.4785612576422,26,0,3.0
RET-002906,ORD-009962,2023-12-06,CUST-01582,PROD-0283,Beauty,Defective,1574.7256751116877,82.94010997686114,11,0,4.0
RET-002907,ORD-008364,2023-04-12,CUST-01813,PROD-0148,Clothing,Not as Described,621.8589938397353,42.7339203047973,5,0,3.0
RET-002908,ORD-005117,2022-06-27,CUST-01202,PROD-0202,Beauty,Wrong Item,935.6263041745748,348.09096156528267,9,0,1.0
RET-002909,ORD-008036,2023-08-13,CUST-01787,PROD-0048,Beauty,Size Issue,943.0516161272061,40.3876646972489,8,0,2.0
RET-002910,ORD-006962,2022-12-23,CUST-00648,PROD-0379,Beauty,Changed Mind,1624.828766297667,11.108301454186076,24,0,1.0
RET-002911,ORD-003665,2023-03-10,CUST-00342,PROD-0383,Beauty,Wrong Item,843.5328888640776,5.2685028307371535,16,0,1.0
RET-002912,ORD-000853,2023-06-18,CUST-00167,PROD-0419,Clothing,Changed Mind,408.55535830186403,87.95914175157323,25,1,2.0
RET-002913,ORD-003298,2023-01-13,CUST-00046,PROD-0105,Clothing,Wrong Item,402.3772186503246,70.22269992146407,9,0,2.0
RET-002914,ORD-004601,2024-04-20,CUST-00057,PROD-0357,Clothing,Defective,1024.34201901492,91.35807918690317,17,0,1.0
RET-002915,ORD-005357,2024-03-25,CUST-00529,PROD-0310,Home,Wrong Item,89.0627624439957,66.6810620359088,21,0,
RET-002916,ORD-003389,2023-07-16,CUST-00330,PROD-0291,Home,Not as Described,1753.4963549364213,78.80704761136926,19,1,3.0
RET-002917,,2023-03-31,CUST-01036,PROD-0035,Home,Wrong Item,82.18663486055881,52.274750692708196,18,0,3.0
RET-002918,ORD-005716,2024-03-13,CUST-00880,PROD-0326,Beauty,Changed Mind,1882.4700279146564,72.84126229156696,14,0,4.0
RET-002919,ORD-007947,2023-02-09,CUST-00221,PROD-0007,Beauty,Not as Described,857.1848543589612,38.537377837686826,27,1,1.0
RET-002920,ORD-007093,,CUST-00214,PROD-0235,Electronics,Changed Mind,1833.5556296564685,57.989703855374984,6,1,2.0
RET-002921,ORD-003607,2023-11-11,CUST-00364,PROD-0197,Clothing,Defective,520.6572915743229,50.797922142143406,2,1,
RET-002922,ORD-007509,2022-07-04,CUST-00998,PROD-0365,Clothing,Wrong Item,1327.1824982592161,77.4842342282702,5,0,3.0
RET-002923,ORD-003836,2022-11-18,CUST-01703,PROD-0218,Beauty,Defective,1639.594764972059,71.52001855031716,12,1,3.0
RET-002924,ORD-009048,2022-11-17,CUST-01706,PROD-0068,Electronics,Wrong Item,1024.6737345384727,82.95005959324605,22,1,3.0
RET-002925,ORD-006991,2023-12-03,CUST-00786,PROD-0283,Electronics,Changed Mind,687.6700275945266,49.48860817914118,20,0,1.0
RET-002926,ORD-000027,2023-07-16,CUST-00423,PROD-0001,Clothing,Wrong Item,833.5052777962451,77.29860988236241,20,1,3.0
RET-002927,ORD-009140,2024-04-14,CUST-01509,PROD-0355,Beauty,Defective,783.4344276243298,78.77122065997571,15,0,2.0
RET-002928,ORD-007122,2024-01-29,CUST-01317,PROD-0391,Home,Wrong Item,304.51292482606937,31.82992449062375,19,0,3.0
RET-002929,ORD-008783,2022-08-19,CUST-01419,PROD-0049,Clothing,Changed Mind,1290.79188465643,65.94726475917213,9,1,2.0
RET-002930,ORD-008846,2023-10-11,CUST-01266,PROD-0097,Beauty,Defective,36.49399762861481,21.65598748930715,12,1,3.0
RET-002931,ORD-002537,2022-06-13,CUST-00953,PROD-0115,Clothing,Not as Described,661.1709524808032,93.11197786114558,23,0,1.0
RET-002932,ORD-008824,,CUST-00464,PROD-0381,Clothing,Wrong Item,557.7422454904364,21.237027340643767,20,0,1.0
RET-002933,ORD-002604,2023-08-23,CUST-00718,PROD-0205,Clothing,Changed Mind,1252.0917478405659,29.253869505888595,27,1,1.0
RET-002934,ORD-004272,2023-05-10,CUST-00111,PROD-0251,Beauty,Not as Described,904.3424664926462,35.853064971970596,27,0,5.0
RET-002935,ORD-008679,2024-02-29,CUST-00159,PROD-0473,Electronics,Not as Described,229.00450381426296,68.39864327128137,11,0,3.0
RET-002936,ORD-009580,2023-08-10,CUST-01082,PROD-0383,Clothing,Wrong Item,1164.7259950466837,36.018087851588035,22,0,4.0
RET-002937,ORD-007396,2024-02-27,CUST-00050,PROD-0482,Home,Not as Described,1790.4360797432043,71.37850768765922,16,1,4.0
RET-002938,ORD-007391,2023-02-26,CUST-00136,PROD-0269,Home,Defective,381.80962619581993,30.779127730730348,17,0,4.0
RET-002939,ORD-007346,2022-08-16,CUST-01257,PROD-0367,Beauty,Size Issue,1041.886224779513,36.40788670810713,13,0,2.0
RET-002940,ORD-000591,2023-01-19,CUST-01172,PROD-0127,Clothing,Wrong Item,521.4154104302672,25.567028391618685,10,0,2.0
RET-002941,ORD-002243,2023-04-05,CUST-00938,PROD-0328,Home,Wrong Item,1939.6516231038372,68.94151349908549,9,0,1.0
RET-002942,ORD-004573,2023-11-24,CUST-00307,PROD-0376,Electronics,Changed Mind,1853.2110586129363,66.26435970134008,13,1,2.0
RET-002943,ORD-001983,2023-02-08,CUST-00429,PROD-0022,Beauty,Wrong Item,1182.8818535674845,89.49867871048203,29,0,5.0
RET-002944,ORD-002483,2024-04-16,CUST-01189,PROD-0094,Clothing,Defective,524.9674271005134,13.023747084021709,20,0,3.0
RET-002945,ORD-002359,2023-09-12,CUST-01916,PROD-0487,Home,Wrong Item,1508.247212950711,5.928488286007816,14,1,2.0
RET-002946,ORD-005023,2022-11-20,CUST-01608,PROD-0464,Clothing,Size Issue,1269.9071190260574,96.1379274412016,19,0,5.0
RET-002947,ORD-004025,2024-04-19,CUST-01485,PROD-0160,Clothing,Not as Described,1292.36590913832,64.98334083823141,21,0,3.0
RET-002948,ORD-002557,2022-08-19,CUST-01537,PROD-0276,Clothing,Wrong Item,1840.976467003003,38.11339958106114,5,0,2.0
RET-002949,ORD-004401,2022-09-13,CUST-01824,PROD-0102,Electronics,Wrong Item,75.84040157758344,95.39613921441227,28,1,1.0
RET-002950,ORD-008502,2023-06-06,CUST-00139,PROD-0196,Electronics,Changed Mind,1371.9333640934858,18.49402083583097,16,0,2.0
RET-002951,ORD-009615,2024-01-28,CUST-00589,PROD-0261,Home,Defective,921.7072705768564,1.613814362812882,22,0,5.0
RET-002952,ORD-008713,2022-11-22,CUST-00151,PROD-0203,Electronics,Defective,503.8622459239005,27.799387123607524,7,0,4.0
RET-002953,ORD-000584,2024-03-14,CUST-01656,PROD-0123,Home,Size Issue,1619.3067725359067,53.41670526224065,10,0,2.0
RET-002954,ORD-005650,2023-07-12,CUST-01781,PROD-0486,Clothing,Defective,1907.7360452884434,76.22994259380367,10,0,5.0
RET-002955,ORD-001675,,CUST-00793,PROD-0237,Electronics,Not as Described,1988.5212685582942,13.049802510185627,2,0,4.0
RET-002956,ORD-000742,2022-10-10,CUST-00538,PROD-0186,Clothing,Changed Mind,150.40700784554474,10.281926924464702,18,1,1.0
RET-002957,ORD-007982,2023-01-18,CUST-01984,PROD-0294,Beauty,Wrong Item,1006.5348290378195,88.83861724293213,10,0,4.0
RET-002958,ORD-008741,2023-12-24,CUST-00265,PROD-0047,Clothing,Defective,53.033178828231286,49.92394561861848,29,0,2.0
RET-002959,ORD-003888,2024-01-14,CUST-01981,PROD-0343,Electronics,Changed Mind,615.2278978069289,87.4353200786226,8,0,5.0
RET-002960,ORD-003923,2023-03-04,CUST-00183,PROD-0265,Clothing,Defective,467.61786409644844,25.899587228028075,1,0,5.0
RET-002961,ORD-007641,2022-07-01,CUST-00314,PROD-0233,Beauty,Not as Described,827.5150527668796,60.38216690223365,27,1,5.0
RET-002962,ORD-007479,2023-10-16,CUST-01690,PROD-0180,Home,Defective,668.8356123369264,10.0010615711004,2,1,5.0
RET-002963,ORD-002256,2022-11-11,CUST-01989,PROD-0396,Electronics,Wrong Item,434.7270671639543,33.96509425432869,1,0,
RET-002964,ORD-001803,2022-08-15,CUST-01111,PROD-0445,Home,Size Issue,1922.3824730709416,94.18433287875658,21,0,3.0
RET-002965,ORD-008496,2024-04-12,CUST-00708,PROD-0028,Beauty,Not as Described,583.7685463914962,79.56137595366843,19,0,4.0
RET-002966,ORD-004845,2023-04-13,CUST-01280,PROD-0214,Beauty,Defective,795.6010094767815,42.600498441288245,17,0,4.0
RET-002967,ORD-001023,2023-12-28,CUST-01339,PROD-0490,Beauty,Not as Described,911.473957390162,51.95589291290864,16,0,1.0
RET-002968,ORD-002503,2024-03-25,CUST-00793,PROD-0285,Home,Size Issue,345.21938164459544,97.23650903860691,19,0,1.0
RET-002969,ORD-006703,2023-03-09,CUST-00528,PROD-0432,Clothing,Changed Mind,1135.4134260520505,84.15823932287232,12,0,
RET-002970,ORD-005221,2023-03-20,CUST-00162,PROD-0365,Clothing,Defective,978.7160356873196,86.69170073841805,23,0,3.0
RET-002971,ORD-007680,2024-02-23,CUST-00284,PROD-0227,Beauty,Defective,722.6216381698954,31.298448777740738,15,0,3.0
RET-002972,ORD-004884,2024-04-16,CUST-00731,PROD-0173,Electronics,Defective,1501.515370720595,93.35711405491315,14,0,1.0
RET-002973,ORD-005937,2023-09-11,CUST-01840,PROD-0285,Beauty,Changed Mind,421.35782402576746,94.95812667303248,27,0,1.0
RET-002974,ORD-008712,2023-10-24,CUST-00316,PROD-0153,Home,Wrong Item,1106.2548548753373,11.690000097523146,9,1,
RET-002975,ORD-000977,2022-12-03,CUST-01964,,Home,Wrong Item,261.39134468397947,45.07597023711354,2,0,5.0
RET-002976,ORD-005224,2024-01-10,CUST-01990,PROD-0422,Home,Not as Described,473.004338778731,29.805899675970515,25,0,4.0
RET-002977,ORD-009206,2024-04-03,CUST-00732,PROD-0013,Home,Defective,943.5300540562644,70.0674974391729,19,0,3.0
RET-002978,ORD-003238,2024-02-06,CUST-01819,PROD-0159,Clothing,Size Issue,1065.4990525744552,16.4866771438252,14,0,2.0
RET-002979,ORD-001716,2023-12-24,CUST-00173,PROD-0252,Home,Defective,671.0610304213337,13.496331623916525,19,0,3.0
RET-002980,ORD-009052,2022-11-10,CUST-00215,PROD-0125,Clothing,Changed Mind,1486.8990287202726,34.49427982489588,19,0,2.0
RET-002981,ORD-007741,2023-03-18,CUST-00429,PROD-0055,Beauty,Wrong Item,46.77453938967962,68.67736715306991,27,1,1.0
RET-002982,ORD-005119,2023-04-09,CUST-00249,PROD-0235,Clothing,Defective,365.204192222874,84.6754313986192,10,0,3.0
RET-002983,ORD-008161,2023-07-12,CUST-00800,PROD-0121,Home,Changed Mind,1114.8035789770645,32.19064864427751,16,0,5.0
RET-002984,ORD-004635,2024-01-26,CUST-00413,PROD-0281,Beauty,Changed Mind,436.8126045157389,71.64017792668103,27,0,4.0
RET-002985,ORD-008684,2023-01-23,CUST-01291,PROD-0439,Home,Wrong Item,36.601039744225915,30.818216708394562,29,0,3.0
RET-002986,ORD-007501,2022-06-22,CUST-01899,PROD-0280,Clothing,Defective,1860.5787251815693,94.74282416368888,28,0,2.0
RET-002987,ORD-007056,2023-09-09,CUST-01535,PROD-0098,Beauty,Not as Described,1269.1316647746705,75.5509904242044,23,1,3.0
RET-002988,ORD-007350,2023-05-02,CUST-01403,PROD-0367,Home,Size Issue,1987.6490030365017,20.480294384266205,19,0,2.0
RET-002989,ORD-000973,2022-07-07,CUST-00525,PROD-0037,Electronics,Defective,1752.6821846835746,55.456781990352276,5,0,2.0
RET-002990,ORD-006364,2022-09-02,CUST-01687,PROD-0476,Beauty,Changed Mind,1859.8842601347878,72.97319241778726,15,0,1.0
RET-002991,ORD-003287,2023-08-01,CUST-00119,PROD-0293,Clothing,Not as Described,516.2297123631718,45.6847062076014,8,0,
RET-002992,,2022-08-31,CUST-00078,PROD-0006,Beauty,Not as Described,792.2042358840633,55.61289587304188,6,0,4.0
RET-002993,ORD-006961,2024-02-01,CUST-01106,PROD-0115,Beauty,Defective,1157.4638560417109,58.00276686516976,21,1,2.0
RET-002994,ORD-006602,,CUST-01732,PROD-0357,Clothing,Defective,1718.0350421981357,50.79579527147517,9,0,2.0
RET-002995,ORD-007462,2023-07-16,CUST-01227,PROD-0365,Home,Not as Described,91.57057368004513,87.9040492289915,17,1,2.0
RET-002996,ORD-007598,2022-11-05,CUST-00751,PROD-0398,Clothing,Wrong Item,829.0869162889356,9.735297551353671,20,0,5.0
RET-002997,ORD-004802,2023-03-01,CUST-01872,PROD-0335,Electronics,Changed Mind,770.3374657579936,18.04992523119062,18,1,5.0
RET-002998,ORD-004498,2022-11-11,CUST-00074,PROD-0228,Electronics,Not as Described,898.6760274851271,99.99364973285866,3,0,3.0
RET-002999,ORD-000098,2023-03-14,CUST-01614,PROD-0112,Beauty,Defective,1006.1175654311385,44.641939756166174,10,0,
RET-003000,ORD-000753,2023-08-02,CUST-00263,PROD-0104,Electronics,Wrong Item,28.837025519345342,33.83844116506548,17,0,4.0
RET-003001,ORD-003372,2023-06-26,CUST-00638,PROD-0163,Electronics,Wrong Item,211.5326596550291,93.6757250285109,24,0,2.0
RET-003002,ORD-002859,2023-05-15,CUST-01229,PROD-0206,Beauty,Wrong Item,1725.4575098251025,94.15618052291028,5,0,3.0
RET-003003,ORD-008297,2023-12-18,CUST-01292,PROD-0121,Electronics,Defective,91.41971793033711,43.40625714090456,20,0,3.0
RET-003004,ORD-006493,2023-12-25,CUST-00696,PROD-0302,Beauty,Changed Mind,934.7755246136319,58.25577771729555,0,1,1.0
RET-003005,ORD-004851,2024-03-05,CUST-00193,PROD-0028,Clothing,Not as Described,1871.2471481443297,91.42135569139224,12,0,2.0
RET-003006,ORD-003622,2022-10-29,CUST-00071,PROD-0470,Home,Changed Mind,1719.5445579881464,37.04173070065999,26,0,1.0
RET-003007,ORD-006733,2023-12-14,CUST-00519,PROD-0116,Electronics,Wrong Item,814.396278508848,68.95091152528151,25,0,3.0
RET-003008,ORD-008946,2023-04-17,CUST-01444,PROD-0015,Home,Wrong Item,1230.018918295827,30.947159191246985,20,1,5.0
RET-003009,ORD-008993,2022-12-01,CUST-00565,PROD-0167,Clothing,Defective,273.04758861691664,32.14273260625021,16,0,5.0
RET-003010,ORD-000453,2023-01-26,CUST-01802,PROD-0479,Clothing,Changed Mind,1163.4160139479518,4.918382639245367,13,0,4.0
RET-003011,ORD-006741,2023-09-01,CUST-00129,PROD-0456,Beauty,Changed Mind,432.6845388589462,98.24215313370854,8,0,5.0
RET-003012,ORD-009552,2023-01-05,CUST-01606,PROD-0239,Clothing,Defective,1966.6268061440308,90.58860243090814,28,0,1.0
RET-003013,ORD-004282,2022-11-04,CUST-01818,PROD-0486,Home,Defective,825.1174245081652,64.57498490709129,10,0,5.0
RET-003014,ORD-000014,2023-01-12,CUST-01764,PROD-0169,Electronics,Not as Described,1438.0435948628508,80.1466878930754,4,1,
RET-003015,ORD-007980,2023-07-10,CUST-01556,PROD-0124,Home,Wrong Item,691.7944783928626,96.19768687391822,5,0,3.0
RET-003016,,2022-11-10,CUST-00925,PROD-0080,Home,Wrong Item,641.949243301499,79.53792351764073,7,0,1.0
RET-003017,ORD-008271,2023-06-10,CUST-01835,PROD-0336,Electronics,Wrong Item,426.5045714491108,68.47756436270849,9,0,5.0
RET-003018,ORD-004796,2023-12-21,CUST-01155,PROD-0389,Beauty,Defective,1312.2634911701628,81.97313362787804,19,0,4.0
RET-003019,ORD-002016,2022-12-05,CUST-00758,PROD-0363,Beauty,Wrong Item,1054.8901979829127,42.83437592211521,20,1,1.0
RET-003020,ORD-008569,2022-06-18,CUST-00782,PROD-0218,Electronics,Wrong Item,466.87493370550305,4.027390591453173,1,0,3.0
RET-003021,ORD-006675,2022-11-29,CUST-01457,PROD-0009,Electronics,Defective,659.0264724655126,36.996857993249485,4,0,5.0
RET-003022,ORD-009356,2024-03-20,CUST-01167,,Clothing,Changed Mind,260.92267860518143,78.97933590796433,12,0,3.0
RET-003023,ORD-003554,2022-10-12,CUST-01551,PROD-0326,Electronics,Changed Mind,1374.690635699062,58.800355839684315,21,0,4.0
RET-003024,ORD-008979,2023-10-16,CUST-00368,PROD-0429,Home,Wrong Item,459.2931055062481,25.109032662294297,13,0,4.0
RET-003025,ORD-003821,2022-10-30,CUST-01257,PROD-0084,Clothing,Size Issue,1537.023204517978,67.39444706315204,16,0,4.0
RET-003026,ORD-004524,2023-06-03,CUST-01278,PROD-0457,Beauty,Defective,1103.6281239066416,37.676765088657746,0,0,1.0
RET-003027,ORD-009452,2023-10-18,CUST-01952,PROD-0302,Home,Wrong Item,1193.180091734844,2.775837008333404,0,1,4.0
RET-003028,ORD-005296,2022-08-17,CUST-01694,PROD-0410,Clothing,Not as Described,1078.0002154735469,93.56190910713109,9,0,5.0
RET-003029,ORD-004721,2023-03-22,CUST-00696,PROD-0215,Beauty,Wrong Item,953.5287079025601,44.141640154730254,13,0,5.0
RET-003030,ORD-005741,2022-11-20,CUST-00026,PROD-0193,Electronics,Size Issue,80.3477013427827,89.28622014070923,14,0,4.0
RET-003031,ORD-009868,2023-10-08,CUST-00074,PROD-0268,Beauty,Wrong Item,725.1240655931948,46.868704178304824,6,0,5.0
RET-003032,ORD-005435,2024-04-07,CUST-00361,PROD-0053,Clothing,Defective,1304.361434500297,95.92909960419455,9,0,5.0
RET-003033,ORD-006234,2022-08-20,CUST-00935,PROD-0338,Beauty,Defective,61.89969115699936,57.80909423020544,18,0,
RET-003034,ORD-005558,2023-06-14,CUST-00769,PROD-0288,Home,Size Issue,273.79394704406207,54.412910928858906,24,0,5.0
RET-003035,ORD-008128,2022-06-04,CUST-01279,PROD-0345,Clothing,Defective,923.1418324034566,4.308672788456835,11,0,1.0
RET-003036,ORD-009708,2024-04-22,CUST-00159,PROD-0469,Electronics,Wrong Item,357.66533701735483,27.610373487925145,7,0,5.0
RET-003037,ORD-007364,2024-01-13,CUST-01014,PROD-0010,Clothing,Wrong Item,1693.8999359721158,80.51006139685329,5,0,3.0
RET-003038,,2024-02-20,CUST-01194,PROD-0025,Clothing,Wrong Item,1678.7064118900516,64.22084064256136,12,1,5.0
RET-003039,,2022-12-04,CUST-01199,PROD-0254,Home,Wrong Item,1072.45821702727,34.64541048810295,12,0,3.0
RET-003040,ORD-005421,,CUST-01529,,Electronics,Size Issue,1167.0199348221934,35.01406812133258,21,0,2.0
RET-003041,ORD-001435,2023-07-16,CUST-00585,PROD-0175,Clothing,Defective,1542.855230891011,72.60178603870975,8,1,3.0
RET-003042,ORD-006475,2022-07-31,CUST-00573,,Home,Not as Described,748.812568171576,38.231868587444794,2,0,5.0
RET-003043,ORD-006283,2024-01-13,CUST-01652,PROD-0044,Home,Size Issue,1266.631384765083,48.14166268205914,28,1,5.0
RET-003044,ORD-009172,2023-06-26,CUST-01829,PROD-0157,Home,Wrong Item,1652.9031092879645,36.834357599044274,3,0,2.0
RET-003045,ORD-009151,2023-11-19,CUST-00784,PROD-0351,Clothing,Defective,16.778746100066588,31.98034650143614,21,1,2.0
RET-003046,ORD-001913,2024-01-09,CUST-01552,PROD-0073,Home,Wrong Item,1842.4428787532029,15.231884123294426,0,1,5.0
RET-003047,ORD-001331,2023-03-02,CUST-01277,PROD-0256,Home,Changed Mind,802.0526313045855,90.67596712615091,5,0,2.0
RET-003048,ORD-007909,2023-03-17,CUST-00200,PROD-0110,Electronics,Wrong Item,1490.7310904529131,61.0667557852398,27,1,1.0
RET-003049,ORD-001079,2023-11-05,CUST-00067,,Beauty,Wrong Item,1949.1026620375308,97.08366257146119,28,0,1.0
RET-003050,ORD-007743,2023-10-19,CUST-00533,PROD-0262,Beauty,Size Issue,1446.5616354351941,77.87723805447743,19,1,1.0
RET-003051,ORD-008922,2022-11-05,CUST-01342,PROD-0478,Home,Size Issue,967.7813876863344,34.67813291561056,9,0,5.0
RET-003052,ORD-002744,2022-07-03,CUST-00598,PROD-0079,Clothing,Size Issue,1570.1693971594902,0.7258970988927027,5,0,5.0
RET-003053,ORD-003575,2024-03-08,CUST-00412,PROD-0017,Electronics,Not as Described,1896.3285840134354,60.485739336159114,26,0,
RET-003054,ORD-005509,2022-10-29,CUST-01862,PROD-0230,Beauty,Not as Described,910.162279556423,47.72005798208565,14,1,1.0
RET-003055,ORD-009192,2023-06-21,CUST-00334,PROD-0071,Home,Size Issue,501.87309208235973,38.57196107238132,22,0,4.0
RET-003056,ORD-005855,2022-10-09,CUST-01542,PROD-0500,Electronics,Defective,1098.7176018872042,1.0579885804031242,11,1,5.0
RET-003057,ORD-005839,2024-01-08,CUST-01284,PROD-0461,Home,Changed Mind,1857.2490437628644,80.12478050406526,28,0,2.0
RET-003058,ORD-006348,2023-02-17,CUST-00453,PROD-0165,Beauty,Size Issue,1255.4357519005448,77.40338527401242,10,0,2.0
RET-003059,ORD-009665,2022-06-14,CUST-01617,PROD-0177,Home,Changed Mind,1319.676470107019,95.54705798904182,26,0,4.0
RET-003060,ORD-002387,2024-04-29,CUST-01696,PROD-0235,Electronics,Changed Mind,1282.2612144618938,88.54604849666548,1,0,5.0
RET-003061,ORD-001849,2023-05-18,CUST-01197,PROD-0167,Electronics,Changed Mind,1099.7413220776857,15.921034943909508,24,0,4.0
RET-003062,ORD-007510,2023-02-07,CUST-00001,PROD-0063,Electronics,Size Issue,1621.4302316710016,87.21535824367587,14,0,1.0
RET-003063,ORD-002364,2023-09-06,CUST-00971,PROD-0001,Home,Changed Mind,1234.9686983585136,269.39112722218647,19,1,3.0
RET-003064,ORD-001262,2024-02-22,CUST-01272,PROD-0139,Clothing,Changed Mind,92.62174248932153,92.69064052128432,10,1,2.0
RET-003065,ORD-002964,2022-07-10,CUST-00052,PROD-0017,Clothing,Wrong Item,1227.5241295944377,18.787993107436087,13,0,5.0
RET-003066,ORD-005596,2022-09-22,CUST-01281,PROD-0495,Electronics,Defective,82.90230572981201,65.47101269813021,10,1,5.0
RET-003067,ORD-006181,2024-02-24,CUST-01934,PROD-0402,Beauty,Changed Mind,1124.2162358079052,14.155197074025672,12,0,5.0
RET-003068,ORD-002626,2024-03-26,CUST-01211,PROD-0380,Beauty,Defective,1690.5569550827588,94.85745427212561,26,1,4.0
RET-003069,ORD-005714,2024-02-16,CUST-00799,PROD-0113,Home,Not as Described,1617.498732744938,2.21593554774836,25,0,5.0
RET-003070,ORD-009419,2023-03-16,CUST-00648,PROD-0168,Beauty,Wrong Item,475.1840138105666,22.330244094133022,2,1,2.0
RET-003071,ORD-007428,2023-05-15,CUST-01101,PROD-0436,Beauty,Not as Described,463.09403619860365,46.707524831311396,18,0,5.0
RET-003072,ORD-003412,2023-12-07,CUST-00458,PROD-0339,Clothing,Wrong Item,1038.4662238257815,6.145294601214902,25,0,2.0
RET-003073,ORD-009938,2024-02-12,CUST-00967,PROD-0125,Beauty,Not as Described,712.7963007189468,90.35961951791388,29,1,1.0
RET-003074,ORD-000772,2024-01-03,CUST-01630,PROD-0471,Electronics,Not as Described,594.3768281366353,16.759536453787415,24,1,4.0
RET-003075,ORD-007595,2023-10-30,CUST-01518,PROD-0002,Home,Changed Mind,864.0734304934061,15.199621960741883,23,0,4.0
RET-003076,ORD-009750,2024-04-25,CUST-01129,PROD-0201,Clothing,Changed Mind,1774.9144759639976,24.11827522614759,19,0,1.0
RET-003077,ORD-008299,2023-07-25,CUST-00997,PROD-0376,Beauty,Size Issue,184.06895059145785,57.7257533285199,2,0,4.0
RET-003078,ORD-000772,2023-10-16,CUST-00782,PROD-0244,Home,Size Issue,1861.4238456989376,42.48786696921499,26,0,1.0
RET-003079,ORD-007602,2024-04-05,CUST-00647,PROD-0270,Beauty,Wrong Item,704.4523579309576,87.88857474445781,14,0,3.0
RET-003080,ORD-008930,2023-12-27,CUST-01895,PROD-0156,Beauty,Not as Described,1846.1963920485769,34.70583937723926,1,0,4.0
RET-003081,ORD-005515,2023-03-25,CUST-01531,PROD-0384,Home,Changed Mind,1857.3713483052572,13.892030358800634,4,0,1.0
RET-003082,ORD-008267,2022-08-08,CUST-01452,,Electronics,Wrong Item,1988.8514526773035,8.362640106717967,15,0,1.0
RET-003083,,2023-10-27,CUST-01580,PROD-0276,Beauty,Defective,1894.1106630527306,50.86311559250858,21,0,2.0
RET-003084,ORD-001435,2023-06-09,CUST-00075,PROD-0089,Beauty,Changed Mind,39.0365005382571,46.857701508837444,27,0,2.0
RET-003085,ORD-008244,2022-06-23,CUST-00954,PROD-0177,Home,Not as Described,1072.1870584962273,2.097859048998685,4,0,3.0
RET-003086,ORD-004037,2023-12-31,CUST-01998,PROD-0234,Electronics,Changed Mind,67.4568018738531,4.290296465160337,2,1,1.0
RET-003087,ORD-005721,2022-08-12,CUST-01942,PROD-0063,Electronics,Defective,73.52788532759601,81.53823451121616,22,0,5.0
RET-003088,ORD-000215,2023-03-01,CUST-00793,PROD-0201,Clothing,Wrong Item,1444.9536208294087,95.26949744594658,11,0,4.0
RET-003089,ORD-007027,2023-09-29,CUST-01345,PROD-0320,Clothing,Changed Mind,475.4908998463938,8.791236739031906,22,0,3.0
RET-003090,ORD-001421,2023-09-03,CUST-00992,PROD-0037,Electronics,Wrong Item,964.5073483742113,83.4195915310304,17,0,5.0
RET-003091,ORD-000070,2023-07-24,CUST-00817,PROD-0257,Beauty,Not as Described,1075.457937862087,59.78302110541737,2,1,4.0
RET-003092,ORD-005908,2022-11-20,CUST-00045,PROD-0363,Beauty,Size Issue,653.3773811883684,59.3990283904394,18,0,3.0
RET-003093,ORD-004948,,CUST-01389,PROD-0046,Clothing,Changed Mind,1022.8266691776146,6.560034175035234,9,0,4.0
RET-003094,ORD-000233,2023-02-27,CUST-01792,PROD-0046,Beauty,Not as Described,257.21077690006615,85.48587859501562,6,0,4.0
RET-003095,ORD-002697,2023-12-02,CUST-01713,PROD-0349,Home,Defective,1642.882921577682,53.43121858984322,22,0,5.0
RET-003096,ORD-005549,2023-05-08,CUST-00409,PROD-0324,Beauty,Size Issue,919.5275835767821,35.563283596521075,8,0,
RET-003097,ORD-007665,2022-11-25,CUST-01661,PROD-0335,Clothing,Not as Described,813.8069233941036,47.00462161770385,2,1,5.0
RET-003098,ORD-004206,2022-06-02,CUST-00378,PROD-0327,Home,Changed Mind,254.01576063995506,50.90921945413452,22,0,4.0
RET-003099,ORD-006076,2023-06-04,CUST-00425,PROD-0449,Home,Not as Described,287.1481368196634,83.60747149514611,4,1,5.0
RET-003100,ORD-005033,2024-02-04,CUST-01396,PROD-0303,Electronics,Changed Mind,1478.655379036511,48.070842363128605,1,1,4.0
RET-003101,ORD-002265,2023-03-19,CUST-00420,PROD-0432,Home,Wrong Item,663.3776749802408,71.94887152266418,8,0,2.0
RET-003102,ORD-009673,2022-06-02,CUST-00232,PROD-0483,Electronics,Size Issue,1509.0798192631132,26.45312400845594,15,1,2.0
RET-003103,ORD-001727,2023-02-01,CUST-01491,PROD-0070,Beauty,Not as Described,267.7385506559194,82.14475443618565,13,1,4.0
RET-003104,ORD-008922,2023-06-15,CUST-01582,PROD-0089,Home,Changed Mind,405.10337472195846,35.24827139231992,0,1,2.0
RET-003105,ORD-008855,2022-08-28,CUST-01992,PROD-0473,Home,Size Issue,1121.353445301654,83.1591869874925,13,0,3.0
RET-003106,ORD-004034,2023-04-26,CUST-00607,PROD-0254,Home,Changed Mind,332.6805256450299,78.32019903843945,26,0,2.0
RET-003107,ORD-005074,2023-04-03,CUST-01129,PROD-0403,Beauty,Changed Mind,1740.5368621163993,4.111030942812843,6,1,5.0
RET-003108,ORD-006368,2022-10-16,CUST-00975,PROD-0113,Clothing,Size Issue,1230.6623596090144,387.19281802840663,24,1,2.0
RET-003109,ORD-002222,2022-09-25,CUST-00864,PROD-0263,Electronics,Wrong Item,591.2735234131414,22.526430628914717,24,0,5.0
RET-003110,ORD-002563,2022-11-16,CUST-01593,PROD-0004,Clothing,Defective,526.4615788593661,89.04566582017533,1,0,3.0
RET-003111,ORD-008603,2024-03-26,CUST-01760,PROD-0207,Home,Size Issue,1522.0460954326086,19.982503877170966,8,0,
RET-003112,ORD-006402,2023-06-28,CUST-00502,PROD-0399,Clothing,Changed Mind,107.83991147177501,73.46762018170286,9,0,1.0
RET-003113,ORD-000380,2024-01-01,CUST-01994,PROD-0316,Beauty,Wrong Item,1480.3737859343003,73.4048043419266,22,1,1.0
RET-003114,ORD-003156,2023-04-11,CUST-00787,PROD-0022,Beauty,Size Issue,64.32038055077462,77.53643901132395,11,0,3.0
RET-003115,ORD-003814,2023-10-13,CUST-00924,PROD-0302,Home,Not as Described,1957.4213598877557,16.027157671681667,14,0,4.0
RET-003116,ORD-001901,2023-06-06,CUST-01764,PROD-0266,Electronics,Defective,365.2536865980712,79.89815109708584,24,1,3.0
RET-003117,ORD-007690,2023-05-29,CUST-00996,PROD-0148,Clothing,Size Issue,21.049537246101945,88.61502440984368,0,0,5.0
RET-003118,ORD-002577,2022-09-16,CUST-00259,PROD-0328,Home,Not as Described,1078.2001145081188,62.981760383515216,1,0,1.0
RET-003119,ORD-002455,2022-11-03,CUST-00105,PROD-0471,Electronics,Changed Mind,1685.9007272623146,72.74747728805131,25,1,4.0
RET-003120,ORD-008335,2022-08-19,CUST-00442,PROD-0469,Home,Defective,1980.395584032529,33.38767586378505,4,0,5.0
RET-003121,ORD-004451,2023-07-20,CUST-00544,PROD-0288,Clothing,Changed Mind,669.4598900977662,77.75612071848826,8,0,3.0
RET-003122,ORD-008752,2023-05-06,CUST-00660,,Clothing,Changed Mind,1887.327721584543,74.33297269837509,27,0,4.0
RET-003123,ORD-001287,2024-04-18,CUST-01008,PROD-0476,Clothing,Size Issue,49.13513153624617,8.407536985516595,8,0,5.0
RET-003124,ORD-005590,2022-11-05,CUST-00333,PROD-0202,Electronics,Not as Described,988.4828139859341,91.7306095331482,26,0,2.0
RET-003125,ORD-007960,2022-08-23,CUST-00941,,Beauty,Size Issue,1633.1556582979263,78.3315310808548,22,0,2.0
RET-003126,ORD-007965,2023-03-15,CUST-00080,PROD-0167,Beauty,Wrong Item,1788.3833492403792,72.70625681760959,28,0,5.0
RET-003127,ORD-004506,2023-11-26,CUST-00982,PROD-0173,Clothing,Defective,931.9463566752661,34.52197555334232,25,1,2.0
RET-003128,ORD-001532,2023-01-15,CUST-00990,PROD-0043,Clothing,Size Issue,991.6891678680826,60.92985646705647,16,0,4.0
RET-003129,ORD-007652,2023-03-23,CUST-01517,PROD-0159,Home,Changed Mind,839.4540909909769,68.87600456733749,18,0,2.0
RET-003130,ORD-005516,2023-08-04,CUST-00722,PROD-0275,Home,Wrong Item,1449.5445709284263,1.4634630394199877,24,0,5.0
RET-003131,ORD-004864,2022-09-18,CUST-00755,PROD-0093,Clothing,Changed Mind,662.7614810409543,61.79948616651546,17,1,3.0
RET-003132,ORD-002893,2024-01-28,CUST-00205,PROD-0323,Beauty,Defective,1238.8544126545414,24.979346638161438,18,1,1.0
RET-003133,ORD-001174,2023-10-13,CUST-01174,PROD-0478,Electronics,Not as Described,1151.7108538438313,46.54841607328206,27,0,3.0
RET-003134,ORD-007791,2023-04-04,CUST-00327,PROD-0037,Electronics,Defective,1547.0528531255266,71.93245063443159,9,0,3.0
RET-003135,ORD-002397,2022-10-17,CUST-01245,PROD-0115,Beauty,Changed Mind,880.8220569697947,58.070553221223285,15,0,3.0
RET-003136,ORD-008689,2023-01-21,CUST-00851,PROD-0195,Electronics,Wrong Item,1142.8210642716008,92.08706998038694,29,0,4.0
RET-003137,ORD-009451,2024-02-20,CUST-00799,PROD-0354,Home,Changed Mind,1309.1628299321867,22.619915220439612,17,1,5.0
RET-003138,ORD-002720,2022-10-03,CUST-01711,PROD-0291,Home,Changed Mind,562.7971736625354,77.28701628480859,27,0,3.0
RET-003139,ORD-003401,2022-09-06,CUST-01512,PROD-0156,Home,Not as Described,55.60997694737574,42.54602273681895,28,0,5.0
RET-003140,ORD-003070,2022-06-22,CUST-00275,PROD-0287,Beauty,Size Issue,809.0788804670527,67.00508699092369,24,1,4.0
RET-003141,ORD-007494,2024-02-12,CUST-00409,PROD-0424,Beauty,Not as Described,851.5570200587925,52.331029206322334,5,0,3.0
RET-003142,ORD-002444,2022-06-03,CUST-01733,PROD-0086,Home,Wrong Item,1499.110284633055,2.256281166879759,24,1,5.0
RET-003143,ORD-008251,2022-07-11,CUST-00117,PROD-0494,Home,Size Issue,798.4934919973053,23.156422273236345,9,0,4.0
RET-003144,ORD-002587,2023-08-11,CUST-01242,PROD-0220,Beauty,Wrong Item,1986.0923252830385,93.50223951955074,0,1,4.0
RET-003145,ORD-005913,2023-09-23,CUST-00778,PROD-0042,Home,Not as Described,613.0364551224031,58.00720947000695,22,0,3.0
RET-003146,ORD-009620,2023-09-15,CUST-01543,PROD-0422,Beauty,Wrong Item,1603.3200503551354,27.547991749057154,7,0,2.0
RET-003147,ORD-000838,2022-10-31,CUST-00943,PROD-0158,Clothing,Not as Described,745.7941613388941,44.25154825445187,5,0,5.0
RET-003148,ORD-000385,2022-12-03,CUST-00591,PROD-0084,Beauty,Defective,687.6277615468899,27.569523175850584,3,0,4.0
RET-003149,ORD-007124,2024-03-22,CUST-01874,PROD-0327,Clothing,Wrong Item,538.9782867756103,12.491996665767047,20,0,3.0
RET-003150,ORD-000452,2023-06-26,CUST-01063,PROD-0216,Home,Changed Mind,614.5430929217827,0.6316078821562932,16,0,5.0
RET-003151,ORD-006727,2024-01-25,CUST-01761,PROD-0376,Clothing,Not as Described,982.1188236391454,13.39454744040035,10,0,3.0
RET-003152,ORD-001436,2023-10-06,CUST-01355,PROD-0303,Electronics,Defective,462.59964607645753,83.43947122636872,19,1,1.0
RET-003153,ORD-002695,2023-12-13,CUST-00769,PROD-0458,Electronics,Changed Mind,248.74754511428955,13.90867809350248,20,0,2.0
RET-003154,ORD-001213,2023-08-16,CUST-00756,PROD-0420,Home,Defective,1501.1374549848424,12.153720906884825,15,0,1.0
RET-003155,ORD-003781,2023-07-10,CUST-00191,PROD-0349,Clothing,Wrong Item,1380.2702941578873,24.020080708636794,9,0,4.0
RET-003156,ORD-007001,2023-08-13,CUST-00028,PROD-0115,Home,Wrong Item,531.5219433279971,20.346180147799043,7,0,3.0
RET-003157,ORD-003579,2024-01-07,CUST-01923,PROD-0029,Clothing,Changed Mind,1771.5924817578168,68.85964720167443,17,1,2.0
RET-003158,ORD-000582,2023-04-29,CUST-00797,PROD-0076,Beauty,Size Issue,910.9986540853708,34.552817332918636,5,1,4.0
RET-003159,ORD-003533,2023-09-25,CUST-01337,PROD-0393,Electronics,Defective,457.4827624900633,40.708320612219616,28,0,1.0
RET-003160,ORD-008750,2023-07-18,CUST-00174,PROD-0246,Electronics,Not as Described,1696.3739687198083,436.90280629163146,5,0,4.0
RET-003161,ORD-002961,2023-09-03,CUST-01146,PROD-0462,Electronics,Wrong Item,688.5423972319265,52.85463189826093,29,0,4.0
RET-003162,ORD-008324,2023-02-15,CUST-00138,PROD-0492,Home,Changed Mind,138.78699889519163,87.85587055320335,0,0,2.0
RET-003163,ORD-004941,2023-05-28,CUST-00990,PROD-0451,Clothing,Wrong Item,327.9650668572389,97.9450652544039,17,0,5.0
RET-003164,ORD-005709,2023-08-09,CUST-00760,PROD-0099,Electronics,Defective,850.0912208214405,245.92982783214416,21,0,5.0
RET-003165,ORD-004101,2022-12-20,CUST-01441,PROD-0013,Home,Wrong Item,343.45800688631124,13.712675977008937,9,1,2.0
RET-003166,ORD-009494,2022-11-26,CUST-00179,PROD-0245,Home,Defective,837.4689929710007,59.38661398831332,29,1,5.0
RET-003167,ORD-001288,2023-04-01,CUST-00161,PROD-0257,Home,Changed Mind,626.6106494093045,68.70446205452193,12,1,4.0
RET-003168,ORD-008811,2023-06-17,CUST-00176,PROD-0352,Beauty,Changed Mind,1484.493456333533,17.213876727536814,2,0,5.0
RET-003169,ORD-000675,,CUST-01009,PROD-0004,Clothing,Defective,666.8163241772403,35.995340987979596,24,1,3.0
RET-003170,,2023-04-23,CUST-01151,PROD-0115,Beauty,Size Issue,1198.4064060904068,52.26186530273167,15,0,5.0
RET-003171,ORD-001152,2023-12-07,CUST-00635,PROD-0446,Electronics,Wrong Item,1270.1133367789462,84.3541627095555,2,1,3.0
RET-003172,ORD-002806,2023-12-10,CUST-00731,PROD-0189,Clothing,Wrong Item,1214.8410087020516,55.75007630483583,24,1,4.0
RET-003173,ORD-003741,2022-11-10,CUST-00197,,Beauty,Wrong Item,1970.3129101855225,98.46443652183703,3,0,2.0
RET-003174,ORD-004186,2023-03-02,CUST-00687,PROD-0174,Home,Wrong Item,1691.6348218386631,6.575914824776508,9,0,4.0
RET-003175,,2023-10-03,CUST-01424,PROD-0013,Beauty,Size Issue,230.30169065007664,1.9980258456243738,22,0,3.0
RET-003176,ORD-001206,2023-06-21,CUST-00675,PROD-0408,Home,Wrong Item,1779.1597186307763,79.86727148718698,11,0,4.0
RET-003177,ORD-008353,2023-07-07,CUST-00724,PROD-0075,Beauty,Not as Described,1441.9832809295629,29.381725681869852,3,1,1.0
RET-003178,ORD-002683,2022-07-16,CUST-00479,PROD-0286,Home,Size Issue,1726.6193916958237,32.004598678415555,16,1,3.0
RET-003179,ORD-006621,2022-08-03,CUST-01687,PROD-0342,Home,Not as Described,791.6580835548896,52.83118539863495,15,1,4.0
RET-003180,ORD-001748,2023-10-31,CUST-01401,PROD-0255,Home,Wrong Item,1697.8237535135308,1.843989415011582,9,0,5.0
RET-003181,ORD-000512,2022-11-12,CUST-01574,PROD-0358,Beauty,Wrong Item,835.661420832064,4.515493197589038,23,0,3.0
RET-003182,ORD-001717,2022-06-24,CUST-00519,PROD-0258,Electronics,Wrong Item,922.3175975424929,23.170143180746216,3,1,1.0
RET-003183,ORD-005658,2023-04-04,CUST-00510,PROD-0191,Home,Size Issue,1757.6077394238316,89.8600249213954,0,0,3.0
RET-003184,ORD-007271,2023-11-30,CUST-01457,PROD-0465,Home,Not as Described,1157.3012680892466,21.438519335658277,0,1,4.0
RET-003185,ORD-003776,2022-12-16,CUST-00578,PROD-0418,Clothing,Size Issue,605.0730120255898,49.73051041723342,16,0,5.0
RET-003186,ORD-005752,2023-01-26,CUST-01918,PROD-0313,Clothing,Not as Described,1463.2513088898513,57.78244463283215,6,1,1.0
RET-003187,ORD-008697,2023-08-04,CUST-00817,PROD-0375,Home,Changed Mind,1118.7739653808976,57.02702516761836,26,0,4.0
RET-003188,ORD-005095,2023-10-21,CUST-01293,PROD-0177,Beauty,Changed Mind,1565.5885677731017,58.17336964710043,1,0,5.0
RET-003189,ORD-000839,2023-02-25,CUST-01045,PROD-0094,Electronics,Changed Mind,272.040685262482,62.16487729573652,15,1,
RET-003190,ORD-006797,2023-12-17,CUST-01717,PROD-0077,Home,Size Issue,1883.120737170822,79.79050703516695,10,0,2.0
RET-003191,ORD-006934,2023-04-10,CUST-01976,PROD-0055,Home,Defective,144.4188533543975,86.56602300859483,9,0,5.0
RET-003192,ORD-008206,2024-01-28,CUST-01806,PROD-0211,Electronics,Size Issue,1091.660694207266,57.90908931517599,18,1,1.0
RET-003193,ORD-007600,2023-08-06,CUST-00059,PROD-0287,Home,Defective,1499.859907936093,0.7085171001526058,14,0,4.0
RET-003194,ORD-009239,2023-12-15,CUST-00152,PROD-0105,Beauty,Wrong Item,332.57329680734273,49.21128582594311,10,0,4.0
RET-003195,ORD-002421,2024-04-11,CUST-00363,PROD-0376,Beauty,Changed Mind,1981.0867059221634,73.60316634075141,7,1,4.0
RET-003196,ORD-005650,2023-08-05,CUST-00815,,Home,Size Issue,1408.2438051997847,31.917613253789256,3,0,3.0
RET-003197,ORD-002692,2024-01-25,CUST-00871,PROD-0413,Beauty,Not as Described,298.0846747341465,31.44281824418953,26,0,4.0
RET-003198,ORD-006524,2022-06-15,CUST-01846,PROD-0314,Beauty,Changed Mind,1886.962015209516,23.61315977308953,12,0,3.0
RET-003199,ORD-006218,2023-04-20,CUST-01223,PROD-0460,Beauty,Size Issue,538.735631115454,45.81661134440533,9,1,2.0
RET-003200,ORD-008773,2023-11-19,CUST-00086,PROD-0459,Home,Size Issue,304.4771682049548,36.62352598209965,10,0,5.0
RET-003201,ORD-008703,2024-01-11,CUST-01372,PROD-0032,Home,Not as Described,110.23387027881604,58.45219932925069,26,0,4.0
RET-003202,ORD-008939,2024-03-18,CUST-00301,PROD-0229,Home,Changed Mind,1113.7922965687399,64.73886592054744,22,0,2.0
RET-003203,ORD-001229,2022-12-10,CUST-00608,PROD-0478,Home,Wrong Item,1296.720839295381,42.096210180652335,15,0,1.0
RET-003204,ORD-001248,2022-10-06,CUST-00438,PROD-0024,Clothing,Wrong Item,1042.0872428770172,11.580421782907768,19,0,3.0
RET-003205,ORD-004032,2023-08-11,CUST-01824,PROD-0415,Clothing,Wrong Item,1518.3093385740865,4.243448995157594,17,0,4.0
RET-003206,ORD-008267,2022-10-11,CUST-01419,PROD-0474,Home,Wrong Item,1307.5781867161925,93.01598639664502,28,0,2.0
RET-003207,ORD-009431,2023-05-27,CUST-01404,PROD-0463,Clothing,Changed Mind,1539.2621208215887,64.91439584881546,15,1,1.0
RET-003208,ORD-007250,2023-04-05,CUST-01794,PROD-0466,Home,Size Issue,761.5712390506797,62.59094177575718,23,0,1.0
RET-003209,ORD-007184,,CUST-00540,PROD-0388,Clothing,Defective,322.47340160763406,18.412349674499307,21,0,1.0
RET-003210,ORD-009994,2023-07-04,CUST-00401,PROD-0326,Electronics,Not as Described,362.77108006753525,86.81587781721332,1,1,3.0
RET-003211,ORD-007157,2024-02-26,CUST-00511,PROD-0437,Clothing,Wrong Item,325.4916165875724,75.52379982429359,16,0,2.0
RET-003212,ORD-002643,2023-03-17,CUST-01169,PROD-0078,Home,Not as Described,1723.0401037819215,31.595058206352345,2,0,2.0
RET-003213,ORD-005813,2024-02-11,CUST-00900,PROD-0182,Electronics,Wrong Item,696.6284692082861,28.598250347312405,16,0,4.0
RET-003214,ORD-005256,2023-05-28,CUST-01926,PROD-0224,Clothing,Not as Described,1806.2191016996674,17.63986280526989,15,0,5.0
RET-003215,ORD-005967,2023-09-10,CUST-00200,PROD-0364,Electronics,Changed Mind,785.9533634870355,22.282029421825968,10,1,1.0
RET-003216,ORD-007632,2022-08-06,CUST-01166,PROD-0364,Beauty,Defective,1632.360990200718,97.32958991424519,20,1,1.0
RET-003217,ORD-009271,2022-10-07,CUST-01051,,Clothing,Wrong Item,1407.3139499349738,55.22744157973752,29,1,4.0
RET-003218,ORD-003593,2022-07-31,CUST-00607,PROD-0395,Beauty,Wrong Item,1996.937773342071,10.682319190669276,4,0,5.0
RET-003219,ORD-001547,2024-04-19,CUST-01059,PROD-0440,Clothing,Not as Described,868.3126802832339,20.851785045491976,14,0,2.0
RET-003220,ORD-005324,2023-05-14,CUST-00924,PROD-0216,Electronics,Not as Described,1015.7059206450828,106.09265779403005,1,0,2.0
RET-003221,ORD-007438,2022-06-23,CUST-00464,PROD-0358,Clothing,Size Issue,431.4582747061965,54.12659335078012,23,0,5.0
RET-003222,ORD-000907,2022-11-12,CUST-00259,PROD-0119,Clothing,Not as Described,1609.6440263885295,451.2722206883325,20,1,2.0
RET-003223,ORD-004876,2022-11-04,CUST-00654,PROD-0177,Electronics,Changed Mind,140.1626203031523,32.324175969677626,24,1,3.0
RET-003224,ORD-003135,2023-10-29,CUST-01780,PROD-0277,Electronics,Changed Mind,331.27411046315837,97.20506288544007,29,0,5.0
RET-003225,ORD-009520,2024-02-04,CUST-00343,PROD-0492,Home,Changed Mind,683.1717490889528,95.04052794558801,5,0,4.0
RET-003226,ORD-006040,2024-02-09,CUST-00019,PROD-0480,Home,Not as Described,1727.433036121826,17.603255966173503,16,0,5.0
RET-003227,ORD-004755,2022-11-06,CUST-01225,PROD-0423,Electronics,Defective,1686.9840072001098,83.07327789996353,15,0,5.0
RET-003228,ORD-008701,2023-08-09,CUST-00483,PROD-0244,Clothing,Not as Described,1028.4299671991475,48.82728788414581,6,1,2.0
RET-003229,ORD-005522,2022-10-17,CUST-01724,PROD-0301,Beauty,Size Issue,103.51116260863932,60.84086199384592,16,1,1.0
RET-003230,ORD-002095,2022-10-13,CUST-01579,PROD-0039,Beauty,Defective,263.9792691889261,75.43767227502856,8,1,5.0
RET-003231,ORD-008761,2023-06-03,CUST-01029,PROD-0418,Clothing,Wrong Item,660.5535621806732,45.41196312418017,14,0,1.0
RET-003232,,2023-04-10,CUST-00320,PROD-0141,Electronics,Size Issue,239.80854877815972,10.348876836234954,3,1,2.0
RET-003233,ORD-004893,2023-02-25,CUST-00290,PROD-0460,Electronics,Changed Mind,1040.9319558208465,69.16595711418032,16,0,2.0
RET-003234,ORD-002873,2024-02-25,CUST-00053,PROD-0467,Beauty,Defective,364.9152175963656,91.47321863075561,6,0,4.0
RET-003235,ORD-001510,2024-04-06,CUST-00726,PROD-0132,Clothing,Changed Mind,1888.9755081425167,91.36689097462761,1,0,1.0
RET-003236,ORD-007930,2023-04-04,CUST-01318,PROD-0315,Clothing,Size Issue,1919.0058128067087,76.9450393436381,0,0,5.0
RET-003237,ORD-009574,2024-04-10,CUST-01157,PROD-0040,Electronics,Wrong Item,1877.0546268960038,48.31963556381581,9,1,5.0
RET-003238,ORD-009916,2023-01-21,CUST-00177,PROD-0359,Home,Defective,1447.2739360291644,46.882333675796076,10,0,5.0
RET-003239,ORD-000268,2023-08-20,CUST-01163,PROD-0103,Beauty,Defective,186.38404168321654,7.517825690803182,25,0,3.0
RET-003240,ORD-003153,2022-09-11,CUST-01753,PROD-0172,Home,Size Issue,623.5732876260282,74.37671257372665,15,0,1.0
RET-003241,ORD-008602,2023-10-24,CUST-00650,PROD-0170,Clothing,Not as Described,1745.0865275033905,67.34311565335058,20,0,1.0
RET-003242,ORD-009468,2023-04-02,CUST-00908,,Home,Wrong Item,1466.401768019165,59.869070002790416,3,1,3.0
RET-003243,ORD-007163,2022-06-30,CUST-00899,PROD-0145,Beauty,Changed Mind,880.8762890216029,21.300005627333864,2,0,2.0
RET-003244,ORD-004414,2024-02-19,CUST-01907,PROD-0084,Home,Changed Mind,503.04530273845984,10.20730402201233,16,1,2.0
RET-003245,ORD-005343,2023-03-03,CUST-00478,PROD-0060,Beauty,Not as Described,727.8712358342865,101.58128783746957,6,1,
RET-003246,ORD-001667,2023-03-21,CUST-01035,PROD-0377,Home,Not as Described,278.3886537315088,9.2495580164764,0,1,4.0
RET-003247,ORD-007250,2024-01-26,CUST-00744,PROD-0458,Home,Wrong Item,225.29927785471284,21.492343086133626,13,0,2.0
RET-003248,ORD-005584,2024-01-08,CUST-01278,,Clothing,Not as Described,141.4956316537295,50.57557692330008,22,0,5.0
RET-003249,ORD-008687,2022-11-07,CUST-01311,PROD-0070,Clothing,Wrong Item,1107.3822118268602,99.02325280279575,22,1,2.0
RET-003250,ORD-003803,2023-08-23,CUST-01208,PROD-0108,Home,Wrong Item,1244.4303391962126,82.60617262647075,26,0,3.0
RET-003251,ORD-006121,2023-12-01,CUST-00644,PROD-0419,Beauty,Not as Described,48.57577133045,17.41326920143126,5,0,2.0
RET-003252,ORD-002857,2023-07-28,CUST-01649,PROD-0073,Clothing,Defective,1606.3528358434132,87.37616313408179,16,0,3.0
RET-003253,ORD-004887,2024-01-10,CUST-00935,PROD-0101,Home,Not as Described,528.4925948715527,27.804930037075405,25,0,1.0
RET-003254,ORD-001900,2022-09-30,CUST-00037,PROD-0282,Home,Wrong Item,1658.0774627709716,14.908029272633849,13,1,
RET-003255,ORD-007427,2023-09-12,CUST-00511,PROD-0372,Home,Size Issue,1238.6840355370025,73.92342517913242,3,0,3.0
RET-003256,ORD-005032,2022-10-13,CUST-01839,PROD-0303,Clothing,Wrong Item,536.7197784677201,37.523091386486065,29,0,5.0
RET-003257,ORD-009558,2024-02-03,CUST-01981,PROD-0389,Home,Defective,1845.2446816373006,89.63843938970373,3,0,4.0
RET-003258,ORD-007408,2023-01-15,CUST-00219,PROD-0115,Home,Wrong Item,639.3750248074246,42.551600822322335,7,1,2.0
RET-003259,ORD-000594,2023-12-28,CUST-00056,PROD-0095,Home,Changed Mind,471.47198399671026,65.14864337791238,27,1,5.0
RET-003260,ORD-001487,2022-09-12,CUST-01570,PROD-0095,Home,Not as Described,1597.2349952313014,29.975224845730196,1,0,3.0
RET-003261,ORD-004682,2022-11-05,CUST-01138,PROD-0321,Electronics,Size Issue,1025.219966937711,28.786102643517573,22,1,1.0
RET-003262,ORD-007774,2024-02-17,CUST-00013,PROD-0083,Home,Not as Described,530.6198819047929,2.8708734273788172,7,1,5.0
RET-003263,,2022-10-22,CUST-01964,PROD-0072,Clothing,Wrong Item,459.6055846795778,12.154208316047189,7,1,2.0
RET-003264,ORD-006944,2022-10-01,CUST-00516,PROD-0230,Beauty,Wrong Item,1777.2408231572367,13.443397270066049,25,1,1.0
RET-003265,ORD-009885,2023-06-13,CUST-00467,PROD-0161,Electronics,Wrong Item,1779.6046258275971,91.27081025353839,16,0,4.0
RET-003266,ORD-004400,2024-03-16,CUST-01186,PROD-0053,Beauty,Wrong Item,1268.9446349199434,94.78679761404828,18,0,3.0
RET-003267,ORD-009094,2022-11-05,CUST-00747,PROD-0022,Electronics,Defective,217.21680183278522,45.08063744666073,0,1,2.0
RET-003268,ORD-009328,2024-02-25,CUST-00827,PROD-0026,Beauty,Wrong Item,581.5971439925274,47.90088587131706,29,0,2.0
RET-003269,ORD-003318,2024-01-24,CUST-01538,PROD-0101,Clothing,Not as Described,953.5889012252093,91.78873455910565,28,1,1.0
RET-003270,ORD-005295,2022-09-27,CUST-01854,PROD-0455,Home,Defective,642.8543523649063,22.773553569407568,15,0,4.0
RET-003271,ORD-000331,2022-10-03,CUST-01804,PROD-0014,Electronics,Changed Mind,1825.1029262433724,55.593918778956265,11,0,3.0
RET-003272,ORD-007584,2023-12-20,CUST-01494,PROD-0102,Home,Size Issue,1093.7058190784126,95.5208050753452,9,0,4.0
RET-003273,ORD-000481,2023-10-28,CUST-01972,PROD-0063,Home,Wrong Item,477.3786888594892,46.754333190107786,28,0,4.0
RET-003274,ORD-009501,2023-12-29,CUST-00947,PROD-0372,Electronics,Changed Mind,694.6729051695407,39.843815766092405,21,1,3.0
RET-003275,ORD-009114,2023-09-07,CUST-00354,PROD-0239,Electronics,Defective,267.39443871266394,44.60451730628529,11,0,4.0
RET-003276,ORD-000546,2023-11-14,CUST-00101,PROD-0246,Clothing,Size Issue,233.9461083138049,83.33424507362209,16,1,1.0
RET-003277,ORD-000497,2022-06-10,CUST-00819,PROD-0423,Electronics,Size Issue,1259.0228597826972,17.30859867656228,10,0,3.0
RET-003278,ORD-003237,2022-07-05,CUST-00900,PROD-0176,Home,Wrong Item,133.98852799763262,23.108897844734322,23,0,4.0
RET-003279,ORD-007113,2022-08-19,CUST-01370,PROD-0155,Home,Not as Described,946.3522965636784,9.047340778798906,25,0,2.0
RET-003280,ORD-006111,2023-11-28,CUST-01901,PROD-0259,Electronics,Size Issue,1961.7431643188397,29.16312110463607,11,0,4.0
RET-003281,ORD-002657,2023-09-22,CUST-00881,PROD-0039,Beauty,Defective,1014.1039745846866,9.582479197006332,2,0,5.0
RET-003282,ORD-002306,2023-01-27,CUST-01305,PROD-0185,Beauty,Wrong Item,1809.3461728342702,55.56208745863509,0,0,3.0
RET-003283,ORD-003790,2022-08-03,CUST-00465,,Beauty,Wrong Item,1487.2871398731015,95.78942304974015,24,0,3.0
RET-003284,ORD-001029,2023-12-31,CUST-01404,PROD-0116,Beauty,Changed Mind,1235.3506847752924,98.59358495362508,7,1,5.0
RET-003285,ORD-002066,2023-11-15,CUST-01864,PROD-0324,Home,Size Issue,594.8252164660331,21.594301341720236,17,0,4.0
RET-003286,ORD-004568,2022-10-26,CUST-01754,PROD-0420,Electronics,Size Issue,1889.9009517358186,40.87079126403719,6,1,2.0
RET-003287,ORD-000727,2023-03-25,CUST-01726,PROD-0424,Beauty,Size Issue,1689.5866653645269,84.3478067075032,22,0,3.0
RET-003288,ORD-000114,2023-04-18,CUST-01259,PROD-0281,Clothing,Changed Mind,1019.7828440552425,97.59289738969343,17,0,5.0
RET-003289,ORD-006163,2023-05-10,CUST-01518,PROD-0277,Home,Changed Mind,1194.3858177130658,49.07703020505772,11,1,2.0
RET-003290,ORD-004746,2023-11-14,CUST-00686,PROD-0070,Home,Not as Described,600.1734797145682,26.176551557988315,3,0,2.0
RET-003291,ORD-004695,2023-02-13,CUST-00076,PROD-0245,Clothing,Not as Described,1121.1753336587838,12.082924437482422,16,0,2.0
RET-003292,,2023-06-06,CUST-01400,PROD-0310,Beauty,Changed Mind,177.73018140080512,65.77929680030434,20,0,1.0
RET-003293,,2022-12-13,CUST-01029,PROD-0365,Electronics,Size Issue,1813.7169163690082,7.510589194068784,16,0,4.0
RET-003294,ORD-008946,2024-01-11,CUST-01658,PROD-0303,Beauty,Defective,1507.995891463728,0.07084862730011299,19,0,3.0
RET-003295,ORD-001621,2022-12-03,CUST-00680,PROD-0409,Home,Size Issue,1680.0847580630177,98.80853691897845,2,0,3.0
RET-003296,ORD-007961,2023-05-17,CUST-01810,PROD-0487,Home,Changed Mind,1633.8795596310358,65.58670124404125,19,0,4.0
RET-003297,ORD-004742,2022-06-19,CUST-00153,PROD-0116,Beauty,Not as Described,1654.12895465417,61.47817275089491,29,1,2.0
RET-003298,ORD-007989,2023-08-28,CUST-00340,PROD-0265,Electronics,Not as Described,1446.729266504939,42.15378413448424,2,0,1.0
RET-003299,ORD-000670,2023-08-17,CUST-00966,PROD-0332,Home,Wrong Item,479.86416231851234,40.02372918805942,22,0,1.0
RET-003300,ORD-007490,2023-05-05,CUST-00209,PROD-0058,Clothing,Size Issue,1153.0596029143946,48.63649451366964,4,0,4.0
RET-003301,ORD-003912,2023-01-16,CUST-00133,PROD-0223,Beauty,Wrong Item,1582.1270679688578,68.53654332240392,16,0,4.0
RET-003302,ORD-009158,2023-02-20,CUST-00227,PROD-0338,Clothing,Size Issue,1739.3336121699565,75.24292446851824,4,1,5.0
RET-003303,ORD-001654,2023-08-25,CUST-01533,PROD-0018,Clothing,Not as Described,787.4938859046819,7.113918077474035,16,1,5.0
RET-003304,ORD-006518,2023-12-20,CUST-01199,PROD-0112,Beauty,Changed Mind,239.65039536931894,66.46016486804146,25,0,3.0
RET-003305,ORD-000234,2022-12-04,CUST-01586,PROD-0279,Beauty,Size Issue,1409.1374098792114,87.01516835915616,13,0,1.0
RET-003306,ORD-000491,2022-06-15,CUST-00843,PROD-0172,Clothing,Defective,1922.497485394581,15.69597377721459,11,0,2.0
RET-003307,ORD-006048,2022-12-29,CUST-01482,PROD-0308,Clothing,Defective,1034.1378677083906,15.78556623984797,6,1,4.0
RET-003308,,2022-10-21,CUST-01552,PROD-0081,Electronics,Not as Described,325.13829464484445,73.74887927702083,19,0,4.0
RET-003309,,2023-04-06,CUST-01789,PROD-0140,Beauty,Size Issue,1808.612163694697,62.14254569920242,17,0,1.0
RET-003310,ORD-009498,2022-08-01,CUST-00470,PROD-0469,Electronics,Size Issue,1281.7341219081911,74.85122642067611,9,0,4.0
RET-003311,ORD-009740,2024-01-13,CUST-01920,PROD-0213,Home,Defective,1913.9715781902132,12.010168642204222,21,1,4.0
RET-003312,ORD-003154,2023-07-01,CUST-01886,PROD-0302,Beauty,Changed Mind,15.404300005797175,34.81268837494722,12,0,2.0
RET-003313,ORD-001663,2022-11-24,CUST-01003,PROD-0231,Electronics,Wrong Item,1820.769808793576,95.89711048594326,4,1,1.0
RET-003314,ORD-006135,2022-08-23,CUST-00417,PROD-0341,Home,Changed Mind,325.05695867452454,34.24616017154748,6,0,1.0
RET-003315,ORD-006318,2023-05-19,CUST-00800,PROD-0078,Home,Defective,971.6753386318045,98.23692424221116,28,0,2.0
RET-003316,ORD-008062,2024-02-02,CUST-00721,,Electronics,Changed Mind,1983.4570934375265,73.35224175056929,7,0,2.0
RET-003317,ORD-005333,2023-02-15,CUST-00269,PROD-0370,Home,Changed Mind,561.9526733989582,26.683756132883207,19,0,2.0
RET-003318,ORD-006102,2023-10-23,CUST-01184,PROD-0152,Beauty,Changed Mind,927.5627424540958,49.529723625849954,9,0,1.0
RET-003319,ORD-009816,,CUST-01609,PROD-0058,Home,Changed Mind,1250.7854965744534,47.67866282905786,5,0,2.0
RET-003320,ORD-000302,2024-02-25,CUST-01563,PROD-0216,Beauty,Defective,1427.4870920639444,91.11835863663352,27,0,5.0
RET-003321,ORD-002705,2022-11-03,CUST-01280,PROD-0361,Clothing,Not as Described,1123.4929377231908,91.0068134824447,15,0,5.0
RET-003322,ORD-008360,2022-07-04,CUST-00221,PROD-0057,Clothing,Wrong Item,780.1971173060062,73.56870748794503,5,0,4.0
RET-003323,ORD-005948,2024-04-17,CUST-01855,PROD-0472,Home,Changed Mind,1562.5360516595583,28.136680981080296,0,0,1.0
RET-003324,ORD-008350,2023-09-11,CUST-00899,PROD-0434,Electronics,Defective,423.9252541185814,11.286230472467363,5,0,1.0
RET-003325,ORD-003776,2024-02-18,CUST-01273,PROD-0125,Beauty,Wrong Item,1354.7287148584478,72.17154135058995,0,0,1.0
RET-003326,ORD-009264,2022-10-01,CUST-00772,PROD-0196,Clothing,Changed Mind,1148.0122656028489,62.57861214190905,5,1,5.0
RET-003327,ORD-001901,2022-09-15,CUST-01675,PROD-0310,Home,Not as Described,1761.4498722398516,39.50462832920294,5,0,1.0
RET-003328,,2023-06-24,CUST-01005,PROD-0420,Home,Defective,1735.5394725517258,70.13371601479797,17,0,4.0
RET-003329,ORD-008352,2022-11-11,CUST-01744,PROD-0378,Beauty,Defective,1380.3061915969247,84.01176030340972,20,0,1.0
RET-003330,ORD-009760,2023-06-22,CUST-01492,PROD-0168,Clothing,Size Issue,714.0214331377106,58.89455512484349,7,0,3.0
RET-003331,ORD-006813,2022-06-26,CUST-01218,PROD-0428,Home,Size Issue,1390.1004758550848,84.40568316537649,9,1,2.0
RET-003332,ORD-007852,2023-05-26,CUST-01815,PROD-0059,Beauty,Changed Mind,1786.2498442821475,97.859817633171,21,1,3.0
RET-003333,ORD-004065,2023-05-14,CUST-00517,PROD-0180,Home,Not as Described,477.0705124652373,38.325492804851315,21,0,5.0
RET-003334,ORD-008161,2024-02-15,CUST-02000,PROD-0268,Electronics,Size Issue,1484.0340829489287,34.262315043513226,12,1,1.0
RET-003335,ORD-000508,2022-12-13,CUST-01258,PROD-0238,Electronics,Size Issue,1947.8357260899304,23.19022034588102,28,0,5.0
RET-003336,ORD-002425,2023-02-22,CUST-01725,PROD-0150,Electronics,Wrong Item,831.895651957154,14.224934708122994,8,0,4.0
RET-003337,ORD-005109,2023-08-03,CUST-01530,PROD-0368,Home,Wrong Item,1726.2575186876236,286.50218517273584,5,0,4.0
RET-003338,ORD-003167,2022-09-26,CUST-01926,PROD-0499,Home,Defective,1809.2211765335067,66.9731939210228,5,0,3.0
RET-003339,ORD-006143,2023-10-08,CUST-00512,,Electronics,Size Issue,471.25107930482227,18.451534653172985,28,0,3.0
RET-003340,ORD-006334,2024-02-14,CUST-01639,PROD-0017,Clothing,Not as Described,1235.6062239022908,57.246451924703535,12,1,4.0
RET-003341,ORD-000021,2022-09-08,CUST-01745,PROD-0057,Electronics,Changed Mind,31.611126297510214,56.09493766930533,26,0,1.0
RET-003342,ORD-006729,,CUST-01588,PROD-0036,Beauty,Size Issue,640.4271542388735,41.75782152472875,17,0,5.0
RET-003343,ORD-006491,2024-01-03,CUST-01321,PROD-0234,Clothing,Not as Described,1036.1086324895127,47.734211090181624,6,0,3.0
RET-003344,ORD-000923,2023-03-19,CUST-00078,PROD-0297,Electronics,Wrong Item,676.0273501834075,11.56902889669974,4,0,5.0
RET-003345,ORD-001840,2022-10-15,CUST-01111,PROD-0336,Electronics,Wrong Item,1796.1476486402087,96.947630178564,14,0,3.0
RET-003346,ORD-008928,2023-03-29,CUST-01127,PROD-0379,Clothing,Not as Described,1131.9141782038612,10.030946297808486,13,1,4.0
RET-003347,,2023-01-13,CUST-01575,PROD-0295,Home,Defective,1733.5086143880344,85.52791982299999,21,0,2.0
RET-003348,ORD-006705,2024-01-11,CUST-00596,PROD-0430,Electronics,Not as Described,1742.6081444261936,8.868888883157366,16,0,2.0
RET-003349,ORD-002010,,CUST-00321,PROD-0131,Home,Wrong Item,1531.0355708007876,4.099628042551506,20,0,1.0
RET-003350,ORD-007317,,CUST-00254,PROD-0382,Electronics,Not as Described,1152.0136498274128,63.78853138632814,0,1,5.0
RET-003351,ORD-003798,,CUST-01285,PROD-0071,Electronics,Defective,1242.1566291116978,95.79177931743999,21,0,2.0
RET-003352,ORD-009619,2024-03-06,CUST-01065,PROD-0120,Clothing,Size Issue,873.1352664635376,30.286489593277622,24,0,2.0
RET-003353,ORD-007232,2023-08-29,CUST-01751,PROD-0500,Beauty,Size Issue,1595.6715027713813,52.36887785114094,27,0,1.0
RET-003354,ORD-005024,2023-06-29,CUST-01255,PROD-0252,Electronics,Size Issue,1636.1141046314397,50.23094610804627,9,0,1.0
RET-003355,ORD-008218,2022-06-01,CUST-00885,PROD-0147,Home,Not as Described,1084.2235601682648,90.07072109023055,12,1,1.0
RET-003356,ORD-005667,2023-02-07,CUST-00942,PROD-0111,Beauty,Defective,508.2397252801147,73.23764621541864,10,0,1.0
RET-003357,ORD-002287,2024-03-08,CUST-01808,PROD-0476,Beauty,Size Issue,273.53947758463494,16.80610515605726,1,0,4.0
RET-003358,ORD-007544,2023-02-03,CUST-00747,PROD-0188,Beauty,Changed Mind,1986.4507007610243,61.07692815492044,15,0,4.0
RET-003359,ORD-003391,2023-11-15,CUST-00371,PROD-0298,Beauty,Wrong Item,1964.4742800619395,54.43747519490563,18,0,5.0
RET-003360,ORD-004307,2023-11-09,CUST-01553,PROD-0237,Beauty,Not as Described,520.943388562959,36.32568935877405,16,0,4.0
RET-003361,ORD-002897,2024-01-09,CUST-01797,PROD-0074,Clothing,Defective,877.6687260698927,11.864238065783262,6,1,4.0
RET-003362,ORD-008712,2024-01-13,CUST-01215,PROD-0061,Beauty,Size Issue,554.9853598274677,37.745064771948286,25,0,1.0
RET-003363,ORD-009879,2023-02-26,CUST-00430,PROD-0249,Home,Size Issue,73.34890319212093,9.489638865423744,4,0,4.0
RET-003364,ORD-002466,2023-08-19,CUST-00002,PROD-0444,Electronics,Wrong Item,1181.0601077373053,49.59531793621823,15,1,4.0
RET-003365,ORD-003966,2023-12-23,CUST-01150,PROD-0285,Beauty,Size Issue,830.2762761105269,29.043190937061702,2,1,1.0
RET-003366,ORD-006739,2023-12-25,CUST-00150,PROD-0038,Electronics,Size Issue,925.7256635583157,95.50903608876624,28,0,1.0
RET-003367,ORD-000770,2023-03-01,CUST-00622,PROD-0101,Beauty,Size Issue,397.52107371747866,14.574841586228104,25,0,5.0
RET-003368,ORD-007631,2023-08-23,CUST-01452,PROD-0273,Clothing,Changed Mind,1281.525256059779,3.8082856069640125,10,0,2.0
RET-003369,ORD-005923,2023-08-19,CUST-01910,PROD-0405,Electronics,Defective,1800.3114931550324,29.204085733291564,6,0,5.0
RET-003370,ORD-006454,2024-01-25,CUST-00294,PROD-0447,Electronics,Defective,1820.0702501808398,57.69200860834016,27,1,1.0
RET-003371,ORD-003771,2022-07-11,CUST-00314,PROD-0263,Electronics,Defective,1159.2236795537308,37.435531431023726,13,0,4.0
RET-003372,ORD-004088,2024-04-13,CUST-01671,PROD-0382,Home,Changed Mind,165.38609312701584,69.82039704133993,20,0,5.0
RET-003373,ORD-001628,,CUST-01401,PROD-0001,Electronics,Size Issue,1507.12877381618,20.29973286979736,17,0,2.0
RET-003374,ORD-003716,2023-06-02,CUST-00791,PROD-0003,Electronics,Changed Mind,610.5136016195387,14.624130465931472,28,1,5.0
RET-003375,ORD-004687,2022-08-11,CUST-01460,PROD-0003,Home,Size Issue,16.051724704884066,95.81113649153372,4,0,5.0
RET-003376,ORD-007513,2023-11-11,CUST-01220,PROD-0315,Clothing,Changed Mind,863.4027790042744,34.51346802972811,6,0,3.0
RET-003377,ORD-001070,2022-11-17,CUST-01344,PROD-0229,Home,Size Issue,255.36442459005724,81.98626961336697,2,1,1.0
RET-003378,ORD-001747,2023-09-12,CUST-00788,PROD-0290,Home,Size Issue,27.77458449021925,84.76060597525439,3,0,3.0
RET-003379,,2023-11-14,CUST-01066,PROD-0430,Electronics,Changed Mind,1636.9546513017065,56.296509253192674,8,1,4.0
RET-003380,ORD-001298,2024-03-07,CUST-01179,PROD-0099,Home,Wrong Item,656.9419736228435,88.09083673230276,18,0,5.0
RET-003381,ORD-003912,2022-08-22,CUST-00507,PROD-0118,Clothing,Wrong Item,1953.4848435498807,91.59167787476181,8,0,1.0
RET-003382,ORD-006370,2022-06-25,CUST-01206,PROD-0225,Home,Defective,1507.3033454956526,99.24746615527917,10,0,3.0
RET-003383,ORD-005844,2023-12-08,CUST-00948,PROD-0428,Electronics,Not as Described,517.9256646968888,97.64011226556825,7,0,5.0
RET-003384,ORD-009824,2023-10-04,CUST-00756,PROD-0200,Beauty,Not as Described,346.1504959723291,39.65676188013656,12,0,5.0
RET-003385,ORD-007105,2024-02-17,CUST-00906,PROD-0182,Electronics,Not as Described,1208.6206626568464,74.08257598969115,7,0,2.0
RET-003386,ORD-005649,2024-03-28,CUST-00296,PROD-0356,Home,Not as Described,1963.8641548220464,6.03937460965952,15,0,5.0
RET-003387,ORD-007394,2023-05-22,CUST-01148,PROD-0229,Beauty,Not as Described,706.2835576211965,35.13055799567118,10,1,1.0
RET-003388,ORD-003064,2023-05-03,CUST-01717,PROD-0183,Electronics,Wrong Item,426.54696516830484,4.407787153928022,13,0,3.0
RET-003389,ORD-009065,2024-04-20,CUST-00626,PROD-0278,Beauty,Changed Mind,1716.606569620832,3.0151526372772963,28,0,5.0
RET-003390,ORD-004268,2023-03-24,CUST-00248,PROD-0275,Clothing,Defective,1092.938967578103,99.83534405623764,20,1,1.0
RET-003391,ORD-002819,2022-12-15,CUST-01533,PROD-0486,Home,Not as Described,1508.6564763623524,52.88521246559961,11,1,2.0
RET-003392,ORD-009615,2023-02-28,CUST-00221,PROD-0077,Electronics,Changed Mind,281.86753169071875,9.910174045024833,29,0,5.0
RET-003393,ORD-006690,2023-10-16,CUST-00934,PROD-0241,Clothing,Size Issue,78.66416487438696,78.22357920150145,22,0,1.0
RET-003394,ORD-000835,2024-04-25,CUST-01614,PROD-0269,Home,Defective,1334.864342754338,49.831668239436155,21,1,1.0
RET-003395,ORD-007570,2023-11-22,CUST-01912,PROD-0368,Electronics,Not as Described,839.407624034564,90.58035337789788,19,1,1.0
RET-003396,ORD-008338,2022-10-18,CUST-01523,PROD-0438,Electronics,Wrong Item,641.0997777449255,41.930642407313954,20,0,4.0
RET-003397,ORD-000852,2022-11-02,CUST-01143,PROD-0438,Electronics,Not as Described,866.1813344978773,85.2668210799457,15,0,2.0
RET-003398,ORD-003372,2022-10-13,CUST-00458,PROD-0442,Beauty,Size Issue,1157.2418365500541,99.59089311174543,13,0,1.0
RET-003399,ORD-000727,2022-10-29,CUST-01176,PROD-0381,Clothing,Size Issue,1011.559479788815,33.22795206706057,29,0,5.0
RET-003400,ORD-005789,2024-01-11,CUST-00007,PROD-0316,Electronics,Not as Described,802.5290135479005,67.92405812633454,28,1,
RET-003401,ORD-002948,2023-05-28,CUST-00041,PROD-0024,Clothing,Not as Described,445.79969492710376,34.87072046755587,11,0,3.0
RET-003402,ORD-006272,2024-01-28,CUST-01752,PROD-0301,Beauty,Size Issue,1407.214404208061,57.87667876381094,26,1,4.0
RET-003403,ORD-001813,2022-06-28,CUST-01302,PROD-0205,Electronics,Size Issue,1680.9244085386783,92.0007115999906,1,1,4.0
RET-003404,ORD-000403,2022-11-16,CUST-01527,PROD-0418,Beauty,Changed Mind,1060.3185027650052,84.64950595813852,12,0,1.0
RET-003405,ORD-008040,2024-04-10,CUST-00494,PROD-0098,Electronics,Defective,1261.3253610324884,25.513309686586496,12,0,3.0
RET-003406,ORD-007649,2023-03-07,CUST-01454,PROD-0431,Beauty,Size Issue,1408.8704060491723,36.5979703909191,19,1,5.0
RET-003407,ORD-001124,2023-09-01,CUST-01330,PROD-0455,Beauty,Wrong Item,215.36548368864896,76.3850254831499,7,0,1.0
RET-003408,ORD-002043,2023-07-19,CUST-01682,PROD-0160,Clothing,Size Issue,1325.9261007316873,15.362882363850062,1,0,4.0
RET-003409,ORD-004446,2023-01-30,CUST-01396,PROD-0329,Beauty,Wrong Item,769.3303153464581,93.4684438281538,7,0,2.0
RET-003410,ORD-008422,2023-01-21,CUST-00486,PROD-0262,Clothing,Not as Described,1205.7480609348775,52.680621973283195,28,0,3.0
RET-003411,ORD-006632,2023-03-30,CUST-01884,PROD-0394,Home,Defective,857.9541819231915,7.330606407717067,29,0,2.0
RET-003412,ORD-002588,2024-04-03,CUST-00324,PROD-0193,Clothing,Wrong Item,578.4106603025311,63.04413758730967,21,0,1.0
RET-003413,ORD-003982,2023-01-30,CUST-00875,PROD-0004,Beauty,Not as Described,650.3021790731202,56.300704797477806,3,0,2.0
RET-003414,ORD-007958,2022-09-29,CUST-01906,PROD-0137,Electronics,Defective,19.242364300699357,1.5958727872186773,14,0,4.0
RET-003415,ORD-003645,2022-06-07,CUST-01021,PROD-0233,Clothing,Size Issue,40.36520312671557,14.160716179331324,13,0,1.0
RET-003416,ORD-009511,2023-12-04,CUST-01395,PROD-0154,Electronics,Wrong Item,898.4308582909622,88.19942511790913,1,0,1.0
RET-003417,ORD-006820,2023-01-06,CUST-00937,PROD-0015,Clothing,Defective,141.1415428285146,9.556163798791651,23,0,1.0
RET-003418,ORD-000122,2022-12-26,CUST-00443,PROD-0453,Electronics,Changed Mind,1288.367472643784,87.25778132002527,16,0,5.0
RET-003419,ORD-007666,2024-01-31,CUST-01885,PROD-0104,Clothing,Wrong Item,1691.522113821259,89.34595072750525,20,0,2.0
RET-003420,ORD-009618,2022-10-08,CUST-00191,PROD-0278,Clothing,Not as Described,354.9604646018157,81.61816382239546,19,0,3.0
RET-003421,ORD-006268,2023-04-15,CUST-01618,PROD-0297,Electronics,Wrong Item,303.55640460579133,62.12575521495884,12,0,1.0
RET-003422,ORD-000640,2023-12-29,CUST-00282,PROD-0492,Beauty,Defective,1031.511136554638,11.742969668932101,16,0,5.0
RET-003423,ORD-008739,2023-09-12,CUST-00807,PROD-0143,Home,Changed Mind,838.1350094020594,98.65778597300388,28,1,4.0
RET-003424,ORD-006961,2023-04-25,CUST-00955,PROD-0283,Beauty,Size Issue,1998.2519186777417,59.24976351214276,25,0,5.0
RET-003425,ORD-006073,2023-12-04,CUST-00796,PROD-0060,Beauty,Wrong Item,990.2167574831172,1.6899032551811688,23,0,3.0
RET-003426,ORD-001210,2023-05-16,CUST-01099,PROD-0359,Beauty,Size Issue,1426.2357683201487,88.43332042217497,27,1,3.0
RET-003427,ORD-007442,2023-09-04,CUST-01091,PROD-0340,Home,Wrong Item,147.4658940245918,47.39595945631637,26,0,5.0
RET-003428,ORD-000410,2023-06-19,CUST-01297,PROD-0490,Electronics,Not as Described,804.5010884703181,81.3865229888264,2,0,5.0
RET-003429,ORD-006120,2023-08-28,CUST-00822,PROD-0303,Electronics,Not as Described,365.241552481854,16.136050696722204,13,0,2.0
RET-003430,ORD-004231,2024-03-29,CUST-00414,PROD-0009,Clothing,Changed Mind,695.8880956905704,5.888579590224319,18,0,4.0
RET-003431,ORD-003936,2023-06-23,CUST-01389,PROD-0414,Home,Defective,896.2364723676809,96.07753155901206,18,1,1.0
RET-003432,ORD-001934,2023-11-08,CUST-01394,PROD-0256,Electronics,Not as Described,793.1509880140568,31.034114071986362,21,1,4.0
RET-003433,ORD-003099,2024-02-02,CUST-00854,PROD-0105,Home,Wrong Item,483.6101949855238,11.831450930719834,3,0,2.0
RET-003434,ORD-009914,2022-08-14,CUST-01452,PROD-0270,Clothing,Wrong Item,892.7396463572724,58.26879570352567,9,0,2.0
RET-003435,ORD-003535,2023-09-15,CUST-01900,PROD-0492,Beauty,Size Issue,1725.730284287561,38.26651072728874,22,0,3.0
RET-003436,ORD-005954,2024-02-05,CUST-00824,PROD-0141,Clothing,Not as Described,1715.65334359606,82.1053937376955,1,1,3.0
RET-003437,ORD-007102,2022-06-15,CUST-01502,PROD-0055,Electronics,Defective,762.0943497177266,73.51941638364038,5,1,1.0
RET-003438,ORD-007204,2022-10-13,CUST-01530,PROD-0451,Electronics,Defective,521.0410445289997,53.794925731817564,17,1,3.0
RET-003439,ORD-008754,2022-10-06,CUST-00194,PROD-0109,Clothing,Defective,1621.9631839832668,75.48189630680918,2,0,4.0
RET-003440,ORD-007921,2024-04-20,CUST-00935,PROD-0201,Clothing,Size Issue,225.27586292882143,4.724782034162011,23,0,
RET-003441,ORD-003879,2023-09-03,CUST-00529,PROD-0137,Home,Changed Mind,422.4690373174221,77.53283332682177,16,0,1.0
RET-003442,ORD-000845,2023-03-21,CUST-00356,,Home,Not as Described,1435.5370966733185,98.18369136862233,10,0,2.0
RET-003443,ORD-008808,2023-07-11,CUST-00409,PROD-0372,Beauty,Defective,1800.757797437314,65.36069763576067,25,0,5.0
RET-003444,ORD-006429,2024-03-10,CUST-00931,PROD-0093,Home,Not as Described,1530.2649842093701,78.83424346618386,3,0,1.0
RET-003445,ORD-006420,2022-11-11,CUST-01413,PROD-0007,Electronics,Changed Mind,316.46770674036674,83.97685509350545,26,1,4.0
RET-003446,ORD-004422,2022-08-04,CUST-00502,PROD-0242,Clothing,Defective,204.12576152340284,95.3945344214136,21,0,1.0
RET-003447,ORD-003344,2022-08-18,CUST-00200,PROD-0194,Beauty,Changed Mind,470.5752666306479,21.976842781155547,3,0,2.0
RET-003448,ORD-007181,2023-04-28,CUST-01348,PROD-0446,Home,Changed Mind,293.2012319721448,97.35712915259279,1,1,1.0
RET-003449,ORD-001047,2024-01-18,CUST-01212,PROD-0278,Electronics,Defective,978.8612166211951,24.37213348547441,2,0,1.0
RET-003450,ORD-009227,2023-03-05,CUST-01373,PROD-0012,Electronics,Size Issue,1326.676995217261,96.22164364474986,23,1,1.0
RET-003451,ORD-008894,2023-11-11,CUST-00767,PROD-0025,Clothing,Wrong Item,353.04084995838235,16.727272190764364,1,0,3.0
RET-003452,ORD-003741,2023-06-04,CUST-00912,PROD-0155,Electronics,Changed Mind,543.604712314947,35.02501609845472,7,1,1.0
RET-003453,ORD-000577,2023-12-24,CUST-01305,PROD-0126,Beauty,Changed Mind,1368.7754501016313,18.699279805199343,3,1,2.0
RET-003454,ORD-000498,2023-06-03,CUST-00556,PROD-0307,Electronics,Changed Mind,78.67274418610756,48.383301622009945,3,0,3.0
RET-003455,ORD-001132,2022-07-12,CUST-00904,PROD-0065,Clothing,Size Issue,314.6631860148714,67.53270429522945,17,0,2.0
RET-003456,ORD-007583,2023-02-08,CUST-01046,PROD-0455,Electronics,Wrong Item,1174.5841725433254,61.09022940219441,9,0,1.0
RET-003457,ORD-006213,2024-02-09,CUST-01590,PROD-0046,Home,Not as Described,1011.2142571070455,99.61890457514657,11,0,1.0
RET-003458,ORD-007790,2023-10-29,CUST-00601,PROD-0273,Home,Defective,1625.4251888093636,5.593285587411378,24,0,3.0
RET-003459,ORD-003017,2023-09-26,CUST-00316,PROD-0350,Clothing,Not as Described,1925.3117163125225,59.680847905670774,13,0,5.0
RET-003460,ORD-009664,2023-11-28,CUST-00840,PROD-0138,Electronics,Defective,265.53032477514864,4.676324689533784,4,1,5.0
RET-003461,ORD-003844,2023-01-08,CUST-01525,PROD-0221,Beauty,Changed Mind,751.2082652173068,81.2802169263192,2,0,5.0
RET-003462,ORD-008390,2023-08-12,CUST-01922,PROD-0369,Beauty,Wrong Item,422.6830135943886,80.58724362103334,17,1,3.0
RET-003463,,2023-01-05,CUST-01236,PROD-0050,Clothing,Not as Described,1321.5662699893962,19.01461054139444,20,1,2.0
RET-003464,ORD-009007,2023-04-12,CUST-00583,PROD-0129,Beauty,Wrong Item,792.2673422964881,51.17603124345496,24,0,2.0
RET-003465,ORD-004043,2023-12-23,CUST-01310,PROD-0312,Home,Size Issue,1971.3012635520759,78.15610727746342,26,0,4.0
RET-003466,ORD-002688,2022-07-27,CUST-00111,PROD-0379,Home,Changed Mind,410.0594015486292,48.52164914815528,10,0,5.0
RET-003467,ORD-003475,2023-12-04,CUST-00897,PROD-0310,Clothing,Changed Mind,1701.9902869567964,90.95715464621938,4,1,5.0
RET-003468,ORD-006196,2024-04-17,CUST-00102,PROD-0477,Home,Not as Described,1903.0923441997377,0.48409832587756885,12,0,5.0
RET-003469,ORD-004666,2024-01-22,CUST-00204,PROD-0025,Clothing,Defective,1999.250041867281,37.619028127076604,11,1,5.0
RET-003470,ORD-006339,2023-12-16,CUST-00328,PROD-0480,Home,Wrong Item,1679.3142566426377,80.46376631132684,23,1,5.0
RET-003471,ORD-007849,,CUST-01408,PROD-0154,Beauty,Changed Mind,1967.0944911673257,80.87469989179212,27,0,2.0
RET-003472,ORD-001478,2023-04-03,CUST-00207,PROD-0203,Electronics,Size Issue,1516.2393412217964,23.47626257619092,27,0,3.0
RET-003473,ORD-002537,2023-03-27,CUST-00163,PROD-0241,Clothing,Not as Described,1884.0972330937407,7.6633813633011805,13,0,1.0
RET-003474,ORD-007002,2023-11-03,CUST-00340,PROD-0079,Beauty,Wrong Item,875.8382623072359,22.854314898500895,13,0,4.0
RET-003475,ORD-008079,2024-01-08,CUST-00984,PROD-0006,Electronics,Defective,1581.6850508984658,34.563771885084385,9,1,3.0
RET-003476,ORD-001292,2023-10-08,CUST-00674,PROD-0238,Home,Not as Described,851.2774550680115,6.394817525153718,3,0,5.0
RET-003477,ORD-006577,,CUST-01619,PROD-0115,Beauty,Defective,1126.2028254762579,35.620786496074416,28,0,5.0
RET-003478,ORD-009823,2023-08-13,CUST-00096,PROD-0136,Beauty,Defective,1864.7590720960852,93.52546300978037,7,0,4.0
RET-003479,ORD-001231,2023-02-25,CUST-00177,PROD-0246,Clothing,Defective,1561.6612689224985,20.051643637618564,29,1,4.0
RET-003480,ORD-000728,2023-09-22,CUST-00652,PROD-0283,Beauty,Wrong Item,294.24001822481387,30.024142349378536,7,1,3.0
RET-003481,ORD-005431,2022-09-19,CUST-01610,PROD-0111,Beauty,Changed Mind,1817.038801877714,49.37222688338932,10,0,4.0
RET-003482,ORD-004156,2023-08-20,CUST-01592,PROD-0461,Beauty,Wrong Item,564.9549004210304,43.418810951748455,19,0,3.0
RET-003483,ORD-006641,2022-09-30,CUST-00137,PROD-0314,Clothing,Size Issue,128.02584290253867,6.170100663158429,26,1,2.0
RET-003484,,2023-04-20,CUST-01425,PROD-0480,Electronics,Not as Described,1386.002109964855,21.15053114364024,4,0,5.0
RET-003485,ORD-003961,2022-12-20,CUST-01564,PROD-0100,Beauty,Size Issue,479.4630059149204,37.11421286765242,4,0,1.0
RET-003486,ORD-002711,2024-02-21,CUST-01095,PROD-0367,Clothing,Changed Mind,1608.424437202992,89.19123962184817,1,1,5.0
RET-003487,ORD-007694,2022-09-06,CUST-00936,PROD-0254,Beauty,Changed Mind,1649.6325430191193,43.73021573265354,7,0,5.0
RET-003488,ORD-008314,2022-06-21,CUST-01200,PROD-0123,Beauty,Not as Described,865.4270455275217,70.54494433870765,12,0,3.0
RET-003489,,2024-02-15,CUST-00020,PROD-0482,Electronics,Defective,367.9014318539506,20.63686008162745,12,0,
RET-003490,ORD-001717,2023-09-18,CUST-00775,PROD-0151,Home,Wrong Item,1076.697375104246,17.231982188394124,7,1,5.0
RET-003491,ORD-003763,2024-03-27,CUST-00200,PROD-0031,Beauty,Size Issue,748.8354094571688,29.99355802571555,18,0,1.0
RET-003492,ORD-004558,,CUST-01614,PROD-0062,Electronics,Changed Mind,1235.3774113002848,0.04962373105655837,11,0,3.0
RET-003493,,2022-12-29,CUST-00266,PROD-0001,Beauty,Changed Mind,1488.3834136432993,25.46580804427645,7,1,4.0
RET-003494,ORD-003878,2022-10-05,CUST-00705,PROD-0159,Clothing,Changed Mind,419.96516683237115,26.261950764370724,6,0,3.0
RET-003495,ORD-004708,2023-05-28,CUST-00674,,Beauty,Changed Mind,1195.0900527341107,43.145892177831946,11,0,5.0
RET-003496,ORD-002348,2023-05-20,CUST-01147,PROD-0204,Home,Changed Mind,639.2953549294011,0.18143958483233247,17,0,2.0
RET-003497,ORD-009298,2022-11-06,CUST-00641,PROD-0148,Clothing,Size Issue,1871.8472003086765,4.765312701453295,16,1,2.0
RET-003498,ORD-004185,2022-08-11,CUST-00430,PROD-0408,Home,Size Issue,624.6044775102885,41.61226204844208,26,0,5.0
RET-003499,ORD-007507,2024-03-25,CUST-01259,PROD-0168,Electronics,Changed Mind,391.713825214768,61.121943856390445,1,0,5.0
RET-003500,,2023-11-26,CUST-01840,PROD-0015,Beauty,Changed Mind,1294.1157458010305,15.017066895847552,3,1,1.0
RET-003501,ORD-000799,2023-11-07,CUST-00103,PROD-0170,Electronics,Wrong Item,1587.6034915576727,22.51864605771816,19,1,2.0
RET-003502,ORD-006875,2023-12-02,CUST-01642,PROD-0375,Electronics,Size Issue,778.7504248828498,12.794448793936953,26,0,2.0
RET-003503,ORD-000547,2023-09-17,CUST-01843,PROD-0191,Electronics,Wrong Item,71.21197961482085,79.50337374329783,20,0,1.0
RET-003504,ORD-003108,2023-02-07,CUST-01507,PROD-0432,Beauty,Size Issue,956.5916312744656,94.58794396278269,26,0,5.0
RET-003505,ORD-005083,2023-07-02,CUST-01039,PROD-0192,Beauty,Not as Described,228.63441199956335,95.6847588236305,13,0,2.0
RET-003506,ORD-007565,2023-02-07,CUST-01914,PROD-0012,Electronics,Defective,1452.7707574539065,50.787010554103794,18,1,1.0
RET-003507,ORD-007646,2023-11-23,CUST-01778,PROD-0245,Electronics,Defective,1184.033826189724,61.48595736094066,7,0,4.0
RET-003508,ORD-007957,2023-01-14,CUST-00823,PROD-0010,Home,Defective,1058.051984406222,60.05179658728893,27,0,3.0
RET-003509,ORD-009161,2024-02-26,CUST-01363,PROD-0317,Electronics,Defective,205.5680606785041,50.11450488407824,16,0,3.0
RET-003510,ORD-001501,2022-06-28,CUST-00363,PROD-0100,Clothing,Changed Mind,1063.8824921074802,1.3091884918562058,23,1,4.0
RET-003511,ORD-004159,2023-09-25,CUST-01475,PROD-0324,Home,Wrong Item,147.75158220494927,85.39990043791134,17,0,5.0
RET-003512,ORD-003651,2024-03-29,CUST-00470,,Home,Not as Described,1005.1663190446278,58.33816769801461,5,0,1.0
RET-003513,ORD-009848,2023-03-24,CUST-00893,PROD-0387,Home,Size Issue,1939.9226145227733,3.206997102736109,20,0,4.0
RET-003514,ORD-008619,2023-08-27,CUST-00926,PROD-0488,Clothing,Size Issue,330.2686354509876,20.188101992438078,24,0,5.0
RET-003515,ORD-003356,2023-04-08,CUST-00255,PROD-0153,Electronics,Defective,1950.1307945994265,76.14134816164102,27,0,3.0
RET-003516,ORD-009083,2023-11-25,CUST-01882,PROD-0222,Clothing,Defective,139.80376881192237,21.600961966223153,8,1,4.0
RET-003517,ORD-003613,2023-03-18,CUST-00574,PROD-0482,Clothing,Size Issue,784.6942432920619,55.06831208571006,0,0,5.0
RET-003518,ORD-008627,2022-11-22,CUST-00963,,Home,Not as Described,1051.5791025429157,99.42395255777778,14,1,2.0
RET-003519,ORD-007848,2023-12-13,CUST-00018,PROD-0254,Home,Size Issue,65.92646588835856,2.056681298579899,15,0,2.0
RET-003520,ORD-005631,2023-11-23,CUST-00448,PROD-0164,Electronics,Defective,777.8423039185686,18.944083469637608,18,0,1.0
RET-003521,ORD-005590,2022-07-05,CUST-00236,PROD-0300,Clothing,Defective,871.2091681413408,49.156916631184664,17,1,3.0
RET-003522,ORD-007538,2024-03-13,CUST-00971,PROD-0137,Home,Size Issue,798.3134030331489,34.354498732598614,15,1,5.0
RET-003523,ORD-008278,2024-01-03,CUST-00718,PROD-0326,Home,Changed Mind,1953.7626497467,72.89430841176163,9,1,5.0
RET-003524,ORD-001032,2023-05-27,CUST-00854,PROD-0316,Electronics,Defective,1827.381069413392,87.40530475796669,18,0,2.0
RET-003525,ORD-002828,2024-02-06,CUST-01294,PROD-0009,Beauty,Changed Mind,1847.9100525221766,87.25838420902366,3,1,5.0
RET-003526,ORD-007120,2023-05-22,CUST-01389,PROD-0389,Beauty,Size Issue,637.6035880895851,89.55738259976154,11,0,5.0
RET-003527,ORD-006851,2022-07-05,CUST-01265,PROD-0233,Clothing,Changed Mind,1972.9954866199173,81.76593458656191,24,0,1.0
RET-003528,ORD-000562,2022-10-10,CUST-01660,PROD-0153,Beauty,Defective,1846.0916937975055,21.25368296259078,9,1,5.0
RET-003529,,2023-10-06,CUST-00364,PROD-0451,Beauty,Defective,1044.161690425115,20.63505831981405,28,0,4.0
RET-003530,ORD-008158,2023-07-05,CUST-00783,PROD-0284,Electronics,Wrong Item,430.0814104058844,43.764827377912816,29,0,4.0
RET-003531,ORD-003890,2024-02-25,CUST-01951,PROD-0286,Home,Size Issue,578.978185255019,9.6948000339254,22,0,5.0
RET-003532,,2023-08-31,CUST-00157,,Clothing,Defective,1299.8563841796272,95.61960955114017,7,0,1.0
RET-003533,ORD-006903,2024-03-28,CUST-00254,PROD-0214,Electronics,Wrong Item,1357.660267680398,10.163450059315338,6,0,3.0
RET-003534,ORD-000395,2022-06-12,CUST-00713,PROD-0402,Clothing,Size Issue,312.3743479019426,97.76979490342573,6,1,2.0
RET-003535,ORD-005572,2023-04-11,CUST-00871,PROD-0072,Home,Wrong Item,1374.974285961451,76.86596456521086,4,0,4.0
RET-003536,ORD-000240,2023-02-19,CUST-01363,PROD-0472,Home,Defective,506.8004604072155,0.9042492072054209,5,1,2.0
RET-003537,ORD-006189,2023-08-02,CUST-01965,PROD-0156,Electronics,Defective,1902.76772388572,11.485692652713675,13,0,4.0
RET-003538,ORD-007717,2022-06-04,CUST-01995,PROD-0013,Electronics,Size Issue,514.5463279935303,29.88919711640309,19,1,5.0
RET-003539,ORD-006558,2023-02-07,CUST-01502,PROD-0387,Home,Wrong Item,1241.683925785749,87.6537807123088,24,0,2.0
RET-003540,ORD-004605,2023-09-25,CUST-00920,PROD-0051,Clothing,Not as Described,1809.0025876177947,29.995940912603313,23,1,4.0
RET-003541,,2023-11-17,CUST-00117,PROD-0481,Home,Wrong Item,468.5634249452498,50.963039881408,1,0,3.0
RET-003542,ORD-008839,2023-02-03,CUST-01320,PROD-0038,Clothing,Changed Mind,116.3780499731156,10.599308978107247,6,0,4.0
RET-003543,ORD-009403,2023-04-25,CUST-00694,PROD-0230,Clothing,Size Issue,319.95789314673607,23.928854140973588,8,0,3.0
RET-003544,ORD-008873,,CUST-00927,PROD-0325,Beauty,Size Issue,1023.794730890372,90.89498029240073,27,1,1.0
RET-003545,ORD-006208,2023-06-21,CUST-01888,PROD-0387,Clothing,Wrong Item,625.5091349578367,57.45074594286491,19,0,3.0
RET-003546,ORD-007729,2023-09-21,CUST-00252,PROD-0235,Clothing,Not as Described,463.31904067705375,5.851977026976652,15,1,1.0
RET-003547,ORD-001212,2023-05-01,CUST-01290,PROD-0188,Clothing,Wrong Item,849.6738148760418,70.79061535520773,14,0,5.0
RET-003548,ORD-004642,2024-03-21,CUST-01474,PROD-0382,Electronics,Wrong Item,1124.2443277058578,47.714579547886274,28,1,4.0
RET-003549,ORD-006389,2022-09-27,CUST-01923,PROD-0226,Home,Not as Described,839.4858617924689,65.79659576899437,1,1,4.0
RET-003550,ORD-001491,2023-09-24,CUST-00521,PROD-0167,Clothing,Size Issue,185.21468160884822,76.24537774783484,25,0,4.0
RET-003551,ORD-008644,2022-12-28,CUST-01493,PROD-0379,Clothing,Not as Described,134.3196636239714,42.84419011208725,7,1,2.0
RET-003552,ORD-005435,2022-08-28,CUST-00923,PROD-0485,Clothing,Defective,73.33850144738938,52.94047274382947,6,1,2.0
RET-003553,ORD-009181,2024-03-05,CUST-00249,PROD-0373,Beauty,Size Issue,381.82923966705505,23.925640530249083,1,0,1.0
RET-003554,ORD-002178,2023-10-01,CUST-00078,PROD-0411,Clothing,Not as Described,1748.0698112644218,74.61104772728923,22,0,1.0
RET-003555,ORD-001461,2024-03-25,CUST-01851,PROD-0413,Beauty,Size Issue,375.89833107169505,12.792270130710248,3,0,2.0
RET-003556,ORD-006284,2022-08-23,CUST-00377,PROD-0453,Home,Defective,586.045890401885,67.54612906616543,29,0,2.0
RET-003557,ORD-002758,2022-09-14,CUST-01598,PROD-0371,Electronics,Wrong Item,386.57922828028984,61.814664415640884,18,0,3.0
RET-003558,,2024-03-10,CUST-00742,PROD-0190,Electronics,Wrong Item,1832.5273238407742,22.08063686986129,18,1,1.0
RET-003559,ORD-000769,2023-03-29,CUST-00096,PROD-0256,Home,Size Issue,1300.4656930187475,31.970968587788885,13,0,1.0
RET-003560,ORD-002647,2024-03-11,CUST-01127,PROD-0346,Electronics,Not as Described,1184.363275385141,81.4981760043533,21,1,4.0
RET-003561,ORD-007785,2024-03-01,CUST-01130,PROD-0226,Home,Not as Described,256.30766052550166,9.263460877531015,14,0,5.0
RET-003562,ORD-003468,2023-06-03,CUST-00842,PROD-0151,Electronics,Changed Mind,772.5798973633327,24.071426077435675,4,1,3.0
RET-003563,ORD-008458,,CUST-01523,,Clothing,Wrong Item,1274.3155848507251,66.39119949391727,14,0,4.0
RET-003564,ORD-008581,2023-05-17,CUST-01369,PROD-0150,Beauty,Not as Described,962.9408934329527,57.036715667954475,22,1,1.0
RET-003565,ORD-009633,2023-11-11,CUST-01604,PROD-0464,Beauty,Not as Described,917.6451544971483,59.67265032683559,22,0,4.0
RET-003566,ORD-005366,2022-12-21,CUST-01388,PROD-0393,Home,Not as Described,1950.1796320317533,52.9727558616792,6,1,4.0
RET-003567,ORD-004341,2022-07-23,CUST-00260,PROD-0096,Clothing,Changed Mind,1258.5989216784312,57.94847104264307,26,0,5.0
RET-003568,ORD-004770,2024-03-05,CUST-01359,PROD-0336,Electronics,Changed Mind,1633.7640011854223,75.36182506416918,1,0,3.0
RET-003569,ORD-009691,2023-04-11,CUST-00051,,Home,Changed Mind,1993.0620383327407,49.406094216264016,0,0,1.0
RET-003570,ORD-004025,,CUST-01308,PROD-0321,Home,Size Issue,170.84192110373039,46.03500888295805,24,0,5.0
RET-003571,ORD-004998,2024-03-06,CUST-00337,PROD-0324,Home,Defective,1306.156056965241,46.216732479474,0,1,2.0
RET-003572,ORD-001453,,CUST-01308,PROD-0115,Beauty,Defective,1756.2697716140228,23.715767969825606,8,1,4.0
RET-003573,ORD-003405,2024-02-12,CUST-00851,PROD-0099,Home,Changed Mind,451.85522316980484,59.794758377579306,16,0,5.0
RET-003574,ORD-001991,2022-07-14,CUST-01127,PROD-0344,Home,Size Issue,13.816375289385917,19.059890528300304,26,1,5.0
RET-003575,ORD-003473,2023-10-18,CUST-01407,PROD-0029,Beauty,Defective,635.0491321673185,60.54959672670849,29,1,5.0
RET-003576,ORD-007417,2023-11-11,CUST-00626,PROD-0311,Electronics,Defective,813.7037045135132,64.50618081970495,17,1,
RET-003577,ORD-006731,2023-05-20,CUST-00787,PROD-0105,Home,Size Issue,1197.7094467898644,48.32775554472786,21,1,5.0
RET-003578,ORD-009481,2023-09-13,CUST-01434,PROD-0005,Beauty,Wrong Item,246.64732737618556,34.33940298705084,0,1,3.0
RET-003579,ORD-004928,2022-12-27,CUST-01026,PROD-0461,Beauty,Not as Described,1687.0287985254986,36.624191785216766,21,0,4.0
RET-003580,ORD-008673,2022-12-19,CUST-00738,PROD-0124,Clothing,Changed Mind,798.0392536518106,41.050893313444625,17,0,
RET-003581,ORD-000686,2023-09-03,CUST-01517,PROD-0123,Beauty,Changed Mind,338.62925526438306,60.32721283999992,16,0,4.0
RET-003582,ORD-005067,2023-02-23,CUST-00068,PROD-0355,Beauty,Wrong Item,976.3834660477108,95.6959151058616,4,1,5.0
RET-003583,ORD-008971,2023-03-21,CUST-00431,PROD-0124,Home,Not as Described,1033.4373291313723,65.04210170218015,12,0,3.0
RET-003584,ORD-006089,2023-10-15,CUST-00788,PROD-0052,Home,Defective,1527.3780667829901,64.58650658462861,6,0,4.0
RET-003585,ORD-008911,2022-11-11,CUST-01740,PROD-0089,Electronics,Not as Described,68.98105879785746,71.00216233293852,29,0,4.0
RET-003586,ORD-006954,2023-10-10,CUST-01096,PROD-0360,Electronics,Size Issue,1596.2682689510898,78.31496505312604,25,0,2.0
RET-003587,ORD-008429,2023-08-21,CUST-01240,PROD-0060,Home,Changed Mind,475.05629534091383,97.67026916476202,21,0,4.0
RET-003588,ORD-005719,2023-06-28,CUST-00403,PROD-0291,Home,Size Issue,1427.959610861585,59.132698701357086,10,0,3.0
RET-003589,ORD-003095,2022-11-09,CUST-00761,PROD-0270,Clothing,Not as Described,1186.7270548204613,97.4637768660272,4,1,3.0
RET-003590,ORD-000097,2023-03-29,CUST-01292,PROD-0052,Beauty,Changed Mind,437.586697115501,48.79893436876762,3,0,1.0
RET-003591,ORD-003266,2022-09-27,CUST-01488,PROD-0470,Electronics,Changed Mind,418.65833903772403,73.73593873677116,10,0,4.0
RET-003592,ORD-001990,2022-06-03,CUST-01382,PROD-0103,Beauty,Changed Mind,1680.8533253251142,26.621718877076816,3,1,4.0
RET-003593,ORD-008124,2022-12-26,CUST-00019,PROD-0333,Home,Wrong Item,406.3099484500451,94.78007791694615,5,0,2.0
RET-003594,ORD-006153,2023-04-30,CUST-00369,PROD-0341,Home,Not as Described,50.802626950854,84.45258581361514,17,1,3.0
RET-003595,ORD-001800,2023-11-16,CUST-01904,PROD-0375,Clothing,Changed Mind,938.278506177777,351.46219313124385,28,1,5.0
RET-003596,ORD-001722,2023-07-06,CUST-00643,PROD-0367,Electronics,Changed Mind,1506.1886920707805,90.89416642956549,21,0,4.0
RET-003597,ORD-008823,2023-12-10,CUST-00267,PROD-0144,Clothing,Not as Described,1644.572041134554,68.56857807446983,8,0,2.0
RET-003598,ORD-003031,2022-07-10,CUST-00558,PROD-0128,Beauty,Size Issue,1897.162813777252,63.17933121816968,20,0,3.0
RET-003599,ORD-002427,2022-07-17,CUST-01676,PROD-0165,Home,Wrong Item,1042.064212809511,28.681396925740334,11,0,5.0
RET-003600,ORD-004168,2022-07-11,CUST-01822,PROD-0235,Electronics,Not as Described,1391.9944103679227,91.05623694896897,22,1,3.0
RET-003601,ORD-001043,2023-05-26,CUST-01291,PROD-0041,Electronics,Wrong Item,1802.5731700893843,77.24651200657013,4,0,2.0
RET-003602,ORD-001104,2024-02-10,CUST-00637,PROD-0490,Clothing,Not as Described,1367.3015348528315,13.566337969379006,9,0,3.0
RET-003603,ORD-004450,2022-12-01,CUST-01046,PROD-0262,Home,Size Issue,1410.4830430337627,64.57252803325471,0,1,4.0
RET-003604,ORD-004914,2024-04-22,CUST-00029,PROD-0366,Electronics,Size Issue,1903.2088968836424,61.20379281588693,11,0,1.0
RET-003605,ORD-006455,2023-06-06,CUST-00255,PROD-0384,Home,Size Issue,26.045284559245804,36.26587459068868,26,0,1.0
RET-003606,ORD-009047,2024-01-14,CUST-01518,PROD-0252,Clothing,Changed Mind,323.581986526699,90.92252534314012,5,0,1.0
RET-003607,ORD-009508,2024-02-21,CUST-00709,PROD-0075,Beauty,Defective,664.2838712929337,78.67494618969634,11,1,2.0
RET-003608,ORD-000651,2023-10-21,CUST-01813,PROD-0316,Beauty,Defective,1842.8380114518816,83.07240420226402,9,0,5.0
RET-003609,ORD-003515,2022-12-13,CUST-01268,PROD-0263,Electronics,Defective,963.8715512338176,17.099156649390334,25,1,2.0
RET-003610,ORD-000758,2022-10-10,CUST-00518,PROD-0276,Clothing,Defective,1682.5356763559691,16.238514211191067,29,0,4.0
RET-003611,ORD-001761,2022-10-15,CUST-01711,,Beauty,Wrong Item,1206.4000094765104,95.5554460153396,23,1,2.0
RET-003612,ORD-009398,,CUST-00178,PROD-0270,Home,Defective,1806.1684727626123,44.12794269113584,18,0,4.0
RET-003613,ORD-004830,2023-08-04,CUST-00700,PROD-0345,Beauty,Defective,944.9966976948676,23.02100544501766,0,1,1.0
RET-003614,ORD-000837,2023-02-19,CUST-01438,PROD-0385,Clothing,Size Issue,1833.617467161177,11.509441385799413,13,1,1.0
RET-003615,ORD-008382,2023-02-02,CUST-00631,PROD-0049,Home,Defective,1381.0668959647799,65.51100121201723,25,1,2.0
RET-003616,ORD-007970,2023-07-19,CUST-01556,PROD-0015,Electronics,Defective,1512.9783414790982,36.39556259623499,19,0,1.0
RET-003617,ORD-004189,2022-11-23,CUST-00824,PROD-0140,Electronics,Size Issue,1094.1466157876703,9.513921135670456,5,0,5.0
RET-003618,ORD-000440,2024-01-06,CUST-00425,PROD-0483,Clothing,Size Issue,462.72988014119204,20.490824192431155,8,0,1.0
RET-003619,ORD-009337,2023-11-27,CUST-00956,PROD-0005,Electronics,Changed Mind,1089.0971118225816,61.84787060563578,2,1,4.0
RET-003620,ORD-008980,2023-10-01,CUST-00909,PROD-0421,Clothing,Defective,1028.0506034871169,83.17647199497138,17,0,5.0
RET-003621,ORD-000005,2022-12-27,CUST-00999,PROD-0009,Home,Wrong Item,356.5467166907179,37.426412174380694,2,0,1.0
RET-003622,ORD-008707,2023-09-14,CUST-01756,PROD-0058,Clothing,Size Issue,279.30457687908245,26.344210580164994,1,0,1.0
RET-003623,ORD-002269,2023-06-07,CUST-00693,PROD-0213,Clothing,Size Issue,1668.915018598159,28.754657167234743,11,0,5.0
RET-003624,ORD-001511,2022-08-17,CUST-00589,PROD-0256,Clothing,Changed Mind,436.5244929408969,95.0888866977715,4,0,4.0
RET-003625,ORD-009652,2023-09-09,CUST-00438,,Electronics,Defective,1824.5301637363132,12.3699411482322,21,1,2.0
RET-003626,ORD-007831,2022-12-31,CUST-01750,PROD-0432,Beauty,Not as Described,1789.0871067136188,14.997849293935195,25,1,2.0
RET-003627,ORD-000991,2024-02-01,CUST-01326,PROD-0187,Home,Defective,1050.9709457050276,43.4656313798919,20,0,1.0
RET-003628,ORD-008828,2022-11-13,CUST-01605,PROD-0052,Clothing,Not as Described,400.18834495469014,61.90589602416938,20,0,4.0
RET-003629,ORD-007069,2022-06-28,CUST-00298,PROD-0471,Home,Not as Described,190.276441540973,85.44600916736594,8,0,2.0
RET-003630,ORD-000956,2023-08-22,CUST-01583,PROD-0263,Home,Changed Mind,61.87511763368254,80.16993527537447,26,0,5.0
RET-003631,ORD-000151,2023-07-09,CUST-01702,PROD-0109,Clothing,Wrong Item,529.4594294782864,11.314252979620088,22,1,4.0
RET-003632,ORD-006177,2023-05-09,CUST-01012,PROD-0291,Beauty,Not as Described,1715.2915438726084,82.69811267101028,9,0,3.0
RET-003633,ORD-008742,2022-10-15,CUST-00212,PROD-0111,Clothing,Size Issue,439.00303080480717,50.457760745003476,16,1,4.0
RET-003634,ORD-004661,2023-04-09,CUST-00616,PROD-0097,Clothing,Wrong Item,643.8452745172817,55.671740211609944,1,0,4.0
RET-003635,ORD-006695,2022-12-15,CUST-00025,PROD-0416,Clothing,Size Issue,1333.9299279815634,15.104964742672644,21,0,5.0
RET-003636,ORD-004233,2024-01-18,CUST-00983,PROD-0192,Beauty,Wrong Item,280.08071089806765,38.33044393650812,25,0,3.0
RET-003637,ORD-003048,2024-01-24,CUST-01076,PROD-0456,Electronics,Size Issue,600.0714638766962,36.672997928804506,6,0,2.0
RET-003638,ORD-003248,2023-11-22,CUST-00379,PROD-0150,Home,Wrong Item,763.1621165624322,15.083179207305852,7,0,2.0
RET-003639,ORD-005176,2024-03-06,CUST-00141,,Clothing,Wrong Item,1735.644233490735,53.401139292710134,12,1,2.0
RET-003640,ORD-007299,2023-02-24,CUST-00470,PROD-0238,Clothing,Size Issue,51.1572727358078,9.691623877840927,25,1,4.0
RET-003641,ORD-004321,2023-02-15,CUST-00601,PROD-0204,Home,Not as Described,143.53539135091523,38.75496104479653,18,0,1.0
RET-003642,ORD-001870,2023-01-30,CUST-01139,PROD-0077,Beauty,Not as Described,1854.131011847531,67.54157704310747,25,0,4.0
RET-003643,ORD-001730,2023-09-07,CUST-00287,PROD-0069,Beauty,Defective,1837.1241562176072,86.06830419696482,25,0,4.0
RET-003644,ORD-008687,2023-06-19,CUST-01145,,Home,Wrong Item,1046.4997073146862,83.98523439509472,21,0,3.0
RET-003645,ORD-009319,2024-01-26,CUST-01127,PROD-0189,Beauty,Changed Mind,11.389650073481137,91.07357954232909,5,0,4.0
RET-003646,ORD-008151,,CUST-01691,PROD-0407,Home,Changed Mind,363.7373379235196,37.08183726694262,3,0,3.0
RET-003647,ORD-008126,2022-08-11,CUST-00326,PROD-0048,Electronics,Defective,843.5034641692556,25.04842059475051,10,0,3.0
RET-003648,ORD-009122,2024-04-28,CUST-00001,PROD-0317,Electronics,Changed Mind,77.88750891733447,47.453614656742495,18,0,4.0
RET-003649,,2023-04-08,CUST-00132,PROD-0425,Clothing,Not as Described,1528.1683211394554,14.858131652602435,14,0,5.0
RET-003650,ORD-007775,2024-02-28,CUST-00516,PROD-0338,Beauty,Wrong Item,181.76620346490023,48.51871138074944,3,0,5.0
RET-003651,ORD-005705,2023-08-31,CUST-00146,PROD-0472,Home,Size Issue,16.612828342527248,95.26216162011357,5,0,5.0
RET-003652,ORD-005916,2022-10-19,CUST-01317,PROD-0182,Electronics,Size Issue,265.3720121137209,54.7137330568883,13,0,3.0
RET-003653,ORD-000428,2024-03-12,CUST-01503,PROD-0286,Home,Wrong Item,1925.8109181794712,57.548625663723996,23,1,3.0
RET-003654,ORD-000887,2024-02-21,CUST-00280,PROD-0474,Clothing,Defective,1858.8969240656484,54.35254918321332,18,0,2.0
RET-003655,ORD-002605,2024-01-05,CUST-01624,PROD-0177,Clothing,Size Issue,790.3012238193205,46.01944517040435,22,0,1.0
RET-003656,ORD-006393,2023-06-07,CUST-00725,PROD-0317,Beauty,Changed Mind,1197.2536405063204,77.97803609862048,12,1,4.0
RET-003657,ORD-003576,2023-11-03,CUST-01672,PROD-0198,Beauty,Not as Described,1126.7709232707368,56.35731743084873,25,1,2.0
RET-003658,ORD-009199,2024-03-12,CUST-00899,PROD-0014,Home,Not as Described,10.848927802807708,62.13257290179097,10,0,4.0
RET-003659,ORD-005696,2023-08-26,CUST-00623,PROD-0124,Home,Size Issue,303.50312827393054,50.19918266331547,18,0,4.0
RET-003660,ORD-001306,2023-11-02,CUST-01339,PROD-0245,Electronics,Wrong Item,1350.2608683346164,87.02377372918261,20,0,5.0
RET-003661,ORD-003282,2023-12-30,CUST-01865,PROD-0256,Beauty,Defective,1978.1598039914127,35.27081757598128,18,0,5.0
RET-003662,ORD-008469,2022-11-01,CUST-01077,PROD-0289,Home,Changed Mind,23.80896779598799,81.12560196029104,26,0,5.0
RET-003663,ORD-008806,2023-06-21,CUST-00789,PROD-0300,Beauty,Not as Described,368.6706225879047,90.16289205445041,23,0,3.0
RET-003664,ORD-006691,2023-03-08,CUST-00182,PROD-0040,Electronics,Changed Mind,1645.5148316573102,8.973796814035051,3,0,3.0
RET-003665,ORD-008330,2024-04-18,CUST-00876,,Home,Changed Mind,772.37780383476,83.29505690723515,15,0,2.0
RET-003666,ORD-007991,2024-01-10,CUST-01405,PROD-0239,Clothing,Wrong Item,1172.0417651086318,324.5820489717986,11,0,5.0
RET-003667,ORD-004460,2022-09-27,CUST-00094,PROD-0253,Electronics,Defective,742.5406126222601,15.58619224551041,7,1,5.0
RET-003668,ORD-004787,2024-04-15,CUST-01845,PROD-0447,Electronics,Changed Mind,614.2766021402143,10.762780345903678,6,0,3.0
RET-003669,ORD-006076,2024-04-28,CUST-00161,PROD-0131,Electronics,Not as Described,707.1286134203868,66.86996521025196,12,0,4.0
RET-003670,ORD-006779,2023-08-06,CUST-01142,PROD-0073,Home,Wrong Item,1775.6087330717348,54.187789330285504,21,0,1.0
RET-003671,ORD-006494,2023-12-27,CUST-00634,PROD-0433,Clothing,Size Issue,133.3044938262527,36.30957280323701,21,0,5.0
RET-003672,ORD-002307,2023-04-08,CUST-01485,PROD-0399,Beauty,Not as Described,94.78357019254562,6.702809809603261,0,0,1.0
RET-003673,ORD-002250,2023-09-08,CUST-01579,PROD-0474,Home,Changed Mind,108.3899197990788,34.62311103099097,11,0,1.0
RET-003674,ORD-003439,2022-06-02,CUST-00913,PROD-0186,Electronics,Changed Mind,204.39397130488055,70.10026397554392,6,0,4.0
RET-003675,ORD-007562,2022-10-19,CUST-00172,PROD-0415,Beauty,Not as Described,489.9300728037559,39.96427226756801,5,0,4.0
RET-003676,ORD-005410,2024-04-09,CUST-00760,PROD-0342,Home,Wrong Item,1295.862668514833,43.130468841148215,21,0,4.0
RET-003677,ORD-008028,2022-08-09,CUST-00002,PROD-0078,Beauty,Defective,1922.4211411567173,76.76114852062052,7,0,5.0
RET-003678,ORD-007731,2023-12-28,CUST-01489,PROD-0294,Clothing,Wrong Item,147.22918330236087,96.62306808957787,15,0,1.0
RET-003679,ORD-006296,2023-01-28,CUST-01101,PROD-0046,Home,Changed Mind,226.24599975104866,58.6849318152208,28,1,2.0
RET-003680,ORD-007313,2022-11-14,CUST-00299,PROD-0421,Clothing,Changed Mind,576.1201770552155,20.675479381733176,22,0,1.0
RET-003681,ORD-001407,2024-01-12,CUST-00680,PROD-0347,Clothing,Wrong Item,1931.8690687524943,22.642074729477578,8,1,5.0
RET-003682,ORD-007481,,CUST-01480,PROD-0385,Electronics,Size Issue,1023.4901840293904,98.57116661440963,27,0,4.0
RET-003683,ORD-003541,2023-06-30,CUST-00467,PROD-0476,Home,Not as Described,1041.2163761389338,33.3497250010867,27,1,1.0
RET-003684,ORD-004571,2023-06-28,CUST-01302,PROD-0196,Electronics,Changed Mind,73.92821475533232,20.118352464210165,13,0,3.0
RET-003685,ORD-007600,2023-06-27,CUST-00543,PROD-0407,Beauty,Size Issue,1473.8854023054967,3.080147941131195,17,0,5.0
RET-003686,ORD-000087,2023-10-19,CUST-00511,PROD-0440,Beauty,Changed Mind,1690.788817049004,295.8872873582731,14,0,2.0
RET-003687,ORD-009628,2023-07-26,CUST-01543,PROD-0170,Beauty,Wrong Item,179.94395692763348,69.03172852762665,9,1,2.0
RET-003688,ORD-006020,2022-07-04,CUST-01776,PROD-0444,Clothing,Wrong Item,756.0444541459681,31.245482462498664,5,0,3.0
RET-003689,ORD-007803,2024-01-20,CUST-00267,PROD-0423,Beauty,Changed Mind,1570.8219451199548,61.40425697824475,9,0,4.0
RET-003690,ORD-008540,2022-11-30,CUST-00645,PROD-0400,Electronics,Wrong Item,1489.4310719902235,99.13402235571314,24,1,2.0
RET-003691,ORD-004799,2024-04-07,CUST-01450,PROD-0085,Clothing,Changed Mind,548.4309821784893,88.25740360294493,16,1,1.0
RET-003692,ORD-003747,2023-06-23,CUST-00017,PROD-0451,Home,Changed Mind,1804.6472841023249,66.39278667241454,11,1,3.0
RET-003693,ORD-000216,2022-08-08,CUST-00033,PROD-0440,Clothing,Not as Described,316.4344927032421,13.717496384862727,13,0,5.0
RET-003694,ORD-007758,2023-01-30,CUST-01192,PROD-0103,Electronics,Changed Mind,212.73784434090302,85.56467537747906,3,0,5.0
RET-003695,ORD-002521,2022-06-02,CUST-01479,PROD-0009,Electronics,Changed Mind,356.68290577273757,13.315385493007525,0,0,4.0
RET-003696,ORD-008917,2023-09-06,CUST-00256,PROD-0363,Beauty,Size Issue,1024.311762018016,13.3550243068558,9,0,1.0
RET-003697,ORD-006826,2023-05-20,CUST-00144,PROD-0323,Electronics,Changed Mind,1588.0609321355846,309.59556925187604,5,0,2.0
RET-003698,ORD-005088,2023-09-23,CUST-01227,,Home,Not as Described,1025.6927455174168,46.79057037523129,7,1,1.0
RET-003699,ORD-009940,2024-01-21,CUST-00657,PROD-0398,Electronics,Defective,1827.3647597436002,87.12973684591098,10,0,
RET-003700,ORD-003496,2023-10-22,CUST-00571,PROD-0151,Beauty,Not as Described,72.2518057458453,97.62373393262469,25,0,5.0
RET-003701,ORD-008325,2022-12-03,CUST-01459,PROD-0073,Electronics,Wrong Item,1521.021761986128,17.520351681196942,22,1,2.0
RET-003702,ORD-002515,2022-07-29,CUST-01056,PROD-0162,Home,Defective,1406.1838988927109,19.184676021993663,3,0,2.0
RET-003703,ORD-005524,2022-09-20,CUST-01178,PROD-0068,Beauty,Size Issue,1131.835468797133,70.89678723316253,12,1,2.0
RET-003704,ORD-006366,2023-04-21,CUST-00477,PROD-0477,Home,Defective,1722.152283406882,68.12253977452683,28,0,1.0
RET-003705,ORD-003839,2024-02-05,CUST-01108,PROD-0422,Electronics,Changed Mind,1208.2709853304725,23.884583733166753,10,1,5.0
RET-003706,ORD-001798,2023-07-26,CUST-00568,PROD-0433,Home,Defective,1612.852315244371,51.786209189375796,7,1,3.0
RET-003707,ORD-000288,2023-09-23,CUST-00535,PROD-0226,Electronics,Defective,37.11145445437427,35.66464305276668,10,1,5.0
RET-003708,ORD-007688,2022-08-14,CUST-01840,PROD-0443,Beauty,Changed Mind,645.4862955766262,33.23465109524304,4,0,5.0
RET-003709,ORD-006900,2023-09-13,CUST-00020,PROD-0242,Clothing,Changed Mind,463.621599159305,54.26390448074542,9,0,2.0
RET-003710,ORD-007392,2023-04-18,CUST-00710,PROD-0378,Clothing,Not as Described,1109.4345551074298,50.7613003932433,19,0,2.0
RET-003711,ORD-000212,2023-11-13,CUST-01852,PROD-0187,Beauty,Wrong Item,1270.2567961630928,85.50786967833159,21,0,4.0
RET-003712,ORD-000757,2023-12-04,CUST-01263,PROD-0498,Home,Wrong Item,795.4596491568366,62.21291486331481,4,0,2.0
RET-003713,ORD-009514,2023-07-06,CUST-01024,PROD-0287,Electronics,Wrong Item,70.41750341648356,66.85597047938184,18,1,2.0
RET-003714,,2022-11-05,CUST-00537,PROD-0459,Home,Wrong Item,443.63611367430485,2.0147004284533754,5,1,1.0
RET-003715,ORD-003934,2023-02-11,CUST-00779,PROD-0284,Home,Changed Mind,1512.984966852055,44.9109769800308,4,0,2.0
RET-003716,ORD-006228,2023-07-24,CUST-01184,PROD-0203,Electronics,Not as Described,1871.822168908137,63.74651761186616,14,0,5.0
RET-003717,ORD-000858,2024-04-01,CUST-00670,,Home,Size Issue,717.1182461952542,77.30990976263364,10,0,5.0
RET-003718,ORD-003124,2023-12-28,CUST-01156,PROD-0230,Electronics,Not as Described,631.065087464016,44.230169965010134,6,0,1.0
RET-003719,ORD-009229,2022-08-15,CUST-00510,PROD-0130,Beauty,Defective,147.37475911017154,60.04410265067918,4,0,1.0
RET-003720,ORD-000268,2022-08-22,CUST-01102,PROD-0274,Beauty,Wrong Item,634.9970102879942,20.033547523946382,0,1,2.0
RET-003721,ORD-007076,2023-08-22,CUST-01714,PROD-0335,Beauty,Changed Mind,622.5576130736322,92.59531601105515,28,0,5.0
RET-003722,ORD-001453,2023-07-21,CUST-01030,PROD-0285,Electronics,Changed Mind,1625.0270088478899,66.10121867898364,9,0,4.0
RET-003723,ORD-009987,2022-08-30,CUST-01673,PROD-0001,Electronics,Wrong Item,1503.8456293292286,71.60523790401876,20,0,3.0
RET-003724,ORD-008180,2022-11-25,CUST-01493,PROD-0481,Clothing,Wrong Item,854.8292620617968,25.90432643402959,0,0,4.0
RET-003725,ORD-001035,2024-02-14,CUST-00782,PROD-0280,Home,Wrong Item,777.8672886082283,97.62028055446643,20,1,4.0
RET-003726,ORD-003089,2024-04-26,CUST-01725,PROD-0391,Electronics,Changed Mind,40.436310885226774,12.351383969225594,24,1,1.0
RET-003727,ORD-002995,2022-07-29,CUST-00618,PROD-0424,Beauty,Not as Described,1873.476193851219,44.76785297157346,4,0,5.0
RET-003728,ORD-006172,2023-12-07,CUST-01841,PROD-0038,Home,Wrong Item,1716.7582048345923,36.8207760465313,10,0,3.0
RET-003729,ORD-004569,2022-06-09,CUST-00516,PROD-0391,Beauty,Not as Described,44.709420641918356,38.09817002109001,1,1,4.0
RET-003730,ORD-000708,2023-06-09,CUST-00287,PROD-0306,Clothing,Not as Described,710.0364933717743,99.08345735351773,7,0,3.0
RET-003731,ORD-005486,2023-03-24,CUST-00422,PROD-0175,Beauty,Wrong Item,200.66923827701385,96.39957855797567,18,0,5.0
RET-003732,ORD-001842,2024-02-08,CUST-01283,PROD-0455,Electronics,Wrong Item,1204.6161817520212,38.63131074105404,7,0,1.0
RET-003733,ORD-007741,2024-04-14,CUST-00954,PROD-0044,Home,Wrong Item,809.7527252115531,2.1809956623582205,7,0,1.0
RET-003734,ORD-004897,2024-02-21,CUST-00741,PROD-0212,Clothing,Not as Described,1126.2218618096724,69.05299771454824,25,0,1.0
RET-003735,ORD-000123,2023-04-12,CUST-00420,PROD-0274,Beauty,Wrong Item,1840.7345822954,61.97416448861441,11,0,2.0
RET-003736,ORD-001968,2022-12-27,CUST-00160,PROD-0403,Home,Not as Described,1436.7716846341996,51.207350050441455,20,0,5.0
RET-003737,ORD-006083,2022-12-10,CUST-00283,PROD-0095,Electronics,Not as Described,844.8292063889559,72.33784504659407,3,0,5.0
RET-003738,ORD-003276,2023-05-25,CUST-01559,PROD-0415,Beauty,Wrong Item,1460.6439946921773,32.79796099390796,26,1,3.0
RET-003739,ORD-006933,2023-04-02,CUST-00179,PROD-0127,Clothing,Not as Described,208.45079833401383,66.35794484751102,8,0,3.0
RET-003740,ORD-002327,2023-11-19,CUST-01788,PROD-0337,Electronics,Changed Mind,1758.6139566734983,17.873396353401983,28,1,5.0
RET-003741,ORD-001952,2023-02-13,CUST-01431,PROD-0403,Electronics,Changed Mind,1011.0668263476688,56.5768132939059,23,0,5.0
RET-003742,ORD-001412,2022-09-08,CUST-00168,PROD-0452,Electronics,Wrong Item,1624.6964772987492,27.63428494482617,6,0,4.0
RET-003743,ORD-004073,2023-10-08,CUST-00548,PROD-0190,Home,Size Issue,1107.6781439304286,21.749535620166228,15,0,5.0
RET-003744,ORD-002220,2024-03-01,CUST-01117,PROD-0251,Beauty,Size Issue,37.61280998302052,62.57112631069168,23,0,5.0
RET-003745,ORD-006335,2023-05-13,CUST-01163,PROD-0388,Clothing,Size Issue,1009.2118928930137,89.4592320090886,5,0,4.0
RET-003746,ORD-003240,2022-10-01,CUST-00430,PROD-0063,Home,Changed Mind,1843.949995069778,64.86551974456465,28,1,1.0
RET-003747,ORD-001666,2023-01-02,CUST-01320,,Electronics,Size Issue,680.0576910819861,4.831062761092586,18,0,1.0
RET-003748,ORD-009319,2023-11-03,CUST-01151,PROD-0407,Electronics,Defective,265.43978126335526,47.82750026677011,13,0,5.0
RET-003749,ORD-001665,2023-12-05,CUST-00353,PROD-0079,Beauty,Not as Described,746.6839787040606,52.591802905381776,21,0,5.0
RET-003750,ORD-008983,2024-02-13,CUST-00425,PROD-0463,Electronics,Changed Mind,79.92848613909909,14.64876809522826,2,0,2.0
RET-003751,ORD-002218,2022-11-01,CUST-00228,PROD-0165,Electronics,Changed Mind,913.0679606278463,88.32823914111279,25,0,2.0
RET-003752,ORD-002748,2024-01-23,CUST-01347,PROD-0378,Beauty,Changed Mind,1584.0252372248851,69.83545123072926,12,0,3.0
RET-003753,ORD-009952,2023-10-27,CUST-01892,PROD-0016,Clothing,Not as Described,329.3558267155681,49.705767308728554,22,1,4.0
RET-003754,ORD-002158,2023-12-20,CUST-01401,PROD-0325,Home,Size Issue,1181.6150208336935,34.111940918475945,12,0,2.0
RET-003755,ORD-004840,2023-11-30,CUST-00893,PROD-0197,Electronics,Wrong Item,980.5420707358173,21.709964886278645,5,1,3.0
RET-003756,ORD-004449,2023-11-23,CUST-01743,PROD-0468,Home,Not as Described,455.80794478635323,22.841365506807453,11,1,5.0
RET-003757,ORD-008990,2023-06-12,CUST-00320,,Clothing,Defective,1010.307588597941,86.00336894741912,11,0,1.0
RET-003758,ORD-007884,2023-05-10,CUST-00684,PROD-0046,Beauty,Defective,962.6546486475598,2.752399887588819,20,0,4.0
RET-003759,ORD-005308,2023-11-07,CUST-01721,PROD-0023,Clothing,Not as Described,1909.0599189980558,99.0285515624767,5,0,4.0
RET-003760,ORD-006627,2023-01-29,CUST-01817,PROD-0434,Clothing,Not as Described,1148.326938925964,20.22474171871822,1,1,4.0
RET-003761,ORD-004394,2023-07-10,CUST-01343,PROD-0129,Home,Changed Mind,1309.502361254158,55.23803410805365,6,0,1.0
RET-003762,ORD-003368,2023-10-03,CUST-01731,PROD-0398,Clothing,Wrong Item,1898.296736010206,13.370089614881486,16,1,5.0
RET-003763,,2023-07-13,CUST-01681,PROD-0420,Home,Defective,147.29888285389345,31.12951132915047,2,1,5.0
RET-003764,ORD-005568,2023-01-24,CUST-01750,PROD-0468,Clothing,Changed Mind,1331.2346866969606,26.883289245631726,13,1,5.0
RET-003765,ORD-004178,2023-03-02,CUST-01619,PROD-0242,Beauty,Wrong Item,721.5005786927954,23.312840974866855,13,0,4.0
RET-003766,ORD-009533,2023-12-04,CUST-00629,PROD-0299,Beauty,Wrong Item,1149.7786620778381,21.65578697925016,3,1,4.0
RET-003767,ORD-008789,,CUST-00256,PROD-0012,Clothing,Not as Described,599.9599348898115,38.64326518780997,9,0,5.0
RET-003768,ORD-005071,2023-04-27,CUST-01181,PROD-0069,Clothing,Size Issue,1656.3954255651363,49.528486521091466,28,0,2.0
RET-003769,ORD-008711,2023-03-09,CUST-01523,PROD-0498,Home,Wrong Item,444.86611658431985,28.294696598091008,10,0,1.0
RET-003770,ORD-002897,2022-11-07,CUST-01824,PROD-0368,Electronics,Not as Described,1067.140542650462,50.509059991683635,10,0,1.0
RET-003771,ORD-005222,2024-03-03,CUST-01506,PROD-0381,Electronics,Size Issue,1335.1934077234666,86.17141656650129,3,0,2.0
RET-003772,ORD-005730,2022-06-24,CUST-01061,PROD-0115,Beauty,Size Issue,1194.669845006874,82.207937890233,8,0,3.0
RET-003773,ORD-005255,,CUST-00671,PROD-0488,Clothing,Changed Mind,1675.7698963293878,67.31060212729429,1,0,2.0
RET-003774,ORD-005619,2024-04-24,CUST-00301,PROD-0328,Electronics,Not as Described,732.905128470185,63.98055763872447,10,0,3.0
RET-003775,ORD-008218,2024-03-11,CUST-00549,PROD-0048,Beauty,Wrong Item,1900.7936676868148,14.880507265384646,20,0,3.0
RET-003776,ORD-000971,2023-09-14,CUST-01253,PROD-0144,Electronics,Not as Described,395.1962850129132,32.51690271611298,19,0,4.0
RET-003777,ORD-001471,2022-09-11,CUST-01193,PROD-0092,Electronics,Changed Mind,1148.600991826158,73.0181697839543,23,0,2.0
RET-003778,ORD-001181,2023-02-17,CUST-01846,PROD-0288,Beauty,Size Issue,254.88061585386322,39.0822652593772,25,0,
RET-003779,,2022-06-11,CUST-01609,PROD-0090,Home,Changed Mind,1522.451495065583,4.562209904180115,3,0,1.0
RET-003780,ORD-006088,2022-09-30,CUST-00276,PROD-0432,Electronics,Wrong Item,1616.6439558099519,93.5130434544614,15,0,4.0
RET-003781,ORD-001756,2023-12-15,CUST-01207,PROD-0096,Clothing,Size Issue,1058.1468815677563,62.21270060627678,6,1,3.0
RET-003782,ORD-001328,2023-05-25,CUST-00408,PROD-0384,Beauty,Size Issue,397.6994851097259,22.94039755828444,28,1,4.0
RET-003783,ORD-003110,2023-06-29,CUST-01672,PROD-0024,Beauty,Not as Described,1983.2077758958949,59.82080211535741,27,0,4.0
RET-003784,ORD-009126,2022-12-13,CUST-01684,PROD-0273,Home,Changed Mind,1714.5994179991785,61.37645311913737,18,0,2.0
RET-003785,ORD-006936,2023-08-16,CUST-00185,PROD-0449,Home,Size Issue,1875.5692299233854,65.90671758272345,13,0,2.0
RET-003786,ORD-007087,2022-06-11,CUST-00502,PROD-0243,Beauty,Changed Mind,906.4688486538473,10.396553784818963,25,0,5.0
RET-003787,ORD-007268,2023-12-26,CUST-00522,PROD-0077,Home,Wrong Item,1152.806481908319,29.10331802159679,2,1,4.0
RET-003788,ORD-009509,2023-08-11,CUST-00784,PROD-0233,Beauty,Wrong Item,1219.7200389896068,79.19913752235855,5,0,2.0
RET-003789,ORD-003591,2022-08-31,CUST-00573,PROD-0072,Electronics,Wrong Item,900.1993079176535,11.559439237178303,21,0,4.0
RET-003790,ORD-006219,2022-07-17,CUST-01550,PROD-0282,Electronics,Defective,1420.3241022366092,27.95908049650083,29,0,4.0
RET-003791,ORD-008838,2023-12-24,CUST-01026,PROD-0491,Clothing,Not as Described,1841.1299528735647,86.93359865170936,27,0,2.0
RET-003792,ORD-007211,2022-08-25,CUST-00583,PROD-0206,Beauty,Wrong Item,1683.700918104974,93.06974492066459,3,0,3.0
RET-003793,ORD-006487,2023-06-13,CUST-00098,PROD-0071,Home,Defective,825.1617975985489,8.244464615025116,15,0,4.0
RET-003794,ORD-008393,2022-10-13,CUST-01576,PROD-0168,Clothing,Not as Described,1699.3509062905744,86.24612708301473,28,0,1.0
RET-003795,ORD-005920,2023-09-08,CUST-01915,PROD-0250,Home,Defective,435.93028871136926,37.29675369383615,6,1,1.0
RET-003796,ORD-000188,2023-05-19,CUST-00678,PROD-0264,Electronics,Not as Described,1737.0806216128378,55.23843932745287,18,0,3.0
RET-003797,ORD-008285,2023-02-10,CUST-01670,PROD-0067,Beauty,Defective,1667.5907351061066,53.96934091926978,9,1,5.0
RET-003798,ORD-000826,2022-09-03,CUST-00887,PROD-0043,Home,Defective,675.3937715429746,30.816431735892948,24,0,4.0
RET-003799,ORD-000658,2022-09-26,CUST-01234,PROD-0419,Beauty,Changed Mind,1948.9725229702976,53.74919139527014,23,0,2.0
RET-003800,ORD-000361,2022-10-06,CUST-00768,,Clothing,Defective,607.7488374165621,8.861314473679782,28,0,4.0
RET-003801,ORD-005332,2023-05-02,CUST-01971,PROD-0151,Electronics,Size Issue,1446.5971414851458,62.40166196014083,4,0,3.0
RET-003802,ORD-001799,2023-02-06,CUST-00685,PROD-0216,Beauty,Wrong Item,696.3336344392221,11.736538784750895,1,1,4.0
RET-003803,ORD-002576,2022-06-13,CUST-00108,PROD-0201,Home,Changed Mind,262.6441866027842,73.63210760949615,12,1,3.0
RET-003804,ORD-001694,2022-10-19,CUST-00982,PROD-0156,Electronics,Changed Mind,1212.5886831689031,12.49207662500007,1,1,3.0
RET-003805,ORD-009454,2024-03-05,CUST-01580,PROD-0437,Beauty,Not as Described,803.5198388125199,38.56480209528041,0,0,4.0
RET-003806,ORD-004936,2023-06-03,CUST-00099,PROD-0145,Home,Size Issue,67.4336256444781,44.97107861577822,5,0,3.0
RET-003807,ORD-008307,2022-06-15,CUST-00338,PROD-0116,Home,Size Issue,75.02162366171575,86.43735124911852,28,0,1.0
RET-003808,ORD-001138,2023-09-23,CUST-01957,PROD-0183,Electronics,Wrong Item,385.6053157367486,61.82100548847516,7,0,2.0
RET-003809,ORD-006131,2022-11-07,CUST-01134,PROD-0141,Home,Defective,30.03598390546216,38.40515680436211,20,1,3.0
RET-003810,ORD-007969,2022-12-28,CUST-01021,PROD-0426,Home,Defective,191.73048566652028,17.415246272101726,19,0,3.0
RET-003811,ORD-009587,2023-07-25,CUST-00290,PROD-0472,Beauty,Not as Described,343.37083596066003,81.03020168954743,28,1,4.0
RET-003812,ORD-004843,2024-03-18,CUST-01703,PROD-0418,Home,Not as Described,1492.6057857578,28.412388378114063,20,0,4.0
RET-003813,ORD-000467,2023-11-15,CUST-01637,PROD-0446,Electronics,Changed Mind,1435.263055278086,19.303332130585193,15,0,5.0
RET-003814,ORD-003965,2023-03-13,CUST-00539,PROD-0306,Beauty,Size Issue,826.7692025565589,54.8905656579399,18,0,3.0
RET-003815,ORD-001504,2022-12-16,CUST-00345,PROD-0472,Clothing,Not as Described,178.17460930132205,41.33650990003361,0,1,5.0
RET-003816,ORD-001688,2022-12-24,CUST-01706,PROD-0170,Home,Not as Described,1863.231700734599,17.922125738099858,13,0,5.0
RET-003817,ORD-006487,2022-11-20,CUST-00376,PROD-0333,Electronics,Size Issue,223.14948399381583,43.67765722769275,7,0,5.0
RET-003818,ORD-000451,,CUST-00003,PROD-0073,Electronics,Wrong Item,1019.7990357158559,26.809040931863827,8,1,4.0
RET-003819,ORD-008050,2022-09-12,CUST-01062,PROD-0303,Beauty,Defective,783.8887392792333,12.292475060089458,29,0,2.0
RET-003820,ORD-000324,2024-03-04,CUST-01174,PROD-0017,Clothing,Defective,797.2599662259674,18.143055450657187,28,1,1.0
RET-003821,ORD-002308,2024-03-08,CUST-01698,PROD-0349,Clothing,Wrong Item,836.865830239796,74.76626210969829,9,0,4.0
RET-003822,ORD-002289,2022-10-26,CUST-01645,PROD-0181,Beauty,Size Issue,1724.946114107887,16.936433648789983,11,1,1.0
RET-003823,ORD-003359,2023-11-29,CUST-00075,PROD-0165,Home,Defective,241.9492623456596,180.6556813884854,17,0,1.0
RET-003824,ORD-002068,2023-05-21,CUST-00014,PROD-0020,Home,Size Issue,1593.6824576051804,94.81021924989692,23,0,4.0
RET-003825,ORD-004428,2023-02-14,CUST-01688,PROD-0158,Clothing,Size Issue,1828.813820616936,25.7331856887565,19,0,1.0
RET-003826,ORD-006523,2023-12-27,CUST-00859,PROD-0293,Home,Wrong Item,290.5703764506279,76.12814542384986,13,0,1.0
RET-003827,ORD-001482,2023-04-26,CUST-01929,PROD-0372,Beauty,Not as Described,541.5377492754147,8.216827868172915,7,0,2.0
RET-003828,ORD-006241,2022-09-14,CUST-01587,PROD-0268,Beauty,Not as Described,1482.2855795227388,53.59942074748096,21,0,5.0
RET-003829,ORD-000914,2023-07-08,CUST-01469,PROD-0039,Clothing,Size Issue,270.0387548606056,37.60204831487721,21,0,5.0
RET-003830,ORD-009957,2024-02-28,CUST-01722,PROD-0162,Electronics,Not as Described,1010.8763541593345,96.08926730604583,3,0,4.0
RET-003831,ORD-002083,2022-08-26,CUST-01487,PROD-0478,Clothing,Changed Mind,1762.4974924696899,9.341860402290713,24,0,2.0
RET-003832,ORD-007291,2023-11-20,CUST-01936,PROD-0247,Clothing,Not as Described,325.44879578075216,77.91578807756746,19,0,2.0
RET-003833,ORD-009553,2024-04-30,CUST-01124,PROD-0280,Clothing,Defective,1698.188133677574,50.51820185229594,13,0,5.0
RET-003834,ORD-006824,2024-02-06,CUST-00066,PROD-0058,Clothing,Not as Described,640.4504931699668,47.23214776348811,1,0,3.0
RET-003835,ORD-007024,2023-10-20,CUST-00229,PROD-0072,Beauty,Changed Mind,40.62107286782614,67.76049276666615,0,0,1.0
RET-003836,ORD-008956,2023-07-07,CUST-01411,PROD-0207,Electronics,Wrong Item,1777.769854904029,77.27885639110308,26,1,2.0
RET-003837,ORD-007037,2023-06-15,CUST-01754,PROD-0438,Home,Not as Described,1714.3754931934884,45.979438621126924,12,0,1.0
RET-003838,,2023-12-31,CUST-00451,PROD-0211,Electronics,Changed Mind,1908.8362510438783,92.17581855931581,0,0,2.0
RET-003839,ORD-000858,2023-07-08,CUST-00009,PROD-0142,Beauty,Size Issue,742.9125886145474,10.002617548142789,22,0,2.0
RET-003840,ORD-005600,2022-07-26,CUST-00803,PROD-0460,Clothing,Not as Described,842.645800827297,48.055558986141854,29,1,2.0
RET-003841,ORD-001936,2022-07-21,CUST-00923,PROD-0385,Beauty,Not as Described,1121.9445011128596,44.28921575484438,28,0,3.0
RET-003842,ORD-008356,2023-05-10,CUST-00872,PROD-0026,Clothing,Wrong Item,693.6369192429736,10.048592802052603,26,0,3.0
RET-003843,ORD-006202,2023-06-29,CUST-00427,PROD-0082,Clothing,Size Issue,1656.6384668196085,74.84037643759767,2,1,1.0
RET-003844,ORD-003941,2022-06-12,CUST-01784,PROD-0007,Home,Size Issue,115.00252642192525,79.37374123041921,6,1,1.0
RET-003845,ORD-007692,2022-10-26,CUST-00979,PROD-0012,Home,Wrong Item,1850.2806865301802,24.50613567346952,28,0,4.0
RET-003846,ORD-006224,2023-07-28,CUST-00747,,Beauty,Size Issue,828.6647106996254,33.79900204514104,14,1,1.0
RET-003847,ORD-009990,2023-06-13,CUST-01403,PROD-0385,Clothing,Size Issue,504.2333344828098,77.0992906306032,10,0,3.0
RET-003848,ORD-003809,2023-06-12,CUST-01962,PROD-0296,Home,Defective,259.0584765290404,60.38600255290094,11,0,5.0
RET-003849,ORD-004388,2022-11-22,CUST-00786,PROD-0138,Electronics,Size Issue,1506.5599901444082,23.08455617395424,14,0,3.0
RET-003850,ORD-009491,2023-12-21,CUST-00132,,Clothing,Size Issue,1350.7359978570748,50.78303888067155,10,0,1.0
RET-003851,ORD-008061,2023-05-03,CUST-01550,PROD-0108,Home,Changed Mind,1587.4696979660444,49.827296261758434,14,0,3.0
RET-003852,ORD-002169,2024-01-19,CUST-01800,PROD-0190,Beauty,Changed Mind,1843.8452381311188,33.528061009262004,10,0,5.0
RET-003853,ORD-008474,2024-01-31,CUST-01456,PROD-0421,Clothing,Changed Mind,1666.1609756463722,19.395231987705795,6,0,1.0
RET-003854,ORD-006908,2023-07-27,CUST-00867,PROD-0113,Beauty,Wrong Item,1085.6317879173378,24.838450937582166,13,0,5.0
RET-003855,ORD-001875,2023-07-07,CUST-01771,PROD-0279,Electronics,Wrong Item,1026.8802713164905,45.385534873100006,15,0,2.0
RET-003856,ORD-000129,2022-07-21,CUST-00426,PROD-0367,Home,Changed Mind,196.2875262638588,87.68696599153095,22,0,3.0
RET-003857,ORD-002450,2023-08-04,CUST-00860,PROD-0102,Electronics,Defective,668.3352989042818,23.26579832588983,29,1,5.0
RET-003858,ORD-001432,2023-03-15,CUST-00850,PROD-0228,Clothing,Size Issue,1611.9275161795074,40.69439528937947,29,0,1.0
RET-003859,ORD-006122,2023-04-05,CUST-01010,PROD-0354,Home,Wrong Item,1463.9814701493437,94.80846824587267,6,0,
RET-003860,ORD-000794,2023-05-05,CUST-00616,PROD-0447,Electronics,Changed Mind,1026.4322350718373,29.892544454482316,6,0,
RET-003861,ORD-009662,2023-08-23,CUST-00595,PROD-0477,Home,Size Issue,276.8990631459439,99.64289183909055,12,0,2.0
RET-003862,ORD-005023,2022-12-26,CUST-01596,PROD-0331,Clothing,Defective,1150.2625673273794,74.60310066347809,16,0,2.0
RET-003863,ORD-001589,2023-02-01,CUST-01720,PROD-0475,Home,Not as Described,1985.4543458538928,56.98039082893273,5,0,2.0
RET-003864,ORD-003605,2022-06-10,CUST-00119,PROD-0124,Electronics,Size Issue,75.58246138323508,86.50340197038389,8,0,3.0
RET-003865,ORD-009515,2023-04-10,CUST-01287,PROD-0442,Electronics,Wrong Item,861.4312039376356,66.2127675838591,25,0,4.0
RET-003866,ORD-001870,2023-07-02,CUST-00088,,Clothing,Size Issue,608.7640577137599,18.70506663883522,4,1,4.0
RET-003867,ORD-005615,2023-04-13,CUST-01027,PROD-0142,Home,Wrong Item,479.4163076992447,40.37095068057651,17,0,4.0
RET-003868,ORD-007508,2023-09-10,CUST-00174,PROD-0261,Clothing,Wrong Item,354.6575606974056,14.25882442394597,29,0,2.0
RET-003869,,2022-08-12,CUST-01891,PROD-0347,Home,Changed Mind,1220.0077710418598,81.77013897179903,8,0,2.0
RET-003870,ORD-006228,2022-06-03,CUST-00059,PROD-0072,Beauty,Defective,51.410028253204835,25.72948578413331,29,0,5.0
RET-003871,ORD-009387,2022-10-03,CUST-00746,PROD-0033,Clothing,Not as Described,1892.7158155167044,25.64301568990962,1,0,4.0
RET-003872,ORD-000508,2023-04-21,CUST-00423,PROD-0164,Beauty,Defective,1194.2361256427353,78.59363204808346,16,1,1.0
RET-003873,ORD-009185,2023-03-28,CUST-01801,PROD-0252,Home,Not as Described,593.4573150453031,0.8153334355147313,16,0,4.0
RET-003874,ORD-008693,2022-07-03,CUST-01727,PROD-0289,Clothing,Wrong Item,920.6527964339778,35.885379726709886,7,0,4.0
RET-003875,ORD-007411,2023-01-22,CUST-00953,PROD-0309,Home,Changed Mind,327.5181706493389,19.061739875451124,26,0,2.0
RET-003876,ORD-005863,2023-12-10,CUST-00505,PROD-0237,Home,Wrong Item,395.0175467028234,14.702478583852185,26,0,3.0
RET-003877,ORD-001409,2023-09-05,CUST-00401,PROD-0065,Home,Wrong Item,1092.5869721898,91.08743050242988,8,1,5.0
RET-003878,ORD-006406,2023-02-27,CUST-00284,PROD-0435,Electronics,Not as Described,1161.281972932079,27.94095672593929,11,0,3.0
RET-003879,ORD-003774,2023-02-15,CUST-00303,PROD-0051,Beauty,Size Issue,332.90439367258153,80.66847121325378,2,0,4.0
RET-003880,ORD-005987,2023-09-24,CUST-00699,PROD-0161,Beauty,Size Issue,1107.9935809879776,26.085107614279035,20,1,2.0
RET-003881,ORD-007291,2022-06-01,CUST-00393,PROD-0060,Beauty,Changed Mind,1543.633847453108,43.4077411000127,26,0,1.0
RET-003882,ORD-007353,2023-07-01,CUST-00842,PROD-0006,Home,Defective,736.1733867056043,64.43828788576955,6,0,2.0
RET-003883,ORD-007613,2023-12-09,CUST-01961,PROD-0383,Clothing,Not as Described,1387.2277748707281,50.820727532523904,17,0,2.0
RET-003884,ORD-000506,2022-10-14,CUST-01892,PROD-0375,Clothing,Wrong Item,314.8316791888012,72.3084017051587,15,0,5.0
RET-003885,ORD-008625,2023-05-04,CUST-00815,PROD-0175,Clothing,Size Issue,1223.8788206939676,49.72001167001064,29,0,1.0
RET-003886,ORD-002132,2023-02-01,CUST-01114,PROD-0247,Clothing,Changed Mind,1035.7175255489603,85.44398022052583,11,0,4.0
RET-003887,ORD-002893,2024-01-23,CUST-01443,PROD-0003,Clothing,Defective,530.9140731541769,33.301316888412735,22,0,2.0
RET-003888,ORD-004321,2023-06-09,CUST-01348,PROD-0419,Beauty,Wrong Item,1720.3471037938489,89.9420736236075,13,0,2.0
RET-003889,ORD-006546,2024-01-02,CUST-00610,PROD-0277,Clothing,Size Issue,1844.808624987162,96.65222083981186,3,0,4.0
RET-003890,ORD-003738,2022-08-31,CUST-01839,PROD-0191,Home,Wrong Item,1759.6495706322887,9.504800785224232,26,0,1.0
RET-003891,ORD-003992,2022-06-06,CUST-00812,PROD-0185,Home,Not as Described,791.3718299561764,13.185627035293168,1,0,1.0
RET-003892,ORD-006087,2022-10-15,CUST-01726,PROD-0194,Home,Defective,591.659636153313,7.236838779849242,5,0,3.0
RET-003893,ORD-007265,2024-02-06,CUST-00448,PROD-0019,Electronics,Defective,1203.291364624562,76.41212490496349,25,0,5.0
RET-003894,ORD-005767,2022-08-25,CUST-01005,PROD-0049,Electronics,Changed Mind,418.9288019030505,43.30989482249784,8,0,4.0
RET-003895,ORD-009224,2024-01-14,CUST-00695,PROD-0297,Electronics,Not as Described,690.6600451752249,53.99658813316163,19,1,3.0
RET-003896,ORD-003340,2022-10-12,CUST-01417,PROD-0261,Electronics,Wrong Item,1234.0792495489868,51.09751944080181,4,1,1.0
RET-003897,ORD-003064,2022-08-16,CUST-01726,PROD-0163,Clothing,Wrong Item,1673.710044556655,14.840652871786164,12,0,5.0
RET-003898,ORD-004022,2023-07-20,CUST-00378,PROD-0467,Beauty,Not as Described,1758.8771705845347,31.372642317148237,8,0,2.0
RET-003899,ORD-007542,2023-10-02,CUST-00291,PROD-0124,Beauty,Defective,1712.574462075671,32.005603923569204,18,1,5.0
RET-003900,ORD-009991,2023-01-03,CUST-00783,PROD-0045,Electronics,Defective,475.98182741130245,88.5374272757322,5,0,3.0
RET-003901,ORD-009313,2022-07-20,CUST-00374,PROD-0082,Electronics,Wrong Item,1214.1262425270238,0.7880763966819915,21,1,2.0
RET-003902,ORD-001837,2023-06-20,CUST-00232,PROD-0007,Home,Size Issue,195.14645255650115,9.51498043196347,19,1,3.0
RET-003903,ORD-000044,2024-03-14,CUST-00045,PROD-0312,Electronics,Not as Described,111.31317090883094,40.620795464721915,10,0,4.0
RET-003904,ORD-006922,2023-05-17,CUST-00825,PROD-0375,Clothing,Size Issue,329.2882049301033,45.04379894906996,20,0,3.0
RET-003905,ORD-006126,2023-10-04,CUST-01984,PROD-0032,Home,Not as Described,322.34453971602335,52.18957516731649,25,0,4.0
RET-003906,ORD-006815,2022-08-14,CUST-01341,PROD-0061,Electronics,Wrong Item,1010.7774742717061,53.56051245367509,20,0,4.0
RET-003907,ORD-002156,2024-04-07,CUST-01404,PROD-0243,Home,Wrong Item,1684.3697495725708,39.74440930087939,1,0,3.0
RET-003908,ORD-001512,2023-06-09,CUST-01162,PROD-0107,Electronics,Not as Described,17.523401702232583,55.333733514524354,29,0,4.0
RET-003909,ORD-002696,2022-07-13,CUST-01291,PROD-0301,Electronics,Changed Mind,1380.9865778000576,60.645305774331746,17,0,5.0
RET-003910,ORD-006774,2022-08-11,CUST-01218,PROD-0039,Clothing,Wrong Item,1467.3969244583436,2.561318120632705,9,0,4.0
RET-003911,ORD-007623,2022-11-21,CUST-01968,PROD-0058,Beauty,Size Issue,1105.6627633633118,2.5249817937060492,26,0,1.0
RET-003912,ORD-004877,2024-02-10,CUST-01387,PROD-0190,Home,Not as Described,830.7168482396308,65.64011718358768,16,0,3.0
RET-003913,ORD-000568,2022-06-01,CUST-01370,PROD-0303,Home,Changed Mind,1920.7214307986117,23.442770904800103,12,1,2.0
RET-003914,ORD-004429,2022-09-13,CUST-01142,PROD-0082,Clothing,Not as Described,1146.469278842846,38.658517584325914,15,1,3.0
RET-003915,ORD-005214,2024-03-04,CUST-01910,PROD-0240,Beauty,Changed Mind,1063.6861181745464,39.547475181741376,2,0,5.0
RET-003916,ORD-003621,2022-06-05,CUST-00974,PROD-0295,Beauty,Not as Described,1640.587210794775,31.947388753209726,10,0,5.0
RET-003917,ORD-005642,2023-11-29,CUST-00865,PROD-0264,Home,Changed Mind,13.958624036386034,61.100960057950985,17,0,2.0
RET-003918,ORD-006577,2023-03-22,CUST-00078,PROD-0410,Electronics,Defective,215.84054843819635,57.337259303933365,5,1,3.0
RET-003919,ORD-003990,2023-03-09,CUST-01753,PROD-0024,Beauty,Defective,38.79444435003752,21.895428042792297,10,0,2.0
RET-003920,ORD-000246,2023-08-24,CUST-00074,PROD-0434,Home,Defective,1060.8691000835613,37.58459273848763,21,0,2.0
RET-003921,ORD-008787,2023-10-03,CUST-00660,PROD-0347,Clothing,Changed Mind,1130.266455381103,43.81902790541734,18,0,5.0
RET-003922,ORD-007775,2023-10-02,CUST-00060,PROD-0364,Home,Wrong Item,1251.2804152449503,82.63982307806029,25,0,1.0
RET-003923,ORD-006772,2024-04-12,CUST-00622,PROD-0397,Home,Changed Mind,1909.3864990728125,23.084395009955514,18,0,4.0
RET-003924,ORD-005957,2024-04-30,CUST-01222,PROD-0391,Clothing,Wrong Item,960.4632319304199,37.43811895475425,0,1,2.0
RET-003925,ORD-008815,2023-02-14,CUST-00280,PROD-0005,Beauty,Wrong Item,1415.2389966389314,53.690847507832764,1,1,5.0
RET-003926,ORD-003453,2023-11-18,CUST-00596,PROD-0187,Home,Changed Mind,680.5019164362119,89.67784178321932,26,1,2.0
RET-003927,ORD-004520,2023-11-14,CUST-00939,PROD-0258,Beauty,Defective,199.7719768292241,95.42753508969297,28,1,5.0
RET-003928,ORD-007793,2023-02-01,CUST-00944,PROD-0149,Clothing,Changed Mind,1526.3187101574924,92.46368906376917,18,0,5.0
RET-003929,ORD-007501,2023-01-14,CUST-01503,PROD-0496,Beauty,Size Issue,1880.9073646830643,39.708689467407645,1,1,4.0
RET-003930,ORD-005218,2023-03-25,CUST-01278,PROD-0283,Clothing,Changed Mind,1503.4616453970618,89.55139672795558,6,1,4.0
RET-003931,ORD-007108,2022-10-24,CUST-01331,PROD-0280,Electronics,Not as Described,768.9286296869648,12.955317747974672,26,0,5.0
RET-003932,ORD-008159,2024-02-23,CUST-00087,PROD-0450,Home,Defective,795.1847677760255,24.268215111301792,5,0,4.0
RET-003933,ORD-002323,2023-08-17,CUST-01017,PROD-0106,Clothing,Changed Mind,526.7118362532347,28.076444006037992,13,1,3.0
RET-003934,ORD-000203,2022-12-05,CUST-01114,PROD-0073,Clothing,Size Issue,1663.991771386172,12.025604585195303,16,0,1.0
RET-003935,ORD-008231,2022-11-29,CUST-00750,PROD-0180,Beauty,Changed Mind,1347.5274213417235,30.34075700264488,16,0,1.0
RET-003936,ORD-002383,2023-12-16,CUST-01630,PROD-0277,Home,Changed Mind,330.96429433906815,76.0299615863746,27,0,4.0
RET-003937,ORD-009424,2024-01-24,CUST-01028,PROD-0103,Home,Defective,1035.5894538950345,21.16763678397694,17,0,5.0
RET-003938,ORD-008586,2023-09-27,CUST-00574,PROD-0076,Beauty,Not as Described,634.9810951492703,51.58019956982975,2,1,1.0
RET-003939,ORD-003699,2022-08-11,CUST-01975,PROD-0200,Clothing,Wrong Item,786.875295548781,85.93233762041882,28,0,2.0
RET-003940,ORD-007064,2024-01-16,CUST-00271,PROD-0055,Clothing,Size Issue,1351.7765898667012,67.20155853017063,15,1,5.0
RET-003941,ORD-003934,2022-07-02,CUST-00420,PROD-0057,Beauty,Wrong Item,1166.1123427059003,38.81218944211745,13,0,3.0
RET-003942,ORD-001516,2023-12-06,CUST-01287,PROD-0104,Electronics,Wrong Item,261.45004736555353,79.46782161348054,5,1,5.0
RET-003943,ORD-007820,2024-04-14,CUST-01970,PROD-0408,Beauty,Size Issue,46.339593359492305,463.02398977387264,1,0,1.0
RET-003944,ORD-007015,2023-02-06,CUST-01516,PROD-0023,Home,Size Issue,1787.283272312949,15.08124581220952,15,0,4.0
RET-003945,ORD-000118,2022-11-08,CUST-01037,PROD-0210,Electronics,Changed Mind,1147.2604671511015,13.350458465047844,11,0,3.0
RET-003946,ORD-001796,2023-02-24,CUST-01145,PROD-0099,Electronics,Size Issue,685.599222368499,61.36493796751212,26,0,1.0
RET-003947,ORD-008066,2023-06-29,CUST-01685,PROD-0479,Home,Not as Described,174.0085469366884,40.05788265744091,8,0,4.0
RET-003948,ORD-001520,2023-07-15,CUST-00204,PROD-0106,Home,Defective,1994.6974087326016,93.26057600008895,26,1,3.0
RET-003949,ORD-001403,2024-04-24,CUST-00345,PROD-0026,Beauty,Changed Mind,42.61864930727878,37.21283976605262,25,0,5.0
RET-003950,ORD-001360,2022-11-08,CUST-00964,PROD-0451,Clothing,Size Issue,84.22981427500066,77.91560174243057,4,0,2.0
RET-003951,ORD-008427,2023-11-22,CUST-00617,PROD-0233,Home,Size Issue,516.0860725222913,15.808872247118321,8,1,2.0
RET-003952,ORD-003009,,CUST-00173,PROD-0371,Home,Changed Mind,807.5390044509074,15.179368947439354,21,0,4.0
RET-003953,ORD-004920,2022-11-26,CUST-01943,PROD-0347,Clothing,Changed Mind,11.305785645585148,53.73869362491743,20,0,2.0
RET-003954,ORD-002330,2023-08-29,CUST-01399,PROD-0457,Electronics,Not as Described,654.9633980869773,36.86951509705807,17,0,1.0
RET-003955,ORD-003286,2022-08-30,CUST-00753,PROD-0034,Clothing,Size Issue,1060.2107496406588,55.64947204385926,3,0,4.0
RET-003956,ORD-000981,2023-07-11,CUST-01537,PROD-0414,Electronics,Wrong Item,326.7335401243975,56.682715969363194,19,1,3.0
RET-003957,ORD-005363,2022-11-20,CUST-00960,PROD-0191,Electronics,Not as Described,814.5729721168858,33.53270225247101,14,0,5.0
RET-003958,ORD-001340,2022-06-30,CUST-01281,PROD-0178,Electronics,Changed Mind,1210.6114456613407,0.040791850618060455,17,1,2.0
RET-003959,ORD-007992,2023-06-23,CUST-01228,PROD-0447,Electronics,Wrong Item,1378.4134569626165,30.181762634234698,24,1,2.0
RET-003960,ORD-005173,2023-06-10,CUST-00376,PROD-0023,Clothing,Wrong Item,333.1519212226891,64.59407983289773,2,0,4.0
RET-003961,ORD-000202,2024-02-15,CUST-00112,PROD-0262,Clothing,Changed Mind,1839.813384706922,13.813458811682311,17,0,4.0
RET-003962,ORD-009335,2023-03-20,CUST-00163,PROD-0145,Electronics,Wrong Item,1253.595189707599,70.28228355619328,23,0,1.0
RET-003963,ORD-000006,2022-07-15,CUST-00182,PROD-0118,Clothing,Defective,892.4294822691244,71.47809379400383,14,1,3.0
RET-003964,ORD-001006,2024-01-11,CUST-00625,PROD-0352,Home,Not as Described,1097.6876720293792,98.9258742595111,28,1,2.0
RET-003965,ORD-009835,2023-11-23,CUST-00618,PROD-0447,Clothing,Defective,1642.4506736480503,51.8307763669562,6,0,5.0
RET-003966,ORD-001811,2022-07-16,CUST-00994,PROD-0114,Beauty,Wrong Item,1196.6312894624132,10.24694076600452,21,0,4.0
RET-003967,ORD-003379,2023-03-31,CUST-00192,PROD-0233,Electronics,Size Issue,610.0034632937738,58.08499914460475,1,0,5.0
RET-003968,ORD-008097,2024-03-23,CUST-00362,PROD-0107,Electronics,Not as Described,585.4507150072686,93.95644473527078,22,1,3.0
RET-003969,ORD-002031,2022-07-04,CUST-00632,PROD-0014,Beauty,Changed Mind,246.72695278937678,90.18193620644287,17,0,5.0
RET-003970,ORD-000614,2024-03-25,CUST-00431,PROD-0479,Beauty,Changed Mind,1750.1139811588237,11.994549156103185,20,0,1.0
RET-003971,ORD-000288,2024-02-21,CUST-01102,PROD-0119,Electronics,Changed Mind,1947.5129029046857,52.40251292498341,18,0,5.0
RET-003972,ORD-005954,2023-01-05,CUST-00356,PROD-0064,Beauty,Defective,1096.0272645827408,23.17670471144748,11,0,4.0
RET-003973,ORD-005766,2023-05-05,CUST-01867,PROD-0189,Clothing,Defective,506.7973494126272,91.32165282340623,8,1,4.0
RET-003974,ORD-008839,2023-11-18,CUST-00099,,Beauty,Changed Mind,1400.310746551043,49.907691634501305,11,1,5.0
RET-003975,ORD-007532,2024-03-23,CUST-00230,PROD-0405,Clothing,Wrong Item,254.61504409767963,85.78587546066126,5,0,3.0
RET-003976,ORD-008857,2023-05-23,CUST-00005,PROD-0111,Beauty,Size Issue,1930.997778186603,51.615568905828134,26,1,2.0
RET-003977,ORD-009840,2024-03-01,CUST-00558,PROD-0074,Electronics,Defective,1394.882414439337,84.24079736914236,14,0,2.0
RET-003978,ORD-007216,2023-05-31,CUST-00195,PROD-0344,Electronics,Wrong Item,1887.4378834744223,94.40869115996561,12,0,5.0
RET-003979,ORD-003635,2022-07-02,CUST-00214,PROD-0457,Clothing,Wrong Item,1233.087919422843,26.79848299787787,23,0,3.0
RET-003980,,2022-08-25,CUST-01720,PROD-0195,Beauty,Changed Mind,138.14510488659351,80.8148403954917,27,1,5.0
RET-003981,ORD-007579,2023-03-11,CUST-00370,PROD-0464,Beauty,Not as Described,1052.69784076767,94.28589471968738,2,0,3.0
RET-003982,ORD-001086,2022-08-24,CUST-01676,PROD-0487,Electronics,Size Issue,932.6943070721579,35.70683582305222,14,1,4.0
RET-003983,ORD-005416,2022-10-28,CUST-00251,PROD-0004,Home,Changed Mind,1593.6466336375581,55.15812229821571,15,0,1.0
RET-003984,ORD-009475,2024-04-05,CUST-01733,PROD-0268,Beauty,Changed Mind,518.6995231462083,11.735171885094386,9,0,3.0
RET-003985,ORD-001354,2023-12-19,CUST-01812,PROD-0081,Electronics,Wrong Item,734.989329622318,31.52491870977958,9,0,1.0
RET-003986,ORD-007495,2024-03-01,CUST-00844,PROD-0434,Beauty,Not as Described,675.6738389881536,35.95418447713949,20,0,1.0
RET-003987,ORD-005581,2022-08-07,CUST-00710,PROD-0103,Home,Changed Mind,366.6550404012153,88.60190951310415,23,0,5.0
RET-003988,ORD-008269,2023-06-26,CUST-01406,PROD-0121,Electronics,Wrong Item,303.1915919257545,25.046295115311,23,0,3.0
RET-003989,ORD-009407,2022-10-08,CUST-01590,PROD-0319,Clothing,Defective,1343.384507495284,72.74852414041865,22,0,4.0
RET-003990,ORD-008571,2022-11-03,CUST-01849,PROD-0001,Clothing,Not as Described,1266.3129049789504,96.92689594022586,1,0,2.0
RET-003991,ORD-008006,2023-12-16,CUST-01929,PROD-0290,Clothing,Not as Described,1232.5239412519936,0.4654146452291008,7,0,3.0
RET-003992,ORD-004274,2023-06-12,CUST-00548,PROD-0046,Clothing,Defective,1458.2917027411615,16.761911653782104,16,0,2.0
RET-003993,ORD-006053,2022-12-05,CUST-01984,PROD-0191,Clothing,Size Issue,1065.2859307906517,72.81518601228224,10,0,2.0
RET-003994,ORD-008906,2023-06-12,CUST-01269,PROD-0445,Electronics,Changed Mind,1777.2010159741897,87.09529663891075,19,0,1.0
RET-003995,ORD-003152,2023-10-04,CUST-00629,PROD-0436,Clothing,Defective,1630.2148749525534,50.589116734015946,6,0,3.0
RET-003996,ORD-003192,2024-03-06,CUST-01989,PROD-0064,Electronics,Defective,1612.5479767294644,72.40628603953675,19,1,5.0
RET-003997,ORD-008582,2023-12-25,CUST-00798,PROD-0248,Beauty,Wrong Item,607.0662312137031,68.72411607261596,14,0,1.0
RET-003998,ORD-000611,2022-09-30,CUST-00370,PROD-0376,Electronics,Changed Mind,1296.9740333280583,76.21023197098374,10,0,3.0
RET-003999,ORD-009412,2022-12-26,CUST-00330,PROD-0241,Beauty,Size Issue,1024.566794026598,4.306538458700581,12,0,4.0
RET-004000,ORD-005649,2022-11-27,CUST-00574,PROD-0012,Electronics,Not as Described,548.7723041760346,94.98954527008378,24,0,3.0
RET-004001,ORD-008989,2023-08-27,CUST-01935,PROD-0443,Beauty,Changed Mind,83.49665291337676,25.94956183648225,9,0,4.0
RET-004002,ORD-002788,2023-05-29,CUST-01030,PROD-0055,Electronics,Not as Described,1837.8633994163351,5.183086614436572,14,0,2.0
RET-004003,ORD-002049,2023-03-01,CUST-00739,PROD-0082,Clothing,Wrong Item,491.7218256208281,65.19186370987892,29,0,4.0
RET-004004,ORD-004801,2024-04-10,CUST-01230,PROD-0379,Electronics,Wrong Item,1196.1680770601356,83.07047508539898,5,0,2.0
RET-004005,ORD-004390,2024-03-07,CUST-00190,PROD-0305,Home,Defective,1759.9850859314392,78.47213366059569,23,0,2.0
RET-004006,ORD-003349,2024-03-13,CUST-01965,PROD-0478,Electronics,Wrong Item,1977.9797629989082,40.23659568637551,3,0,3.0
RET-004007,ORD-007857,2022-10-15,CUST-00611,PROD-0363,Clothing,Size Issue,1283.2731619524272,89.75217199393862,4,0,1.0
RET-004008,ORD-001650,2023-11-22,CUST-01859,PROD-0142,Home,Wrong Item,1339.4007428020723,34.457000166328854,10,0,4.0
RET-004009,ORD-000994,2023-06-20,CUST-01558,PROD-0167,Home,Defective,901.3062890717553,41.18884689871827,11,0,5.0
RET-004010,ORD-006498,2023-11-02,CUST-01762,PROD-0028,Home,Wrong Item,869.7329992338558,33.15355044357135,6,0,1.0
RET-004011,ORD-007542,2023-06-01,CUST-00990,PROD-0121,Home,Changed Mind,1612.9740115516902,59.23198416757055,1,0,1.0
RET-004012,ORD-009281,2023-08-07,CUST-01518,PROD-0224,Beauty,Wrong Item,1087.3702773961531,20.51320679680879,11,0,4.0
RET-004013,ORD-007347,2024-04-25,CUST-01349,PROD-0313,Clothing,Not as Described,911.7128200612026,14.74063957784274,14,0,4.0
RET-004014,ORD-006799,2022-12-25,CUST-01676,PROD-0057,Home,Size Issue,854.9736551466673,95.69073044716802,2,0,5.0
RET-004015,ORD-004244,2022-08-06,CUST-00939,PROD-0020,Electronics,Not as Described,973.3349539406368,85.98107026860933,14,1,4.0
RET-004016,ORD-000286,2023-10-22,CUST-00040,PROD-0380,Beauty,Wrong Item,1788.252600517952,48.4164374508146,26,0,2.0
RET-004017,ORD-005072,2022-07-09,CUST-01315,PROD-0384,Clothing,Size Issue,1518.62819838487,17.133229134049476,1,0,3.0
RET-004018,ORD-007717,2023-05-31,CUST-01501,PROD-0041,Electronics,Changed Mind,1716.9006307783743,78.94927424015768,18,0,3.0
RET-004019,ORD-004198,2023-08-14,CUST-01364,PROD-0462,Electronics,Changed Mind,1418.1934108715113,77.84507638025477,21,0,2.0
RET-004020,ORD-003072,2023-03-04,CUST-00672,PROD-0444,Electronics,Changed Mind,986.5439039933187,8.534359750469434,28,0,3.0
RET-004021,ORD-007729,2023-03-01,CUST-01922,PROD-0030,Clothing,Wrong Item,503.1679998663805,2.116558796587631,27,0,2.0
RET-004022,ORD-002205,2022-06-12,CUST-01395,PROD-0285,Home,Defective,1779.594700569557,42.36462237425953,9,0,3.0
RET-004023,ORD-003054,2023-03-12,CUST-01134,PROD-0278,Clothing,Not as Described,1235.8525528372836,71.9973495977829,10,0,2.0
RET-004024,ORD-009563,2023-06-09,CUST-00693,PROD-0171,Electronics,Defective,159.78340755145533,86.82974492558833,8,0,4.0
RET-004025,ORD-000665,2022-09-10,CUST-01104,PROD-0383,Beauty,Defective,1133.6028382671038,43.08702424006425,5,0,1.0
RET-004026,ORD-009947,2022-09-24,CUST-01552,PROD-0177,Clothing,Defective,569.3412398229713,60.15889747467792,1,0,1.0
RET-004027,ORD-001623,2023-09-06,CUST-01577,PROD-0035,Clothing,Not as Described,356.96872825446815,61.25947748825579,20,0,1.0
RET-004028,ORD-000454,2023-04-10,CUST-01923,PROD-0254,Beauty,Changed Mind,1341.8059887597603,8.449430057313489,19,0,3.0
RET-004029,ORD-004261,2022-10-14,CUST-01909,PROD-0479,Electronics,Size Issue,1950.3949403697534,33.78688269000407,17,0,1.0
RET-004030,ORD-000740,2023-09-22,CUST-00244,PROD-0234,Home,Defective,903.4212681083736,96.24432620465296,9,1,
RET-004031,ORD-006843,,CUST-00529,PROD-0130,Home,Changed Mind,175.15491633870266,15.427549764576066,3,1,4.0
RET-004032,ORD-005200,2024-01-31,CUST-00841,PROD-0447,Home,Size Issue,1368.2684006894065,24.60176981783996,22,0,5.0
RET-004033,ORD-007698,2022-10-24,CUST-01541,PROD-0148,Beauty,Changed Mind,382.9390842799753,34.94963362144724,10,1,1.0
RET-004034,ORD-006163,2022-06-06,CUST-01632,PROD-0147,Clothing,Size Issue,1475.6113308058082,16.759382140089695,26,0,5.0
RET-004035,ORD-000982,2022-09-10,CUST-01075,PROD-0074,Beauty,Wrong Item,400.3855080581288,10.196064299173191,16,0,1.0
RET-004036,ORD-009178,2024-02-25,CUST-00109,PROD-0149,Home,Changed Mind,1084.8460375436948,69.33413251218519,4,1,3.0
RET-004037,ORD-002833,2023-12-20,CUST-00071,PROD-0366,Home,Wrong Item,1620.806297151649,74.8829967140012,24,0,5.0
RET-004038,ORD-008349,2023-08-15,CUST-00529,PROD-0205,Home,Changed Mind,945.7515653435436,86.30404169987158,19,0,3.0
RET-004039,ORD-005881,,CUST-00368,PROD-0074,Home,Wrong Item,1125.7958106574795,8.735294538566318,16,1,
RET-004040,ORD-003574,2024-03-09,CUST-01953,PROD-0432,Clothing,Defective,442.32780595791627,46.779367338211486,22,0,2.0
RET-004041,ORD-008116,2024-03-26,CUST-01011,PROD-0297,Clothing,Not as Described,558.8814496452222,92.13872340408503,12,1,5.0
RET-004042,ORD-003271,2024-01-01,CUST-00220,PROD-0289,Electronics,Wrong Item,582.1497942676202,30.22910699295681,9,1,3.0
RET-004043,ORD-005425,2022-09-17,CUST-01959,PROD-0377,Beauty,Wrong Item,746.4724122433283,85.45123673557352,6,0,5.0
RET-004044,ORD-002186,2023-06-28,CUST-00758,PROD-0055,Home,Size Issue,629.5975071897548,50.30223732389414,6,0,3.0
RET-004045,ORD-003492,2023-02-27,CUST-01002,PROD-0193,Electronics,Defective,1122.136316338065,60.280329786516795,24,0,4.0
RET-004046,ORD-003939,2023-09-26,CUST-01179,PROD-0483,Beauty,Not as Described,1251.8207610583572,77.19196360635289,18,0,1.0
RET-004047,ORD-004221,2023-05-19,CUST-00596,PROD-0270,Electronics,Not as Described,1760.9187160542951,86.79379911293262,19,1,3.0
RET-004048,ORD-007661,2023-01-21,CUST-00644,PROD-0023,Electronics,Wrong Item,383.81337009143004,92.50299141379425,1,0,4.0
RET-004049,ORD-006320,2023-03-04,CUST-01882,PROD-0063,Electronics,Wrong Item,390.860912537108,80.2259891338825,28,0,5.0
RET-004050,ORD-004455,2023-09-10,CUST-01402,PROD-0180,Clothing,Size Issue,935.3196583014052,32.41723037780345,6,0,4.0
RET-004051,ORD-004863,2022-09-08,CUST-01724,PROD-0124,Home,Size Issue,1689.17274313794,23.29901226199851,5,1,4.0
RET-004052,ORD-002194,2023-09-06,CUST-00766,PROD-0052,Beauty,Defective,1644.1718516408962,96.51306215554676,12,1,3.0
RET-004053,ORD-008877,2023-06-02,CUST-01264,PROD-0013,Clothing,Wrong Item,1039.5862467030352,22.14498190086274,23,0,
RET-004054,ORD-008370,2023-06-12,CUST-01647,PROD-0123,Clothing,Size Issue,456.38520881972823,69.36725211761828,16,1,1.0
RET-004055,ORD-002410,2023-06-12,CUST-00006,PROD-0267,Home,Size Issue,323.47775402197595,51.46500819104218,21,1,1.0
RET-004056,ORD-006765,2023-03-27,CUST-00951,PROD-0479,Clothing,Defective,1617.7562928858558,85.04289339588014,11,1,3.0
RET-004057,ORD-005153,2023-11-30,CUST-01368,PROD-0275,Electronics,Size Issue,789.1311486526537,15.2259681968962,8,1,5.0
RET-004058,ORD-008358,2023-02-11,CUST-00754,PROD-0328,Clothing,Wrong Item,1890.1508001039358,76.93584566059839,22,1,3.0
RET-004059,ORD-008065,2023-05-19,CUST-00206,PROD-0434,Beauty,Size Issue,1261.8505132235687,11.000256765995097,3,1,2.0
RET-004060,ORD-000470,2023-06-09,CUST-00128,PROD-0129,Electronics,Size Issue,1801.8770515150707,84.93795314164473,15,0,4.0
RET-004061,ORD-007615,2022-07-10,CUST-01715,PROD-0356,Beauty,Wrong Item,856.7820253003883,85.89208029771297,2,0,2.0
RET-004062,ORD-002395,2023-04-05,CUST-01636,PROD-0434,Clothing,Not as Described,1211.1502893922423,97.58718165923021,16,0,3.0
RET-004063,ORD-003111,2024-02-29,CUST-01432,PROD-0237,Beauty,Not as Described,658.4003859684962,52.520217792976844,28,0,2.0
RET-004064,ORD-002359,2023-05-26,CUST-00405,PROD-0378,Beauty,Wrong Item,1578.1158935075478,31.77817955851454,9,0,1.0
RET-004065,ORD-007754,2022-06-09,CUST-00106,PROD-0272,Electronics,Changed Mind,53.289788701780715,47.80366225965553,27,0,2.0
RET-004066,ORD-007149,2024-03-05,CUST-00702,PROD-0059,Home,Changed Mind,1345.9730911510424,59.634806191013745,14,1,4.0
RET-004067,ORD-004570,2022-12-19,CUST-00676,PROD-0126,Home,Defective,1059.6280143119052,67.44683258265086,28,0,2.0
RET-004068,ORD-006394,2022-12-18,CUST-01409,PROD-0165,Beauty,Defective,67.3702935248611,65.14452331421847,1,0,2.0
RET-004069,ORD-001551,2024-03-09,CUST-01024,PROD-0033,Electronics,Size Issue,392.50638965672783,67.92478060467501,15,0,1.0
RET-004070,ORD-000680,2024-02-11,CUST-01503,PROD-0071,Home,Size Issue,1304.3393466559837,9.076935123819796,27,0,3.0
RET-004071,ORD-005248,2023-09-22,CUST-01505,PROD-0099,Home,Wrong Item,1851.2272048550706,35.16224577901224,18,1,1.0
RET-004072,ORD-007352,2023-03-12,CUST-00346,PROD-0298,Beauty,Changed Mind,159.46256154488773,73.10905988711943,20,0,3.0
RET-004073,ORD-009388,2023-03-10,CUST-00316,PROD-0213,Clothing,Defective,802.8214128773882,89.34144131932739,21,0,1.0
RET-004074,ORD-006832,2023-08-06,CUST-01080,PROD-0133,Home,Wrong Item,197.81297764053014,20.60999411326444,26,0,5.0
RET-004075,ORD-001026,2023-10-16,CUST-00506,PROD-0384,Beauty,Changed Mind,840.5566544462478,64.65629294364057,16,1,5.0
RET-004076,ORD-007697,2024-01-20,CUST-01619,PROD-0026,Clothing,Defective,381.2123613937116,6.576711813969127,28,0,2.0
RET-004077,ORD-005525,2023-08-25,CUST-01576,PROD-0448,Clothing,Not as Described,1952.878530927466,64.14709340549895,7,1,1.0
RET-004078,ORD-000082,2023-08-19,CUST-01544,PROD-0426,Beauty,Not as Described,1132.488142672592,25.35454622100599,11,0,2.0
RET-004079,ORD-009337,2022-08-19,CUST-01437,PROD-0005,Beauty,Size Issue,942.7061552650399,42.87895727268508,2,1,4.0
RET-004080,ORD-000139,2023-06-05,CUST-00756,PROD-0221,Home,Wrong Item,1629.8024155314938,22.721866421850724,28,0,1.0
RET-004081,ORD-008967,2022-11-25,CUST-00978,PROD-0046,Home,Changed Mind,571.5257193537409,75.99544887717109,5,0,3.0
RET-004082,ORD-008428,2023-10-06,CUST-00475,PROD-0359,Home,Wrong Item,1279.4038714963679,1.480617459227318,12,0,5.0
RET-004083,ORD-005560,2022-10-25,CUST-01308,PROD-0115,Electronics,Not as Described,671.7795004129409,43.375022336397116,8,0,2.0
RET-004084,ORD-004841,2023-12-21,CUST-00258,PROD-0251,Home,Wrong Item,1515.1159394300712,51.933213323275595,22,1,4.0
RET-004085,ORD-002793,2023-12-18,CUST-00359,PROD-0066,Home,Size Issue,1220.069302346399,88.51966285096621,27,1,4.0
RET-004086,ORD-005678,2022-07-11,CUST-00890,PROD-0266,Clothing,Not as Described,876.2992545953813,29.18792987065749,7,1,5.0
RET-004087,ORD-004393,2023-02-14,CUST-00639,PROD-0450,Beauty,Changed Mind,1724.1270934256243,47.86114525758366,2,0,5.0
RET-004088,ORD-008044,2022-10-16,CUST-00952,PROD-0138,Clothing,Defective,1606.4376500516457,34.89817956586637,14,0,
RET-004089,ORD-008552,2023-07-18,CUST-00269,PROD-0292,Electronics,Not as Described,960.4649897832984,69.02447904294408,5,0,2.0
RET-004090,ORD-001059,,CUST-00098,PROD-0494,Home,Not as Described,233.50563638680262,99.75433914379798,19,0,2.0
RET-004091,ORD-002880,2023-02-09,CUST-00550,PROD-0301,Beauty,Changed Mind,1881.830318799893,74.94215781080078,16,0,2.0
RET-004092,ORD-005849,2023-08-08,CUST-01664,PROD-0405,Beauty,Not as Described,1779.459115816414,60.588010570537776,12,0,4.0
RET-004093,ORD-007932,2023-09-14,CUST-01782,PROD-0404,Home,Changed Mind,367.7238013198005,35.20800363934127,21,0,2.0
RET-004094,ORD-007422,2023-09-07,CUST-00053,PROD-0481,Home,Changed Mind,557.1358771391548,23.488627062242152,11,0,
RET-004095,ORD-008551,2023-06-29,CUST-01357,PROD-0355,Beauty,Defective,91.3226138430232,42.48272272616863,25,0,3.0
RET-004096,ORD-002558,2024-01-09,CUST-01397,PROD-0328,Home,Not as Described,177.13495309751409,30.675580966885853,2,0,5.0
RET-004097,ORD-004053,2023-11-21,CUST-00894,PROD-0167,Electronics,Changed Mind,670.0039143020292,39.41343831722504,7,0,5.0
RET-004098,ORD-002366,2023-07-24,CUST-00483,PROD-0444,Electronics,Changed Mind,948.85598319022,61.811789476595315,14,0,5.0
RET-004099,ORD-006014,2023-12-15,CUST-00698,PROD-0028,Clothing,Not as Described,1476.5948890132095,78.61280556320301,8,0,3.0
RET-004100,ORD-001466,2023-09-11,CUST-00259,,Clothing,Changed Mind,909.4237582452946,87.58160920663913,4,1,5.0
RET-004101,ORD-008915,2023-01-28,CUST-01461,PROD-0247,Home,Not as Described,1273.7185715384146,70.19234962980214,8,0,1.0
RET-004102,ORD-008290,2023-09-18,CUST-00379,PROD-0458,Clothing,Wrong Item,1506.6311344319752,15.130722194875545,18,1,1.0
RET-004103,ORD-000541,2023-11-02,CUST-00097,PROD-0273,Clothing,Size Issue,73.55578962964651,59.756464262743215,18,1,5.0
RET-004104,ORD-002622,2023-06-11,CUST-01670,PROD-0439,Beauty,Changed Mind,1652.2335441014816,27.54687281663625,29,0,2.0
RET-004105,ORD-001583,2023-07-10,CUST-00489,PROD-0203,Electronics,Changed Mind,240.5659972780086,53.53990313102685,17,1,3.0
RET-004106,ORD-008115,2023-03-05,CUST-01286,PROD-0234,Home,Defective,763.7498985448499,92.84569989948886,29,0,4.0
RET-004107,ORD-009853,2023-04-13,CUST-00655,PROD-0244,Home,Not as Described,1785.9204465497348,28.861441577726254,15,0,2.0
RET-004108,ORD-000924,2023-12-05,CUST-00762,PROD-0338,Clothing,Wrong Item,892.8601313792378,72.25118087106186,27,1,3.0
RET-004109,ORD-005854,2022-06-22,CUST-01744,PROD-0015,Clothing,Changed Mind,1855.331038250184,58.20621510852186,0,0,4.0
RET-004110,ORD-003005,2023-08-09,CUST-00268,PROD-0455,Clothing,Size Issue,1957.8556554067927,92.36502100976772,9,0,2.0
RET-004111,ORD-001600,2023-02-12,CUST-00983,PROD-0210,Beauty,Wrong Item,1553.1600669729633,56.91649862711281,22,0,2.0
RET-004112,ORD-004360,2024-04-27,CUST-00817,PROD-0067,Home,Wrong Item,320.01213617929676,27.011795546965057,26,0,5.0
RET-004113,,2024-04-29,CUST-01877,PROD-0126,Home,Defective,601.1269072547097,45.97190548301799,2,0,3.0
RET-004114,ORD-001020,2023-05-30,CUST-01775,PROD-0187,Beauty,Size Issue,575.32459897321,11.995995533680947,11,0,3.0
RET-004115,ORD-002705,2023-08-06,CUST-00987,PROD-0238,Beauty,Defective,1468.8447272785143,47.31163332040887,0,0,1.0
RET-004116,ORD-001000,2024-04-05,CUST-01634,PROD-0169,Electronics,Defective,964.9420049157251,77.60382716505875,4,0,2.0
RET-004117,ORD-005494,2022-06-08,CUST-01969,PROD-0270,Electronics,Defective,989.3509255320441,90.04278602501546,23,1,5.0
RET-004118,ORD-008337,2022-07-23,CUST-00345,PROD-0278,Home,Changed Mind,1409.3336252369795,79.15363570201286,14,0,5.0
RET-004119,ORD-009088,,CUST-00953,PROD-0083,Beauty,Size Issue,1630.9796797696008,37.94784691414069,21,0,3.0
RET-004120,ORD-004126,2023-09-17,CUST-00966,PROD-0169,Beauty,Not as Described,1253.8462848040272,403.3381570698294,14,0,1.0
RET-004121,ORD-003695,2024-02-02,CUST-00643,PROD-0210,Clothing,Not as Described,1171.9557096414846,72.42071082858814,23,0,3.0
RET-004122,ORD-000441,2023-02-26,CUST-00148,PROD-0494,Electronics,Size Issue,1394.3675522309495,93.53907924853071,28,1,2.0
RET-004123,ORD-008063,,CUST-01145,PROD-0131,Beauty,Defective,1010.8271646093855,91.66745812105785,21,0,
RET-004124,ORD-006777,2023-08-10,CUST-00896,PROD-0270,Beauty,Not as Described,927.5741814436401,3.367725148022782,26,1,3.0
RET-004125,ORD-003276,2023-09-09,CUST-00474,PROD-0393,Clothing,Size Issue,1755.6168581185732,93.31017101623502,1,0,1.0
RET-004126,ORD-000405,2023-10-12,CUST-01414,PROD-0248,Beauty,Size Issue,847.8538481421928,84.05500301294994,1,0,3.0
RET-004127,ORD-000383,2022-12-02,CUST-01211,PROD-0134,Clothing,Wrong Item,1269.1705485518069,94.13597767543716,19,0,4.0
RET-004128,ORD-005752,2023-07-15,CUST-00174,PROD-0136,Clothing,Wrong Item,513.2603978911552,40.87840402527555,18,1,4.0
RET-004129,ORD-001933,2023-05-14,CUST-01321,PROD-0212,Electronics,Defective,776.1393945097401,12.554993421230998,15,0,2.0
RET-004130,ORD-003450,2022-10-21,CUST-00767,PROD-0198,Home,Defective,1187.3837011347066,37.21040415543363,22,0,5.0
RET-004131,ORD-004771,2022-12-05,CUST-00315,PROD-0175,Clothing,Size Issue,1477.8867212464897,6.612799886955079,13,0,4.0
RET-004132,ORD-002126,2023-01-05,CUST-01672,PROD-0115,Electronics,Defective,1558.4573543455165,11.881345342146076,24,1,5.0
RET-004133,ORD-000205,2023-12-11,CUST-01106,PROD-0202,Home,Size Issue,871.1053871773971,93.91406359510867,26,0,4.0
RET-004134,ORD-004890,2023-05-02,CUST-00186,PROD-0382,Home,Not as Described,1722.7017883100723,74.48308345793751,21,0,3.0
RET-004135,ORD-005632,2022-11-24,CUST-00042,PROD-0479,Electronics,Not as Described,541.4711368441448,52.46988233895109,13,0,3.0
RET-004136,ORD-002211,2023-05-28,CUST-01574,PROD-0060,Electronics,Size Issue,1244.948791625518,3.069792301853258,13,0,3.0
RET-004137,ORD-006934,2022-09-09,CUST-00957,PROD-0187,Electronics,Defective,473.69988103617965,1.4038733682184557,20,0,4.0
RET-004138,ORD-004809,2023-04-02,CUST-00595,PROD-0113,Beauty,Size Issue,1557.511771490705,29.698039172358236,16,1,4.0
RET-004139,ORD-005518,2023-05-29,CUST-01062,PROD-0379,Beauty,Wrong Item,482.8832131599816,68.44772001162579,2,0,4.0
RET-004140,ORD-006061,2023-11-20,CUST-00193,PROD-0442,Clothing,Not as Described,1151.5447133799319,34.68095549300864,22,0,2.0
RET-004141,ORD-008789,2022-06-06,CUST-01965,PROD-0006,Home,Defective,1057.2754221468008,89.5997510296622,25,0,1.0
RET-004142,ORD-004407,2022-08-04,CUST-01037,PROD-0325,Clothing,Wrong Item,513.6550319344476,43.51567804534262,16,0,2.0
RET-004143,ORD-001017,2023-02-06,CUST-01049,PROD-0319,Clothing,Wrong Item,55.44813837531041,81.982334760272,13,0,3.0
RET-004144,ORD-000283,2022-09-11,CUST-01975,PROD-0183,Beauty,Defective,21.24066592471496,69.83817558826993,23,0,2.0
RET-004145,ORD-002861,2022-10-06,CUST-00390,PROD-0073,Clothing,Wrong Item,1395.1861459791455,4.477699294756954,24,0,5.0
RET-004146,ORD-008866,2024-04-09,CUST-01165,,Beauty,Defective,1157.8545422185564,32.813180978385006,26,0,2.0
RET-004147,ORD-000013,2022-11-05,CUST-01333,PROD-0442,Clothing,Defective,1819.500079091658,16.764884101397314,18,0,1.0
RET-004148,ORD-005909,2023-02-01,CUST-00936,PROD-0364,Clothing,Defective,1090.409317014797,12.80457208330924,24,0,5.0
RET-004149,ORD-004385,2022-10-15,CUST-01822,PROD-0126,Home,Size Issue,1188.4751044026636,43.84448204706515,5,1,3.0
RET-004150,ORD-000146,2023-02-16,CUST-00485,PROD-0121,Clothing,Not as Described,88.2840803770809,68.4473829787887,10,0,2.0
RET-004151,ORD-007450,2023-08-11,CUST-00010,PROD-0049,Electronics,Defective,1138.194338440129,9.309468286053635,5,1,2.0
RET-004152,ORD-004797,2023-12-06,CUST-01389,PROD-0018,Beauty,Wrong Item,1555.3480457860653,93.13592424507372,14,1,1.0
RET-004153,ORD-004218,2022-08-15,CUST-00929,PROD-0091,Beauty,Not as Described,784.3954559496274,53.98251223160679,4,0,
RET-004154,ORD-002685,2023-12-20,CUST-01072,PROD-0479,Beauty,Changed Mind,789.8125504875427,36.9569866574059,17,1,3.0
RET-004155,ORD-003001,,CUST-00059,PROD-0396,Home,Not as Described,1517.3083451414082,71.89832113441716,2,0,3.0
RET-004156,ORD-001227,2022-10-14,CUST-00196,PROD-0259,Beauty,Defective,1152.4572790457078,27.934797452321803,4,0,3.0
RET-004157,ORD-006206,2023-05-08,CUST-00514,PROD-0078,Home,Size Issue,1236.930661963962,9.97314477767266,24,0,2.0
RET-004158,ORD-007288,2023-04-24,CUST-00950,PROD-0309,Home,Changed Mind,168.37839188514172,12.057988316235956,22,0,2.0
RET-004159,ORD-006025,2023-04-22,CUST-00490,PROD-0212,Beauty,Wrong Item,1536.1134054646939,92.05278711043597,10,0,1.0
RET-004160,ORD-002424,2023-04-21,CUST-00305,PROD-0444,Beauty,Changed Mind,624.9907931836166,53.90255904131712,17,0,1.0
RET-004161,ORD-006050,2023-01-06,CUST-00521,PROD-0269,Electronics,Wrong Item,1259.6788695927721,38.30914048217414,29,0,3.0
RET-004162,ORD-008027,2024-02-11,CUST-00758,PROD-0272,Beauty,Defective,1163.501740847227,91.0435889139803,16,0,2.0
RET-004163,ORD-004509,2023-09-19,CUST-00939,PROD-0006,Beauty,Size Issue,1382.9977420742007,75.70258436531257,11,0,1.0
RET-004164,ORD-002935,2024-04-28,CUST-00985,PROD-0486,Clothing,Size Issue,1036.6134564173174,49.71380235199491,11,0,1.0
RET-004165,ORD-000601,2022-09-28,CUST-01712,PROD-0217,Clothing,Wrong Item,107.92307424525976,27.852988453554804,15,0,2.0
RET-004166,ORD-005165,2023-10-23,CUST-00216,PROD-0432,Home,Wrong Item,821.1443231460743,81.82086559631013,28,0,4.0
RET-004167,ORD-009918,2023-11-10,CUST-00130,PROD-0336,Beauty,Size Issue,1040.2045769734389,2.0102648635824893,15,0,3.0
RET-004168,ORD-002707,2023-12-27,CUST-00935,PROD-0360,Home,Not as Described,109.49005046564243,75.75711925307121,8,0,4.0
RET-004169,ORD-009593,2022-12-05,CUST-00586,PROD-0226,Home,Not as Described,14.892648737783688,72.06965229960423,27,0,1.0
RET-004170,ORD-000682,2023-09-14,CUST-01199,PROD-0368,Beauty,Defective,811.2686215599862,34.31593029164095,8,0,2.0
RET-004171,ORD-005973,2022-12-10,CUST-01474,PROD-0202,Clothing,Size Issue,566.829003441494,54.035683535071065,12,0,4.0
RET-004172,ORD-007960,2024-02-29,CUST-00763,PROD-0465,Clothing,Not as Described,337.8174464305363,8.380266036349603,7,0,2.0
RET-004173,ORD-002591,2022-12-15,CUST-01516,PROD-0428,Beauty,Changed Mind,1594.7864915837183,88.19573194084569,6,0,2.0
RET-004174,ORD-001492,2022-06-04,CUST-00135,PROD-0375,Beauty,Size Issue,291.7560498559367,47.13683414495172,13,0,1.0
RET-004175,ORD-006577,2023-04-28,CUST-00506,PROD-0409,Beauty,Changed Mind,911.9244974120209,45.08730890734732,6,0,4.0
RET-004176,ORD-002504,2022-10-14,CUST-00709,PROD-0423,Beauty,Changed Mind,849.0645901108469,4.8167696438633385,27,0,3.0
RET-004177,ORD-008936,2023-01-24,CUST-00953,PROD-0460,Home,Defective,1733.9617569854167,73.61311223493658,28,1,2.0
RET-004178,ORD-007066,2023-08-07,CUST-01708,PROD-0032,Beauty,Wrong Item,153.92259941736467,33.182015144557475,16,0,2.0
RET-004179,ORD-008257,2022-10-09,CUST-01581,PROD-0475,Beauty,Wrong Item,1679.9998972997523,90.34288945300615,4,0,1.0
RET-004180,ORD-005653,2023-09-09,CUST-01339,PROD-0346,Home,Not as Described,1672.5145759983964,72.30874088278847,21,1,2.0
RET-004181,ORD-008636,2023-01-04,CUST-01527,PROD-0402,Beauty,Defective,953.4978340599791,45.91248895227989,27,0,2.0
RET-004182,ORD-007129,,CUST-01218,PROD-0379,Home,Changed Mind,227.30869591632617,10.283064744677928,26,0,1.0
RET-004183,ORD-009264,2022-10-09,CUST-01122,PROD-0263,Electronics,Changed Mind,1596.3852900140114,55.49183181925174,24,1,1.0
RET-004184,ORD-003363,2022-06-27,CUST-00657,PROD-0284,Electronics,Not as Described,1431.8831711531134,50.80709917669115,23,0,2.0
RET-004185,ORD-001664,2024-02-02,CUST-01124,PROD-0391,Beauty,Wrong Item,606.8937731446915,84.65733788005288,1,0,4.0
RET-004186,ORD-001422,2023-04-17,CUST-01032,PROD-0232,Beauty,Changed Mind,1701.9823783034997,44.09850822945172,7,0,2.0
RET-004187,ORD-005964,2022-11-21,CUST-01094,PROD-0021,Beauty,Changed Mind,1997.3210109843064,95.6033360435778,4,0,2.0
RET-004188,ORD-001774,2023-12-09,CUST-00191,PROD-0016,Home,Size Issue,795.1353860125909,53.290825735788516,3,0,2.0
RET-004189,,2023-04-22,CUST-01014,PROD-0145,Home,Wrong Item,1347.220225390872,50.06771998963634,19,1,1.0
RET-004190,ORD-005930,2022-07-28,CUST-00324,PROD-0409,Beauty,Not as Described,1746.735767122988,44.716322538599705,27,0,3.0
RET-004191,ORD-000721,2023-07-24,CUST-01558,PROD-0377,Beauty,Defective,644.4217261334852,67.11203665140803,13,1,5.0
RET-004192,ORD-008545,2023-01-13,CUST-01146,PROD-0046,Beauty,Size Issue,748.792357521708,42.455472147009324,5,0,1.0
RET-004193,ORD-008424,2022-06-24,CUST-00837,PROD-0285,Electronics,Wrong Item,399.5137889221321,81.766098419568,1,0,3.0
RET-004194,ORD-005136,2023-03-15,CUST-00675,PROD-0498,Electronics,Not as Described,412.4070708311937,74.99312902085633,19,0,4.0
RET-004195,ORD-003834,2023-09-03,CUST-00395,PROD-0177,Electronics,Changed Mind,567.140217419066,50.27504670619809,16,0,4.0
RET-004196,ORD-009273,2023-01-11,CUST-00588,PROD-0236,Home,Changed Mind,129.5573415704951,12.73391061341943,25,0,4.0
RET-004197,ORD-002977,2022-08-03,CUST-01884,PROD-0202,Clothing,Changed Mind,1923.3474669642933,85.89679734337767,27,1,2.0
RET-004198,ORD-004112,2022-09-29,CUST-01366,PROD-0438,Beauty,Defective,342.06222087768936,91.53208258073813,13,1,2.0
RET-004199,ORD-001144,2023-12-30,CUST-00954,PROD-0409,Clothing,Not as Described,1734.2236754109258,1.494812007487123,28,0,5.0
RET-004200,ORD-000285,2022-08-14,CUST-00614,PROD-0133,Home,Changed Mind,415.685717707894,81.5616656089726,5,0,5.0
RET-004201,ORD-003515,2022-08-04,CUST-00389,PROD-0424,Electronics,Wrong Item,1404.0530892896527,443.0337309611539,7,0,4.0
RET-004202,ORD-005875,2023-08-13,CUST-01734,PROD-0447,Home,Wrong Item,1717.9815191382895,72.3993766805946,26,0,4.0
RET-004203,ORD-006701,2023-12-03,CUST-00608,PROD-0110,Home,Wrong Item,701.7900824210883,53.72943312544668,8,0,4.0
RET-004204,ORD-007992,2022-06-30,CUST-00306,PROD-0330,Electronics,Wrong Item,1261.3245790299864,52.12254192123419,11,0,4.0
RET-004205,ORD-002760,2023-01-12,CUST-00423,PROD-0469,Electronics,Size Issue,902.5506424898223,15.473600196440717,5,0,3.0
RET-004206,ORD-006822,2023-10-23,CUST-00237,PROD-0145,Electronics,Changed Mind,1670.8342347517796,83.79689245584258,15,0,5.0
RET-004207,ORD-006726,2023-07-17,CUST-01154,PROD-0102,Electronics,Wrong Item,1750.3322018345168,38.24683707683116,29,0,3.0
RET-004208,ORD-000180,2023-02-01,CUST-00429,PROD-0417,Beauty,Wrong Item,39.613165536654215,97.84445322102314,15,0,3.0
RET-004209,ORD-002089,2024-04-25,CUST-00657,PROD-0141,Electronics,Defective,1880.3362413213797,29.398502334813436,27,0,5.0
RET-004210,ORD-006608,2024-03-18,CUST-00910,PROD-0327,Electronics,Defective,665.496016390689,23.301854755856333,25,0,5.0
RET-004211,ORD-003672,2023-06-20,CUST-01090,PROD-0182,Home,Not as Described,1764.0763418612735,2.9666969332394544,8,0,4.0
RET-004212,ORD-009995,2023-03-28,CUST-01828,PROD-0428,Clothing,Wrong Item,1516.742170852323,68.30209165004935,29,1,3.0
RET-004213,,2023-10-06,CUST-00809,PROD-0497,Clothing,Size Issue,601.1998071488223,66.39508432076173,4,0,1.0
RET-004214,ORD-003225,2023-06-09,CUST-00513,PROD-0392,Beauty,Not as Described,106.16718685392617,46.10057681744906,17,1,1.0
RET-004215,ORD-007641,2023-06-11,CUST-00410,PROD-0173,Beauty,Not as Described,782.4667518533322,51.651063482229155,4,1,4.0
RET-004216,ORD-006416,2023-05-19,CUST-00840,PROD-0435,Beauty,Not as Described,1932.0286701496855,87.32824354719155,4,0,4.0
RET-004217,ORD-006474,2023-04-15,CUST-01813,PROD-0320,Home,Changed Mind,662.897984249772,18.429342105601144,19,0,5.0
RET-004218,ORD-006632,2024-02-27,CUST-00016,PROD-0180,Clothing,Wrong Item,82.55465905508984,93.80539030821949,25,0,4.0
RET-004219,ORD-008452,2024-03-28,CUST-00027,PROD-0219,Electronics,Defective,255.6052126256471,80.80783004765411,20,0,5.0
RET-004220,ORD-003108,2023-11-17,CUST-01589,PROD-0017,Clothing,Changed Mind,1005.2145672612834,47.491965613091004,29,0,5.0
RET-004221,ORD-007194,2023-05-23,CUST-01936,PROD-0074,Electronics,Size Issue,1881.8550829555893,59.35748297955604,22,0,2.0
RET-004222,ORD-009053,2022-08-09,CUST-01227,PROD-0199,Electronics,Changed Mind,598.685156377898,45.02008831289801,12,0,1.0
RET-004223,ORD-004102,2023-12-25,CUST-00821,PROD-0232,Clothing,Not as Described,1647.4872697118433,7.175276121578555,27,0,2.0
RET-004224,ORD-004836,2023-09-27,CUST-00225,PROD-0378,Electronics,Wrong Item,1376.06799185863,17.300754052051115,14,1,5.0
RET-004225,ORD-002919,2023-02-22,CUST-00307,PROD-0002,Home,Size Issue,1395.3602652049067,38.880396902984025,29,0,1.0
RET-004226,ORD-002655,2023-05-21,CUST-01811,PROD-0301,Clothing,Not as Described,480.3452530042627,32.393029193244615,1,0,2.0
RET-004227,ORD-009036,2023-03-10,CUST-00626,PROD-0399,Clothing,Not as Described,1628.6776990219591,53.69213472755345,15,1,2.0
RET-004228,ORD-006160,2023-04-21,CUST-01129,PROD-0331,Home,Wrong Item,1460.6423676386007,10.4469901088455,4,0,4.0
RET-004229,ORD-001294,2024-03-10,CUST-01742,,Home,Not as Described,468.3169195888682,39.12499008113788,28,0,2.0
RET-004230,ORD-000134,2023-07-02,CUST-00598,PROD-0449,Beauty,Size Issue,78.72286486987504,49.53817908258753,10,0,1.0
RET-004231,ORD-006959,2023-04-11,CUST-00689,PROD-0188,Home,Not as Described,41.80822068278536,53.75828655947244,28,1,2.0
RET-004232,ORD-008679,2022-09-29,CUST-00960,PROD-0076,Beauty,Size Issue,1317.7855345160028,78.2145906628352,21,1,2.0
RET-004233,ORD-001532,2022-08-23,CUST-00111,PROD-0427,Beauty,Not as Described,1577.7758136407128,57.75961452737148,2,0,5.0
RET-004234,ORD-006773,2022-07-28,CUST-01231,PROD-0371,Electronics,Size Issue,672.8558030081452,51.060828478726364,3,0,5.0
RET-004235,ORD-004575,2024-04-02,CUST-00039,PROD-0320,Home,Not as Described,1163.431542061438,68.60452084868297,7,1,4.0
RET-004236,ORD-006913,2024-02-25,CUST-00157,PROD-0317,Electronics,Defective,868.4600871068232,16.896946183886396,27,0,5.0
RET-004237,ORD-000685,2023-04-18,CUST-01117,PROD-0236,Home,Changed Mind,475.8579952193571,74.46939335881521,11,0,1.0
RET-004238,ORD-001051,2024-02-09,CUST-01633,PROD-0105,Electronics,Changed Mind,1260.1286314227,93.08714326119247,1,0,3.0
RET-004239,ORD-009179,2023-08-30,CUST-01580,,Clothing,Changed Mind,1586.9896990443676,59.100249090292046,0,1,1.0
RET-004240,ORD-001573,2023-07-25,CUST-01133,PROD-0452,Clothing,Defective,56.45026577466926,1.1976872457803434,2,0,2.0
RET-004241,ORD-004088,2022-11-12,CUST-01294,PROD-0186,Electronics,Defective,963.3940986131918,92.99817576925314,18,0,5.0
RET-004242,ORD-002457,2024-03-30,CUST-00813,PROD-0194,Clothing,Wrong Item,818.6821908151735,68.1513338003523,8,0,4.0
RET-004243,ORD-002133,2023-01-21,CUST-01060,PROD-0126,Beauty,Changed Mind,1145.2874671846362,92.8103871389734,4,1,1.0
RET-004244,ORD-005310,2023-07-22,CUST-01481,PROD-0194,Home,Defective,1567.340613307682,90.65429894644487,0,0,3.0
RET-004245,ORD-005869,2023-05-23,CUST-01423,PROD-0479,Home,Wrong Item,183.78175882613536,97.16304911566799,1,0,4.0
RET-004246,ORD-005848,2022-06-11,CUST-01708,PROD-0196,Electronics,Changed Mind,681.8085227676678,47.74711631729356,20,1,5.0
RET-004247,ORD-008088,2022-08-27,CUST-01850,,Clothing,Changed Mind,455.76677357479815,57.934393525938454,16,0,4.0
RET-004248,ORD-001094,2023-10-10,CUST-01303,PROD-0494,Beauty,Not as Described,1163.9569604997657,51.17535718454569,27,0,4.0
RET-004249,ORD-009861,2024-02-17,CUST-01779,PROD-0326,Home,Wrong Item,653.7764553182999,51.06051490921788,16,0,5.0
RET-004250,ORD-005235,2022-12-21,CUST-01639,PROD-0327,Home,Changed Mind,246.81826998437106,81.72277393609811,27,0,3.0
RET-004251,ORD-007396,2023-11-09,CUST-00058,PROD-0428,Home,Not as Described,1176.7696314150764,65.03883408496482,14,0,
RET-004252,ORD-004992,2022-10-02,CUST-01079,PROD-0307,Beauty,Wrong Item,1771.8301174809426,33.08819061969531,22,0,
RET-004253,ORD-004372,2022-09-13,CUST-00111,PROD-0025,Home,Size Issue,534.6998121813904,33.00021923527686,0,1,5.0
RET-004254,ORD-006554,2023-01-25,CUST-01686,PROD-0316,Electronics,Size Issue,1054.3552408594069,8.750279091668766,2,0,5.0
RET-004255,ORD-007290,2023-04-05,CUST-01832,PROD-0186,Home,Wrong Item,38.2999496325155,17.370582628682108,26,0,5.0
RET-004256,ORD-007115,2023-07-24,CUST-01424,PROD-0029,Clothing,Changed Mind,125.03638689977475,37.68003278742087,29,1,1.0
RET-004257,ORD-007769,2023-11-03,CUST-00097,PROD-0429,Home,Size Issue,1459.7194740671023,24.213884150363718,8,0,1.0
RET-004258,ORD-007830,2024-02-07,CUST-01097,PROD-0244,Home,Not as Described,1831.6486357249948,68.44816193499061,20,0,1.0
RET-004259,ORD-000777,2023-07-20,CUST-01544,PROD-0466,Beauty,Defective,35.107721562285974,14.094732129016684,14,1,2.0
RET-004260,ORD-005776,2022-06-30,CUST-01680,PROD-0143,Clothing,Wrong Item,1217.3314013365784,15.187535003322438,5,0,3.0
RET-004261,ORD-005739,2023-03-12,CUST-00232,PROD-0293,Clothing,Wrong Item,76.71941570125779,24.744442788695707,24,0,2.0
RET-004262,ORD-003433,2022-11-14,CUST-01343,PROD-0491,Electronics,Size Issue,718.3737845144199,26.615350045218488,23,0,5.0
RET-004263,ORD-005037,2022-10-10,CUST-01303,PROD-0173,Electronics,Wrong Item,564.4793090768522,90.78588806857587,4,1,3.0
RET-004264,ORD-005832,2022-08-28,CUST-01642,PROD-0407,Clothing,Defective,1660.2393751772468,18.422134820004143,14,0,2.0
RET-004265,ORD-007633,2023-07-02,CUST-00295,PROD-0402,Electronics,Wrong Item,1470.1899134380003,85.27702033033638,21,0,4.0
RET-004266,ORD-008632,2022-07-17,CUST-01202,PROD-0485,Clothing,Size Issue,1132.721572069824,87.72213162566698,5,1,4.0
RET-004267,ORD-000799,,CUST-01970,PROD-0082,Clothing,Size Issue,1948.611119567093,6.30755059635556,18,0,2.0
RET-004268,ORD-008073,2023-01-06,CUST-00856,PROD-0262,Home,Size Issue,1412.8739522575395,43.76833958009877,17,0,2.0
RET-004269,ORD-004170,2023-12-03,CUST-00404,PROD-0357,Beauty,Wrong Item,1274.9954761015676,67.77646613868757,28,0,4.0
RET-004270,ORD-004713,,CUST-01368,PROD-0440,Beauty,Defective,495.1716369963612,75.4318089537139,28,0,1.0
RET-004271,ORD-007296,2023-04-24,CUST-01904,PROD-0343,Electronics,Size Issue,1255.875416061534,11.828867403173405,1,0,3.0
RET-004272,ORD-002925,2022-06-21,CUST-01882,PROD-0103,Clothing,Size Issue,1484.5473687221202,90.11466828857944,13,0,5.0
RET-004273,ORD-009986,2023-09-07,CUST-00278,PROD-0479,Electronics,Size Issue,683.2901138947248,11.45955954423571,21,0,4.0
RET-004274,ORD-003123,2023-07-24,CUST-00636,PROD-0355,Home,Changed Mind,1267.9416202544978,9.487974497299223,6,0,4.0
RET-004275,ORD-005476,2023-04-12,CUST-00241,PROD-0219,Home,Not as Described,1092.2007424463484,3.47440963742659,22,0,5.0
RET-004276,ORD-000616,2023-03-14,CUST-00554,PROD-0454,Clothing,Wrong Item,831.9195146228644,35.31959528963514,20,0,5.0
RET-004277,ORD-005694,2024-02-01,CUST-01194,PROD-0044,Electronics,Wrong Item,1464.1115375636132,44.16647112729647,17,0,1.0
RET-004278,ORD-008513,2023-06-04,CUST-00286,PROD-0334,Clothing,Wrong Item,1790.3801423262337,59.135446235711875,11,0,1.0
RET-004279,ORD-002376,2024-03-17,CUST-00305,PROD-0135,Home,Not as Described,1120.8468426524191,60.69525999850046,17,0,4.0
RET-004280,ORD-003030,2022-12-22,CUST-01141,PROD-0274,Home,Wrong Item,334.7911709524945,63.930152601243776,14,0,3.0
RET-004281,ORD-005734,2022-06-25,CUST-01509,PROD-0092,Clothing,Defective,260.46681857683734,9.10941837704068,9,0,3.0
RET-004282,ORD-002687,2022-08-08,CUST-00934,PROD-0089,Electronics,Wrong Item,1336.7499076518316,91.14493158933413,24,0,4.0
RET-004283,,2022-08-22,CUST-01005,PROD-0363,Clothing,Defective,1314.9421499536409,35.73643509583281,29,0,2.0
RET-004284,ORD-000381,2024-01-02,CUST-00966,PROD-0415,Home,Defective,1619.6106448552123,39.624307083086606,23,0,2.0
RET-004285,ORD-003853,2022-06-20,CUST-00264,PROD-0495,Clothing,Defective,1197.8688303450022,66.6595394879418,27,0,5.0
RET-004286,ORD-005409,2022-08-10,CUST-00648,PROD-0431,Electronics,Wrong Item,843.0807599874482,78.60378782830625,6,1,4.0
RET-004287,ORD-008623,2023-02-07,CUST-00263,PROD-0130,Electronics,Size Issue,1248.760555708752,43.55089957616456,4,0,5.0
RET-004288,ORD-002059,2022-07-13,CUST-00256,PROD-0002,Electronics,Not as Described,34.56884810106424,99.27314091077182,19,0,4.0
RET-004289,ORD-002267,2023-10-22,CUST-01458,PROD-0455,Clothing,Changed Mind,1090.784209463499,11.197567185860258,21,0,2.0
RET-004290,ORD-004919,,CUST-00659,PROD-0416,Beauty,Changed Mind,1515.2109247728838,5.755195299836835,1,0,5.0
RET-004291,ORD-007734,2022-11-06,CUST-00239,PROD-0025,Clothing,Defective,1455.7831421921378,59.719884966875995,18,1,4.0
RET-004292,ORD-008649,2022-08-01,CUST-00684,PROD-0278,Beauty,Not as Described,1348.3321943783549,27.246698736888252,29,0,3.0
RET-004293,ORD-003776,2024-04-27,CUST-00285,PROD-0341,Home,Not as Described,1656.6321300513932,31.293285500681513,16,1,
RET-004294,ORD-000486,2022-12-14,CUST-00020,PROD-0497,Electronics,Changed Mind,1239.0803707297573,92.96929137080934,25,1,3.0
RET-004295,ORD-004186,2022-08-21,CUST-00886,PROD-0141,Beauty,Defective,623.9136293727621,63.09506879918306,9,0,2.0
RET-004296,ORD-007523,2023-03-07,CUST-00465,PROD-0213,Electronics,Defective,1363.8465713348508,37.768845895724446,2,0,3.0
RET-004297,ORD-003284,2024-01-15,CUST-00078,PROD-0431,Clothing,Changed Mind,1990.0833232533446,10.49664508455319,15,1,2.0
RET-004298,ORD-005882,,CUST-00986,PROD-0303,Home,Wrong Item,792.7107607430688,24.022818253061594,21,0,5.0
RET-004299,ORD-003742,2023-09-30,CUST-00258,PROD-0271,Beauty,Size Issue,846.2752821641177,2.5608298338829605,9,0,3.0
RET-004300,ORD-004266,2022-09-23,CUST-01365,PROD-0266,Electronics,Size Issue,1089.3955021396325,82.74507917405877,16,0,5.0
RET-004301,,2023-07-28,CUST-00521,PROD-0110,Electronics,Changed Mind,1985.73867531013,73.54114507916492,29,1,3.0
RET-004302,ORD-005369,2023-05-06,CUST-00330,PROD-0361,Home,Changed Mind,1769.9444747761352,94.54241266452587,8,0,3.0
RET-004303,ORD-009436,,CUST-01307,PROD-0195,Clothing,Size Issue,1320.014945265716,63.43348053320841,7,0,1.0
RET-004304,ORD-008629,2023-04-01,CUST-01129,PROD-0328,Home,Wrong Item,273.85052410428693,2.8924956342966213,24,1,4.0
RET-004305,ORD-007092,2022-07-01,CUST-00954,PROD-0020,Clothing,Not as Described,215.51054712656557,7.695639494620021,18,1,4.0
RET-004306,ORD-005166,2023-10-01,CUST-00102,PROD-0344,Electronics,Changed Mind,1999.1007017249196,19.091330284818063,18,1,5.0
RET-004307,ORD-009837,2023-11-16,CUST-01493,PROD-0191,Beauty,Size Issue,76.97223856450056,56.313018057730915,11,1,4.0
RET-004308,ORD-002114,2024-04-07,CUST-01424,PROD-0345,Home,Wrong Item,1314.617299924274,53.08889366043673,0,1,5.0
RET-004309,ORD-001007,2024-01-07,CUST-01782,PROD-0331,Home,Size Issue,707.5009826643178,15.52907919611297,22,0,1.0
RET-004310,ORD-006995,2023-06-11,CUST-01013,PROD-0076,Beauty,Not as Described,46.26689723219449,97.69520909195509,9,1,4.0
RET-004311,ORD-005002,2022-09-17,CUST-00462,PROD-0234,Beauty,Defective,1253.0112642075064,56.065956088983114,3,0,5.0
RET-004312,ORD-004254,2024-02-10,CUST-00330,PROD-0398,Beauty,Size Issue,1370.5749555926686,95.8433118112266,12,0,3.0
RET-004313,ORD-001505,2023-06-07,CUST-01978,PROD-0097,Home,Size Issue,1632.4579449829268,92.49706384198569,9,0,
RET-004314,ORD-007832,2024-01-09,CUST-00265,PROD-0423,Home,Defective,1130.9972333691292,57.586161549629125,10,0,5.0
RET-004315,ORD-005715,2023-03-02,CUST-00979,PROD-0062,Clothing,Changed Mind,473.9201905654679,36.23660029636778,4,0,2.0
RET-004316,ORD-002767,2023-03-04,CUST-00332,PROD-0346,Clothing,Wrong Item,1597.3559177204618,11.901385713052859,12,0,5.0
RET-004317,ORD-006899,2024-01-04,CUST-00789,PROD-0458,Home,Not as Described,1490.2072752492134,83.35254398882435,4,0,5.0
RET-004318,ORD-003277,2023-11-16,CUST-01977,PROD-0082,Home,Not as Described,1647.2589211374948,58.535824525459304,1,0,4.0
RET-004319,ORD-009053,2022-10-17,CUST-01861,PROD-0463,Electronics,Wrong Item,1202.0358081558393,45.30458069183937,26,0,1.0
RET-004320,ORD-003445,2022-06-09,CUST-00990,PROD-0241,Electronics,Defective,1769.4169291271403,62.86933630054994,0,1,2.0
RET-004321,ORD-007979,2023-03-19,CUST-01718,PROD-0301,Beauty,Size Issue,530.9251455802158,73.07868301872058,24,0,2.0
RET-004322,ORD-007943,2022-10-25,CUST-01776,PROD-0081,Beauty,Changed Mind,1898.8584932339759,98.6458933739248,23,0,3.0
RET-004323,ORD-006970,2023-07-02,CUST-01949,PROD-0009,Electronics,Changed Mind,934.3092058083163,54.17868320155279,14,0,3.0
RET-004324,ORD-008371,2023-04-11,CUST-00717,PROD-0239,Clothing,Not as Described,229.4276390453116,44.06843612148476,19,0,4.0
RET-004325,ORD-001487,2022-11-15,CUST-01501,PROD-0250,Electronics,Not as Described,323.7935895915659,30.18781532006446,9,0,3.0
RET-004326,ORD-007776,2022-10-26,CUST-01775,PROD-0200,Beauty,Wrong Item,1162.1454292828616,87.58029672147882,6,0,2.0
RET-004327,ORD-002171,2023-04-11,CUST-01207,,Electronics,Not as Described,1687.0497373875871,78.31896637610991,28,0,5.0
RET-004328,ORD-009168,2022-12-05,CUST-00624,PROD-0268,Beauty,Wrong Item,487.288585941378,57.09894179917513,1,0,4.0
RET-004329,,2022-06-08,CUST-01210,PROD-0332,Home,Changed Mind,1570.2535183132716,16.613686528336313,14,0,5.0
RET-004330,,2023-08-10,CUST-00720,PROD-0219,Clothing,Not as Described,295.35194423135925,19.33944299424747,17,0,3.0
RET-004331,ORD-005010,2022-10-25,CUST-01012,PROD-0078,Beauty,Size Issue,1474.2917809671355,51.572816462419965,0,0,3.0
RET-004332,ORD-003911,2023-01-31,CUST-00266,PROD-0047,Home,Wrong Item,1472.2701329073407,51.69175454871866,5,0,3.0
RET-004333,ORD-003815,2023-12-25,CUST-00478,PROD-0473,Clothing,Size Issue,150.51790382264764,65.77443406608772,20,0,5.0
RET-004334,ORD-006690,2024-02-14,CUST-00163,PROD-0267,Electronics,Wrong Item,800.1132590671778,41.03804529197058,24,0,5.0
RET-004335,ORD-003106,2023-10-15,CUST-01713,PROD-0348,Clothing,Changed Mind,825.8995279064851,93.86856426225472,27,0,3.0
RET-004336,ORD-001278,2022-07-10,CUST-00763,PROD-0490,Home,Size Issue,1491.9339190186092,55.78521853008633,2,1,4.0
RET-004337,ORD-002367,2023-12-06,CUST-00051,PROD-0170,Electronics,Changed Mind,339.8260661111899,80.5473739597709,12,1,
RET-004338,ORD-007141,2024-04-17,CUST-01899,PROD-0219,Beauty,Wrong Item,67.47793250905703,17.851640984265217,9,0,3.0
RET-004339,ORD-002868,2023-09-14,CUST-01080,,Home,Changed Mind,1120.8005142273812,26.693040544337887,0,1,2.0
RET-004340,ORD-004044,2023-02-08,CUST-01783,PROD-0209,Beauty,Defective,641.2333135712831,44.32873071375833,19,1,2.0
RET-004341,ORD-007045,2022-08-04,CUST-00905,PROD-0424,Beauty,Wrong Item,529.9080254728793,97.96974383461567,21,0,5.0
RET-004342,ORD-005870,2023-09-13,CUST-00843,PROD-0480,Beauty,Not as Described,183.6521268317094,68.95546804226254,27,0,4.0
RET-004343,ORD-004933,2023-07-12,CUST-01290,PROD-0280,Clothing,Not as Described,520.3739168591085,5.078149590628089,8,0,3.0
RET-004344,ORD-003469,2023-02-18,CUST-01647,PROD-0395,Beauty,Size Issue,1533.8837229688297,92.40713010512083,0,0,2.0
RET-004345,ORD-001587,2023-02-26,CUST-01489,PROD-0487,Clothing,Changed Mind,1233.2246086266955,99.00163614002487,8,0,2.0
RET-004346,ORD-000011,2023-03-19,CUST-00876,PROD-0224,Home,Size Issue,1902.329581600856,20.05351762154657,10,0,1.0
RET-004347,ORD-006109,2022-08-11,CUST-01856,PROD-0234,Electronics,Defective,1503.3120112481986,89.44841995751196,15,0,2.0
RET-004348,ORD-000026,2024-02-19,CUST-01575,PROD-0033,Electronics,Size Issue,1399.6747830504473,68.25094844047402,13,0,3.0
RET-004349,ORD-007594,2022-10-31,CUST-01702,PROD-0082,Beauty,Wrong Item,934.6091677432137,80.20460688100773,13,0,2.0
RET-004350,ORD-009269,2023-08-17,CUST-01937,PROD-0429,Home,Defective,1318.608500821669,97.05194708446663,18,0,2.0
RET-004351,ORD-003192,2024-04-22,CUST-01333,PROD-0163,Home,Wrong Item,569.0942756944153,56.95659525729372,5,0,1.0
RET-004352,ORD-002653,2023-10-25,CUST-00154,PROD-0075,Home,Not as Described,1892.3814289204136,98.49714156921623,3,0,2.0
RET-004353,ORD-007768,2023-01-15,CUST-00152,PROD-0302,Beauty,Changed Mind,1061.105608137137,81.68416986558361,23,0,2.0
RET-004354,ORD-003935,2024-02-25,CUST-00508,PROD-0435,Electronics,Size Issue,1716.6756161219937,66.93746340242576,14,0,4.0
RET-004355,ORD-004966,2024-02-27,CUST-00743,PROD-0077,Clothing,Size Issue,288.6527549817181,99.44252737995183,9,0,3.0
RET-004356,ORD-009813,2023-06-13,CUST-00816,PROD-0134,Beauty,Changed Mind,1021.4303336609521,10.96958379238383,21,0,5.0
RET-004357,ORD-006967,2024-01-20,CUST-00619,PROD-0230,Clothing,Not as Described,410.295196630191,55.11533870877723,26,0,3.0
RET-004358,ORD-004516,2023-03-04,CUST-00001,PROD-0130,Beauty,Wrong Item,1704.9739354372387,81.13577646390044,3,0,4.0
RET-004359,ORD-006617,2023-12-17,CUST-01629,PROD-0132,Beauty,Size Issue,486.6137043117263,94.81224078208128,8,1,1.0
RET-004360,ORD-006658,2023-04-26,CUST-00788,PROD-0285,Home,Not as Described,847.2205998090108,54.93817512132865,2,0,4.0
RET-004361,ORD-003297,2023-10-07,CUST-00707,PROD-0308,Electronics,Size Issue,802.4606842502016,18.27479371951449,20,0,5.0
RET-004362,ORD-003882,2022-10-02,CUST-00833,PROD-0020,Clothing,Defective,1425.3585158996907,82.72202070626,7,0,2.0
RET-004363,ORD-000568,2024-03-23,CUST-00721,PROD-0197,Beauty,Defective,868.1366167060715,44.394948948466904,16,1,1.0
RET-004364,ORD-000088,2023-04-05,CUST-01776,PROD-0274,Clothing,Defective,1125.6867119960687,9.871805497310094,8,1,3.0
RET-004365,ORD-001254,2022-10-08,CUST-01233,PROD-0024,Electronics,Defective,1879.1524612445096,29.559256684725575,13,0,1.0
RET-004366,ORD-008008,2023-03-11,CUST-00630,PROD-0237,Electronics,Size Issue,1746.0031872172394,15.738128012476016,16,1,4.0
RET-004367,ORD-000657,2022-11-22,CUST-01372,,Home,Not as Described,1735.7038483597903,79.57437655923091,20,0,2.0
RET-004368,ORD-001546,2024-02-23,CUST-00739,PROD-0029,Electronics,Changed Mind,352.2232682202501,50.75928126249294,8,1,5.0
RET-004369,ORD-006608,2024-05-01,CUST-01480,PROD-0166,Beauty,Size Issue,816.155492434988,49.65202300780156,18,0,5.0
RET-004370,ORD-005848,2022-07-24,CUST-00625,PROD-0432,Home,Not as Described,577.8122319100913,69.03451290127353,8,0,2.0
RET-004371,ORD-007124,2024-02-22,CUST-01479,PROD-0197,Electronics,Changed Mind,666.0581038510335,49.524350056403755,7,0,1.0
RET-004372,ORD-003537,2022-09-14,CUST-00136,PROD-0062,Home,Wrong Item,547.1522382870289,95.21565998343858,27,0,2.0
RET-004373,ORD-005642,2024-01-05,CUST-01032,PROD-0396,Home,Defective,1499.208263121892,57.31522687343878,12,0,1.0
RET-004374,ORD-004563,2022-06-23,CUST-00547,PROD-0294,Clothing,Changed Mind,1600.2873827508158,27.734715800703015,25,0,2.0
RET-004375,ORD-004011,2022-08-20,CUST-01085,PROD-0342,Electronics,Defective,1931.1773162446045,51.50981582773873,10,0,5.0
RET-004376,ORD-007586,2024-04-22,CUST-00561,PROD-0253,Clothing,Not as Described,1147.1087303845934,92.41945360826819,15,1,5.0
RET-004377,ORD-000278,2022-10-04,CUST-00436,PROD-0122,Beauty,Size Issue,390.1248814377273,10.148437302679502,4,0,5.0
RET-004378,,2024-01-21,CUST-01757,PROD-0145,Electronics, Defective ,1537.141782796368,15.390351876275421,29,0,4.0
RET-004379,ORD-007169,2023-05-13,CUST-00106,PROD-0038,Home,Defective,1262.4591475729915,82.13471916832556,22,0,1.0
RET-004380,ORD-007372,2023-02-11,CUST-00231,PROD-0364,Home,Defective,650.1265129387792,12.385641856326568,3,0,1.0
RET-004381,ORD-001838,2022-06-30,CUST-00687,PROD-0231,Clothing,Not as Described,1223.3997354268427,7.771865899254948,11,0,3.0
RET-004382,ORD-008345,2024-01-24,CUST-01266,PROD-0223,Home,Size Issue,233.87582572248743,51.82237993397428,16,0,
RET-004383,ORD-002250,2023-08-21,CUST-01349,PROD-0273,Beauty,Size Issue,1014.5640221261444,94.96871007843704,12,1,2.0
RET-004384,ORD-008655,2022-08-23,CUST-00833,PROD-0123,Beauty,Not as Described,268.29930262646894,19.817644376679546,19,0,1.0
RET-004385,ORD-003259,2023-12-06,CUST-01873,PROD-0490,Beauty,Wrong Item,1407.6419085549821,81.86329879444972,7,0,2.0
RET-004386,ORD-007010,2023-03-26,CUST-01209,PROD-0462,Clothing,Changed Mind,1294.1240106300072,65.6030672672093,21,0,5.0
RET-004387,ORD-002837,2022-08-06,CUST-00599,PROD-0377,Electronics,Wrong Item,1440.7177310240072,54.57156348474462,1,0,5.0
RET-004388,,2023-01-05,CUST-00605,PROD-0199,Beauty,Size Issue,813.626604811416,92.37087193315604,8,0,2.0
RET-004389,ORD-003019,2023-07-01,CUST-01781,PROD-0180,Beauty,Defective,1466.1159769907993,42.9320463042261,1,1,3.0
RET-004390,ORD-000850,2022-06-16,CUST-00074,PROD-0234,Electronics,Not as Described,1517.4561309842425,46.32433961145935,5,0,1.0
RET-004391,ORD-007249,2022-09-17,CUST-01670,PROD-0225,Beauty,Size Issue,1280.8616699758886,98.13155509522576,22,0,2.0
RET-004392,ORD-003085,2023-09-11,CUST-01934,PROD-0023,Electronics,Defective,149.78101622240908,22.29339736280912,7,1,5.0
RET-004393,ORD-005107,2022-10-20,CUST-00613,PROD-0048,Clothing,Size Issue,626.8867364117065,71.87102981091047,0,0,3.0
RET-004394,ORD-007421,2023-09-21,CUST-01996,PROD-0476,Clothing,Size Issue,1418.7055332664545,48.81273614654417,29,0,3.0
RET-004395,ORD-004297,2022-10-04,CUST-01840,PROD-0249,Clothing,Not as Described,437.2784196720903,44.67339171244231,5,0,3.0
RET-004396,ORD-009423,2023-11-20,CUST-00835,PROD-0434,Home,Size Issue,351.6513676782663,28.139253421468947,28,0,2.0
RET-004397,ORD-000687,2022-10-03,CUST-01422,PROD-0099,Home,Wrong Item,325.2871065320284,5.89198756054452,23,0,1.0
RET-004398,ORD-003144,2023-07-30,CUST-00741,PROD-0186,Home,Defective,1422.7919203083331,18.61520736467267,25,0,1.0
RET-004399,ORD-000986,2023-11-12,CUST-00661,PROD-0201,Home,Size Issue,555.358583892259,39.54860609596032,15,0,3.0
RET-004400,ORD-005641,2022-08-29,CUST-00954,PROD-0300,Clothing,Size Issue,1127.4055055842077,76.73562216557247,1,0,3.0
RET-004401,ORD-003463,2022-07-25,CUST-00806,PROD-0104,Home,Not as Described,1246.1408924219513,74.93824119741706,19,1,2.0
RET-004402,ORD-007921,2022-10-02,CUST-00614,PROD-0184,Electronics,Size Issue,1792.2724190141566,11.908380369418058,27,0,1.0
RET-004403,ORD-001379,2022-12-21,CUST-01593,PROD-0060,Home,Defective,1064.412538372607,76.20529301534194,1,0,5.0
RET-004404,ORD-002850,2023-04-01,CUST-00769,PROD-0452,Beauty,Wrong Item,910.2867426472624,29.674666283481464,0,0,1.0
RET-004405,ORD-009932,2023-07-18,CUST-01836,PROD-0184,Beauty,Size Issue,1635.3562572652509,37.42972802945971,6,0,2.0
RET-004406,ORD-002488,2023-09-14,CUST-00254,PROD-0420,Home,Not as Described,1003.977308228088,6.614117298151278,12,0,3.0
RET-004407,ORD-009019,2023-08-02,CUST-01434,PROD-0293,Electronics,Size Issue,1371.5097701118373,38.79205924188284,9,0,1.0
RET-004408,ORD-006988,2024-02-19,CUST-00008,,Home,Not as Described,805.4311367699567,27.625353795860796,10,0,1.0
RET-004409,ORD-002442,2023-11-25,CUST-01101,PROD-0193,Beauty,Wrong Item,1165.9321820670455,35.05455396558863,1,0,4.0
RET-004410,ORD-000298,2022-08-09,CUST-01429,,Beauty,Not as Described,297.0293428023144,3.146827193733792,20,1,4.0
RET-004411,ORD-003825,2023-01-16,CUST-01154,PROD-0418,Home,Wrong Item,859.7979408298403,89.54519956125156,8,0,2.0
RET-004412,ORD-004267,2022-11-29,CUST-00201,PROD-0141,Home,Size Issue,1473.28493422124,84.28301855890271,13,1,3.0
RET-004413,ORD-007954,2023-03-17,CUST-01917,PROD-0448,Electronics,Not as Described,842.4025614929773,74.70094316549878,13,1,5.0
RET-004414,ORD-005515,2023-11-07,CUST-00098,PROD-0019,Beauty,Defective,933.3722247687792,85.08297535234477,12,0,3.0
RET-004415,ORD-008620,2024-04-14,CUST-00147,PROD-0185,Beauty,Not as Described,1270.7444230999413,52.54125347259715,4,0,1.0
RET-004416,ORD-003064,2023-07-01,CUST-00462,PROD-0142,Beauty,Wrong Item,466.6830496815572,95.70338733031409,22,0,5.0
RET-004417,ORD-003033,2024-02-06,CUST-00561,PROD-0272,Home,Changed Mind,808.488252736303,11.43653917479236,10,1,2.0
RET-004418,ORD-004137,2022-06-03,CUST-00218,PROD-0481,Home,Not as Described,420.3431823158798,53.27702245106008,19,0,4.0
RET-004419,ORD-006589,2023-01-19,CUST-01106,PROD-0196,Clothing,Size Issue,539.1140803271898,7.111061268222441,28,0,3.0
RET-004420,ORD-008140,2022-10-24,CUST-01499,PROD-0128,Electronics,Not as Described,1596.9485423611854,16.326283695238743,25,1,1.0
RET-004421,ORD-002654,2022-07-02,CUST-01011,PROD-0261,Beauty,Not as Described,1761.9964578304714,58.71397777447667,21,0,2.0
RET-004422,ORD-002079,2023-09-30,CUST-01108,PROD-0075,Beauty,Defective,1877.5034491452757,90.9790886475082,21,0,3.0
RET-004423,ORD-002819,2024-01-16,CUST-01505,PROD-0425,Electronics,Wrong Item,885.4778205950608,68.88691580132411,26,1,2.0
RET-004424,ORD-004336,2022-11-15,CUST-00197,PROD-0396,Electronics,Not as Described,1917.3568936412144,87.26803485816761,10,1,1.0
RET-004425,ORD-000723,2022-07-06,CUST-00674,PROD-0199,Home,Size Issue,1664.7819408418202,89.08212350955363,10,0,5.0
RET-004426,ORD-009935,2023-08-28,CUST-01060,PROD-0053,Beauty,Not as Described,1682.5678893236154,76.68070220315695,24,0,5.0
RET-004427,ORD-008959,2023-12-12,CUST-00307,PROD-0438,BEAUTY,Not as Described,506.8651647786432,8.951268055267192,1,0,2.0
RET-004428,ORD-008434,2024-01-09,CUST-00213,PROD-0308,Clothing,Size Issue,658.145297887453,55.85587966348336,15,0,3.0
RET-004429,ORD-002514,,CUST-00154,PROD-0217,Home,Defective,463.6611403001817,1.8905767008203567,8,0,1.0
RET-004430,ORD-008374,2022-09-10,CUST-01541,PROD-0426,Electronics,Changed Mind,609.0698486224223,65.1149534192296,15,1,3.0
RET-004431,ORD-006740,2022-07-07,CUST-01467,PROD-0021,Beauty,Size Issue,996.9596310390149,19.35914235372438,8,0,5.0
RET-004432,ORD-001629,2022-08-18,CUST-00780,PROD-0451,Beauty,Size Issue,1671.3852430090672,53.09248635213134,16,1,4.0
RET-004433,ORD-009471,2022-11-30,CUST-01360,PROD-0018,Clothing,Wrong Item,865.8369770003426,18.125295036056166,23,0,3.0
RET-004434,ORD-008350,2023-04-06,CUST-01576,PROD-0446,Clothing,Defective,1135.2248495511803,20.753246031151896,4,1,4.0
RET-004435,ORD-001277,2022-12-22,CUST-01259,PROD-0232,Clothing,Size Issue,526.7350329849944,53.09654702980272,6,0,1.0
RET-004436,ORD-001634,2024-02-05,CUST-01865,PROD-0079,Home,Not as Described,1887.6815045583865,34.45303430311482,12,0,3.0
RET-004437,ORD-006966,2024-03-01,CUST-01057,PROD-0071,Home,Defective,723.0280326991387,31.49117003017019,19,0,1.0
RET-004438,ORD-008407,2024-02-24,CUST-00022,PROD-0379,Clothing,Defective,522.3200852534113,88.06095384207266,11,0,5.0
RET-004439,ORD-008206,2024-01-14,CUST-01649,PROD-0133,Home,Size Issue,141.53561739615756,5.5730135426469545,29,0,2.0
RET-004440,ORD-001970,2024-04-22,CUST-00830,PROD-0334,Beauty,Size Issue,1595.9863232264095,91.3238956852179,4,1,1.0
RET-004441,ORD-001243,2022-06-28,CUST-01683,PROD-0258,Home,Changed Mind,758.2493043896721,74.41202169376868,12,0,4.0
RET-004442,ORD-000947,2022-08-04,CUST-01508,,Home,Size Issue,1707.2366047227251,6.534639617044524,0,1,5.0
RET-004443,ORD-006281,2023-08-03,CUST-01392,PROD-0061,Electronics,Changed Mind,109.56067607701588,60.28126048513096,27,0,3.0
RET-004444,,2022-12-19,CUST-00013,PROD-0405,Electronics,Wrong Item,442.7709592773149,94.11594237776949,7,0,2.0
RET-004445,,,CUST-01452,,Home,Wrong Item,1901.00163773863,27.918914827046027,25,0,4.0
RET-004446,ORD-008562,2023-10-08,CUST-01495,PROD-0438,Clothing,Not as Described,134.62803557984265,12.656644819860674,18,0,1.0
RET-004447,ORD-009327,2022-10-10,CUST-00280,PROD-0198,Electronics,Size Issue,1955.0130981641096,89.3972297162764,29,0,3.0
RET-004448,ORD-001753,2024-02-17,CUST-01731,PROD-0318,Home,Size Issue,1410.0447414941802,4.641913028531997,22,0,1.0
RET-004449,ORD-008757,2023-07-11,CUST-00194,PROD-0349,Clothing,Not as Described,1791.8376986959768,40.15861892805357,19,0,
RET-004450,ORD-001667,2022-06-29,CUST-01625,PROD-0088,Clothing,Changed Mind,912.7302149255366,87.82414368406987,21,1,3.0
RET-004451,ORD-002710,2023-01-18,CUST-01957,,Electronics,Changed Mind,658.6170779682653,8.091903804606925,4,0,2.0
RET-004452,ORD-003813,2022-10-14,CUST-01453,PROD-0154,Clothing,Size Issue,608.3058481871587,81.12738655473207,24,0,3.0
RET-004453,ORD-001497,2023-02-09,CUST-01689,PROD-0409,Beauty,Defective,1130.9808473642818,75.87570929064525,20,0,1.0
RET-004454,ORD-004984,2022-10-05,CUST-00831,PROD-0313,Beauty,Changed Mind,1832.476886136874,67.2789960853943,10,0,4.0
RET-004455,ORD-002853,2022-08-18,CUST-00075,PROD-0106,Beauty,Changed Mind,1095.7824534999672,67.66554890169039,16,1,4.0
RET-004456,ORD-003856,2023-07-05,CUST-01783,PROD-0466,Electronics,Size Issue,1944.4128803342317,98.53158320381428,0,0,4.0
RET-004457,ORD-004326,2023-03-23,CUST-00323,PROD-0425,Electronics,Size Issue,1058.7013010345397,90.79045279307341,2,0,3.0
RET-004458,ORD-000900,2022-07-29,CUST-00234,PROD-0403,Home,Changed Mind,1045.6866106750622,55.18559325024825,22,1,
RET-004459,ORD-004065,2023-10-20,CUST-00220,PROD-0357,Electronics,Changed Mind,1199.731952238105,22.938936677036846,18,0,3.0
RET-004460,ORD-001882,2022-12-05,CUST-00729,PROD-0051,Clothing,Size Issue,1427.3208017366276,31.00007182543444,20,0,3.0
RET-004461,ORD-006743,2023-08-21,CUST-00416,PROD-0453,Beauty,Not as Described,800.747755643489,81.15067673473716,19,1,3.0
RET-004462,ORD-008106,2023-03-10,CUST-00230,PROD-0298,Home,Changed Mind,438.82369108554724,83.736762518637,5,1,4.0
RET-004463,ORD-008072,2024-03-19,CUST-01521,PROD-0052,Clothing,Changed Mind,798.4997715448926,73.08973147250911,27,0,5.0
RET-004464,ORD-002130,2023-04-10,CUST-01331,PROD-0206,Beauty,Not as Described,1409.9712402785285,77.15652527762172,19,1,3.0
RET-004465,ORD-002502,2022-12-14,CUST-00452,PROD-0196,Electronics,Size Issue,948.6447628222147,35.658486376680884,1,1,4.0
RET-004466,ORD-007620,2023-11-10,CUST-01777,PROD-0259,Beauty,Size Issue,246.64490765268795,6.917271004724612,22,0,4.0
RET-004467,ORD-002025,2022-10-29,CUST-00965,PROD-0489,Home,Not as Described,1821.5173497548406,11.769697301481141,24,0,2.0
RET-004468,ORD-003200,2022-09-08,CUST-01152,PROD-0362,Electronics,Changed Mind,1952.1716762540882,48.25612472521414,27,0,1.0
RET-004469,ORD-007367,2022-06-05,CUST-00248,PROD-0314,Electronics,Defective,1725.5564421295232,47.73732558306314,21,0,
RET-004470,ORD-000681,2023-06-20,CUST-01897,PROD-0404,Clothing,Changed Mind,148.63875613430451,37.65853757211571,11,0,1.0
RET-004471,ORD-003254,2023-04-20,CUST-00010,PROD-0340,Electronics,Wrong Item,1926.0790153269925,37.43017278280899,19,0,2.0
RET-004472,ORD-008250,2022-10-15,CUST-00418,PROD-0468,Beauty,Defective,168.95936741475296,6.9306015134588,12,0,
RET-004473,ORD-001033,,CUST-01993,PROD-0345,Electronics,Not as Described,1718.395147774859,78.15126320285931,8,0,5.0
RET-004474,,2023-09-18,CUST-00721,,Electronics,Size Issue,1372.8472451577773,9.766377319253527,8,1,1.0
RET-004475,ORD-008064,2022-06-28,CUST-01826,PROD-0293,Electronics,Wrong Item,751.190067565057,22.19586213210294,26,0,2.0
RET-004476,ORD-008160,2024-02-01,CUST-01929,PROD-0414,Clothing,Wrong Item,1585.1240595656784,29.771565499071993,22,0,2.0
RET-004477,ORD-005448,2023-06-02,CUST-01428,PROD-0467,Electronics,Changed Mind,617.9916987436824,77.78749146080027,27,0,5.0
RET-004478,ORD-004115,2022-09-06,CUST-00293,PROD-0474,Beauty,Not as Described,1500.940485149958,55.50557191862424,10,1,4.0
RET-004479,ORD-005835,2024-02-15,CUST-00250,PROD-0189,Clothing,Changed Mind,1567.5635844749918,54.289512064455295,26,0,2.0
RET-004480,ORD-000738,2022-08-13,CUST-00268,PROD-0184,Beauty,Size Issue,1299.4049753725858,40.809776200756055,4,0,3.0
RET-004481,ORD-006954,2022-08-12,CUST-01156,PROD-0053,Electronics,Changed Mind,1090.6784245431973,73.34623998994215,8,0,5.0
RET-004482,ORD-000719,2023-01-20,CUST-00106,,Beauty,Defective,1364.9256661414277,21.974612427513605,10,0,1.0
RET-004483,ORD-003027,2024-02-28,CUST-00420,PROD-0183,Home,Not as Described,1842.0995940127154,73.01610180902904,14,0,1.0
RET-004484,ORD-007037,2024-01-09,CUST-00425,PROD-0146,Clothing,Wrong Item,770.3704272668198,77.38089074286249,9,0,2.0
RET-004485,ORD-007014,2023-08-28,CUST-01000,PROD-0063,Home,Wrong Item,1938.5979504354514,63.35772667799171,1,0,5.0
RET-004486,ORD-008026,2023-04-18,CUST-01787,PROD-0456,Clothing,Defective,1047.9008477366172,37.98734349081106,1,0,4.0
RET-004487,ORD-000873,2022-11-15,CUST-01805,PROD-0384,Clothing,Not as Described,1760.308130718059,21.11692985560766,0,1,2.0
RET-004488,ORD-006225,2023-06-18,CUST-01199,PROD-0254,Home,Defective,1493.9131647355478,81.86131474077814,29,0,5.0
RET-004489,ORD-003286,2024-04-03,CUST-00891,PROD-0496,Beauty,Size Issue,694.3365114959269,68.18311069992606,9,0,3.0
RET-004490,ORD-005847,2023-10-30,CUST-00392,PROD-0421,Beauty,Changed Mind,1713.2740705556837,81.65253156559386,27,0,4.0
RET-004491,ORD-004832,2022-06-03,CUST-00883,PROD-0380,Electronics,Defective,1811.3303182511138,93.62852358471497,25,0,5.0
RET-004492,ORD-000569,2023-11-06,CUST-01600,PROD-0465,Clothing,Defective,270.8635601013982,59.818052228699834,26,0,1.0
RET-004493,ORD-003078,2023-08-19,CUST-00211,PROD-0497,Home,Changed Mind,1007.340290066647,25.578627245218055,1,1,2.0
RET-004494,ORD-007771,2023-12-30,CUST-01034,PROD-0297,Clothing,Changed Mind,159.09614046332743,5.647626576824782,10,1,3.0
RET-004495,ORD-009879,2023-01-01,CUST-01302,PROD-0245,Beauty,Size Issue,1379.6408474782993,54.07979928233723,18,1,1.0
RET-004496,ORD-005190,2022-06-23,CUST-01271,PROD-0372,Clothing,Changed Mind,677.1381301138148,24.08638641969676,23,1,5.0
RET-004497,ORD-003287,2023-09-06,CUST-01542,PROD-0129,Clothing,Changed Mind,967.0027834387191,16.169303081458743,7,1,1.0
RET-004498,ORD-007532,2022-11-24,CUST-01375,PROD-0082,Beauty,Wrong Item,1050.3275699916946,39.75975177783242,29,0,4.0
RET-004499,ORD-007547,2023-12-04,CUST-00623,PROD-0016,Clothing,Not as Described,1534.1842353402253,98.67518251197852,21,0,4.0
RET-004500,ORD-003123,2023-08-21,CUST-01741,PROD-0153,Electronics,Wrong Item,776.6080977146464,70.69713554030501,23,0,1.0
RET-004501,ORD-003740,2023-03-08,CUST-01808,PROD-0064,Home,Changed Mind,556.9726801455782,33.72197226319259,14,0,2.0
RET-004502,ORD-000415,2022-07-18,CUST-00584,,Electronics,Wrong Item,875.9848701932577,23.197723060342025,12,0,1.0
RET-004503,ORD-003432,2023-03-31,CUST-00749,PROD-0258,Clothing,Wrong Item,413.45975087120945,92.87549281919479,11,0,5.0
RET-004504,ORD-009744,2023-07-18,CUST-00695,PROD-0465,Clothing,Wrong Item,1713.6926563762993,98.08034834277015,3,0,5.0
RET-004505,ORD-009543,2023-09-18,CUST-00809,PROD-0103,Electronics,Wrong Item,85.78981948259485,40.62338603767327,10,0,2.0
RET-004506,ORD-002437,2024-04-13,CUST-01935,PROD-0499,Clothing,Defective,1946.3693394826441,6.214811048911928,15,0,2.0
RET-004507,ORD-001362,2022-07-20,CUST-01434,PROD-0296,Beauty,Defective,1259.6469072124942,47.0771020672616,21,1,2.0
RET-004508,ORD-005735,2024-04-20,CUST-00922,PROD-0153,Beauty,Changed Mind,730.0558537032122,44.243334550309335,4,0,1.0
RET-004509,ORD-006890,2023-11-25,CUST-00119,PROD-0121,Beauty,Defective,73.60514277739145,35.86911636979444,27,0,3.0
RET-004510,ORD-006046,2022-06-30,CUST-01593,PROD-0006,Electronics,Size Issue,291.3486294827612,93.87101379117966,5,1,1.0
RET-004511,ORD-004954,,CUST-00283,PROD-0156,Clothing,Size Issue,275.28120059816763,68.64070178533338,12,0,3.0
RET-004512,ORD-001016,2023-11-09,CUST-01032,PROD-0395,Clothing,Defective,1181.0696235495034,43.45459299274115,27,0,1.0
RET-004513,ORD-005712,2023-07-04,CUST-01671,PROD-0414,Clothing,Wrong Item,615.3461891542771,96.69051227932644,1,0,1.0
RET-004514,ORD-001144,2022-07-28,CUST-01516,PROD-0399,Home,Wrong Item,1333.900770138238,95.77708327064762,11,0,1.0
RET-004515,ORD-007404,2022-10-23,CUST-01881,PROD-0497,Electronics,Defective,1415.3609491517357,66.02483970080822,28,0,5.0
RET-004516,ORD-000265,2022-09-29,CUST-00855,PROD-0087,Electronics,Size Issue,1568.955745677587,27.831923286028093,15,0,5.0
RET-004517,ORD-009548,2022-11-05,CUST-01235,PROD-0242,Home,Defective,1018.2496409954177,80.78065410735292,14,1,2.0
RET-004518,ORD-005871,2022-06-13,CUST-01686,PROD-0202,Beauty,Size Issue,307.58345049300146,18.939497580114594,25,0,3.0
RET-004519,ORD-007009,2022-11-08,CUST-01907,PROD-0475,Home,Size Issue,702.8748146702615,36.80332127740499,26,0,3.0
RET-004520,ORD-009227,2023-02-08,CUST-01363,PROD-0054,Electronics,Wrong Item,1593.2138700429448,64.03217051974268,13,0,1.0
RET-004521,ORD-003759,2023-01-14,CUST-01781,PROD-0100,Beauty,Wrong Item,1881.3304240088503,16.115773399880606,13,1,2.0
RET-004522,ORD-008502,2023-01-03,CUST-01090,PROD-0196,Beauty,Size Issue,650.6362088537322,84.80446594629223,6,1,
RET-004523,ORD-007462,2022-08-20,CUST-00591,PROD-0323,Electronics,Wrong Item,1085.394026330693,14.114467815903176,0,0,2.0
RET-004524,ORD-000370,2023-10-29,CUST-00151,PROD-0422,Beauty,Size Issue,121.68413731299461,77.55225562823152,19,0,2.0
RET-004525,ORD-008135,2022-10-08,CUST-01992,PROD-0439,Home,Wrong Item,1467.5886694490573,5.223051211095308,18,0,2.0
RET-004526,ORD-008641,2023-01-29,CUST-01900,,Clothing,Not as Described,733.7546476332492,67.1034683298149,24,0,5.0
RET-004527,ORD-006242,2022-06-03,CUST-00086,PROD-0121,Clothing,Defective,1616.3778788437407,42.02347630039418,17,0,2.0
RET-004528,ORD-006103,2024-03-09,CUST-01438,PROD-0448,Clothing,Not as Described,1832.4479207125096,21.711563574002536,19,0,5.0
RET-004529,ORD-005223,2024-01-28,CUST-01176,PROD-0030,Clothing,Not as Described,1984.2610364584448,25.75221859930149,27,0,5.0
RET-004530,ORD-003133,2023-09-12,CUST-01472,PROD-0210,Home,Size Issue,272.0703981401199,27.720335417787446,5,0,1.0
RET-004531,ORD-009512,2022-06-10,CUST-00473,PROD-0098,Home,Changed Mind,177.8649326219196,96.69682132090495,17,0,3.0
RET-004532,ORD-002013,2024-04-20,CUST-00819,,Electronics,Defective,1894.6924991246246,59.86500540415315,26,1,3.0
RET-004533,ORD-002920,2023-02-27,CUST-01687,PROD-0288,Home,Changed Mind,1473.221894301836,70.73428641900664,19,0,3.0
RET-004534,ORD-005396,2023-10-09,CUST-00824,PROD-0228,Clothing,Size Issue,1454.8103096660386,6.855108811252797,18,0,3.0
RET-004535,ORD-007418,2022-07-21,CUST-01979,PROD-0085,Electronics,Wrong Item,1340.892799763944,88.66720244246207,1,1,3.0
RET-004536,ORD-006028,2024-02-11,CUST-00471,PROD-0279,Beauty,Defective,284.7811732432482,36.57985082338657,1,1,3.0
RET-004537,ORD-005907,2022-07-30,CUST-01859,PROD-0275,Beauty,Changed Mind,319.3549639964482,22.138455694111126,29,0,1.0
RET-004538,ORD-005357,,CUST-00561,PROD-0259,Beauty,Wrong Item,342.6553720398161,48.04072765351257,5,0,4.0
RET-004539,ORD-001682,2022-10-04,CUST-00615,PROD-0381,Beauty,Changed Mind,1101.559261829017,59.53421864924113,15,0,1.0
RET-004540,ORD-008466,2022-06-25,CUST-01558,PROD-0435,Electronics,Size Issue,511.9009998487641,78.83070028722815,26,1,5.0
RET-004541,ORD-007792,2024-04-02,CUST-00236,PROD-0276,Electronics,Not as Described,608.7435895161035,16.54313733272209,15,0,3.0
RET-004542,ORD-006048,2024-04-16,CUST-01292,PROD-0004,Electronics,Size Issue,127.79813542021401,27.688601808657033,26,0,4.0
RET-004543,,2022-09-30,CUST-00381,PROD-0161,Clothing,Not as Described,1388.841779993417,13.276661834617654,22,1,3.0
RET-004544,ORD-006109,2022-10-10,CUST-01248,PROD-0183,Electronics,Wrong Item,23.325718497667644,75.61245204576691,4,0,2.0
RET-004545,ORD-000155,,CUST-01539,PROD-0005,Electronics,Wrong Item,1389.639042295255,28.929998348103947,5,0,1.0
RET-004546,ORD-005710,2024-03-25,CUST-00739,PROD-0284,Electronics,Changed Mind,1741.7411845828651,82.00200007442372,4,0,3.0
RET-004547,ORD-006426,2023-03-28,CUST-00616,PROD-0432,Beauty,Changed Mind,853.0582992070224,41.52403980410142,28,0,4.0
RET-004548,ORD-009994,2024-04-22,CUST-01250,PROD-0078,Home,Size Issue,1821.6300344418278,94.68835133070556,6,1,1.0
RET-004549,ORD-000734,2023-05-11,CUST-00504,PROD-0253,Clothing,Not as Described,1368.6339327874198,28.299224843326442,9,1,2.0
RET-004550,ORD-004807,2023-01-22,CUST-00188,PROD-0277,Electronics,Wrong Item,116.7973360817001,42.74087143195754,27,0,2.0
RET-004551,ORD-002034,2023-11-19,CUST-00976,PROD-0498,Electronics,Defective,1740.4914106574404,89.22667768285972,18,0,2.0
RET-004552,ORD-007622,2023-02-02,CUST-01147,PROD-0249,Home,Changed Mind,1386.7745112077905,72.00984454704732,20,1,3.0
RET-004553,ORD-008201,2023-04-22,CUST-00361,PROD-0352,Home,Size Issue,488.3384702443637,94.29900863009728,16,0,4.0
RET-004554,,2023-01-13,CUST-00127,PROD-0108,Beauty,Wrong Item,1198.031922660137,36.144074066041,18,0,2.0
RET-004555,ORD-007650,2023-07-10,CUST-00741,PROD-0007,Beauty,Size Issue,1153.1373167608083,32.36143557880165,20,1,2.0
RET-004556,ORD-006185,2024-01-11,CUST-00658,PROD-0075,Beauty,Size Issue,341.0473293016343,23.984030878028705,6,0,4.0
RET-004557,ORD-008488,2022-12-03,CUST-01199,PROD-0496,Clothing,Defective,1341.264154541867,69.29190291073165,19,0,3.0
RET-004558,ORD-001556,2023-05-28,CUST-01881,PROD-0491,Home,Wrong Item,590.2573189142249,83.61219865166241,27,0,5.0
RET-004559,ORD-005207,2023-05-02,CUST-01452,PROD-0164,Electronics,Not as Described,528.7709565874887,68.65389079045723,22,0,4.0
RET-004560,ORD-003532,2023-08-03,CUST-00313,PROD-0127,Clothing,Size Issue,988.7288315956789,85.3899481555121,21,0,4.0
RET-004561,ORD-008675,2022-12-12,CUST-00426,PROD-0252,Electronics,Changed Mind,875.7610279282186,90.50967300215437,3,0,3.0
RET-004562,ORD-002288,2023-12-06,CUST-00771,PROD-0291,Home,Wrong Item,794.9221296598371,60.13389045504326,25,0,5.0
RET-004563,ORD-006304,2023-10-30,CUST-00110,PROD-0406,Clothing,Changed Mind,1765.2870277837917,27.74509693111825,26,0,2.0
RET-004564,ORD-001441,2023-01-16,CUST-00806,PROD-0477,Electronics,Defective,1469.9063106857602,9.350610000909699,3,0,5.0
RET-004565,ORD-000395,2022-06-01,CUST-00922,PROD-0235,Clothing,Defective,1515.6545971483206,97.35257570007319,13,0,2.0
RET-004566,ORD-001452,2024-01-12,CUST-01741,PROD-0227,Beauty,Changed Mind,1208.2376770702892,72.92850298736658,5,0,4.0
RET-004567,ORD-002283,2023-06-22,CUST-01029,PROD-0123,Home,Wrong Item,1717.961554895388,7.7181735270179574,24,1,1.0
RET-004568,ORD-008597,2022-06-21,CUST-00335,PROD-0096,Home,Not as Described,1281.117373147181,6.653284523881875,1,0,1.0
RET-004569,ORD-009503,2022-06-01,CUST-00198,PROD-0171,Electronics,Not as Described,310.95628798499905,24.557936690436165,29,0,4.0
RET-004570,ORD-004252,2024-01-08,CUST-00736,PROD-0495,Home,Not as Described,1955.8418005773701,29.815098949743344,6,0,1.0
RET-004571,ORD-001227,2023-07-31,CUST-00477,PROD-0009,Electronics,Defective,309.9344229223605,72.19580963630018,29,0,4.0
RET-004572,ORD-009933,,CUST-00116,PROD-0032,Electronics,Size Issue,141.44091475793235,98.80459391131772,2,1,2.0
RET-004573,ORD-007820,2023-11-06,CUST-01645,PROD-0057,Electronics,Changed Mind,1577.296596995781,80.44398545909023,11,1,4.0
RET-004574,ORD-008119,2022-09-10,CUST-00110,PROD-0027,Clothing,Not as Described,1926.7933806398446,72.26199549753191,13,1,4.0
RET-004575,ORD-005366,2022-06-19,CUST-00888,PROD-0233,Electronics,Defective,419.8449789524084,3.733816830199732,12,1,4.0
RET-004576,ORD-000168,2022-06-09,CUST-01287,PROD-0304,Electronics,Wrong Item,1547.7795536773751,92.17527124106972,4,1,4.0
RET-004577,ORD-009040,2022-12-24,CUST-00916,PROD-0484,Clothing,Changed Mind,1561.0556427532065,66.92441277221903,12,1,2.0
RET-004578,ORD-004620,2024-03-16,CUST-01173,PROD-0334,Electronics,Size Issue,338.35646921365066,49.53871168469658,19,0,5.0
RET-004579,ORD-005018,2023-09-11,CUST-00320,PROD-0039,Clothing,Changed Mind,843.8627327305895,30.19042987438665,17,0,4.0
RET-004580,ORD-006072,2023-04-26,CUST-01769,PROD-0090,Beauty,Changed Mind,1680.6077684007823,47.221502631349665,15,0,5.0
RET-004581,ORD-001464,2023-01-05,CUST-00236,PROD-0320,Home,Size Issue,834.0200878970519,27.02021379087509,17,0,4.0
RET-004582,ORD-009506,2023-10-19,CUST-00440,PROD-0399,Clothing,Size Issue,1927.3818020050514,38.446676515294996,22,0,2.0
RET-004583,ORD-000581,2022-07-30,CUST-00208,PROD-0323,Clothing,Size Issue,336.17968057201176,44.46489439239498,16,0,2.0
RET-004584,ORD-004061,2023-10-17,CUST-01890,PROD-0240,Beauty,Size Issue,1387.0388361951602,20.493567157017935,9,0,1.0
RET-004585,ORD-005270,2024-01-20,CUST-00386,PROD-0137,Beauty,Defective,1559.3878234112308,99.2766635752979,28,0,2.0
RET-004586,ORD-003411,2022-12-05,CUST-01527,PROD-0488,Clothing,Wrong Item,1076.0600885559145,71.21478829247927,21,0,3.0
RET-004587,ORD-006839,2022-09-10,CUST-01581,PROD-0425,Home,Not as Described,465.3431631978271,78.83429924692112,23,0,5.0
RET-004588,ORD-008606,2022-08-31,CUST-01663,PROD-0425,Electronics,Not as Described,1787.144776626243,31.296762194595985,18,1,5.0
RET-004589,ORD-004259,2022-07-31,CUST-00835,PROD-0237,Home,Changed Mind,902.6870772854671,6.452238246430708,12,1,1.0
RET-004590,ORD-006227,2022-07-12,CUST-01253,PROD-0162,Home,Wrong Item,1272.8103704589385,64.3195667307116,19,0,4.0
RET-004591,ORD-009494,2023-03-21,CUST-00503,PROD-0045,Beauty,Changed Mind,1099.4598784098723,82.24444137014247,2,0,4.0
RET-004592,ORD-006559,,CUST-01443,PROD-0392,Beauty,Wrong Item,1576.4889856910347,39.5585725687449,17,0,1.0
RET-004593,ORD-003460,2024-01-16,CUST-00660,PROD-0429,Electronics,Defective,1538.9330435882962,10.668264518362536,20,1,5.0
RET-004594,ORD-002339,2023-07-10,CUST-00103,PROD-0306,Beauty,Not as Described,1464.500071865627,56.653148908584136,14,0,2.0
RET-004595,ORD-005630,2023-04-27,CUST-00366,PROD-0013,Electronics,Not as Described,633.6576469262868,66.9278843067298,4,0,3.0
RET-004596,,2023-09-08,CUST-00249,PROD-0207,Electronics,Wrong Item,1065.581301527855,49.679245640570144,0,0,1.0
RET-004597,ORD-007264,2022-11-05,CUST-01742,PROD-0165,Electronics,Size Issue,1661.980111322471,44.49915745923199,16,1,3.0
RET-004598,ORD-001020,2022-06-04,CUST-01537,PROD-0067,Clothing,Wrong Item,520.5213619866247,37.21604697510218,21,1,3.0
RET-004599,ORD-002425,2022-08-08,CUST-01992,PROD-0179,Electronics,Changed Mind,1995.0994847623267,40.3466660586406,11,0,3.0
RET-004600,ORD-000556,2024-01-19,CUST-00750,PROD-0377,Home,Wrong Item,651.9040475986753,26.44176690013743,8,0,5.0
RET-004601,ORD-001103,2023-01-03,CUST-01821,PROD-0246,Beauty,Wrong Item,1309.9069020984696,47.82262546212296,5,0,3.0
RET-004602,ORD-006298,2024-02-12,CUST-00538,PROD-0475,Electronics,Not as Described,1082.3282301196575,93.92744003967366,3,0,4.0
RET-004603,ORD-007833,2023-03-06,CUST-00568,PROD-0317,Electronics,Not as Described,839.7382396587532,18.595948443955844,14,1,5.0
RET-004604,ORD-008303,2024-04-14,CUST-01920,PROD-0266,Home,Wrong Item,1395.0929504693693,18.42607439466194,20,1,3.0
RET-004605,ORD-009792,2023-10-04,CUST-00883,PROD-0207,Electronics,Not as Described,1516.2623415792755,5.448165997168308,24,0,2.0
RET-004606,ORD-005093,2023-04-02,CUST-00026,PROD-0348,Clothing,Wrong Item,1749.310768170479,67.27760206464049,3,0,3.0
RET-004607,ORD-001087,2023-08-30,CUST-00427,PROD-0393,Electronics,Wrong Item,1374.3838355731727,38.236429777656944,4,0,3.0
RET-004608,ORD-006060,2024-02-23,CUST-00002,PROD-0303,Beauty,Changed Mind,27.798791059815574,82.0895575824484,20,0,5.0
RET-004609,ORD-005075,2023-05-30,CUST-01132,PROD-0408,Electronics,Defective,1384.7820750529977,65.0565979286191,14,0,4.0
RET-004610,ORD-007193,2024-01-09,CUST-00756,,Home,Changed Mind,1580.8521491826066,74.25567379752277,15,0,1.0
RET-004611,ORD-003797,2023-01-28,CUST-00380,PROD-0005,Electronics,Changed Mind,1712.9483665699793,33.08849647949991,25,0,4.0
RET-004612,ORD-003317,2023-11-10,CUST-00355,PROD-0358,Electronics,Wrong Item,1501.8688751313493,25.53767887137013,3,1,3.0
RET-004613,ORD-009875,2024-03-01,CUST-01045,PROD-0360,Clothing,Not as Described,483.0585367278738,81.55313383465092,5,1,3.0
RET-004614,ORD-000439,2024-04-07,CUST-00182,,Clothing,Not as Described,445.0711548736532,55.707234796786366,13,1,1.0
RET-004615,ORD-005679,,CUST-01825,PROD-0304,Electronics,Defective,1140.7454569389245,3.420823915934179,22,0,3.0
RET-004616,ORD-006704,2023-01-04,CUST-01464,PROD-0348,Electronics,Wrong Item,1711.9974301320608,45.277289007873456,21,0,2.0
RET-004617,ORD-001367,2023-12-13,CUST-00625,PROD-0026,Home,Defective,1937.8785545687936,78.44139426665262,9,0,2.0
RET-004618,ORD-000097,2022-07-12,CUST-00864,PROD-0238,Electronics,Size Issue,407.2978552321968,75.19600272508374,16,0,1.0
RET-004619,ORD-002604,,CUST-00756,PROD-0268,Electronics,Defective,1953.4468487989045,15.648916776847987,26,0,3.0
RET-004620,ORD-004273,2022-09-28,CUST-01715,PROD-0232,Electronics,Size Issue,1387.333033710192,8.69183936375788,20,0,2.0
RET-004621,ORD-002362,2023-07-03,CUST-01583,PROD-0116,Beauty,Not as Described,1244.6630598824436,58.69644610940503,18,0,5.0
RET-004622,ORD-003328,2023-01-01,CUST-00551,PROD-0259,Home,Size Issue,979.0498030834343,42.878237467093506,3,0,3.0
RET-004623,ORD-009026,2023-02-22,CUST-01057,PROD-0048,Clothing,Changed Mind,1669.1237029546678,57.678882208760044,0,0,2.0
RET-004624,ORD-007056,2023-12-26,CUST-00975,,Home,Size Issue,584.6917549207363,0.15872546990141068,28,0,1.0
RET-004625,ORD-008675,2023-09-18,CUST-00763,PROD-0115,Electronics,Wrong Item,1377.7401206049042,74.18211401871231,28,0,5.0
RET-004626,ORD-007404,2022-12-22,CUST-00332,PROD-0068,Clothing,Changed Mind,1222.1144793245624,8.30544587547063,22,0,3.0
RET-004627,ORD-002698,2024-04-03,CUST-00033,PROD-0388,Electronics,Size Issue,1952.9732627358835,85.81265643907109,13,1,4.0
RET-004628,ORD-004590,2024-01-12,CUST-00955,PROD-0414,Clothing,Size Issue,717.0092128649288,62.55388959472806,28,1,2.0
RET-004629,ORD-007956,2023-06-13,CUST-00366,PROD-0238,Clothing,Not as Described,1361.6905063682768,69.81690511235911,12,0,1.0
RET-004630,ORD-007873,2022-10-11,CUST-00979,PROD-0491,Beauty,Size Issue,823.7725013185291,0.2638479679206607,9,1,
RET-004631,ORD-006253,2024-01-20,CUST-00336,,Home,Size Issue,1888.365175368472,75.69133785687158,11,1,2.0
RET-004632,ORD-002189,2023-11-10,CUST-01310,PROD-0066,Electronics,Wrong Item,266.74089609905894,13.756670850910702,24,0,1.0
RET-004633,ORD-009117,2024-02-06,CUST-00247,PROD-0375,Clothing,Changed Mind,1830.0359252264705,4.85885692238428,15,0,5.0
RET-004634,ORD-007840,2022-08-01,CUST-01563,,Clothing,Size Issue,1454.2565219693556,41.112222237791876,1,0,4.0
RET-004635,ORD-003697,2023-03-09,CUST-01809,PROD-0117,Electronics,Defective,1346.3927130335974,42.0877878262303,18,0,5.0
RET-004636,ORD-003030,2022-10-22,CUST-00873,PROD-0082,Beauty,Not as Described,397.8641494621211,39.25414849884943,24,0,3.0
RET-004637,ORD-001826,2023-02-18,CUST-00037,PROD-0138,Beauty,Not as Described,1487.188955225421,63.58916016932318,1,1,1.0
RET-004638,ORD-007434,2023-08-08,CUST-01430,PROD-0439,Home,Not as Described,1706.6409228266557,45.065803306005336,21,0,5.0
RET-004639,ORD-003962,2023-12-28,CUST-00124,,Home,Changed Mind,209.51680936243687,72.90637069188686,26,0,3.0
RET-004640,ORD-000437,2022-10-06,CUST-01074,PROD-0401,Electronics,Changed Mind,956.0888847064125,42.06194434622967,20,0,2.0
RET-004641,ORD-002056,2023-06-17,CUST-01694,PROD-0327,Electronics,Not as Described,1065.6315900237018,77.03306913768817,13,0,4.0
RET-004642,ORD-009621,2023-02-03,CUST-00591,PROD-0351,Beauty,Wrong Item,1742.9763143941682,85.43637257024275,8,0,4.0
RET-004643,ORD-000337,2023-04-21,CUST-01688,PROD-0255,Home,Not as Described,390.4990642916352,99.098807651599,12,0,4.0
RET-004644,ORD-000841,2024-01-06,CUST-00590,PROD-0077,Electronics,Defective,1053.9318675885743,74.09573401081346,10,0,2.0
RET-004645,ORD-002064,2024-03-29,CUST-00079,PROD-0448,Electronics,Not as Described,761.8587790387049,58.85112144556093,15,0,2.0
RET-004646,ORD-003021,2022-09-07,CUST-00295,PROD-0369,Electronics,Size Issue,1726.3634881718367,77.3154052897802,22,0,2.0
RET-004647,ORD-009467,2023-09-18,CUST-01302,PROD-0442,Electronics,Size Issue,486.4313872906828,90.0833584706638,28,1,3.0
RET-004648,ORD-002956,2022-06-17,CUST-01323,PROD-0426,Clothing,Size Issue,942.1755486778187,97.16937925624369,15,0,5.0
RET-004649,ORD-004554,2022-06-14,CUST-01585,PROD-0421,Electronics,Size Issue,1046.4310490230578,91.07880277790518,26,0,4.0
RET-004650,ORD-009301,2024-02-29,CUST-01066,PROD-0223,Clothing,Size Issue,1722.7231349168414,43.283146092670655,17,0,3.0
RET-004651,ORD-006490,2023-11-11,CUST-01188,PROD-0433,Clothing,Size Issue,1704.2133447812234,30.540116180023634,29,1,5.0
RET-004652,ORD-004705,2023-11-02,CUST-00509,PROD-0248,Electronics,Size Issue,1001.526706058036,42.5164228315751,1,1,1.0
RET-004653,ORD-006306,2024-03-25,CUST-00125,PROD-0347,Clothing,Changed Mind,1905.6832458511121,10.012272250077924,15,1,3.0
RET-004654,ORD-005115,2023-03-22,CUST-01326,PROD-0375,Electronics,Defective,1536.2297904058605,94.75497119599083,29,1,1.0
RET-004655,ORD-009712,2024-01-08,CUST-00812,PROD-0340,Home,Defective,237.67386754990844,76.39334816980214,27,0,4.0
RET-004656,ORD-003342,2022-07-15,CUST-01005,PROD-0374,Electronics,Size Issue,1592.1709499758545,83.48248065996928,13,0,4.0
RET-004657,ORD-006554,2022-09-29,CUST-00910,PROD-0092,Electronics,Changed Mind,484.24535637073336,50.21656190698598,13,1,5.0
RET-004658,ORD-008632,2023-04-03,CUST-01502,PROD-0055,Home,Defective,438.12849896067297,37.4855021435174,19,0,2.0
RET-004659,ORD-005369,2023-05-14,CUST-01249,PROD-0044,Clothing,Wrong Item,123.83280868669496,60.450549971409174,19,0,3.0
RET-004660,ORD-008719,2022-06-13,CUST-00730,PROD-0261,Electronics,Not as Described,1450.54564891496,81.1942155400956,2,0,5.0
RET-004661,ORD-008048,2023-03-28,CUST-00650,PROD-0497,Clothing,Defective,1463.7953693123993,98.85697855729742,27,1,
RET-004662,ORD-001595,2022-07-28,CUST-01645,PROD-0086,Home,Changed Mind,1962.1213514672436,6.099363378653866,11,1,1.0
RET-004663,ORD-001580,2023-12-25,CUST-01624,PROD-0488,Beauty,Wrong Item,425.86426009955596,73.49821626821101,16,1,2.0
RET-004664,ORD-008684,2022-12-27,CUST-01672,PROD-0221,Home,Defective,1434.56040975058,41.24299250174295,13,1,4.0
RET-004665,ORD-007549,2023-04-20,CUST-01980,PROD-0267,Clothing,Wrong Item,1324.3321808248238,40.798519903096754,18,0,1.0
RET-004666,ORD-006454,2023-11-24,CUST-00022,PROD-0204,Electronics,Size Issue,87.26895051619016,35.65034694131896,27,0,4.0
RET-004667,ORD-008150,2022-11-09,CUST-01220,,Home,Not as Described,1591.1410111240825,0.7681371087717381,19,1,1.0
RET-004668,ORD-007551,2023-10-23,CUST-01684,PROD-0409,Electronics,Size Issue,322.8714337910964,54.51680941495811,11,0,4.0
RET-004669,ORD-009843,2023-04-13,CUST-01950,PROD-0084,Home,Defective,584.0857887034439,5.034196991109208,8,0,4.0
RET-004670,ORD-009285,2023-07-09,CUST-00203,PROD-0051,Clothing,Size Issue,714.2795739726564,10.056494315492614,10,0,5.0
RET-004671,ORD-008249,2022-07-07,CUST-00606,PROD-0171,Electronics,Defective,1526.5658349566922,37.27802198579187,2,0,1.0
RET-004672,ORD-005957,2023-03-05,CUST-00353,PROD-0090,Beauty,Changed Mind,1156.5552400016927,15.884205379606097,9,0,3.0
RET-004673,ORD-000689,2024-02-24,CUST-01763,PROD-0333,Home,Defective,1929.8249240612595,98.28093331141528,7,0,3.0
RET-004674,ORD-004247,2023-10-21,CUST-00066,,Home,Size Issue,832.8207517481416,91.79620804427749,14,0,1.0
RET-004675,ORD-000960,2023-11-28,CUST-01389,PROD-0112,Clothing,Not as Described,1028.87733603043,31.54862109122846,2,1,2.0
RET-004676,ORD-003102,2023-02-04,CUST-01955,PROD-0346,Electronics,Changed Mind,520.9628653316929,85.56145498081194,26,1,
RET-004677,ORD-009354,2023-05-27,CUST-01743,PROD-0201,Electronics,Not as Described,1826.3745119486987,19.831375468328915,11,1,5.0
RET-004678,ORD-002135,2022-12-14,CUST-01869,PROD-0272,Home,Wrong Item,306.43420040489804,77.67016252811723,19,0,1.0
RET-004679,ORD-006492,2023-05-23,CUST-01217,PROD-0389,Clothing,Wrong Item,1180.2913523459615,2.6744152453550107,17,0,4.0
RET-004680,ORD-001814,2023-11-09,CUST-00857,PROD-0404,Electronics,Not as Described,1266.6032515948946,80.76051598111226,8,0,5.0
RET-004681,,2022-08-02,CUST-01836,PROD-0369,Home,Changed Mind,347.4834296399427,30.457529460829036,17,0,5.0
RET-004682,ORD-002947,2024-04-02,CUST-01499,PROD-0143,Beauty,Defective,533.7852435944274,21.34765076776085,1,0,3.0
RET-004683,ORD-006201,2022-10-28,CUST-01397,PROD-0380,Clothing,Size Issue,1242.2138458783859,7.444306037540516,12,0,1.0
RET-004684,ORD-004688,2022-10-10,CUST-00744,PROD-0206,Home,Defective,559.8432871826593,54.79808171350463,13,1,5.0
RET-004685,ORD-008719,2022-07-05,CUST-01184,PROD-0023,Home,Defective,1733.8399664330982,21.95798012851928,4,0,5.0
RET-004686,ORD-005998,2023-08-29,CUST-01579,PROD-0082,Electronics,Not as Described,1153.347588037022,86.56960748401043,1,1,5.0
RET-004687,ORD-007350,2023-03-04,CUST-00741,PROD-0250,Electronics,Defective,350.163809291584,41.1875781046969,14,0,1.0
RET-004688,ORD-002785,2023-08-21,CUST-01963,PROD-0174,Beauty,Defective,378.451326290083,65.12049391640046,19,0,1.0
RET-004689,ORD-003977,2023-01-28,CUST-01124,PROD-0307,Home,Size Issue,537.144953911674,25.09043556002024,10,0,3.0
RET-004690,ORD-002872,2023-12-13,CUST-00114,PROD-0436,Home,Defective,1738.3777299236033,44.86750999175083,29,1,3.0
RET-004691,ORD-009904,2023-12-08,CUST-01371,PROD-0246,Electronics,Not as Described,1670.2171277219327,15.263266715507907,20,0,1.0
RET-004692,,2022-08-30,CUST-00515,PROD-0358,Clothing,Changed Mind,1451.7091852237936,3.843616477114775,27,0,3.0
RET-004693,ORD-005965,2023-10-23,CUST-00870,PROD-0486,Electronics,Defective,851.4976311194042,18.174655859292177,24,0,4.0
RET-004694,ORD-006021,2022-08-07,CUST-01335,PROD-0155,Beauty,Size Issue,1927.2440482695306,150.18301580970223,7,0,3.0
RET-004695,ORD-001143,2023-10-25,CUST-01010,PROD-0107,Beauty,Size Issue,1271.3126064680282,74.58785864987749,19,0,4.0
RET-004696,ORD-005925,2023-04-10,CUST-00457,PROD-0190,Beauty,Changed Mind,14.573551598786601,61.303552207318745,14,0,2.0
RET-004697,ORD-009316,2023-08-22,CUST-01565,PROD-0421,Clothing,Size Issue,1426.3178581034783,97.96930177620744,19,0,3.0
RET-004698,ORD-005519,2023-01-31,CUST-01665,PROD-0374,Clothing,Size Issue,1670.9898418356736,93.92867476881825,16,0,4.0
RET-004699,ORD-000697,2022-08-15,CUST-00023,PROD-0444,Electronics,Wrong Item,656.6224507142554,89.23552997009809,28,1,4.0
RET-004700,ORD-003736,,CUST-01381,PROD-0323,Clothing,Not as Described,247.02814029398198,42.49895932478665,24,0,3.0
RET-004701,ORD-002929,2023-03-06,CUST-01896,PROD-0398,Beauty,Changed Mind,1604.255560422511,89.94105574547994,4,0,4.0
RET-004702,ORD-006064,2023-10-20,CUST-00669,PROD-0195,Beauty,Not as Described,1167.9677989077084,27.332082387216683,13,0,3.0
RET-004703,ORD-009514,2023-01-15,CUST-00052,PROD-0181,Beauty,Not as Described,862.2522066246431,2.812364560521441,4,0,3.0
RET-004704,ORD-001302,2022-09-21,CUST-01209,PROD-0195,Electronics,Defective,411.483340879767,179.8718852681996,13,0,1.0
RET-004705,ORD-000268,2024-01-09,CUST-01580,PROD-0329,Clothing,Not as Described,1762.1087577988696,12.91094641300834,24,0,2.0
RET-004706,ORD-000268,2023-07-05,CUST-01116,PROD-0353,Home,Changed Mind,560.9601238096951,65.42075352347531,7,0,5.0
RET-004707,ORD-006752,2022-10-08,CUST-01113,PROD-0229,Clothing,Not as Described,1717.287678950888,71.91323418329478,13,0,2.0
RET-004708,ORD-008703,2022-10-28,CUST-00191,PROD-0436,Clothing,Size Issue,471.7638538489915,78.74248840959469,23,1,1.0
RET-004709,ORD-004382,2023-03-10,CUST-00726,PROD-0211,Home,Changed Mind,227.58405898932537,10.895852303224384,20,0,5.0
RET-004710,ORD-009037,2023-09-06,CUST-01927,PROD-0388,Home,Defective,36.86203061013239,88.04869387827745,13,0,3.0
RET-004711,ORD-003105,2023-02-08,CUST-01945,PROD-0493,Electronics,Defective,1788.988466801085,47.225225529033864,12,0,4.0
RET-004712,ORD-006100,2023-06-05,CUST-00255,PROD-0465,Clothing,Wrong Item,1266.360912526151,5.73812986264266,12,1,3.0
RET-004713,ORD-005216,2023-03-23,CUST-01196,PROD-0420,Beauty,Not as Described,331.25445701515565,48.22538322048984,17,0,2.0
RET-004714,ORD-006666,2023-11-27,CUST-00158,PROD-0176,Beauty,Changed Mind,1733.8357849057477,76.54764408680668,28,1,5.0
RET-004715,ORD-006539,2023-10-19,CUST-01553,PROD-0152,Electronics,Wrong Item,1490.497341191228,27.5366239371988,20,0,5.0
RET-004716,ORD-000182,2024-03-31,CUST-00975,PROD-0354,Beauty,Not as Described,41.57750340993667,5.134856895091177,14,1,4.0
RET-004717,ORD-002690,2023-02-11,CUST-00266,PROD-0135,Electronics,Size Issue,664.3278251338534,49.0800044806058,17,0,3.0
RET-004718,ORD-000535,2022-09-24,CUST-00086,,Electronics,Changed Mind,1716.387025270587,13.669234566438249,11,0,1.0
RET-004719,ORD-003331,2024-05-01,CUST-01682,PROD-0491,Beauty,Changed Mind,1823.1253113548062,3.3913957513533655,25,0,4.0
RET-004720,ORD-008786,2024-04-03,CUST-01716,PROD-0241,Home,Not as Described,1372.0286047870418,36.068834311127816,10,1,
RET-004721,ORD-007790,2022-12-06,CUST-01483,PROD-0422,Clothing,Size Issue,463.1737997685883,9.037079836006356,0,0,2.0
RET-004722,ORD-007707,,CUST-01702,PROD-0423,Electronics,Defective,1883.6496011656993,79.24354716158707,29,0,3.0
RET-004723,ORD-005226,2022-10-11,CUST-00541,PROD-0439,Beauty,Not as Described,1561.1911304722078,25.05737542654446,29,0,4.0
RET-004724,ORD-005282,2023-02-13,CUST-00468,PROD-0423,Beauty,Wrong Item,62.97199166757204,24.783956122648064,8,0,4.0
RET-004725,ORD-004138,2022-12-28,CUST-00701,PROD-0233,Beauty,Changed Mind,1106.3683240061932,1.9907172459815214,15,1,
RET-004726,ORD-002226,2024-02-24,CUST-00708,PROD-0399,Clothing,Not as Described,212.32273800916423,39.373856954670295,7,0,5.0
RET-004727,ORD-009593,,CUST-01208,PROD-0226,Beauty,Not as Described,168.19986555805903,8.726395030905653,28,0,1.0
RET-004728,ORD-004916,2023-02-23,CUST-01493,PROD-0358,Electronics,Wrong Item,1117.0299679520956,29.598110467634896,13,0,5.0
RET-004729,ORD-007199,2022-10-03,CUST-00050,PROD-0416,Clothing,Defective,742.4134399217885,84.98634342809393,22,1,2.0
RET-004730,ORD-004787,2024-01-25,CUST-00176,,Beauty,Changed Mind,44.89519563850278,67.60112346077463,11,0,3.0
RET-004731,ORD-002584,2022-12-01,CUST-01983,PROD-0161,Home,Changed Mind,1336.9525676732962,67.4032040264163,27,0,4.0
RET-004732,ORD-009211,2024-04-30,CUST-00164,PROD-0456,Clothing,Changed Mind,1261.3165293200925,59.178728428590745,26,1,5.0
RET-004733,,2023-01-03,CUST-00235,PROD-0124,Electronics,Wrong Item,827.508459359983,85.23730711507952,3,0,3.0
RET-004734,ORD-000867,2024-03-03,CUST-01454,PROD-0166,Beauty,Size Issue,1419.0093232175532,53.10428716166283,23,0,5.0
RET-004735,ORD-004617,2023-12-28,CUST-00029,PROD-0347,Home,Defective,256.5377382457299,25.489194812098525,4,0,5.0
RET-004736,ORD-008373,2024-02-18,CUST-00999,PROD-0079,Beauty,Not as Described,914.2963407326839,88.74793344400177,15,0,5.0
RET-004737,ORD-000002,2023-09-03,CUST-00089,PROD-0028,Clothing,Not as Described,994.6826268495116,33.99242598611922,23,1,3.0
RET-004738,ORD-002582,2023-08-02,CUST-01924,PROD-0043,Clothing,Wrong Item,1461.1194294888928,50.671477475432766,1,0,1.0
RET-004739,ORD-009316,2023-02-10,CUST-01402,PROD-0063,Beauty,Size Issue,1554.8882024190166,8.557747877931055,9,1,1.0
RET-004740,ORD-003215,2023-01-27,CUST-00564,PROD-0256,Home,Wrong Item,1852.4467736647325,83.09601689207713,4,0,3.0
RET-004741,ORD-005150,2023-09-13,CUST-00761,PROD-0009,Beauty,Not as Described,1279.4291751968265,88.0755735859547,24,1,1.0
RET-004742,ORD-005981,,CUST-01014,PROD-0135,Clothing,Changed Mind,1395.791285493255,12.146090691080868,10,0,5.0
RET-004743,ORD-009354,2023-08-27,CUST-00226,PROD-0090,Electronics,Defective,58.08100311057986,17.14130532869532,24,1,1.0
RET-004744,ORD-009372,2022-10-20,CUST-00221,PROD-0233,Beauty,Wrong Item,456.20528272393045,21.342039436724626,26,0,4.0
RET-004745,ORD-003849,2022-09-17,CUST-01031,PROD-0237,Clothing,Not as Described,1789.7972664855397,72.65427291054395,19,1,5.0
RET-004746,ORD-007790,2022-08-17,CUST-00870,PROD-0227,Home,Size Issue,1640.2026200818589,82.22049739913906,0,0,4.0
RET-004747,ORD-006736,2022-07-22,CUST-00266,PROD-0003,Clothing,Not as Described,1966.8472470364127,11.75030584928728,8,0,1.0
RET-004748,ORD-006167,2023-10-12,CUST-00716,PROD-0039,Home,Wrong Item,1124.1389879697128,34.24962277205219,2,0,3.0
RET-004749,ORD-000334,2022-10-01,CUST-01581,PROD-0016,Electronics,Changed Mind,1855.3212986299986,49.88296868945932,28,0,1.0
RET-004750,ORD-005453,2024-01-10,CUST-00227,PROD-0373,Clothing,Size Issue,722.5851319520009,28.468963138988524,1,1,3.0
RET-004751,,2023-09-10,CUST-00722,PROD-0262,Home,Not as Described,1875.8556753702978,67.28728510715767,15,1,2.0
RET-004752,ORD-008906,2023-01-23,CUST-00345,PROD-0267,Clothing,Wrong Item,1405.5449775296565,12.46978123570367,1,0,2.0
RET-004753,ORD-002099,2023-04-06,CUST-01438,PROD-0478,Beauty,Size Issue,367.30218354784836,44.47184164717848,2,0,2.0
RET-004754,ORD-008519,2023-06-11,CUST-01073,PROD-0191,Clothing,Wrong Item,1284.9813810995786,76.61483395871723,22,0,5.0
RET-004755,ORD-002523,2024-01-25,CUST-00582,PROD-0047,Home,Not as Described,462.61432538421997,75.90933650449772,3,0,
RET-004756,ORD-004522,2024-02-14,CUST-00937,PROD-0495,Home,Wrong Item,208.38994818382014,44.12818736574634,24,1,3.0
RET-004757,ORD-005002,2022-10-17,CUST-00776,PROD-0249,Beauty,Defective,1633.264983909066,27.95222579520873,29,0,3.0
RET-004758,ORD-006309,2022-12-04,CUST-01834,PROD-0390,Home,Wrong Item,240.34476986579665,0.6458269397028982,28,0,1.0
RET-004759,ORD-007690,2022-10-16,CUST-00203,PROD-0410,Electronics,Changed Mind,484.4708991992833,42.437205422438076,14,0,5.0
RET-004760,ORD-006230,2022-08-09,CUST-00286,PROD-0014,Home,Not as Described,1913.0992755094906,84.72578293983885,23,1,3.0
RET-004761,,2022-08-18,CUST-01426,PROD-0193,Clothing,Wrong Item,687.4483427813209,15.452532679578667,11,1,4.0
RET-004762,ORD-007091,2022-11-13,CUST-01353,PROD-0134,Home,Changed Mind,1572.593731279111,76.67215037038554,0,0,4.0
RET-004763,ORD-003855,2023-12-01,CUST-01087,,Home,Not as Described,1568.838209452934,80.8233422684419,3,0,2.0
RET-004764,ORD-009172,2024-03-08,CUST-00584,PROD-0115,Clothing,Wrong Item,768.042600326819,0.022077077351301266,21,1,4.0
RET-004765,ORD-003034,2023-02-26,CUST-01479,PROD-0380,Beauty,Defective,1420.5975125155194,62.98305670188454,8,0,2.0
RET-004766,ORD-009106,2022-09-25,CUST-00234,PROD-0247,Clothing,Changed Mind,1686.862584657469,57.546483222279306,23,1,5.0
RET-004767,ORD-005575,2023-10-20,CUST-01049,PROD-0481,Home,Size Issue,1470.490653045239,57.20213781402242,8,0,2.0
RET-004768,ORD-006167,2023-06-08,CUST-00470,PROD-0146,Home,Changed Mind,550.3919373179178,92.12378656791239,10,1,5.0
RET-004769,ORD-007222,2023-07-24,CUST-00499,PROD-0280,Clothing,Changed Mind,1942.6766596328707,96.90762535990058,9,0,3.0
RET-004770,ORD-005423,2024-01-25,CUST-00687,PROD-0309,Clothing,Changed Mind,980.7817948635594,70.27222514910082,3,1,1.0
RET-004771,ORD-009512,2022-12-17,CUST-00670,PROD-0035,Clothing,Wrong Item,979.9835892070258,65.94369730340378,0,0,2.0
RET-004772,ORD-004471,2022-10-14,CUST-01765,PROD-0034,Home,Size Issue,163.31370732465362,41.88868021544515,28,0,5.0
RET-004773,ORD-006396,2022-09-12,CUST-00941,PROD-0077,Beauty,Size Issue,909.6594873270177,38.16759551502087,19,0,
RET-004774,ORD-007168,2023-03-22,CUST-00309,PROD-0259,Beauty,Changed Mind,1664.8241235193864,16.471751067456953,14,0,3.0
RET-004775,ORD-001566,2022-08-26,CUST-00717,PROD-0066,Home,Not as Described,607.6801761870672,77.52091622081072,25,1,4.0
RET-004776,ORD-004526,2022-08-06,CUST-00039,PROD-0124,Electronics,Not as Described,1757.2777457967861,84.95506438192807,9,0,4.0
RET-004777,ORD-004936,2022-08-05,CUST-00944,PROD-0303,Home,Size Issue,1650.6962728917151,35.76659088359978,27,1,3.0
RET-004778,ORD-000399,2023-01-19,CUST-01920,PROD-0450,Home,Not as Described,1507.4044750507003,97.52736093637317,16,0,2.0
RET-004779,ORD-009372,2023-04-07,CUST-01265,,Beauty,Not as Described,856.8077298229556,4.322365503261039,19,1,4.0
RET-004780,ORD-009351,2022-12-09,CUST-00677,PROD-0135,Electronics,Size Issue,616.3874143436564,9.98593951467026,15,1,2.0
RET-004781,ORD-007164,2022-10-25,CUST-01818,PROD-0139,Electronics,Size Issue,1325.3272989987836,4.462316589590632,1,0,4.0
RET-004782,ORD-008151,2022-08-02,CUST-01060,PROD-0049,Home,Size Issue,1245.7538675272158,41.28888165152303,24,0,3.0
RET-004783,ORD-001166,2024-01-13,CUST-00223,PROD-0302,Electronics,Size Issue,94.27337738259934,86.14256166644111,9,0,1.0
RET-004784,ORD-007765,2023-07-11,CUST-00475,,Electronics,Changed Mind,1395.056028745569,20.054735260577228,12,0,3.0
RET-004785,ORD-005939,2023-08-24,CUST-00856,PROD-0247,Home,Defective,201.78053407193087,59.16041803846964,10,0,3.0
RET-004786,ORD-006180,2022-09-24,CUST-01191,PROD-0230,Beauty,Changed Mind,1657.2448352371996,14.00896259890695,24,0,2.0
RET-004787,ORD-006240,2024-04-17,CUST-01020,PROD-0477,Electronics,Defective,1653.8424278394398,44.52567150150231,12,0,3.0
RET-004788,ORD-004237,2022-10-03,CUST-01683,PROD-0295,Beauty,Defective,1048.773310639456,33.63450542491374,27,1,4.0
RET-004789,ORD-008319,2024-04-21,CUST-01342,PROD-0410,Beauty,Size Issue,1558.3101964820291,21.829034094123134,26,0,2.0
RET-004790,ORD-009811,2023-07-12,CUST-01555,PROD-0258,Clothing,Not as Described,845.3706523063641,30.167145173595312,23,0,1.0
RET-004791,ORD-008934,2023-10-02,CUST-01974,PROD-0451,Electronics,Changed Mind,952.5889848601307,64.15774910038155,5,1,5.0
RET-004792,ORD-005528,2022-10-26,CUST-01741,PROD-0456,Electronics,Wrong Item,1807.2624566766215,2.617624745755609,23,1,2.0
RET-004793,ORD-006659,2023-04-14,CUST-01326,PROD-0440,Home,Size Issue,1533.6726830894036,68.73919653479253,28,1,1.0
RET-004794,ORD-002565,,CUST-01183,PROD-0207,Beauty,Wrong Item,253.43534068736022,78.8924279953687,20,0,4.0
RET-004795,ORD-005534,2023-02-11,CUST-01670,PROD-0345,Home,Defective,773.6978722983027,64.18146110465393,11,1,5.0
RET-004796,ORD-001908,2024-01-20,CUST-00745,PROD-0246,Home,Not as Described,1399.4019360477664,16.558676745870272,26,0,5.0
RET-004797,,2024-01-21,CUST-01840,PROD-0153,Electronics,Not as Described,593.3908985908057,32.762115454388166,6,1,4.0
RET-004798,,2024-04-04,CUST-01745,PROD-0002,Clothing,Wrong Item,1927.4166809615772,81.43573479881697,13,1,3.0
RET-004799,ORD-007353,,CUST-01452,PROD-0171,Home,Wrong Item,94.68202902940693,3.352545804538276,19,0,4.0
RET-004800,ORD-001383,2023-12-10,CUST-01633,PROD-0462,Electronics,Size Issue,884.9404054861903,56.9557650740121,10,1,5.0
RET-004801,ORD-003112,2023-03-07,CUST-00940,PROD-0481,Beauty,Not as Described,350.163884770504,51.272242584514494,14,0,2.0
RET-004802,ORD-004759,2023-06-26,CUST-00728,PROD-0160,Electronics,Size Issue,28.217157237398062,63.35416449256014,4,0,5.0
RET-004803,ORD-000609,2023-08-25,CUST-01163,PROD-0304,Clothing,Defective,759.6544711418669,76.69484070039249,18,0,5.0
RET-004804,ORD-005964,2024-04-28,CUST-01078,PROD-0085,Electronics,Changed Mind,769.8077756059702,71.89035404249766,19,1,2.0
RET-004805,ORD-008253,2024-01-26,CUST-00212,PROD-0423,Home,Changed Mind,1923.3041892083106,65.20667761482335,1,0,2.0
RET-004806,ORD-004255,2022-07-20,CUST-00008,PROD-0490,Clothing,Not as Described,821.6460595819891,5.329172850373299,10,1,1.0
RET-004807,ORD-000420,2023-11-22,CUST-01225,PROD-0027,Clothing,Wrong Item,1518.0262810283882,82.84802347541755,15,0,3.0
RET-004808,ORD-008572,2024-03-19,CUST-00183,PROD-0066,Electronics,Size Issue,1286.614736169488,62.10914675330875,12,0,5.0
RET-004809,ORD-002395,2022-11-19,CUST-01160,PROD-0366,Home,Changed Mind,1170.555358712795,24.768655841680186,10,0,2.0
RET-004810,ORD-003153,2023-04-11,CUST-01735,PROD-0229,Electronics,Not as Described,837.1803404889913,24.78773476908145,17,0,4.0
RET-004811,ORD-003663,2022-11-27,CUST-01439,PROD-0390,Electronics,Size Issue,1201.3399842175468,26.49163439504002,0,0,5.0
RET-004812,ORD-007780,2023-06-26,CUST-01273,PROD-0273,Electronics,Size Issue,823.1015868163888,47.23134717495343,16,1,2.0
RET-004813,ORD-008831,2022-12-04,CUST-01942,PROD-0196,Home,Not as Described,1817.336342474591,5.146281297431976,1,0,1.0
RET-004814,ORD-004309,2023-03-18,CUST-00008,PROD-0424,Electronics,Changed Mind,1971.7473783329058,96.31764906567673,4,1,5.0
RET-004815,ORD-001152,2023-06-06,CUST-00312,PROD-0301,Electronics,Not as Described,926.0482709157255,63.19726013912484,21,1,2.0
RET-004816,ORD-004383,2024-01-26,CUST-00473,PROD-0086,Clothing,Size Issue,1948.2160232828412,84.74305840240194,17,0,3.0
RET-004817,ORD-000496,2023-07-08,CUST-01192,,Electronics,Defective,214.7830293628129,27.86689933456188,14,1,1.0
RET-004818,ORD-000602,2022-09-18,CUST-01859,PROD-0333,Clothing,Defective,179.82147783689618,94.30121136829374,28,0,4.0
RET-004819,ORD-000289,2023-07-29,CUST-01686,PROD-0258,Electronics,Defective,1623.2134048837986,15.113592389356501,21,0,1.0
RET-004820,ORD-001716,2022-08-20,CUST-00572,PROD-0101,Home,Defective,1946.5877793499767,46.17782071459454,28,0,5.0
RET-004821,ORD-008432,2023-05-04,CUST-00452,PROD-0127,Home,Not as Described,137.0325425468223,86.38069858386636,3,0,5.0
RET-004822,ORD-001189,2023-03-15,CUST-00867,PROD-0241,Clothing,Defective,1489.0114788842202,157.57416863397157,15,1,1.0
RET-004823,ORD-004827,2022-06-11,CUST-00971,PROD-0311,Clothing,Changed Mind,20.275784867342324,47.8031990452091,16,0,1.0
RET-004824,ORD-001699,2023-05-22,CUST-01363,PROD-0115,Electronics,Size Issue,820.8234020824373,94.18426748236944,11,0,1.0
RET-004825,ORD-004953,2022-06-14,CUST-01516,PROD-0293,Home,Not as Described,1519.2224986613694,94.97332587983529,22,1,4.0
RET-004826,ORD-009955,2024-02-21,CUST-00465,PROD-0291,Electronics,Wrong Item,1301.4244165391042,12.154116791684045,29,1,4.0
RET-004827,ORD-008057,2022-08-11,CUST-00998,PROD-0444,Clothing,Defective,1335.0562481909535,17.09548218068897,2,0,4.0
RET-004828,ORD-003097,2024-02-20,CUST-00480,PROD-0259,Electronics,Changed Mind,349.748341685638,59.519201659145224,21,0,2.0
RET-004829,ORD-008131,2023-09-05,CUST-00559,PROD-0330,Clothing,Changed Mind,380.8553633381796,29.500479233318867,27,0,1.0
RET-004830,ORD-004987,2023-05-08,CUST-01386,PROD-0002,Home,Wrong Item,333.22971896296576,4.45137670160377,7,1,2.0
RET-004831,ORD-009830,,CUST-01684,PROD-0144,Home,Defective,510.76280452730845,23.475875497614908,14,0,2.0
RET-004832,ORD-005470,2023-05-01,CUST-01536,PROD-0068,Clothing,Changed Mind,513.0354408770368,4.633294273301846,27,0,2.0
RET-004833,ORD-005586,2022-06-27,CUST-00565,PROD-0020,Electronics,Defective,561.9068086501155,28.7269559769755,4,0,3.0
RET-004834,ORD-003735,2022-11-03,CUST-01586,PROD-0288,Clothing,Changed Mind,1240.9914504186597,63.24738839351709,19,0,1.0
RET-004835,ORD-002127,2022-12-24,CUST-01781,PROD-0455,Clothing,Wrong Item,1099.2003595105868,20.544135733012226,26,0,3.0
RET-004836,ORD-001417,2022-06-07,CUST-01101,PROD-0166,Beauty,Changed Mind,834.25759323647,43.56683097822196,17,0,5.0
RET-004837,ORD-001528,2023-03-17,CUST-00316,PROD-0097,Electronics,Wrong Item,1784.4170844870584,5.484037694979738,14,0,2.0
RET-004838,ORD-004369,2024-03-05,CUST-00108,PROD-0023,Beauty,Not as Described,1585.2357185092733,97.4717464276566,20,0,1.0
RET-004839,ORD-001980,2023-11-01,CUST-00052,PROD-0014,Clothing,Changed Mind,541.6352739766768,35.88225216353269,15,0,5.0
RET-004840,ORD-000291,2023-04-28,CUST-00096,PROD-0481,Electronics,Defective,1714.1145658191156,25.27231991584744,18,0,2.0
RET-004841,ORD-001506,2022-06-14,CUST-00026,PROD-0318,Home,Size Issue,1911.4832511760767,2.236904614397772,17,0,4.0
RET-004842,ORD-004149,2022-06-11,CUST-00898,PROD-0003,Home,Wrong Item,404.3134564918075,11.594010918194087,25,0,1.0
RET-004843,,2023-11-10,CUST-00367,PROD-0056,Electronics,Defective,413.6156484250041,72.4762047254875,6,0,2.0
RET-004844,ORD-000197,2023-10-07,CUST-00345,PROD-0375,Electronics,Size Issue,1449.8816550733466,6.63959548575116,1,0,3.0
RET-004845,ORD-002984,2022-06-03,CUST-00325,PROD-0117,Home,Not as Described,1419.7407190909946,58.876630388464555,14,0,2.0
RET-004846,ORD-006058,2023-01-01,CUST-00221,PROD-0270,Clothing,Defective,1106.368144809868,94.66721563977083,6,0,1.0
RET-004847,ORD-001903,2023-02-27,CUST-00937,PROD-0103,Home,Defective,1935.724220203282,7.611949892915892,20,0,1.0
RET-004848,ORD-006973,2024-02-17,CUST-01407,PROD-0401,Electronics,Changed Mind,1678.9458500367346,65.5730618065269,2,0,5.0
RET-004849,ORD-000662,,CUST-00602,PROD-0239,Home,Changed Mind,664.086256199898,33.634884156755895,1,0,4.0
RET-004850,ORD-006984,2023-08-02,CUST-00038,PROD-0348,Home,Not as Described,280.52840146921665,99.7471726388001,17,1,5.0
RET-004851,ORD-000224,2022-06-23,CUST-00174,PROD-0301,Clothing,Wrong Item,1568.457688661204,28.70968621696014,20,0,1.0
RET-004852,ORD-001317,2023-06-14,CUST-00451,PROD-0209,Home,Changed Mind,1664.7675189842291,77.3048592438022,13,0,1.0
RET-004853,ORD-003892,2024-04-07,CUST-00785,PROD-0310,Clothing,Changed Mind,278.6869778989305,36.68530879897768,7,0,5.0
RET-004854,ORD-008336,2023-10-12,CUST-00921,PROD-0414,Beauty,Not as Described,453.90748053462426,94.60558495682582,15,1,1.0
RET-004855,ORD-008831,2023-01-18,CUST-01497,PROD-0375,Clothing,Size Issue,805.6718970425839,95.27008241064226,26,0,5.0
RET-004856,ORD-007504,2023-02-13,CUST-00266,PROD-0312,Home,Not as Described,1637.255282308797,70.786584402759,18,0,3.0
RET-004857,ORD-000051,2024-02-25,CUST-00661,PROD-0129,Electronics,Wrong Item,742.6554245796816,30.897508906697478,5,0,4.0
RET-004858,ORD-009979,2023-08-06,CUST-01451,PROD-0395,Beauty,Defective,1127.354455166402,77.33800651292692,7,0,3.0
RET-004859,ORD-006263,2023-09-27,CUST-01125,PROD-0172,Electronics,Not as Described,1560.583109214018,21.735601211140587,16,0,2.0
RET-004860,ORD-005242,2022-11-11,CUST-00357,PROD-0168,Electronics,Not as Described,1703.472637975981,11.231780910517596,4,0,4.0
RET-004861,ORD-009407,2024-02-01,CUST-00058,PROD-0017,Beauty,Wrong Item,311.5249092722863,84.6849286068279,4,0,2.0
RET-004862,ORD-003409,2023-11-02,CUST-01893,PROD-0143,Electronics,Not as Described,1227.0269972837773,28.930686798232497,20,0,2.0
RET-004863,ORD-008239,2023-08-13,CUST-01334,PROD-0099,Home,Wrong Item,1040.1901830713905,66.11575019854772,6,0,2.0
RET-004864,ORD-009711,2023-06-18,CUST-01516,PROD-0384,Electronics,Defective,1534.8072107099608,33.04250694444112,27,0,5.0
RET-004865,ORD-001736,2022-07-02,CUST-00333,PROD-0253,Beauty,Not as Described,398.9997501449736,12.570831667093362,24,1,3.0
RET-004866,ORD-003625,2023-06-05,CUST-00410,PROD-0173,Electronics,Changed Mind,91.84496100944985,96.60030641374046,2,0,1.0
RET-004867,ORD-001883,2023-02-12,CUST-01072,PROD-0084,Home,Defective,1281.187888421477,56.79873749445712,2,0,2.0
RET-004868,ORD-000805,2024-05-01,CUST-00379,PROD-0053,Beauty,Changed Mind,727.7661892244874,18.339814233054174,6,0,
RET-004869,ORD-005097,2023-06-25,CUST-01289,PROD-0100,Beauty,Not as Described,1471.7336917322589,78.6375220780225,27,0,3.0
RET-004870,ORD-005215,2022-07-24,CUST-01825,PROD-0246,Clothing,Wrong Item,1785.475722912275,56.7467991303657,23,0,4.0
RET-004871,ORD-005683,2023-04-19,CUST-01992,PROD-0462,Beauty,Not as Described,1408.5162837122361,81.93036002951824,7,0,4.0
RET-004872,ORD-007195,2024-04-23,CUST-01773,PROD-0380,Electronics,Wrong Item,1207.1962716221872,48.19005868270483,1,0,3.0
RET-004873,ORD-009936,2023-09-19,CUST-01851,PROD-0396,Electronics,Changed Mind,1361.104077130501,52.452897839028125,3,1,1.0
RET-004874,ORD-006018,2024-03-29,CUST-01684,PROD-0052,Clothing,Size Issue,767.905837536436,5.8907297490928485,21,0,2.0
RET-004875,ORD-001005,2022-07-09,CUST-01904,PROD-0114,Beauty,Size Issue,1691.358468427116,29.218612870379868,8,1,5.0
RET-004876,ORD-008374,2022-11-07,CUST-01372,PROD-0126,Clothing,Size Issue,1818.6469165114852,1.2681667376609362,4,0,2.0
RET-004877,ORD-004676,2023-07-07,CUST-00433,PROD-0231,Home,Not as Described,1617.7844262680771,12.224499629208086,8,0,4.0
RET-004878,ORD-001526,2023-11-19,CUST-01591,PROD-0037,Home,Defective,1663.2687213880345,16.530194328065107,17,0,1.0
RET-004879,ORD-008676,2022-09-08,CUST-00464,PROD-0360,Clothing,Defective,565.6946483996453,41.712483556999736,17,0,4.0
RET-004880,ORD-001135,2023-04-19,CUST-00998,PROD-0256,Home,Wrong Item,1236.8413647062773,56.88503664108929,12,0,3.0
RET-004881,ORD-009052,2023-02-08,CUST-00013,,Home,Changed Mind,165.6010265892198,24.742009082480855,12,0,5.0
RET-004882,ORD-006495,2023-11-20,CUST-00973,PROD-0113,Electronics,Not as Described,361.1794167870627,64.71898002582401,3,1,4.0
RET-004883,ORD-009762,2022-09-26,CUST-01969,PROD-0129,Home,Size Issue,586.2622075126081,48.38276037175483,24,0,2.0
RET-004884,ORD-002980,2024-01-05,CUST-01799,PROD-0269,Electronics,Wrong Item,1658.6983842118937,0.6705196312936312,23,1,1.0
RET-004885,ORD-007348,2024-04-15,CUST-01491,PROD-0008,Home,Size Issue,1378.7520692869987,49.060521795642565,20,1,1.0
RET-004886,ORD-005037,2022-11-10,CUST-01480,PROD-0167,Home,Wrong Item,1487.0349601872388,76.67009074779232,16,1,2.0
RET-004887,ORD-000985,2024-03-11,CUST-01587,PROD-0064,Beauty,Size Issue,99.20078122527555,5.339490583354434,9,0,2.0
RET-004888,,2022-09-21,CUST-01698,PROD-0132,Electronics,Defective,63.65502781882499,29.859631713967637,12,0,5.0
RET-004889,ORD-005245,2023-03-07,CUST-00664,PROD-0252,Electronics,Wrong Item,1428.5721346876821,44.70733133929987,28,0,1.0
RET-004890,ORD-008903,2023-01-23,CUST-00019,PROD-0156,Electronics,Defective,250.9598640534003,88.91525142734986,0,0,
RET-004891,ORD-005469,2023-07-17,CUST-01543,PROD-0068,Home,Not as Described,751.7387157062302,22.333211829705956,2,0,5.0
RET-004892,ORD-006051,2023-07-19,CUST-01442,PROD-0184,Home,Wrong Item,400.5906238658183,55.08336467281121,29,0,1.0
RET-004893,ORD-009816,2022-06-28,CUST-00104,PROD-0280,Beauty,Not as Described,122.87537964514762,63.01896290212704,15,0,4.0
RET-004894,ORD-008902,2023-09-24,CUST-01671,PROD-0450,Electronics,Defective,658.3045489945085,61.790260291758834,9,0,4.0
RET-004895,ORD-006429,2022-09-03,CUST-01583,PROD-0233,Electronics,Defective,1176.5911319254906,14.105592071368333,12,0,4.0
RET-004896,ORD-006791,2022-09-06,CUST-01616,PROD-0499,Home,Changed Mind,293.0218454188038,60.64619034545976,10,0,4.0
RET-004897,ORD-003155,2022-09-21,CUST-00330,PROD-0071,Clothing,Defective,603.1673135914011,54.47712226863089,20,0,4.0
RET-004898,ORD-008957,2022-06-02,CUST-00731,PROD-0458,Beauty,Not as Described,851.9092802022551,22.67560541163235,12,0,4.0
RET-004899,ORD-003034,2023-04-02,CUST-01408,PROD-0364,Home,Size Issue,1111.8444812361688,29.85046685556628,0,1,5.0
RET-004900,ORD-001040,2023-01-18,CUST-01441,PROD-0168,Clothing,Defective,1498.2135535529858,6.341549190023343,25,1,1.0
RET-004901,ORD-004586,2022-12-22,CUST-00253,PROD-0064,Home,Size Issue,61.29023475704889,22.021078043233977,22,0,2.0
RET-004902,ORD-008444,2024-01-23,CUST-00131,PROD-0316,Beauty,Defective,1376.6377036606937,99.26223882941156,24,1,1.0
RET-004903,ORD-002032,2024-01-12,CUST-01546,PROD-0299,Electronics,Size Issue,1961.8307557135392,40.65851373322994,6,0,5.0
RET-004904,ORD-009798,2024-04-23,CUST-01844,PROD-0216,Electronics,Wrong Item,693.3493774852502,11.1268828541918,19,0,5.0
RET-004905,ORD-009755,2022-07-13,CUST-01368,PROD-0284,Home,Not as Described,886.1318591434548,88.39876607302345,16,1,4.0
RET-004906,ORD-003308,2024-04-26,CUST-01578,PROD-0125,Clothing,Defective,241.64524040382662,60.26663973524807,14,0,1.0
RET-004907,ORD-003401,2023-11-13,CUST-00596,PROD-0110,Beauty,Changed Mind,999.028452370506,29.0173779553187,14,0,4.0
RET-004908,ORD-009526,2024-03-05,CUST-00362,PROD-0005,Clothing,Not as Described,1134.9521948945692,13.811605880268917,25,0,5.0
RET-004909,ORD-007200,2024-01-16,CUST-00555,PROD-0204,Electronics,Defective,1581.3639729201113,72.05495156807129,20,0,4.0
RET-004910,ORD-000572,2023-11-06,CUST-01277,PROD-0312,Beauty,Defective,1625.189257938615,6.3892426813116465,16,1,4.0
RET-004911,ORD-000510,2023-11-19,CUST-00482,PROD-0446,Beauty,Not as Described,1174.06279957075,67.17390883052242,8,0,4.0
RET-004912,ORD-002672,2023-08-16,CUST-00882,PROD-0306,Clothing,Wrong Item,1895.7488061139807,10.639124045188254,1,0,5.0
RET-004913,ORD-008286,2022-08-03,CUST-01524,PROD-0116,Clothing,Changed Mind,1593.9327202474944,38.49309816634828,7,0,4.0
RET-004914,ORD-007178,2023-11-27,CUST-01456,PROD-0015,Electronics,Size Issue,1829.5611137765666,21.783342301657882,27,1,2.0
RET-004915,ORD-009448,2023-05-30,CUST-01412,PROD-0056,Clothing,Defective,1304.7029906448126,31.726370542122908,6,1,3.0
RET-004916,ORD-004911,2022-12-04,CUST-00496,PROD-0171,Electronics,Not as Described,1543.040572252215,58.93055978007937,5,0,2.0
RET-004917,ORD-005549,2024-04-24,CUST-00349,PROD-0262,Clothing,Wrong Item,1124.0972664095787,61.414698834961555,20,0,3.0
RET-004918,ORD-001999,2023-03-22,CUST-00175,PROD-0047,Electronics,Defective,1901.745513410765,29.78186256580928,16,0,1.0
RET-004919,ORD-002626,2022-07-20,CUST-01363,PROD-0081,Beauty,Changed Mind,490.0892927149604,92.09838321939414,4,0,1.0
RET-004920,ORD-003839,2022-10-16,CUST-01140,PROD-0359,Home,Changed Mind,180.1209431338735,19.55825583577203,12,0,1.0
RET-004921,ORD-008428,2023-08-09,CUST-00427,PROD-0361,Clothing,Not as Described,255.27184092330003,5.300746622170715,1,0,4.0
RET-004922,ORD-007025,2023-11-28,CUST-00945,PROD-0064,Home,Size Issue,1615.5809969118604,16.891921300366185,28,0,1.0
RET-004923,ORD-008069,2023-07-10,CUST-01669,PROD-0499,Clothing,Size Issue,1385.722571529156,96.89527053550017,21,0,3.0
RET-004924,ORD-004466,,CUST-00527,PROD-0034,Electronics,Size Issue,1417.334404547772,81.25391030062679,20,0,
RET-004925,ORD-005353,2023-12-01,CUST-01294,PROD-0136,Electronics,Wrong Item,1094.4618214509985,79.73144990191194,8,0,2.0
RET-004926,ORD-002604,2023-01-12,CUST-00023,PROD-0291,Beauty,Wrong Item,1420.8292315141034,22.363203889688066,0,0,1.0
RET-004927,ORD-006526,2023-12-20,CUST-01824,PROD-0373,Clothing,Size Issue,1499.8385351411255,42.94232629400874,27,0,3.0
RET-004928,ORD-000492,2023-05-09,CUST-01701,PROD-0448,Home,Changed Mind,1176.4051831347779,13.601888503748171,10,1,2.0
RET-004929,ORD-003178,2024-04-20,CUST-00022,PROD-0428,Clothing,Size Issue,180.36526550738049,13.055232484641444,17,1,4.0
RET-004930,ORD-005353,2024-04-25,CUST-01705,PROD-0477,Clothing,Defective,968.2206990338108,56.078180530541644,17,1,1.0
RET-004931,ORD-004141,2024-02-05,CUST-01582,PROD-0131,Electronics,Changed Mind,595.9628046744681,36.21967386009681,17,1,4.0
RET-004932,ORD-003553,2023-06-08,CUST-01951,PROD-0138,Electronics,Size Issue,1058.652738238793,48.90111730638525,24,0,2.0
RET-004933,ORD-004958,2022-06-27,CUST-00844,PROD-0311,Beauty,Size Issue,256.6639745203511,97.26343667358746,6,0,5.0
RET-004934,ORD-004914,2023-12-13,CUST-00437,PROD-0483,Electronics,Changed Mind,1636.330417773378,14.709745491412374,7,1,5.0
RET-004935,ORD-003613,2022-11-28,CUST-01571,,Home,Size Issue,1035.133533293657,19.373538673618494,22,0,5.0
RET-004936,ORD-008731,2024-02-16,CUST-00466,PROD-0210,Home,Wrong Item,400.86212786082746,86.32461817781576,2,1,4.0
RET-004937,ORD-005211,2024-02-10,CUST-00709,PROD-0465,Electronics,Wrong Item,1399.4891006360917,59.64461385472454,22,0,1.0
RET-004938,ORD-008973,2023-10-02,CUST-00993,PROD-0237,Home,Size Issue,1489.513364238393,18.88331367045566,28,1,5.0
RET-004939,ORD-009607,2023-07-03,CUST-01546,PROD-0224,Clothing,Size Issue,1329.8727033000364,37.96301879121307,15,0,3.0
RET-004940,ORD-009332,2024-01-26,CUST-00528,PROD-0004,Home,Not as Described,1018.4715036671125,34.95419172405985,7,1,2.0
RET-004941,ORD-007227,2022-07-25,CUST-01164,PROD-0437,Home,Changed Mind,339.79047186657726,44.17442813613488,5,0,3.0
RET-004942,ORD-002659,2023-09-11,CUST-01684,PROD-0386,Electronics,Changed Mind,746.3106101901575,30.224287787763682,2,1,3.0
RET-004943,,2023-05-30,CUST-01158,PROD-0292,Beauty,Changed Mind,428.57972123032835,39.66775130294877,7,0,3.0
RET-004944,ORD-005101,2023-05-27,CUST-00074,PROD-0210,Clothing,Size Issue,894.6774030652809,87.4901894512216,20,0,1.0
RET-004945,ORD-007783,,CUST-00693,PROD-0188,Home,Defective,1885.381904120948,0.11632511981269911,9,0,5.0
RET-004946,ORD-003251,2024-04-24,CUST-00790,PROD-0327,Home,Wrong Item,1405.094028646962,17.62951237048499,24,0,5.0
RET-004947,ORD-009889,,CUST-00223,PROD-0055,Home,Changed Mind,21.798947715349847,25.829550093908683,19,0,2.0
RET-004948,ORD-000801,2022-12-05,CUST-01686,PROD-0116,Home,Not as Described,385.2493849965731,99.54224221168262,9,1,2.0
RET-004949,ORD-009024,2023-11-30,CUST-00807,PROD-0436,Clothing,Wrong Item,1964.89066878654,14.045005235205732,26,0,3.0
RET-004950,ORD-005379,2023-02-13,CUST-01087,PROD-0157,Home,Not as Described,259.9346838498494,23.822146846354673,5,0,5.0
RET-004951,ORD-005957,2023-11-16,CUST-01317,PROD-0416,Home,Not as Described,834.9348000539596,62.448156596743424,25,0,1.0
RET-004952,ORD-008140,2022-12-04,CUST-01284,,Clothing,Changed Mind,1336.7021046439797,88.638680768353,18,0,3.0
RET-004953,ORD-009602,2023-02-03,CUST-01594,PROD-0315,Clothing,Defective,1870.5063524345546,65.12561911817207,10,1,4.0
RET-004954,ORD-007334,2023-01-31,CUST-00345,PROD-0219,Home,Size Issue,1911.8808359791665,49.77996730210198,24,0,4.0
RET-004955,ORD-000207,2022-10-20,CUST-01403,PROD-0396,Beauty,Size Issue,1198.0888321482269,93.16474713991771,5,0,1.0
RET-004956,ORD-000508,2023-10-22,CUST-01429,PROD-0278,Beauty,Size Issue,1934.123921229836,27.71026195886891,10,0,1.0
RET-004957,,2023-12-18,CUST-00279,PROD-0156,Beauty,Not as Described,997.199596339941,14.71261434123191,6,0,1.0
RET-004958,ORD-005682,2022-10-10,CUST-01636,PROD-0088,Home,Changed Mind,610.6815724079638,45.36447576221959,7,0,2.0
RET-004959,ORD-004311,2023-09-17,CUST-01184,PROD-0125,Clothing,Defective,273.64515241312347,76.16094697432007,12,0,2.0
RET-004960,ORD-002964,2023-08-29,CUST-01756,PROD-0182,Beauty,Size Issue,1675.7728615277852,8.155963060326876,27,1,3.0
RET-004961,ORD-009008,2023-05-13,CUST-00872,PROD-0473,Home,Changed Mind,1452.740912291671,33.35001605419604,29,0,4.0
RET-004962,ORD-004071,2022-10-08,CUST-00298,PROD-0374,Electronics,Changed Mind,1211.5046656206703,54.37630899640787,22,0,4.0
RET-004963,ORD-006866,2023-10-13,CUST-00580,PROD-0011,Clothing,Not as Described,1050.2619470222824,13.782373828474148,29,0,3.0
RET-004964,ORD-008728,2024-02-15,CUST-01180,PROD-0260,Electronics,Changed Mind,66.30784034835241,37.96401874898382,6,1,4.0
RET-004965,ORD-000902,2022-11-02,CUST-00896,PROD-0146,Electronics,Not as Described,1294.3185778363104,80.79596468501316,20,0,3.0
RET-004966,ORD-003624,2023-04-22,CUST-00696,PROD-0079,Electronics,Wrong Item,1006.7752518183072,35.001965441323094,20,0,4.0
RET-004967,ORD-003506,2024-02-11,CUST-01755,PROD-0340,Home,Not as Described,879.7345366999477,75.88713357086579,8,0,4.0
RET-004968,ORD-002901,2022-11-23,CUST-01471,PROD-0483,Beauty,Defective,1088.4115259914618,44.26103083536992,24,1,1.0
RET-004969,ORD-008144,2024-02-02,CUST-00491,PROD-0305,Beauty,Changed Mind,581.6350859887012,15.985598717319661,28,0,
RET-004970,ORD-009868,2022-12-31,CUST-01591,PROD-0205,Home,Wrong Item,1518.378205198509,0.16445421828058526,7,0,3.0
RET-004971,ORD-002929,2022-10-01,CUST-00627,PROD-0365,Beauty,Wrong Item,1546.3009996264177,7.594859610489779,8,0,2.0
RET-004972,ORD-007592,2023-04-20,CUST-00997,PROD-0312,Beauty,Changed Mind,183.14535411666284,97.82999611119808,20,0,4.0
RET-004973,ORD-000647,2023-08-12,CUST-00122,PROD-0497,Electronics,Not as Described,409.836086114611,37.03626550398498,3,0,2.0
RET-004974,ORD-005402,2022-12-30,CUST-00391,PROD-0377,Electronics,Size Issue,1227.2790429621186,8.74615798505064,2,0,5.0
RET-004975,ORD-005231,2024-03-16,CUST-00830,PROD-0156,Clothing,Defective,1259.517268193769,11.480801776371386,26,0,2.0
RET-004976,ORD-003458,2022-10-15,CUST-00282,PROD-0451,Clothing,Size Issue,854.4751310799109,10.288501881531998,3,0,3.0
RET-004977,ORD-005199,2023-02-06,CUST-01800,PROD-0073,Home,Defective,357.9855320003036,9.04489071340503,26,0,2.0
RET-004978,ORD-009392,2023-01-17,CUST-01111,PROD-0373,Electronics,Wrong Item,1391.5677865338284,91.44494597713955,20,0,4.0
RET-004979,ORD-003769,2023-10-02,CUST-00559,PROD-0169,Clothing,Not as Described,1060.7373225266874,90.41490142344445,18,0,1.0
RET-004980,ORD-005884,2024-01-29,CUST-01687,PROD-0253,Clothing,Wrong Item,71.76365752964858,43.13094349858304,6,0,4.0
RET-004981,ORD-002509,2022-09-05,CUST-01885,PROD-0205,Clothing,Wrong Item,1223.4541668817806,96.95260612122617,9,0,1.0
RET-004982,ORD-003335,2023-11-29,CUST-01820,PROD-0332,Home,Not as Described,1768.7155234441996,39.571791865980664,21,1,1.0
RET-004983,ORD-007273,2024-04-28,CUST-01426,PROD-0232,Home,Wrong Item,1021.9604678854479,9.076472015781945,10,0,4.0
RET-004984,ORD-001309,2023-12-25,CUST-01727,PROD-0349,Electronics,Defective,728.9269956020115,74.52212000964369,20,0,5.0
RET-004985,ORD-001451,2024-02-04,CUST-00698,PROD-0149,Home,Defective,1147.1097181888115,83.0137828536408,21,1,5.0
RET-004986,ORD-003451,2022-08-17,CUST-01263,PROD-0219,Beauty,Size Issue,650.5642464567002,56.744324424843505,10,0,1.0
RET-004987,ORD-007342,2022-09-07,CUST-01931,PROD-0272,Home,Wrong Item,738.917920046669,2.716314633342387,1,0,2.0
RET-004988,ORD-003850,2023-12-14,CUST-01019,PROD-0086,Beauty,Wrong Item,1084.7775446364667,61.56529656660632,25,0,2.0
RET-004989,ORD-005753,2022-06-01,CUST-00374,PROD-0223,Beauty,Defective,1230.6594319863104,87.12164764054523,11,0,2.0
RET-004990,,2023-05-12,CUST-01168,PROD-0238,Clothing,Wrong Item,1697.820640752292,77.48810946716725,10,0,2.0
RET-004991,ORD-007280,2023-04-08,CUST-01709,PROD-0119,Home,Size Issue,937.7592904768893,43.39218528662029,26,0,4.0
RET-004992,ORD-004922,2023-12-01,CUST-01974,PROD-0486,Clothing,Not as Described,549.3620182333998,62.15315196281074,17,0,4.0
RET-004993,ORD-001962,2024-03-31,CUST-01123,PROD-0473,Beauty,Changed Mind,111.12344513497861,73.8245878778023,13,0,2.0
RET-004994,ORD-006830,2024-02-02,CUST-01744,PROD-0145,Home,Changed Mind,1540.258067592449,96.9756229266954,28,0,2.0
RET-004995,ORD-007598,2023-08-14,CUST-01883,,Electronics,Size Issue,722.1649216479385,75.28961965348012,2,0,2.0
RET-004996,ORD-000229,2023-08-06,CUST-01346,PROD-0274,Beauty,Defective,1901.269644548471,46.593562330602936,9,1,2.0
RET-004997,ORD-005592,2024-02-06,CUST-00259,PROD-0124,Electronics,Defective,570.140691084543,29.586292352574862,15,0,5.0
RET-004998,ORD-008135,2022-11-15,CUST-01884,PROD-0166,Electronics,Wrong Item,65.62577731108985,33.40947087971503,5,0,1.0
RET-004999,ORD-003053,2022-11-16,CUST-00363,PROD-0038,Clothing,Not as Described,1784.2838858987373,90.08487463012325,24,1,4.0
RET-005000,ORD-000450,2023-05-09,CUST-01931,PROD-0402,Clothing,Not as Described,1574.9271072038127,27.433232896326654,26,0,3.0
RET-005001,ORD-009716,2023-10-07,CUST-01158,PROD-0252,Home,Wrong Item,802.9534842749886,86.94361467855181,11,1,5.0
RET-005002,ORD-007268,2022-08-29,CUST-00647,PROD-0149,Clothing,Defective,1751.7029402191622,21.51300822925841,24,0,4.0
RET-005003,ORD-003450,2022-11-24,CUST-00254,PROD-0415,Clothing,Not as Described,692.1785460661185,83.81144096771754,10,0,4.0
RET-005004,ORD-001855,2024-02-06,CUST-00053,PROD-0326,Electronics,Size Issue,1947.633268144286,0.969916901989587,10,0,1.0
RET-005005,ORD-008907,2023-09-13,CUST-01167,PROD-0090,Electronics,Not as Described,538.0481674516673,81.07503817703001,11,0,5.0
RET-005006,ORD-009251,2023-02-13,CUST-00445,PROD-0235,Home,Not as Described,1229.9407777055053,29.25120502031452,4,0,1.0
RET-005007,ORD-009123,2023-11-17,CUST-00219,PROD-0472,Electronics,Size Issue,1728.5768414093616,4.113887530499971,28,0,1.0
RET-005008,ORD-008061,2022-10-19,CUST-01116,PROD-0179,Beauty,Defective,136.81486905586473,89.97677616143768,8,1,3.0
RET-005009,ORD-009994,2023-07-05,CUST-00075,PROD-0057,Home,Defective,1324.7379063464534,67.93485290706352,5,0,5.0
RET-005010,ORD-006174,,CUST-00234,PROD-0161,Electronics,Changed Mind,54.530800828211085,31.11610547843413,12,0,2.0
RET-005011,ORD-003984,2022-07-14,CUST-01277,PROD-0240,Electronics,Wrong Item,166.06278593198965,85.83783266935853,2,0,
RET-005012,ORD-007951,2022-08-04,CUST-00018,PROD-0050,Electronics,Not as Described,908.8632906564543,93.45086138054288,24,0,4.0
RET-005013,ORD-008497,2024-01-13,CUST-01125,PROD-0338,Clothing,Defective,573.1936670715173,11.713633740346497,2,0,4.0
RET-005014,ORD-009256,2023-09-21,CUST-01539,PROD-0451,Clothing,Not as Described,1434.9212106164616,42.607588912464735,27,0,3.0
RET-005015,ORD-000425,2023-07-26,CUST-00750,PROD-0076,Home,Size Issue,1796.2530248376715,68.25259915244575,8,0,3.0
RET-005016,ORD-003606,2023-11-15,CUST-01341,PROD-0263,Home,Not as Described,1770.1296018512037,87.69421479768188,13,1,4.0
RET-005017,ORD-003844,2023-10-17,CUST-01258,PROD-0159,Clothing,Changed Mind,555.7931905814861,79.68908696968575,6,0,1.0
RET-005018,ORD-004379,2023-09-04,CUST-01816,PROD-0370,Home,Not as Described,766.0624407645375,43.15424793133309,6,1,1.0
RET-005019,ORD-001154,2024-01-02,CUST-01480,PROD-0498,Electronics,Wrong Item,919.8508268619563,75.6761438227793,17,0,2.0
RET-005020,ORD-005609,2022-12-15,CUST-01148,PROD-0030,Clothing,Not as Described,298.3301061734238,2.5536955662268435,22,0,3.0
RET-005021,ORD-008476,2023-11-28,CUST-00282,PROD-0323,Clothing,Changed Mind,1910.4243391810508,65.61623219646339,23,0,2.0
RET-005022,ORD-001352,2023-04-08,CUST-01486,PROD-0053,Electronics,Not as Described,1341.3353110709527,92.05722671957798,11,0,1.0
RET-005023,ORD-002074,2022-06-15,CUST-00873,PROD-0125,Home,Wrong Item,523.5653516702141,82.9430119435583,15,0,3.0
RET-005024,ORD-000655,2022-09-19,CUST-01869,PROD-0101,Beauty,Defective,1221.0229117488268,47.53578533533799,5,0,5.0
RET-005025,ORD-005694,2023-08-08,CUST-01440,PROD-0478,Beauty,Defective,203.7940708482187,66.32799590163143,16,0,2.0
RET-005026,ORD-002307,2023-12-24,CUST-00811,PROD-0419,Clothing,Defective,1536.1023422456271,58.40341813229416,0,0,4.0
RET-005027,ORD-002543,2023-02-16,CUST-01731,PROD-0388,Clothing,Size Issue,962.266908332487,67.3269985710612,10,0,2.0
RET-005028,ORD-008918,2022-12-11,CUST-01108,PROD-0500,Home,Defective,1328.6498815637372,86.15897853814131,1,0,5.0
RET-005029,ORD-002503,2022-07-02,CUST-01090,PROD-0461,Home,Size Issue,456.6984961057042,63.681998128948,10,1,5.0
RET-005030,ORD-009051,2024-01-31,CUST-00412,PROD-0284,Beauty,Defective,722.9788119727888,70.46404358239256,29,0,3.0
RET-005031,ORD-008545,2024-03-27,CUST-01898,PROD-0430,Beauty,Wrong Item,1745.1845033604845,15.031125152170887,25,0,5.0
RET-005032,ORD-002038,2024-02-27,CUST-00224,PROD-0333,Electronics,Size Issue,1647.3569215907064,13.679419027271056,16,1,4.0
RET-005033,ORD-006387,2023-10-06,CUST-00453,PROD-0482,Home,Defective,1207.0102893327785,55.29538039876972,26,1,5.0
RET-005034,ORD-001241,2022-11-02,CUST-01004,PROD-0214,Home,Size Issue,963.8840058457331,1.1931045521172967,25,0,4.0
RET-005035,ORD-009827,2023-10-06,CUST-01583,PROD-0442,Home,Not as Described,966.7273921607803,39.66532611672744,28,0,
RET-005036,ORD-009799,2023-06-16,CUST-00648,PROD-0275,Home,Changed Mind,1486.1017751851373,48.62245209739394,10,0,2.0
RET-005037,ORD-003094,2024-03-12,CUST-01071,PROD-0043,Electronics,Not as Described,1027.4541977755334,9.331987459737734,21,0,4.0
RET-005038,ORD-004223,2022-08-07,CUST-01396,PROD-0358,Clothing,Wrong Item,148.36534699126454,80.32827435066592,12,0,4.0
RET-005039,ORD-008853,2024-04-03,CUST-00731,PROD-0258,Electronics,Size Issue,77.34671284541955,68.14416864442074,5,0,5.0
RET-005040,ORD-000210,2024-01-15,CUST-01468,PROD-0072,Beauty,Defective,1990.8811229574032,27.336388996764207,3,0,4.0
RET-005041,ORD-006851,2023-04-19,CUST-00265,PROD-0004,Home,Not as Described,1865.9438014405528,72.27752245780918,24,0,2.0
RET-005042,ORD-009761,2023-03-19,CUST-00232,PROD-0260,Clothing,Size Issue,47.50598193845882,68.29780763716222,3,1,1.0
RET-005043,ORD-003925,2022-11-18,CUST-01811,PROD-0389,Clothing,Size Issue,1641.5727850267042,74.07915846353036,2,0,4.0
RET-005044,ORD-001518,2022-07-12,CUST-01074,PROD-0287,Beauty,Wrong Item,155.37190321065412,43.835417897421294,7,0,3.0
RET-005045,ORD-000997,2024-04-25,CUST-00738,PROD-0483,Clothing,Not as Described,903.2715516562563,67.2506815529302,11,0,1.0
RET-005046,ORD-005361,,CUST-00503,PROD-0141,Electronics,Not as Described,1034.6169628048665,76.52976145895262,10,0,1.0
RET-005047,ORD-005102,2023-03-06,CUST-00122,,Clothing,Size Issue,1729.5384999544096,82.79394403335776,19,0,5.0
RET-005048,ORD-001263,2023-06-29,CUST-00102,PROD-0099,Electronics,Size Issue,1579.2929256603527,22.85037870173383,25,1,3.0
RET-005049,ORD-007901,2023-11-09,CUST-00651,PROD-0284,Clothing,Wrong Item,1193.858560355561,71.74707839422126,19,0,4.0
RET-005050,ORD-005739,2022-11-24,CUST-01756,,Electronics,Changed Mind,441.7713083344963,26.252039681724526,22,1,3.0
RET-005051,ORD-008762,2023-11-27,CUST-01324,PROD-0205,Clothing,Size Issue,98.7134299044225,89.96685063068566,14,0,2.0
RET-005052,ORD-000467,2023-01-28,CUST-01009,PROD-0473,Clothing,Wrong Item,1795.8376459755723,97.29457130404484,12,1,4.0
RET-005053,ORD-001910,2023-04-08,CUST-00379,PROD-0398,Electronics,Not as Described,706.6717768527617,67.62710034274197,2,0,3.0
RET-005054,ORD-009718,2022-10-10,CUST-00724,PROD-0480,Home,Wrong Item,846.1079223568435,90.45384702285004,10,0,3.0
RET-005055,ORD-006942,2023-05-26,CUST-00189,PROD-0005,Beauty,Changed Mind,1529.847030015023,0.8500394666372757,26,0,4.0
RET-005056,ORD-001312,2022-10-03,CUST-00938,PROD-0040,Home,Wrong Item,1269.8209159572812,40.3950496150083,13,1,1.0
RET-005057,ORD-002280,2023-02-15,CUST-00393,PROD-0192,Home,Not as Described,684.7366816553919,30.85478472768779,5,0,2.0
RET-005058,ORD-007007,2023-06-18,CUST-01611,PROD-0210,Home,Size Issue,397.8179453752698,86.46292744914219,16,0,1.0
RET-005059,,2023-02-17,CUST-00654,PROD-0444,Beauty,Not as Described,870.521251965032,22.254894713550254,24,1,1.0
RET-005060,ORD-007496,2023-08-13,CUST-01739,PROD-0283,Clothing,Wrong Item,311.7411950167878,21.863933477901256,23,0,1.0
RET-005061,ORD-003164,2023-07-18,CUST-00538,PROD-0434,Electronics,Wrong Item,1014.8263680765793,37.16485388272063,1,0,5.0
RET-005062,ORD-005907,2023-07-21,CUST-00415,PROD-0067,Home,Size Issue,628.5898640613921,44.420432452297455,21,0,3.0
RET-005063,ORD-003543,2022-07-15,CUST-01790,PROD-0014,Clothing,Size Issue,587.5881621470257,22.149968830418988,16,0,5.0
RET-005064,ORD-002057,2024-04-16,CUST-00689,PROD-0032,Home,Changed Mind,1779.9823244591769,2.109403454423331,6,0,4.0
RET-005065,ORD-007169,2023-02-13,CUST-00907,PROD-0179,Clothing,Size Issue,1348.0349426965913,32.21110815060805,29,0,5.0
RET-005066,ORD-006277,2022-10-08,CUST-01964,PROD-0474,Electronics,Not as Described,42.43358270527629,49.360581473879904,28,0,1.0
RET-005067,ORD-000487,2024-01-21,CUST-01010,PROD-0440,Home,Not as Described,830.1722084817881,49.149469410443515,16,1,2.0
RET-005068,ORD-006898,2023-06-23,CUST-00289,PROD-0339,Clothing,Defective,1780.6208034794552,89.58308849718348,20,1,2.0
RET-005069,ORD-000362,2023-08-31,CUST-00377,PROD-0094,Clothing,Not as Described,1279.5671136859926,64.6191082737564,1,0,4.0
RET-005070,ORD-008913,2022-06-04,CUST-01006,PROD-0370,Clothing,Size Issue,975.3169110900586,68.40367246879791,20,0,2.0
RET-005071,ORD-000340,2023-06-15,CUST-00167,PROD-0110,Home,Not as Described,1712.5800043815434,50.28365415375351,18,0,3.0
RET-005072,ORD-005130,2024-04-10,CUST-00703,PROD-0406,Clothing,Changed Mind,1263.4880849347269,43.15271214583263,16,1,
RET-005073,ORD-002173,2022-09-30,CUST-01812,PROD-0466,Home,Defective,836.6624827442696,8.353360675385835,19,1,2.0
RET-005074,,2023-09-18,CUST-00643,PROD-0055,Home,Defective,886.3623013342389,68.8387286473271,9,0,5.0
RET-005075,ORD-003222,2024-03-31,CUST-01880,PROD-0378,Home,Size Issue,213.2492831836668,87.27509700703042,27,1,1.0
RET-005076,ORD-008470,2023-05-22,CUST-01862,PROD-0104,Clothing,Not as Described,95.3989686597248,60.55319878264006,23,0,3.0
RET-005077,ORD-000750,2022-10-14,CUST-01281,PROD-0190,Clothing,Not as Described,1187.2004351997584,96.66004319937763,6,1,4.0
RET-005078,ORD-009829,2023-05-22,CUST-01798,PROD-0171,Electronics,Not as Described,163.76744748200784,39.4828740978882,8,0,3.0
RET-005079,ORD-002308,2023-12-17,CUST-00274,PROD-0013,Home,Changed Mind,918.9398281077894,30.536754963826862,26,0,1.0
RET-005080,ORD-006100,2022-07-10,CUST-00590,PROD-0334,Beauty,Changed Mind,470.6440706910218,19.23918675576607,27,1,4.0
RET-005081,ORD-003890,2024-03-26,CUST-01063,PROD-0435,Home,Wrong Item,922.4292607278973,41.166085606907686,3,0,3.0
RET-005082,ORD-009979,2024-02-12,CUST-01302,PROD-0322,Clothing,Not as Described,1845.8656022185999,29.35723391724323,3,0,2.0
RET-005083,ORD-002777,2024-03-08,CUST-01414,PROD-0034,Beauty,Not as Described,627.7073976023597,50.12921126272833,11,0,1.0
RET-005084,ORD-000008,2022-08-24,CUST-01730,PROD-0481,Beauty,Defective,69.7446274620125,23.476807077462936,23,0,5.0
RET-005085,ORD-009753,2024-02-17,CUST-00192,PROD-0065,Beauty,Not as Described,243.4918233270432,31.822143830438087,19,0,3.0
RET-005086,ORD-007516,2022-06-01,CUST-00614,PROD-0209,Electronics,Wrong Item,505.4255886015023,40.92590592963353,26,0,4.0
RET-005087,ORD-003292,2023-12-14,CUST-00258,PROD-0072,Home,Defective,1685.8496750693294,1.7045952646998486,27,1,5.0
RET-005088,ORD-004905,2024-03-03,CUST-00197,PROD-0118,Clothing,Not as Described,545.130630879446,2.189550502736848,26,0,3.0
RET-005089,ORD-003824,2023-06-27,CUST-00427,PROD-0203,Electronics,Changed Mind,551.0377219975776,21.687318676088573,12,0,2.0
RET-005090,ORD-004166,2023-10-07,CUST-01069,PROD-0437,Electronics,Wrong Item,1418.4715712697669,68.88168980521962,1,0,4.0
RET-005091,ORD-003719,2022-10-06,CUST-00787,PROD-0233,Electronics,Changed Mind,1980.9018479331744,94.99398384194285,2,0,3.0
RET-005092,ORD-005832,2023-12-08,CUST-00492,PROD-0208,Electronics,Changed Mind,349.84243505396756,69.36036833854598,10,0,3.0
RET-005093,ORD-008257,2023-11-05,CUST-00696,PROD-0441,Home,Wrong Item,464.0459646113331,53.38524098416271,17,0,2.0
RET-005094,ORD-005067,2022-06-15,CUST-01400,,Beauty,Wrong Item,1757.8231038796616,42.47233537769155,20,0,3.0
RET-005095,ORD-007900,2022-09-06,CUST-00063,PROD-0354,Electronics,Changed Mind,215.55914428054342,14.758230762659553,5,1,4.0
RET-005096,,2023-11-25,CUST-00639,PROD-0184,Electronics,Defective,109.15362264209132,86.52380764391148,29,1,5.0
RET-005097,ORD-008814,2023-05-14,CUST-00245,PROD-0428,Clothing,Size Issue,617.5890043658418,17.51357967667908,5,0,2.0
RET-005098,ORD-005328,2022-06-13,CUST-01378,PROD-0344,Electronics,Wrong Item,548.3633631832186,65.18664742031669,3,1,4.0
RET-005099,ORD-004694,2023-06-14,CUST-00573,PROD-0265,Beauty,Changed Mind,83.0418015024692,1.1754210650858576,28,0,3.0
RET-005100,ORD-003733,2023-01-10,CUST-00952,PROD-0496,Clothing,Changed Mind,792.7763089795341,82.87831725932128,12,1,5.0
RET-005101,ORD-009650,2024-03-26,CUST-00256,PROD-0085,Electronics,Size Issue,1215.5163263444622,83.50970808347414,14,0,4.0
RET-005102,ORD-003271,2022-11-11,CUST-00914,PROD-0296,Clothing,Defective,605.7944983648493,34.265779154619615,18,0,4.0
RET-005103,ORD-000667,2024-02-26,CUST-01562,PROD-0264,Electronics,Not as Described,715.0239455194385,78.65484597797902,15,0,5.0
RET-005104,ORD-001687,2023-02-20,CUST-00653,PROD-0151,Beauty,Changed Mind,1672.0406275861012,33.21251222339728,17,0,1.0
RET-005105,ORD-005246,2023-04-17,CUST-01107,PROD-0316,Electronics,Not as Described,1180.5931964818153,83.6807287553287,13,0,3.0
RET-005106,ORD-006595,2023-05-21,CUST-00411,PROD-0046,Beauty,Defective,473.0506845373763,16.68822112019087,11,0,5.0
RET-005107,ORD-000040,2023-11-18,CUST-00101,PROD-0183,Clothing,Not as Described,1053.2013243100448,56.5478810473699,28,0,1.0
RET-005108,ORD-007735,2023-07-03,CUST-00497,PROD-0334,Beauty,Defective,1470.4657076284334,68.42275419742798,20,1,5.0
RET-005109,ORD-002448,2022-07-25,CUST-00741,PROD-0162,Electronics,Changed Mind,1089.650882771106,17.237909633982053,17,0,4.0
RET-005110,ORD-000426,2024-01-14,CUST-00922,PROD-0413,Clothing,Not as Described,1751.5427355817003,26.509298732848162,28,1,3.0
RET-005111,ORD-000603,2023-03-02,CUST-01537,PROD-0267,Clothing,Defective,294.783209175497,56.33311828916094,6,0,4.0
RET-005112,ORD-007731,2022-12-08,CUST-01188,PROD-0487,Electronics,Changed Mind,1312.5894731666735,180.7011787980743,28,0,5.0
RET-005113,ORD-003729,2024-02-19,CUST-01268,PROD-0200,Clothing,Changed Mind,1985.64148880312,61.50847284146443,20,0,4.0
RET-005114,ORD-001524,2023-11-02,CUST-01451,PROD-0225,Clothing,Size Issue,1470.6030226576759,0.01924396740276002,9,0,3.0
RET-005115,ORD-009362,2022-11-05,CUST-01423,PROD-0177,Home,Wrong Item,1452.2991806857428,42.855974562537114,17,0,1.0
RET-005116,ORD-003770,2022-11-09,CUST-01177,PROD-0162,Beauty,Size Issue,713.972123764272,4.124440903859295,3,0,2.0
RET-005117,ORD-000191,2022-10-04,CUST-01375,PROD-0087,Home,Changed Mind,1407.7549622486817,35.66263694713558,22,0,2.0
RET-005118,ORD-006408,2023-11-04,CUST-01727,PROD-0328,Home,Defective,63.58265661855655,37.82306227577761,4,0,1.0
RET-005119,ORD-001604,2022-07-31,CUST-00011,PROD-0145,Clothing,Changed Mind,1136.0077424465298,20.038325364100718,20,0,
RET-005120,ORD-008914,2023-06-13,CUST-01739,PROD-0162,Home,Wrong Item,1528.1079108245463,39.55393954073904,18,0,1.0
RET-005121,ORD-006805,2024-02-10,CUST-00067,PROD-0276,Electronics,Wrong Item,391.1802105193709,6.0856020350643085,0,0,3.0
RET-005122,ORD-001235,2024-03-10,CUST-00159,PROD-0407,Beauty,Defective,1341.4052034111098,50.74259726366977,29,1,3.0
RET-005123,ORD-006741,2024-04-01,CUST-01731,PROD-0312,Electronics,Defective,456.0382982940281,44.72989516182208,9,0,5.0
RET-005124,ORD-007480,2022-11-03,CUST-00426,PROD-0099,Beauty,Not as Described,1618.6074502264999,80.35381646764625,1,0,5.0
RET-005125,ORD-006285,2022-11-20,CUST-00402,PROD-0099,Home,Not as Described,1779.5616085944391,14.608424248412943,16,0,5.0
RET-005126,ORD-009454,2024-04-11,CUST-01562,PROD-0496,Home,Wrong Item,1713.6874625152882,8.546019833103324,29,0,5.0
RET-005127,ORD-005699,2023-12-13,CUST-00973,PROD-0481,Home,Wrong Item,653.4035173611951,59.28061783883718,6,0,2.0
RET-005128,ORD-001159,2024-03-22,CUST-00319,PROD-0424,Electronics,Defective,252.30211057315225,76.06809980250469,14,1,4.0
RET-005129,ORD-009162,2023-01-31,CUST-01453,PROD-0361,Home,Size Issue,1661.011151242859,69.74330991215167,3,0,5.0
RET-005130,,2023-11-26,CUST-00785,PROD-0182,Home,Wrong Item,1742.8210285728117,70.2455054794999,16,0,1.0
RET-005131,ORD-000517,2023-02-22,CUST-00487,PROD-0089,Electronics,Changed Mind,588.9392364892976,18.669197735809064,28,0,2.0
RET-005132,ORD-002227,2023-04-26,CUST-01738,PROD-0461,Home,Changed Mind,792.8617535902517,66.148865134,9,0,3.0
RET-005133,ORD-003357,2022-06-20,CUST-00954,PROD-0490,Home,Size Issue,525.2900243639805,380.93213499139205,26,0,3.0
RET-005134,ORD-003760,2024-02-21,CUST-00247,PROD-0326,Home,Wrong Item,1899.6271067894982,97.43905741566783,20,0,5.0
RET-005135,ORD-006347,2022-11-20,CUST-01464,PROD-0245,Home,Defective,1396.5537010474216,81.8865266241052,15,1,2.0
RET-005136,ORD-002963,2024-02-10,CUST-01538,PROD-0060,Clothing,Defective,215.31048504074622,40.91807421950442,19,1,3.0
RET-005137,ORD-001908,2022-12-23,CUST-01319,PROD-0357,Home,Not as Described,1391.054184805877,50.68698345643063,6,0,2.0
RET-005138,ORD-000827,2023-01-28,CUST-01606,PROD-0375,Beauty,Changed Mind,1499.2346363617005,46.94128708949849,22,0,5.0
RET-005139,ORD-003470,2023-03-07,CUST-00462,PROD-0035,Electronics,Size Issue,1596.9613523432986,23.61924026441199,3,0,5.0
RET-005140,ORD-009873,2023-07-07,CUST-01349,PROD-0053,Beauty,Size Issue,1907.4575235182779,86.11786677491332,23,0,1.0
RET-005141,ORD-002555,2023-08-23,CUST-01718,PROD-0364,Home,Changed Mind,525.9117111605728,81.42472700128658,3,1,5.0
RET-005142,ORD-002376,2024-02-25,CUST-00941,PROD-0381,Home,Defective,1057.8522548027645,20.99373611439107,19,1,1.0
RET-005143,ORD-002448,2022-07-20,CUST-01527,PROD-0453,Beauty,Defective,1541.109597937671,90.81061232455826,23,0,2.0
RET-005144,ORD-000716,2023-04-28,CUST-00688,PROD-0474,Home,Changed Mind,750.7766242951146,16.72206092843509,21,0,1.0
RET-005145,ORD-004437,2022-08-06,CUST-00476,PROD-0193,Beauty,Not as Described,1280.904938803106,51.37464615762518,16,1,2.0
RET-005146,ORD-008477,2023-12-12,CUST-00335,PROD-0323,Clothing,Wrong Item,1286.7063555916698,1.9278936960189674,0,0,4.0
RET-005147,ORD-009077,2024-01-06,CUST-00396,PROD-0040,Beauty,Defective,1533.6011101416498,31.434012184764104,2,0,
RET-005148,ORD-002014,2022-10-22,CUST-01355,,Beauty,Size Issue,742.2869027258937,8.843287600763162,18,0,3.0
RET-005149,ORD-003819,,CUST-00885,PROD-0074,Clothing,Wrong Item,503.90605697050097,84.83852422337961,9,0,3.0
RET-005150,ORD-003449,2022-11-25,CUST-00241,PROD-0306,Beauty,Changed Mind,1262.9927022971901,59.66138747233906,4,0,1.0
RET-005151,ORD-000096,2023-09-23,CUST-00678,PROD-0288,Clothing,Defective,1398.3661173635217,77.17992884718676,14,1,3.0
RET-005152,ORD-001903,2024-02-18,CUST-00424,PROD-0210,Beauty,Wrong Item,1809.993379825686,86.94442628116602,14,0,
RET-005153,ORD-008321,2023-11-02,CUST-01823,PROD-0346,Electronics,Wrong Item,421.02089331651365,82.18764981564519,19,0,3.0
RET-005154,ORD-000469,2023-12-04,CUST-00289,PROD-0306,Clothing,Defective,321.9977636594103,80.99795521651926,3,0,2.0
RET-005155,ORD-002745,2022-08-17,CUST-01031,PROD-0130,Electronics,Not as Described,1267.1012509641835,2.9769705882392916,26,0,2.0
RET-005156,ORD-000070,2023-10-06,CUST-00746,PROD-0418,Electronics,Not as Described,1349.1419168672276,60.890606811971395,24,0,5.0
RET-005157,ORD-001907,2024-04-21,CUST-01461,PROD-0163,Beauty,Wrong Item,821.0752776550001,41.62122581081115,27,0,2.0
RET-005158,ORD-001574,2022-10-09,CUST-00422,PROD-0207,Home,Changed Mind,719.9839259518513,84.48321540939202,6,0,3.0
RET-005159,ORD-008749,2023-04-17,CUST-01800,PROD-0013,Electronics,Size Issue,1755.892805787006,65.72735993357875,24,0,2.0
RET-005160,ORD-001494,2023-11-09,CUST-01720,PROD-0343,Clothing,Not as Described,61.13282632235568,25.380485157487364,22,1,5.0
RET-005161,ORD-007733,2022-06-21,CUST-00974,PROD-0304,Clothing,Changed Mind,425.1582267839024,56.827886492334855,26,0,1.0
RET-005162,ORD-008762,2022-12-31,CUST-01128,PROD-0244,Electronics,Wrong Item,104.98069747869219,87.32261939096271,9,0,4.0
RET-005163,ORD-001511,2024-01-04,CUST-00293,PROD-0229,Clothing,Defective,983.6181186297154,52.10719626120181,19,1,1.0
RET-005164,ORD-009087,2022-11-09,CUST-00700,PROD-0226,Beauty,Size Issue,1803.3491776966007,90.6167444860151,11,0,3.0
RET-005165,ORD-004674,2022-09-15,CUST-01144,PROD-0254,Clothing,Wrong Item,266.8020532585193,9.070393437534518,4,0,3.0
RET-005166,ORD-001380,2024-03-23,CUST-00989,PROD-0299,Clothing,Wrong Item,594.6220158778247,52.76940805518643,14,0,5.0
RET-005167,ORD-008530,2023-02-01,CUST-00687,PROD-0084,Electronics,Wrong Item,261.4362965784994,87.5021098731272,3,1,4.0
RET-005168,ORD-006107,2023-06-23,CUST-00277,PROD-0482,Electronics,Defective,1891.2029117138832,99.76905083460265,4,0,2.0
RET-005169,ORD-009924,2022-08-10,CUST-01223,PROD-0117,Beauty,Defective,1906.110387900426,50.978561077045455,13,0,1.0
RET-005170,ORD-008138,2023-01-21,CUST-00572,PROD-0188,Home,Defective,941.9738953276851,73.6500000627767,28,1,1.0
RET-005171,ORD-004110,2023-08-02,CUST-01797,PROD-0366,Electronics,Defective,835.9334650365198,26.49959533446806,13,0,2.0
RET-005172,ORD-003940,2023-05-19,CUST-01162,PROD-0446,Beauty,Not as Described,1163.9254727417897,36.548849306816514,29,0,3.0
RET-005173,ORD-003991,2023-06-07,CUST-00677,PROD-0438,Clothing,Defective,1241.512501854907,60.73603574184151,20,0,2.0
RET-005174,ORD-001860,2022-07-08,CUST-01616,,Electronics,Size Issue,1239.0867594712163,44.88540823657945,17,0,4.0
RET-005175,ORD-005221,2022-06-13,CUST-01361,PROD-0025,Electronics,Changed Mind,1649.9280532764133,55.86181965822307,14,0,
RET-005176,ORD-000941,2023-03-05,CUST-01302,PROD-0366,Clothing,Wrong Item,1275.6654636380863,34.69808363401422,10,0,2.0
RET-005177,ORD-008678,2023-11-20,CUST-00706,PROD-0500,Clothing,Changed Mind,815.6002074931691,75.74712971190661,5,0,3.0
RET-005178,ORD-005583,2022-07-26,CUST-00160,PROD-0090,Beauty,Size Issue,354.722668070295,86.80117191770648,24,0,1.0
RET-005179,ORD-005919,2023-07-15,CUST-01768,PROD-0134,Clothing,Defective,844.4732480347006,75.82536583022424,4,0,2.0
RET-005180,ORD-009936,2023-05-02,CUST-00015,PROD-0419,Clothing,Not as Described,322.9360382830425,22.648737250590223,28,0,5.0
RET-005181,ORD-000435,2024-02-08,CUST-00064,PROD-0194,Home,Size Issue,839.4844005021502,84.78986759595905,8,0,5.0
RET-005182,ORD-004313,2024-01-29,CUST-01186,PROD-0098,Clothing,Size Issue,203.06510593362563,84.50503012516457,6,0,5.0
RET-005183,ORD-006395,2022-11-28,CUST-01824,PROD-0459,Clothing,Size Issue,460.06910584393836,33.039076033846435,19,0,5.0
RET-005184,ORD-005052,2023-04-04,CUST-00813,PROD-0453,Home,Not as Described,325.0876471268369,52.71937573673122,17,0,3.0
RET-005185,ORD-009205,2023-05-13,CUST-01920,PROD-0251,Electronics,Size Issue,1426.088260291928,1.776954059876723,1,0,1.0
RET-005186,ORD-003957,2023-10-22,CUST-00841,PROD-0403,Electronics,Not as Described,1572.5119157082731,59.72072238723172,15,1,4.0
RET-005187,ORD-006244,,CUST-01080,PROD-0215,Electronics,Wrong Item,1525.794983128497,57.63921125644369,2,1,4.0
RET-005188,ORD-004577,2022-09-14,CUST-00749,PROD-0203,Electronics,Not as Described,1628.279390059121,22.760730938311337,23,0,3.0
RET-005189,ORD-006882,2024-02-16,CUST-01061,PROD-0149,Beauty,Wrong Item,884.7506382394675,12.172529819047584,15,1,4.0
RET-005190,ORD-002867,2023-06-10,CUST-00070,PROD-0432,Beauty,Defective,1435.2940288705158,10.393080201537641,28,0,1.0
RET-005191,ORD-000620,2024-01-29,CUST-01976,PROD-0114,Home,Size Issue,1871.2871737130884,46.892636039625266,13,0,1.0
RET-005192,ORD-002206,2023-03-30,CUST-01545,PROD-0206,Beauty,Defective,917.9579130309255,73.9832973705727,10,0,1.0
RET-005193,ORD-001785,2023-11-19,CUST-01726,PROD-0356,Home,Not as Described,720.8502804107901,97.50625813267584,2,0,5.0
RET-005194,ORD-007149,2024-02-24,CUST-01566,PROD-0103,Beauty,Size Issue,712.4037840173563,89.39917846119491,21,0,5.0
RET-005195,,2023-04-22,CUST-01751,,Clothing,Defective,367.233294084918,18.655792410138396,6,1,4.0
RET-005196,ORD-001889,2022-08-24,CUST-01075,PROD-0402,Clothing,Size Issue,1651.9339380728247,28.716624180178552,10,1,2.0
RET-005197,ORD-005853,2023-10-31,CUST-01510,PROD-0134,Clothing,Changed Mind,1137.0715340056202,18.415731156378,20,0,2.0
RET-005198,ORD-006776,2023-12-03,CUST-01428,PROD-0463,Home,Wrong Item,464.07286368000445,74.08191147190479,5,0,3.0
RET-005199,ORD-000831,2024-01-25,CUST-01224,PROD-0077,Beauty,Changed Mind,1951.1815210858554,40.36418129450029,3,0,4.0
RET-005200,ORD-009042,2022-12-23,CUST-00292,PROD-0129,Electronics,Changed Mind,446.9038194923183,20.28956444187351,10,1,4.0
RET-005201,ORD-008688,2022-12-27,CUST-01392,PROD-0392,Clothing,Wrong Item,1782.1320931381952,16.024497518116533,27,0,1.0
RET-005202,ORD-004081,2023-12-13,CUST-01300,PROD-0364,Beauty,Defective,252.64762773418704,98.11295357795358,21,0,4.0
RET-005203,ORD-006875,2023-10-11,CUST-01217,PROD-0067,Electronics,Changed Mind,1432.1065821510563,58.91152178980986,0,0,5.0
RET-005204,,2023-03-15,CUST-01997,PROD-0140,Clothing,Size Issue,1334.9576741198389,89.22329021215609,16,0,2.0
RET-005205,,2022-06-04,CUST-00985,,Clothing,Not as Described,1834.3664207125996,70.64224688669674,28,0,1.0
RET-005206,ORD-001917,2024-01-19,CUST-01987,PROD-0115,Home,Not as Described,1184.6752526233788,0.6859414469627234,22,0,4.0
RET-005207,ORD-005924,2023-03-12,CUST-01593,PROD-0310,Beauty,Changed Mind,1496.5585187581657,32.472424082934424,29,0,2.0
RET-005208,ORD-008982,2023-03-10,CUST-00707,PROD-0019,Electronics,Not as Described,1703.4795094450444,41.56041901675128,1,0,3.0
RET-005209,ORD-005108,2023-11-11,CUST-00557,PROD-0457,Home,Changed Mind,821.4143619628614,93.77517368786665,9,1,4.0
RET-005210,ORD-000186,2022-09-29,CUST-00009,PROD-0400,Beauty,Changed Mind,305.1631312430989,38.323966404516916,4,1,2.0
RET-005211,ORD-004781,2023-05-11,CUST-01453,PROD-0356,Clothing,Size Issue,34.1070803675846,40.79061679971219,21,0,2.0
RET-005212,ORD-004286,2022-08-31,CUST-00954,PROD-0014,Beauty,Wrong Item,355.28798052534773,96.64085356849658,26,1,5.0
RET-005213,ORD-002606,2023-01-10,CUST-00512,PROD-0226,Home,Defective,1269.8182201274421,17.983783545628263,4,0,3.0
RET-005214,ORD-001623,2023-11-13,CUST-01574,PROD-0290,Electronics,Wrong Item,118.24500631366548,72.57948903061394,12,0,1.0
RET-005215,ORD-004769,2022-12-15,CUST-01058,PROD-0237,Home,Size Issue,1212.3896317539566,41.31780103640822,22,0,3.0
RET-005216,ORD-005138,2023-02-06,CUST-01688,PROD-0265,Home,Wrong Item,450.52783789925434,29.009412566542203,15,0,3.0
RET-005217,ORD-006725,2023-10-16,CUST-01295,PROD-0170,Electronics,Wrong Item,421.35893493547445,5.139897621360944,26,0,2.0
RET-005218,ORD-001096,2022-11-02,CUST-00256,PROD-0047,Home,Wrong Item,996.6848419998793,3.9171607141105347,4,0,4.0
RET-005219,ORD-003038,2024-03-20,CUST-00487,PROD-0415,Beauty,Size Issue,607.4971399324337,67.4519592306188,1,0,5.0
RET-005220,ORD-007584,2023-07-03,CUST-01445,PROD-0432,Clothing,Size Issue,94.75688858170585,28.911050729836163,8,0,5.0
RET-005221,ORD-000660,2023-03-10,CUST-00021,PROD-0344,Beauty,Wrong Item,373.7800871105464,1.5002284142103917,18,1,1.0
RET-005222,ORD-000287,2022-10-22,CUST-00221,PROD-0500,Home,Changed Mind,1864.9887641626294,8.95284785317606,19,0,1.0
RET-005223,ORD-009795,2023-05-07,CUST-00458,PROD-0402,Beauty,Size Issue,570.2421477599381,94.97722885155116,11,0,4.0
RET-005224,ORD-005024,2023-09-30,CUST-00464,PROD-0424,Clothing,Wrong Item,129.48511097232029,98.39716282217513,9,0,2.0
RET-005225,,2023-04-19,CUST-01100,PROD-0046,Home,Size Issue,1606.2941774313476,32.21114053422276,28,0,3.0
RET-005226,ORD-006127,2022-07-22,CUST-01493,PROD-0025,Electronics,Not as Described,1346.9289422837696,98.95408881288202,5,0,3.0
RET-005227,ORD-007277,2022-11-18,CUST-00286,PROD-0092,Electronics,Not as Described,1131.189693197077,87.79598288649501,27,1,1.0
RET-005228,ORD-005586,2022-10-08,CUST-01071,PROD-0500,Home,Defective,1749.8958594374049,93.96536156917622,16,1,
RET-005229,ORD-008718,2022-07-06,CUST-01702,PROD-0309,Electronics,Defective,1995.0174270886428,27.79358548482658,7,0,1.0
RET-005230,ORD-002390,2023-01-28,CUST-01098,PROD-0121,Beauty,Wrong Item,665.7725240252579,63.75442779631373,29,0,2.0
RET-005231,ORD-007052,2024-02-29,CUST-01443,PROD-0089,Beauty,Size Issue,615.4793161488794,36.96967772822646,18,1,1.0
RET-005232,ORD-002121,2023-05-18,CUST-01043,PROD-0412,Beauty,Defective,1410.1196554396977,15.66724141550424,16,0,2.0
RET-005233,ORD-002185,2023-10-28,CUST-01517,PROD-0042,Electronics,Size Issue,758.171007935199,83.6932392992804,23,1,2.0
RET-005234,ORD-002882,2023-06-08,CUST-00733,PROD-0023,Clothing,Not as Described,638.8301421818304,13.112093842709848,27,0,3.0
RET-005235,ORD-002099,2023-09-13,CUST-00769,PROD-0370,Beauty,Not as Described,120.71107160591582,48.68401410149025,6,0,3.0
RET-005236,ORD-006188,2024-04-06,CUST-01957,PROD-0465,Clothing,Defective,169.4658388363702,12.177418082190371,23,0,5.0
RET-005237,ORD-006226,2022-10-14,CUST-01431,PROD-0207,Home,Wrong Item,1036.2361539911917,71.37029478835868,0,0,
RET-005238,ORD-004210,2022-08-06,CUST-00865,PROD-0264,Clothing,Size Issue,1446.36699289691,60.479544305418464,13,0,1.0
RET-005239,ORD-005691,2024-01-18,CUST-01921,PROD-0073,Clothing,Wrong Item,802.221719657092,97.72696144118237,11,0,3.0
RET-005240,ORD-002041,2024-03-03,CUST-00556,PROD-0270,Home,Changed Mind,991.4922535162617,53.639352562844955,20,0,4.0
RET-005241,ORD-008683,2022-08-11,CUST-01476,PROD-0394,Beauty,Wrong Item,605.64063898912,70.46462594375548,2,0,3.0
RET-005242,ORD-008827,2023-06-24,CUST-01463,PROD-0075,Beauty,Changed Mind,84.82033384506686,22.281328581776762,20,0,2.0
RET-005243,ORD-008036,2024-02-04,CUST-01794,PROD-0023,Clothing,Not as Described,1474.7122382259975,88.90724279098413,5,0,4.0
RET-005244,ORD-002822,2024-01-13,CUST-01505,PROD-0080,Electronics,Wrong Item,860.3209806742857,60.558375462932936,10,0,5.0
RET-005245,ORD-006667,2022-08-12,CUST-00458,PROD-0337,Clothing,Size Issue,969.3586350810386,88.17996318361352,29,1,5.0
RET-005246,ORD-004007,2023-02-05,CUST-00179,PROD-0139,Beauty,Defective,1131.7411607370834,83.18340324968875,7,0,3.0
RET-005247,,2023-10-28,CUST-01593,PROD-0394,Beauty,Defective,1708.8465267429256,53.30601105189007,8,0,1.0
RET-005248,ORD-001031,2023-09-15,CUST-01576,PROD-0241,Clothing,Changed Mind,1688.183138336943,19.59346277429632,28,1,5.0
RET-005249,ORD-003296,2024-01-01,CUST-01877,PROD-0417,Electronics,Wrong Item,703.0302449974021,12.880298661714251,11,0,3.0
RET-005250,ORD-000570,2023-11-22,CUST-01256,PROD-0093,Clothing,Not as Described,1835.6767322179762,46.86148477259354,17,0,2.0
RET-005251,ORD-004924,2023-11-14,CUST-01689,PROD-0221,Home,Wrong Item,593.0354072889099,60.17707217378735,28,1,2.0
RET-005252,ORD-002913,2022-08-29,CUST-00293,PROD-0267,Electronics,Wrong Item,1771.9324708883414,71.19706264750562,18,0,4.0
RET-005253,ORD-005117,2024-04-12,CUST-01590,PROD-0071,Beauty,Changed Mind,1294.9393302648282,83.25524392246916,24,1,2.0
RET-005254,ORD-007379,2024-02-26,CUST-01820,PROD-0092,Electronics,Changed Mind,1435.5362301516261,83.06195843141829,6,1,5.0
RET-005255,ORD-005832,2024-01-03,CUST-00261,PROD-0344,Clothing,Defective,1885.7936762675668,69.52600088726597,10,0,5.0
RET-005256,ORD-003160,2023-02-06,CUST-00342,PROD-0219,Electronics,Changed Mind,1914.412783173548,83.645516304595,17,0,2.0
RET-005257,ORD-007055,2023-01-13,CUST-00557,PROD-0308,Beauty,Defective,1987.3893528175226,58.81590952107246,5,1,4.0
RET-005258,ORD-001897,2022-11-03,CUST-01479,PROD-0257,Electronics,Wrong Item,984.6397747558494,88.38660096744893,20,0,4.0
RET-005259,ORD-009257,2022-08-29,CUST-00780,PROD-0202,Clothing,Size Issue,478.68879437897255,37.8818540151547,26,0,2.0
RET-005260,ORD-008420,2023-06-01,CUST-01185,PROD-0224,Electronics,Not as Described,1991.3723781640012,20.125789063545373,3,0,2.0
RET-005261,,2024-04-22,CUST-00269,PROD-0302,Beauty,Not as Described,1848.9228118986623,65.87382881072469,4,0,5.0
RET-005262,ORD-008652,2023-02-17,CUST-01172,PROD-0413,Beauty,Defective,1592.7924716868472,4.8838910115399425,16,0,1.0
RET-005263,ORD-009945,2023-09-05,CUST-01848,PROD-0152,Clothing,Not as Described,594.9311941547604,1.9784428494435957,11,0,1.0
RET-005264,ORD-001528,2022-12-11,CUST-01560,PROD-0035,Clothing,Changed Mind,689.3545478060278,68.90780784575273,6,0,3.0
RET-005265,ORD-001114,2022-10-05,CUST-00440,,Beauty,Size Issue,264.82512169032816,73.93816339837575,5,0,3.0
RET-005266,ORD-005231,2023-09-26,CUST-01291,PROD-0049,Clothing,Not as Described,736.6578053933275,48.45483292125582,9,1,3.0
RET-005267,ORD-001776,2023-08-19,CUST-00917,PROD-0255,Beauty,Not as Described,1767.2638231781045,75.4071302151412,0,0,4.0
RET-005268,ORD-007338,2023-09-18,CUST-01289,PROD-0054,Beauty,Wrong Item,1890.633182812807,48.75187304514789,12,0,3.0
RET-005269,ORD-007680,2022-11-19,CUST-00544,PROD-0161,Home,Not as Described,1970.9269022572355,1.7659483576402235,7,1,1.0
RET-005270,ORD-009526,2022-07-13,CUST-01169,PROD-0446,Beauty,Not as Described,742.9796362130352,84.05544385482987,28,0,2.0
RET-005271,ORD-001355,2023-03-26,CUST-00369,PROD-0199,Beauty,Defective,617.2665973713526,43.63224046335612,22,0,5.0
RET-005272,ORD-001998,2022-07-30,CUST-01385,PROD-0069,Beauty,Not as Described,1450.8859260422355,86.22011007739354,12,0,2.0
RET-005273,ORD-005550,2023-07-04,CUST-00214,PROD-0221,Clothing,Changed Mind,652.577057304755,80.48936070107993,22,0,2.0
RET-005274,ORD-002858,2023-10-19,CUST-01854,PROD-0288,Clothing,Wrong Item,1411.2393181704479,13.503381798710922,11,0,2.0
RET-005275,ORD-006796,2023-05-12,CUST-01883,PROD-0178,Clothing,Defective,1538.8175198037425,25.27472678733308,10,0,3.0
RET-005276,ORD-004084,2024-02-22,CUST-01313,PROD-0358,Beauty,Not as Described,24.074428103924397,88.38439721813613,1,0,5.0
RET-005277,ORD-007991,2023-12-26,CUST-00197,PROD-0140,Electronics,Defective,1669.8533319524595,44.38622311516346,5,0,3.0
RET-005278,,2023-04-26,CUST-01348,PROD-0029,Electronics,Defective,994.657186320963,65.22663781575062,19,0,3.0
RET-005279,ORD-003466,2022-06-18,CUST-00705,PROD-0105,Clothing,Defective,377.39390660179237,68.68095012240857,0,0,3.0
RET-005280,ORD-002434,,CUST-00483,PROD-0030,Beauty,Size Issue,521.759209924144,36.481940930030255,20,0,4.0
RET-005281,ORD-003934,2023-05-21,CUST-01381,PROD-0443,Clothing,Wrong Item,936.2929080069432,66.55238838306563,2,0,1.0
RET-005282,ORD-003578,2023-05-02,CUST-00118,PROD-0090,Clothing,Wrong Item,1347.6891965208497,80.55999806110572,28,0,4.0
RET-005283,ORD-000322,2022-11-11,CUST-00908,PROD-0313,Home,Changed Mind,938.3231413418022,60.57758529157984,26,0,4.0
RET-005284,ORD-001528,,CUST-01515,PROD-0402,Electronics,Wrong Item,1867.8853497556631,1.8812455498203873,11,1,4.0
RET-005285,ORD-008195,2023-01-06,CUST-01073,PROD-0208,Clothing,Changed Mind,1079.947427717054,23.084878119786246,16,0,1.0
RET-005286,ORD-006986,2023-06-05,CUST-00893,PROD-0482,Home,Wrong Item,1759.0009589298181,17.57893243015687,29,0,5.0
RET-005287,ORD-006102,2024-01-19,CUST-00710,PROD-0240,Clothing,Not as Described,769.119832732426,73.85453186080278,5,1,3.0
RET-005288,ORD-001626,2023-09-30,CUST-01463,PROD-0453,Clothing,Changed Mind,869.940379446383,61.61931394067326,7,1,1.0
RET-005289,ORD-006858,2023-07-18,CUST-00273,PROD-0475,Home,Changed Mind,526.3153974151168,31.015623266067372,19,0,1.0
RET-005290,ORD-005644,2023-01-27,CUST-00811,PROD-0277,Electronics,Defective,1899.8707862904268,51.18042330500899,27,1,1.0
RET-005291,ORD-001700,2023-12-08,CUST-00465,PROD-0074,Electronics,Not as Described,1645.3904581619768,41.43318931825044,17,0,3.0
RET-005292,ORD-003370,2023-06-07,CUST-00672,PROD-0098,Electronics,Size Issue,1937.5574815299747,13.617093217108877,15,0,3.0
RET-005293,ORD-001947,2023-07-14,CUST-01019,PROD-0063,Home,Defective,1439.683653553125,23.516894489905837,17,1,4.0
RET-005294,ORD-007131,2022-12-12,CUST-01340,PROD-0223,Electronics,Not as Described,577.6163578472139,43.48356544501254,10,0,3.0
RET-005295,ORD-006283,2022-06-08,CUST-01299,PROD-0330,Electronics,Wrong Item,760.575910628176,35.76802286015307,5,1,2.0
RET-005296,ORD-002162,2022-06-01,CUST-01034,PROD-0092,Clothing,Defective,1795.3324094907578,26.984698897608737,17,1,3.0
RET-005297,ORD-003800,2023-08-14,CUST-01901,PROD-0067,Home,Size Issue,1125.273150832443,40.9321474029802,0,0,4.0
RET-005298,ORD-002153,2023-12-16,CUST-00183,PROD-0291,Clothing,Defective,1832.9691235602124,88.79792118961653,27,1,1.0
RET-005299,ORD-009479,2023-06-09,CUST-01168,PROD-0048,Electronics,Size Issue,1725.8175709501884,49.8861933484889,4,1,5.0
RET-005300,ORD-001220,2023-08-01,CUST-01060,PROD-0368,Beauty,Defective,436.4881908340192,91.9001612243107,13,0,3.0
RET-005301,ORD-006418,,CUST-01142,PROD-0467,Home,Wrong Item,23.64068051062555,74.70981023919818,25,0,5.0
RET-005302,,2022-10-21,CUST-00481,PROD-0032,Clothing,Changed Mind,1018.5232801103961,46.76596245140866,10,0,4.0
RET-005303,ORD-004197,2024-04-25,CUST-01402,PROD-0490,Electronics,Size Issue,1290.5463308747908,40.51070512796113,21,0,4.0
RET-005304,ORD-008609,,CUST-01926,PROD-0492,Clothing,Defective,807.2223491196888,36.68848072531063,2,1,2.0
RET-005305,ORD-000555,2023-04-15,CUST-01255,PROD-0239,Beauty,Size Issue,790.4901129589372,20.672520224866876,27,0,2.0
RET-005306,ORD-000468,2022-08-06,CUST-00274,PROD-0439,Clothing,Wrong Item,1838.40481787107,25.806418242105412,11,0,3.0
RET-005307,ORD-005896,2022-12-02,CUST-01884,PROD-0053,Clothing,Wrong Item,1642.9727542295243,36.258452091828616,12,1,3.0
RET-005308,ORD-002700,2022-07-02,CUST-00628,PROD-0200,Electronics,Not as Described,1289.8686888412235,73.56676839416,5,0,2.0
RET-005309,ORD-003863,,CUST-01251,PROD-0308,Clothing,Changed Mind,662.9018000558054,72.6569554990332,29,0,5.0
RET-005310,ORD-001748,2023-04-29,CUST-00557,PROD-0155,Home,Defective,1794.663366948181,30.220352555980423,9,1,2.0
RET-005311,ORD-008709,2023-08-01,CUST-01825,PROD-0328,Beauty,Changed Mind,436.38661569362586,65.57384284926245,11,0,5.0
RET-005312,ORD-007967,2024-01-13,CUST-01082,PROD-0102,Electronics,Not as Described,1489.0002596619,71.03431607241468,21,1,1.0
RET-005313,ORD-001873,2023-01-08,CUST-00699,PROD-0045,Beauty,Not as Described,651.5208662443968,55.11520190372566,0,0,2.0
RET-005314,ORD-000050,2023-05-11,CUST-01562,PROD-0438,Electronics,Not as Described,1876.5553038783921,78.68705971361739,18,1,3.0
RET-005315,ORD-008021,2023-12-03,CUST-00850,PROD-0081,Home,Changed Mind,321.4871644520568,96.02614616234307,6,0,4.0
RET-005316,ORD-008685,2023-02-11,CUST-01474,PROD-0236,Home,Not as Described,1681.5803866532788,29.463526676859132,11,0,5.0
RET-005317,ORD-005638,2023-02-15,CUST-00381,PROD-0058,Electronics,Wrong Item,118.55956975522322,11.592133733972155,3,0,5.0
RET-005318,ORD-001935,2024-01-05,CUST-01205,PROD-0065,Clothing,Wrong Item,671.9697671041097,31.56747341733137,21,0,2.0
RET-005319,ORD-005907,2023-11-06,CUST-01008,PROD-0442,Beauty,Not as Described,292.031662054596,73.0070676031295,7,0,1.0
RET-005320,ORD-003043,2024-04-30,CUST-01832,PROD-0200,Clothing,Not as Described,520.3258097136024,66.15843176689643,26,0,5.0
RET-005321,ORD-007859,2023-11-03,CUST-01276,PROD-0073,Electronics,Wrong Item,1280.8437499299919,53.57106763994647,9,0,1.0
RET-005322,ORD-009761,2023-05-03,CUST-00233,PROD-0340,Clothing,Wrong Item,1137.3405024453646,27.174310453713137,1,1,3.0
RET-005323,,2022-08-04,CUST-00427,PROD-0447,Clothing,Wrong Item,625.1372946806592,6.890129370408104,9,0,5.0
RET-005324,ORD-000534,2024-04-18,CUST-00432,PROD-0383,Home,Not as Described,1769.6131330087244,18.607031644251094,7,0,5.0
RET-005325,ORD-004013,2023-11-13,CUST-01421,PROD-0265,Home,Not as Described,854.1949507208049,88.54244490356908,0,0,1.0
RET-005326,ORD-002674,,CUST-00581,PROD-0152,Beauty,Size Issue,1107.683663998565,23.471995074216178,25,0,5.0
RET-005327,ORD-000378,2022-07-06,CUST-01786,PROD-0286,Beauty,Defective,1954.1406959398203,76.29125509924468,25,0,
RET-005328,ORD-006085,2023-11-14,CUST-01635,PROD-0267,Electronics,Changed Mind,554.9605553791757,55.244759204126595,18,1,3.0
RET-005329,ORD-002073,2023-07-04,CUST-00802,PROD-0020,Beauty,Not as Described,89.05982876334845,52.367121752361676,27,0,1.0
RET-005330,ORD-004780,2022-11-01,CUST-01525,PROD-0236,Beauty,Not as Described,238.8446364660524,53.53391593424691,6,0,4.0
RET-005331,ORD-001095,2024-04-17,CUST-01355,PROD-0062,Beauty,Wrong Item,846.6578454429723,20.559332796300833,23,1,4.0
RET-005332,ORD-008342,2022-08-20,CUST-00515,PROD-0220,Clothing,Wrong Item,203.46495909928512,74.07978239112465,10,0,4.0
RET-005333,ORD-003338,2023-01-28,CUST-00550,PROD-0031,Home,Wrong Item,25.982317147462926,92.78697662722254,4,0,4.0
RET-005334,ORD-005828,2023-09-17,CUST-01827,PROD-0094,Home,Defective,1460.5848193522902,13.555785342972948,8,0,
RET-005335,ORD-004492,2023-02-10,CUST-00344,PROD-0449,Beauty,Defective,1690.0119600254434,65.78330822444812,12,0,2.0
RET-005336,ORD-005819,2023-02-25,CUST-01934,PROD-0103,Home,Not as Described,1810.7934205886515,44.886314947238844,19,0,3.0
RET-005337,ORD-007559,,CUST-01366,PROD-0463,Home,Changed Mind,1940.3439805293895,73.58795753916841,9,1,1.0
RET-005338,ORD-007811,2023-12-17,CUST-01261,PROD-0175,Beauty,Wrong Item,1678.196263385448,76.69128987973146,15,0,1.0
RET-005339,ORD-008866,2022-09-12,CUST-01135,PROD-0294,Home,Defective,1058.231509393251,91.90937817540818,8,0,2.0
RET-005340,ORD-002463,2024-03-20,CUST-01947,PROD-0004,Home,Size Issue,1635.1504739886268,61.69011954069026,4,1,1.0
RET-005341,ORD-003755,2023-02-05,CUST-00109,PROD-0081,Beauty,Defective,184.6152006956347,56.21714563184056,2,0,4.0
RET-005342,ORD-006667,2022-09-13,CUST-00038,PROD-0188,Electronics,Defective,197.47818262335838,16.259278115102006,13,0,2.0
RET-005343,ORD-009654,2023-03-20,CUST-01623,PROD-0053,Electronics,Defective,34.357312901958046,23.837651323517683,7,0,4.0
RET-005344,ORD-007505,2023-07-22,CUST-00755,PROD-0305,Electronics,Changed Mind,944.0327529704373,21.80556490406458,15,0,4.0
RET-005345,ORD-002961,2023-10-01,CUST-01390,PROD-0042,Home,Wrong Item,954.633190348739,19.28096235418527,16,1,2.0
RET-005346,ORD-006413,2023-06-15,CUST-00855,PROD-0197,Home,Size Issue,1841.0049280348878,92.02234994977819,14,0,3.0
RET-005347,ORD-004207,2022-08-11,CUST-01618,PROD-0427,Home,Not as Described,849.153990582755,74.56123296736456,28,0,4.0
RET-005348,ORD-001716,2023-02-14,CUST-00667,PROD-0364,Home,Not as Described,1282.072701757391,23.23293814819516,0,1,5.0
RET-005349,ORD-007831,2023-11-27,CUST-01140,PROD-0226,Electronics,Defective,1931.7616210353565,48.31218124095537,0,0,5.0
RET-005350,ORD-009333,2022-06-12,CUST-00724,PROD-0402,Clothing,Defective,1446.5281549090334,82.9325176014423,13,0,4.0
RET-005351,ORD-003894,2023-03-31,CUST-01995,PROD-0262,Clothing,Defective,722.4470234788787,11.653588946178617,16,1,1.0
RET-005352,ORD-002586,2023-03-19,CUST-01187,PROD-0130,Home,Defective,965.755881374034,17.078291100454134,24,0,3.0
RET-005353,ORD-000584,2024-01-12,CUST-01693,PROD-0130,Home,Defective,396.63307998580484,72.28558002348949,18,0,3.0
RET-005354,ORD-006170,2022-10-30,CUST-00156,PROD-0117,Electronics,Changed Mind,934.8535366908436,42.3065612282099,25,1,2.0
RET-005355,ORD-006890,2023-04-06,CUST-01664,PROD-0165,Home,Defective,394.1537549176502,12.457419790832214,21,0,5.0
RET-005356,ORD-003056,2022-07-10,CUST-01808,PROD-0311,Electronics,Wrong Item,1592.1789006506847,0.26714725568516284,21,1,4.0
RET-005357,ORD-008212,2023-01-25,CUST-00967,PROD-0464,Clothing,Wrong Item,937.1508259121656,74.13108342068979,3,0,4.0
RET-005358,ORD-007853,2022-10-30,CUST-01202,PROD-0162,Electronics,Not as Described,397.1309347388412,46.43042348798594,3,1,3.0
RET-005359,ORD-005982,2023-10-14,CUST-01179,PROD-0258,Clothing,Changed Mind,1732.5874753320336,42.04269232928788,28,0,2.0
RET-005360,ORD-009157,2024-03-27,CUST-00265,PROD-0397,Electronics,Defective,1315.4557334569904,97.11689380723311,27,1,5.0
RET-005361,ORD-008439,2023-08-03,CUST-00080,PROD-0125,Electronics,Not as Described,1017.6760186329042,35.678598739266874,17,0,3.0
RET-005362,ORD-008614,2023-08-22,CUST-01761,PROD-0426,Home,Not as Described,899.6750961206444,49.504241782083945,20,1,1.0
RET-005363,ORD-007595,2023-04-27,CUST-01702,PROD-0377,Electronics,Changed Mind,726.7994905286956,81.05716325519117,15,0,1.0
RET-005364,ORD-005232,2023-04-06,CUST-01666,PROD-0393,Home,Changed Mind,1723.221505637892,25.965606402928465,6,1,5.0
RET-005365,ORD-001139,2022-07-15,CUST-01066,PROD-0260,Electronics,Wrong Item,488.32857921479155,90.01696001009094,2,1,5.0
RET-005366,ORD-006646,2022-12-29,CUST-01058,PROD-0048,Beauty,Changed Mind,1011.5692442833365,41.71736064306902,25,0,
RET-005367,ORD-008225,2023-08-14,CUST-01205,PROD-0441,Electronics,Changed Mind,1770.9566276810976,58.67211853565608,6,0,3.0
RET-005368,ORD-009943,2022-10-28,CUST-01755,PROD-0264,Clothing,Size Issue,1948.1437155234828,44.48713319492504,13,0,5.0
RET-005369,ORD-003207,2022-10-04,CUST-00889,PROD-0282,Electronics,Not as Described,686.5021658781947,84.57115303923817,12,0,1.0
RET-005370,ORD-002228,2024-01-17,CUST-01467,PROD-0308,Home,Defective,1879.83274334846,74.79872517712109,25,0,1.0
RET-005371,ORD-003150,2023-10-29,CUST-00804,PROD-0443,Beauty,Defective,1999.1915619285185,57.564390495596044,7,0,4.0
RET-005372,ORD-003956,2023-04-03,CUST-00018,PROD-0132,Home,Size Issue,1763.3156120873405,73.59040761926546,19,1,1.0
RET-005373,ORD-002523,2023-08-07,CUST-01741,PROD-0157,Beauty,Wrong Item,160.31912570325844,24.658044306631222,27,0,4.0
RET-005374,ORD-009694,2023-06-18,CUST-01638,PROD-0354,Beauty,Wrong Item,267.3572394930995,33.595705398080035,20,0,5.0
RET-005375,ORD-004193,2023-08-29,CUST-01554,PROD-0330,Clothing,Wrong Item,1712.6715016342644,83.41548494981063,29,0,4.0
RET-005376,,2024-04-16,CUST-01934,PROD-0023,Home,Changed Mind,1858.8075256351046,53.905129703948205,2,0,
RET-005377,ORD-003211,2023-06-05,CUST-01321,PROD-0307,Beauty,Size Issue,87.70349566802733,99.01037875200805,3,1,3.0
RET-005378,ORD-000964,2022-08-15,CUST-00208,PROD-0373,Clothing,Size Issue,1797.3348169045537,95.06281918355562,4,1,
RET-005379,,2023-06-24,CUST-00432,PROD-0154,Clothing,Changed Mind,1762.2624202264128,1.3518776896887297,23,0,5.0
RET-005380,ORD-006226,2022-07-19,CUST-01428,PROD-0022,Clothing,Not as Described,713.9982982225404,66.53876017376699,19,0,3.0
RET-005381,ORD-005174,2022-06-19,CUST-00136,PROD-0124,Clothing,Size Issue,197.83097356867546,2.7994872007676808,0,0,1.0
RET-005382,ORD-006896,2023-08-25,CUST-01627,PROD-0254,Clothing,Defective,547.6312165386048,29.04141751986532,25,0,1.0
RET-005383,ORD-002749,2023-09-28,CUST-01838,PROD-0345,Beauty,Changed Mind,327.5935708527376,63.719431897743675,4,0,1.0
RET-005384,ORD-003419,2023-07-20,CUST-00953,PROD-0119,Home,Not as Described,1055.9066314343488,78.21651423878609,5,0,2.0
RET-005385,ORD-003361,2022-08-29,CUST-00773,PROD-0153,Home,Changed Mind,886.8842301778843,0.38106555142612963,13,0,4.0
RET-005386,ORD-002489,2023-08-12,CUST-00309,PROD-0084,Clothing,Defective,893.9302517760754,42.89229210573675,17,0,4.0
RET-005387,ORD-004795,2022-06-03,CUST-00534,PROD-0347,Beauty,Changed Mind,1699.306034167249,98.60106059596167,1,1,1.0
RET-005388,ORD-001028,2023-09-21,CUST-00171,PROD-0194,Beauty,Wrong Item,642.3574670868601,62.64736889393379,2,1,2.0
RET-005389,ORD-003107,2022-11-27,CUST-01546,PROD-0451,Home,Wrong Item,187.25621664248106,4.500599965410956,0,0,
RET-005390,ORD-008918,2023-04-06,CUST-01548,PROD-0343,Clothing,Changed Mind,545.2562831500171,92.02347828830334,25,1,3.0
RET-005391,ORD-000939,2023-05-16,CUST-01261,PROD-0327,Electronics,Size Issue,1746.4205222989463,2.46151471755226,26,0,5.0
RET-005392,ORD-005997,2022-09-28,CUST-01124,PROD-0465,Home,Not as Described,1301.8572314416404,53.20544847369708,6,0,5.0
RET-005393,ORD-002745,2022-09-15,CUST-01065,PROD-0096,Home,Not as Described,1202.6004155651478,39.312689403731646,28,1,3.0
RET-005394,ORD-002512,2024-04-20,CUST-01126,PROD-0149,Electronics,Not as Described,1048.1189266752644,28.830986641965506,6,0,2.0
RET-005395,ORD-006798,2023-05-13,CUST-01961,PROD-0272,Clothing,Defective,728.8057384258931,6.606319758334123,23,0,1.0
RET-005396,ORD-004588,2023-09-23,CUST-01255,PROD-0425,Clothing,Wrong Item,1552.6925497062236,39.24303673387619,22,0,5.0
RET-005397,ORD-005473,2023-06-30,CUST-00899,PROD-0139,Home,Defective,718.1065512923958,38.00203046263887,21,0,2.0
RET-005398,ORD-007105,2023-05-17,CUST-00305,PROD-0197,Clothing,Defective,1003.1752901562708,23.895315814483318,25,0,3.0
RET-005399,ORD-006095,2024-04-27,CUST-00670,PROD-0073,Electronics,Size Issue,1015.8600912463801,78.70310966706911,3,0,5.0
RET-005400,ORD-007083,2022-07-19,CUST-00938,PROD-0176,Home,Not as Described,396.5423264153775,49.30441260851685,13,0,1.0
RET-005401,ORD-005735,2023-04-13,CUST-00159,PROD-0459,Home,Defective,634.2230060846979,7.216602904937175,10,1,3.0
RET-005402,,2022-07-28,CUST-00153,PROD-0294,Beauty,Size Issue,1371.0222851434833,50.53120494976999,25,0,2.0
RET-005403,ORD-004941,2023-06-25,CUST-01534,PROD-0147,Electronics,Size Issue,300.22053371893185,13.185315937715092,1,1,3.0
RET-005404,ORD-006990,2023-02-10,CUST-01868,PROD-0185,Beauty,Wrong Item,1750.7609872094463,48.4761772909649,22,1,5.0
RET-005405,ORD-006243,,CUST-00840,PROD-0419,Beauty,Wrong Item,1385.16933387333,76.93875047604487,10,1,2.0
RET-005406,ORD-009121,2022-06-11,CUST-01865,PROD-0264,Clothing,Wrong Item,432.8768766241795,32.2258844940563,19,0,3.0
RET-005407,ORD-008337,2023-12-08,CUST-00338,PROD-0392,Home,Not as Described,1155.6747615807476,32.10919616109135,6,0,3.0
RET-005408,ORD-004508,2023-05-26,CUST-01565,PROD-0079,Beauty,Wrong Item,1105.8932961311393,24.7795532896676,29,0,2.0
RET-005409,ORD-008248,2022-08-11,CUST-00629,PROD-0444,Clothing,Not as Described,1830.9213421970203,68.70809302001338,11,0,3.0
RET-005410,ORD-001014,2023-03-05,CUST-01494,PROD-0229,Home,Not as Described,650.2887895790042,44.69664525635937,8,0,1.0
RET-005411,ORD-004921,2023-07-03,CUST-01130,PROD-0337,Clothing,Size Issue,1944.9395107021237,2.133771316657418,2,1,2.0
RET-005412,ORD-007030,2022-08-26,CUST-00662,PROD-0025,Electronics,Not as Described,1889.3841763631804,73.58987384985103,9,1,2.0
RET-005413,ORD-002216,2024-04-03,CUST-00308,PROD-0300,Beauty,Size Issue,332.22440229520777,41.12762909968003,12,1,3.0
RET-005414,ORD-006421,2022-12-17,CUST-01944,PROD-0428,Electronics,Defective,102.809188320755,66.21310108205363,22,0,4.0
RET-005415,ORD-002220,2024-01-07,CUST-01416,PROD-0302,Electronics,Changed Mind,1468.5818734388356,90.12035663648484,24,0,3.0
RET-005416,ORD-008003,2023-06-30,CUST-00300,PROD-0135,Electronics,Wrong Item,396.1513329936473,46.73129514678808,21,0,4.0
RET-005417,ORD-003003,,CUST-01812,PROD-0046,Clothing,Changed Mind,1056.3103805827557,96.25457892546501,10,0,2.0
RET-005418,ORD-001052,2023-12-04,CUST-01241,PROD-0196,Home,Not as Described,1966.236648055375,34.85703827622862,2,0,2.0
RET-005419,ORD-009777,2023-01-12,CUST-00313,PROD-0138,Home,Wrong Item,293.2938110371488,18.188744450987958,15,1,2.0
RET-005420,ORD-001038,2023-03-19,CUST-00038,PROD-0177,Electronics,Defective,578.0482006527902,90.24518969890988,1,0,2.0
RET-005421,ORD-002201,2023-10-22,CUST-00165,PROD-0488,Electronics,Changed Mind,427.62385426559234,85.45804987372647,11,0,5.0
RET-005422,ORD-009279,2023-05-11,CUST-00911,PROD-0184,Clothing,Wrong Item,1918.4306956709231,78.01361047745127,5,0,3.0
RET-005423,ORD-005703,2023-03-20,CUST-00516,PROD-0275,Clothing,Size Issue,791.3438336889076,65.36786575952162,13,0,4.0
RET-005424,ORD-002349,2023-12-31,CUST-01100,PROD-0046,Electronics,Size Issue,366.40683564735383,71.7749159577622,23,1,1.0
RET-005425,ORD-000587,2023-11-29,CUST-00592,PROD-0421,Electronics,Defective,1506.0088480096827,89.85893381911114,3,0,1.0
RET-005426,ORD-007785,2022-07-08,CUST-01007,PROD-0218,Beauty,Wrong Item,1874.0643940937448,92.52973365469487,28,0,2.0
RET-005427,ORD-004729,2024-02-27,CUST-01827,PROD-0185,Clothing,Changed Mind,857.5308260673996,89.56530674982011,6,0,5.0
RET-005428,ORD-001396,2023-12-24,CUST-00955,PROD-0081,Electronics,Defective,1014.7949740496423,23.38370247904591,5,0,5.0
RET-005429,ORD-003728,2022-09-03,CUST-01301,PROD-0386,Home,Size Issue,837.1184616261694,0.031712274651929384,24,0,4.0
RET-005430,ORD-002158,2022-06-04,CUST-01033,PROD-0486,Home, Defective ,1315.8933035682219,54.785547411205485,19,0,2.0
RET-005431,ORD-002068,2023-03-16,CUST-01054,PROD-0411,Home,Wrong Item,1533.5001067641842,70.2695735776396,11,0,1.0
RET-005432,ORD-004919,2023-11-25,CUST-01788,PROD-0354,Electronics,Not as Described,1086.5043238135372,86.70967875357927,6,1,2.0
RET-005433,ORD-005872,2024-04-06,CUST-00018,PROD-0311,Clothing,Size Issue,1848.1109994489639,16.459975140690496,26,1,2.0
RET-005434,ORD-007176,2022-09-08,CUST-01892,PROD-0246,Electronics,Changed Mind,783.5283433326658,266.72870182733095,7,0,3.0
RET-005435,ORD-001236,2023-10-01,CUST-01153,PROD-0322,Beauty,Wrong Item,1485.2121547964293,95.13567452584373,23,1,4.0
RET-005436,ORD-008907,2023-06-10,CUST-01762,PROD-0070,Beauty,Not as Described,1021.571370931388,72.7632305054831,10,0,1.0
RET-005437,ORD-003612,2023-01-08,CUST-01925,PROD-0222,Clothing,Not as Described,979.5085447308879,13.1375786425043,5,0,1.0
RET-005438,ORD-007966,2023-08-17,CUST-00507,PROD-0133,Beauty,Changed Mind,938.2007229243118,64.11717055371938,6,0,4.0
RET-005439,ORD-005484,2023-04-28,CUST-01742,PROD-0352,Home,Not as Described,392.9230561209882,3.0329788403250735,23,0,5.0
RET-005440,ORD-005055,2023-01-15,CUST-00865,PROD-0376,Clothing,Size Issue,1841.9237104175754,35.27585534972062,24,0,1.0
RET-005441,ORD-007505,2022-09-11,CUST-00167,PROD-0202,Beauty,Size Issue,335.9983988980964,93.96344194085424,7,0,5.0
RET-005442,ORD-002977,2024-03-26,CUST-01967,PROD-0166,Electronics,Size Issue,813.48809979423,75.0988173902119,9,0,1.0
RET-005443,ORD-006369,2023-04-04,CUST-01173,PROD-0254,Electronics,Defective,435.7070939854591,22.84092912843947,3,0,2.0
RET-005444,ORD-000133,2023-12-02,CUST-00059,PROD-0009,Home,Changed Mind,50.29795927227032,54.2527337834523,2,1,4.0
RET-005445,ORD-006430,2022-06-24,CUST-00666,PROD-0301,Home,Defective,1514.2132417309158,76.25303380968535,27,1,4.0
RET-005446,ORD-004986,2024-01-06,CUST-01607,PROD-0404,Electronics,Defective,922.8692182714798,4.5752945475805,13,0,3.0
RET-005447,ORD-001809,2023-07-15,CUST-00434,,Electronics,Wrong Item,19.85332170156213,89.84438623807162,26,0,4.0
RET-005448,ORD-008438,2024-01-31,CUST-00142,PROD-0103,Home,Defective,1113.308253369697,88.47686658965034,2,0,3.0
RET-005449,ORD-008934,,CUST-01217,PROD-0093,Beauty,Wrong Item,776.9153792068976,5.846827068210447,10,0,2.0
RET-005450,ORD-004985,2022-10-28,CUST-00274,PROD-0351,Clothing,Changed Mind,1102.2391251201732,10.848656084676822,2,0,3.0
RET-005451,ORD-009792,2024-01-19,CUST-00782,PROD-0163,Beauty,Not as Described,493.10211838713434,34.02607065319215,2,1,1.0
RET-005452,ORD-001703,2023-06-07,CUST-00488,,Electronics,Defective,782.2151000721392,32.54497615208503,25,1,1.0
RET-005453,ORD-005417,2023-01-19,CUST-00449,PROD-0323,Electronics,Defective,1164.2822490221047,56.04568478156023,26,0,3.0
RET-005454,ORD-001684,2023-06-05,CUST-01565,PROD-0187,Beauty,Changed Mind,380.525405009776,23.99270759877272,11,0,4.0
RET-005455,ORD-007753,2024-03-29,CUST-00268,PROD-0202,Beauty,Not as Described,1506.499249470442,76.23785796662479,0,0,1.0
RET-005456,ORD-002175,2023-01-11,CUST-00952,PROD-0092,Home,Not as Described,871.8253265466936,4.533059078207968,18,0,5.0
RET-005457,ORD-005211,,CUST-01244,PROD-0031,Beauty,Not as Described,1925.8969798156595,31.366830489551578,20,1,3.0
RET-005458,ORD-004574,2023-11-17,CUST-01773,PROD-0412,Home,Not as Described,416.9531742121164,63.24408331355964,16,0,1.0
RET-005459,ORD-005348,2024-04-26,CUST-01580,PROD-0217,Home,Defective,1282.4019711997203,49.234031688969836,13,0,3.0
RET-005460,ORD-001191,2024-02-27,CUST-00474,PROD-0471,Home,Size Issue,1449.7002999308315,74.45588070274029,22,0,5.0
RET-005461,ORD-009828,2022-09-15,CUST-00633,PROD-0426,Beauty,Changed Mind,513.4482730641562,25.067720516296266,15,1,4.0
RET-005462,ORD-006046,2022-09-27,CUST-01500,PROD-0401,Beauty,Not as Described,63.80161732123296,99.42601446173694,12,1,4.0
RET-005463,ORD-009665,2022-09-28,CUST-01473,PROD-0144,Clothing,Defective,877.2515527432599,38.01884753222746,5,1,3.0
RET-005464,ORD-008410,2023-07-03,CUST-00381,PROD-0241,Electronics,Wrong Item,1911.2828335836557,49.7282344264338,11,0,2.0
RET-005465,ORD-006425,2024-04-17,CUST-01662,PROD-0388,Electronics,Changed Mind,334.48700339112094,139.44786786276796,2,0,3.0
RET-005466,ORD-007127,2023-05-20,CUST-01093,PROD-0337,Beauty,Not as Described,1157.1896095651753,55.802614406762075,27,0,5.0
RET-005467,ORD-005617,2022-07-05,CUST-00944,PROD-0001,Electronics,Defective,947.3047349034067,35.15264122315234,7,0,4.0
RET-005468,ORD-007389,2022-12-27,CUST-01072,PROD-0065,Beauty,Defective,165.72346915443313,91.6430447375947,29,1,3.0
RET-005469,ORD-005326,2023-03-24,CUST-01153,PROD-0060,Home,Changed Mind,940.4080211099608,58.70005926292309,20,0,5.0
RET-005470,ORD-009770,2023-11-18,CUST-01655,PROD-0185,Beauty,Defective,1586.5580642157845,64.33214867175118,11,1,2.0
RET-005471,ORD-006934,2023-05-28,CUST-00031,,Clothing,Wrong Item,1097.4640372295112,14.13317001531441,20,1,5.0
RET-005472,ORD-008429,2023-12-21,CUST-01799,PROD-0020,Electronics,Not as Described,1756.7529117841607,45.458305375198314,21,1,2.0
RET-005473,ORD-000448,2023-12-17,CUST-01698,PROD-0095,Home,Changed Mind,1795.7088556974418,91.77559782403802,3,1,1.0
RET-005474,ORD-004304,2023-06-20,CUST-01806,PROD-0188,Home,Defective,747.8443236444689,95.62293117332113,8,0,1.0
RET-005475,ORD-007803,2022-08-28,CUST-01288,PROD-0012,Clothing,Size Issue,1084.5303412769324,19.3374428545786,8,0,4.0
RET-005476,ORD-005431,,CUST-00351,PROD-0177,Electronics,Changed Mind,556.4387689690174,44.411676550832226,5,1,1.0
RET-005477,ORD-003334,2024-01-27,CUST-01440,PROD-0331,Beauty,Defective,1203.4948707569793,36.758961039671014,14,0,1.0
RET-005478,ORD-003028,2022-08-24,CUST-00401,PROD-0152,Electronics,Defective,1834.6452204696084,58.16865285328889,28,0,4.0
RET-005479,ORD-002735,2023-08-05,CUST-00129,PROD-0363,Electronics,Defective,1624.7881938667795,11.280028228765559,20,1,1.0
RET-005480,ORD-001444,2024-02-28,CUST-01169,PROD-0274,Home,Defective,1180.9949333460056,18.095218902744868,17,0,4.0
RET-005481,ORD-003332,2023-12-27,CUST-01843,PROD-0269,Beauty,Size Issue,917.6660842214212,57.86814736872815,1,0,3.0
RET-005482,ORD-001377,2023-05-10,CUST-00622,PROD-0264,Beauty,Defective,865.735700502926,66.23836712651496,22,0,4.0
RET-005483,ORD-001996,2023-06-03,CUST-00401,PROD-0494,Home,Defective,154.70897507649354,67.62521984440737,18,0,3.0
RET-005484,ORD-008256,2022-10-18,CUST-00046,PROD-0498,Clothing,Changed Mind,1267.5180940009773,21.37478981398018,22,1,2.0
RET-005485,ORD-007067,2023-01-27,CUST-00027,PROD-0099,Beauty,Defective,315.9000678801833,51.22808180532799,21,0,5.0
RET-005486,ORD-002587,2022-06-23,CUST-00413,PROD-0150,Electronics,Not as Described,910.7052388133088,94.68317743600694,15,0,4.0
RET-005487,ORD-007524,2023-10-01,CUST-01712,PROD-0291,Electronics,DEFECTIVE,885.3851116798297,22.297339463097043,11,0,4.0
RET-005488,ORD-004993,2022-12-06,CUST-01080,PROD-0491,Electronics,Size Issue,1443.2385549836986,59.69966864983436,12,1,1.0
RET-005489,ORD-000073,2023-01-30,CUST-00704,PROD-0398,Beauty,Defective,49.047392998918,55.700604910178306,27,1,2.0
RET-005490,ORD-001882,2022-10-24,CUST-01324,PROD-0314,Beauty,Changed Mind,368.9712775004269,30.52214175544733,2,1,4.0
RET-005491,ORD-003268,2023-05-01,CUST-01617,PROD-0282,Home,Defective,860.9803141469923,88.41954097154837,29,0,3.0
RET-005492,ORD-005285,2022-06-28,CUST-01030,PROD-0432,Beauty,Not as Described,452.32592169945246,60.7053802095637,5,0,5.0
RET-005493,ORD-004465,2022-06-29,CUST-01146,PROD-0221,Beauty,Defective,1867.1598315123156,81.15508703677106,12,0,1.0
RET-005494,ORD-006753,2023-07-23,CUST-00745,PROD-0167,Beauty,Defective,183.8814163244582,39.99261573529457,1,1,1.0
RET-005495,ORD-001361,2023-09-03,CUST-00775,PROD-0171,Beauty,Not as Described,1982.3402189916183,79.33172872911044,11,0,4.0
RET-005496,ORD-002577,2022-08-11,CUST-00275,PROD-0491,Electronics,Not as Described,1674.5125557654567,84.94688415206954,4,0,1.0
RET-005497,ORD-005713,2023-02-14,CUST-00991,,Clothing,Size Issue,1468.9845987123701,49.94941133363392,24,0,3.0
RET-005498,ORD-008733,2024-02-10,CUST-01015,PROD-0376,Beauty,Not as Described,1605.365235161846,12.79327747743839,16,0,1.0
RET-005499,ORD-004302,2022-11-23,CUST-01593,PROD-0077,Clothing,Size Issue,1579.3179914676964,25.850816479716975,14,0,4.0
RET-005500,ORD-000213,2023-10-06,CUST-00876,PROD-0012,Beauty,Size Issue,1637.8519917470067,18.873024100078396,8,0,4.0
RET-005501,ORD-000345,2023-02-13,CUST-00151,PROD-0064,Electronics,Wrong Item,1810.643623344605,32.92779680168334,4,0,3.0
RET-005502,ORD-009990,2022-12-26,CUST-01360,PROD-0402,Electronics,Wrong Item,1305.3998859002181,95.33349250642063,24,0,5.0
RET-005503,ORD-007921,2023-11-13,CUST-00593,PROD-0464,Clothing,Not as Described,808.9502833348616,65.00560993569358,11,1,4.0
RET-005504,ORD-001424,2023-03-21,CUST-01653,PROD-0367,Beauty,Not as Described,392.987166391592,73.79250508558509,26,0,
RET-005505,ORD-009110,2023-08-05,CUST-00389,PROD-0186,Clothing,Size Issue,1965.7290227210433,37.74618796076014,19,0,4.0
RET-005506,ORD-005043,2022-07-11,CUST-01685,PROD-0244,Clothing,Not as Described,1633.2608501817042,88.52191743736188,4,0,3.0
RET-005507,,2023-03-25,CUST-00007,PROD-0141,Home,Not as Described,1190.465923102084,14.875511403036901,5,0,3.0
RET-005508,ORD-001892,2023-06-26,CUST-01930,PROD-0104,Electronics,Changed Mind,549.8863141167543,55.677429193788655,26,0,5.0
RET-005509,ORD-009130,2022-11-18,CUST-00699,PROD-0141,Home,Not as Described,411.81843222676173,87.23471332967911,28,1,3.0
RET-005510,ORD-006793,2024-01-13,CUST-01852,PROD-0416,Beauty,Defective,100.16497346448143,0.1603005560995685,4,0,4.0
RET-005511,ORD-008594,2023-05-13,CUST-00675,PROD-0110,Electronics,Wrong Item,949.8625264536997,92.04380645268799,6,0,2.0
RET-005512,ORD-005097,2023-05-04,CUST-00195,PROD-0154,Home,Wrong Item,125.16806933862532,11.49049276413212,11,0,5.0
RET-005513,ORD-004198,2023-03-29,CUST-01731,PROD-0059,Electronics,Changed Mind,877.7528832557786,40.75361134554652,29,0,3.0
RET-005514,ORD-006080,2022-09-02,CUST-00547,PROD-0259,Home,Size Issue,1066.3357057690175,23.843685378827217,10,0,4.0
RET-005515,ORD-007504,2023-01-08,CUST-01642,PROD-0206,Electronics,Wrong Item,1743.9877302952243,97.83711104667852,18,1,1.0
RET-005516,ORD-005114,2024-04-25,CUST-00325,PROD-0152,Clothing,Changed Mind,63.789911248519836,29.393997630512246,24,0,3.0
RET-005517,ORD-008700,2022-09-29,CUST-00219,PROD-0132,Clothing,Changed Mind,117.91123022845673,65.39747183481903,6,0,2.0
RET-005518,ORD-004096,2023-10-22,CUST-00653,PROD-0045,Home,Defective,552.244089331078,15.841252101177517,18,1,1.0
RET-005519,ORD-009301,2023-02-22,CUST-00003,PROD-0353,Electronics,Size Issue,390.92276693989413,89.47791603481693,19,0,5.0
RET-005520,ORD-003469,2023-01-08,CUST-00285,PROD-0397,Home,Wrong Item,903.4243012674107,13.53928701334539,22,0,1.0
RET-005521,ORD-009652,2024-01-14,CUST-00398,PROD-0162,Clothing,Not as Described,1202.1132688128848,8.828891013589413,13,0,3.0
RET-005522,,2023-09-25,CUST-00349,PROD-0357,Beauty,Changed Mind,341.1702535729363,94.40255540545638,20,0,5.0
RET-005523,ORD-008558,2023-08-04,CUST-00421,,Beauty,Size Issue,1165.0683758734472,88.4050607765138,1,0,1.0
RET-005524,ORD-007944,2024-02-03,CUST-00975,PROD-0093,Beauty,Defective,26.787564832862387,64.36207681376585,25,0,1.0
RET-005525,ORD-002764,2022-09-16,CUST-01261,PROD-0034,Electronics,Changed Mind,189.2449283419803,78.6582050525418,2,0,5.0
RET-005526,ORD-006211,2024-02-20,CUST-01235,PROD-0162,Clothing,Wrong Item,1799.692983496411,87.92860327555894,27,0,2.0
RET-005527,ORD-003460,2023-11-10,CUST-01036,PROD-0355,Beauty,Defective,1587.0662557860865,38.30731115680205,1,0,4.0
RET-005528,ORD-006567,2022-08-03,CUST-01489,PROD-0164,Electronics,Wrong Item,1013.5406462764367,60.91849848687233,25,0,4.0
RET-005529,ORD-002978,2022-09-11,CUST-01620,PROD-0287,Beauty,Defective,784.33152946696,55.81815297312519,7,0,1.0
RET-005530,ORD-003428,2023-10-11,CUST-00018,PROD-0068,Beauty,Wrong Item,1132.3671213649436,74.52403286187386,15,0,3.0
RET-005531,ORD-000629,2023-11-18,CUST-01945,PROD-0446,Clothing,Wrong Item,755.7874522355331,41.72440752106517,6,0,4.0
RET-005532,ORD-000213,2022-06-16,CUST-01853,PROD-0311,Clothing,Wrong Item,347.7135752327459,91.26003908278862,17,0,5.0
RET-005533,ORD-007885,2023-02-22,CUST-01141,PROD-0045,Beauty,Changed Mind,1291.0757376182312,86.37707174767768,0,0,1.0
RET-005534,ORD-002504,2022-07-15,CUST-01526,,Home,Size Issue,546.128978871259,28.068649000816393,20,0,4.0
RET-005535,ORD-007899,2023-09-11,CUST-01685,PROD-0118,Electronics,Not as Described,1798.8040235404906,52.402360494104,6,0,2.0
RET-005536,ORD-007662,2023-03-21,CUST-01161,PROD-0066,Home,Defective,796.8352673644863,81.35998230075461,14,0,2.0
RET-005537,ORD-002320,2024-04-15,CUST-01715,PROD-0073,Beauty,Wrong Item,746.4239102404644,33.2920561730337,29,1,4.0
RET-005538,ORD-009602,2024-02-08,CUST-01805,PROD-0326,Electronics,Size Issue,992.8551277848213,57.788713366275445,21,1,3.0
RET-005539,ORD-008710,2022-06-01,CUST-00301,PROD-0329,Clothing,Not as Described,1459.7669553709004,78.36971979725713,6,0,1.0
RET-005540,ORD-005714,2023-03-11,CUST-01266,PROD-0061,Electronics,Wrong Item,870.8234436046963,62.99663980897973,19,1,1.0
RET-005541,,2022-07-05,CUST-01741,PROD-0304,Electronics,Defective,1687.5655779537308,9.290743045627314,21,0,4.0
RET-005542,ORD-001198,2024-02-21,CUST-00013,PROD-0198,Electronics,Not as Described,1299.2832857004482,63.582322512472466,28,1,4.0
RET-005543,ORD-006999,2023-12-02,CUST-00023,PROD-0493,Clothing,Defective,1258.1124105797014,29.42779888254202,6,1,5.0
RET-005544,ORD-008803,2022-07-27,CUST-01320,PROD-0058,Electronics,Not as Described,564.9717328024981,94.43324670169953,4,1,5.0
RET-005545,ORD-008123,2022-08-14,CUST-01539,PROD-0218,Clothing,Defective,816.7054364650567,93.34752669572511,10,0,1.0
RET-005546,ORD-000425,2024-03-04,CUST-01006,PROD-0414,Beauty,Not as Described,1031.8798484272502,28.344776807713103,15,0,4.0
RET-005547,ORD-006809,2023-05-05,CUST-01293,PROD-0359,Clothing,Defective,321.1389113565424,41.247647213971085,20,0,3.0
RET-005548,ORD-004693,2023-04-11,CUST-00892,PROD-0106,Home,Defective,1608.4161803679676,64.09373616143093,4,1,3.0
RET-005549,ORD-004998,2023-08-30,CUST-01766,PROD-0385,Home,Wrong Item,152.75148106343318,20.042438921818885,27,0,2.0
RET-005550,ORD-009122,2023-10-17,CUST-00374,,Home,Defective,1085.5172200532954,0.04219113427161858,10,1,2.0
RET-005551,ORD-009021,2022-08-20,CUST-01667,PROD-0260,Electronics,Changed Mind,1383.636426609634,29.045535837550386,22,0,5.0
RET-005552,ORD-000970,2024-01-16,CUST-01117,PROD-0265,Electronics,Size Issue,1704.2913057854416,12.309136914303808,14,0,4.0
RET-005553,ORD-001408,2023-03-22,CUST-01304,PROD-0009,Home,Wrong Item,1479.2653273003561,14.994183407490391,9,0,3.0
RET-005554,ORD-008208,2022-06-04,CUST-01834,,Clothing,Size Issue,1516.2248178978257,29.039574247518583,15,1,2.0
RET-005555,ORD-006900,2022-11-12,CUST-01210,PROD-0204,Clothing,Not as Described,279.0700307581417,143.30650750141504,17,1,1.0
RET-005556,ORD-000800,2023-03-26,CUST-01835,PROD-0307,Clothing,Not as Described,1315.9852005512819,177.80369960247356,27,1,2.0
RET-005557,ORD-005138,,CUST-01849,PROD-0210,Clothing,Defective,1612.9998134296661,15.004027826323451,11,1,5.0
RET-005558,ORD-006162,2022-07-12,CUST-00315,PROD-0231,Electronics,Not as Described,1149.740708297309,52.33503783913114,11,0,2.0
RET-005559,ORD-003223,2023-12-12,CUST-01417,PROD-0426,Clothing,Wrong Item,1183.9235706531836,95.05434677779078,3,0,4.0
RET-005560,ORD-006494,2024-02-21,CUST-00579,,Home,Changed Mind,1314.5518614632856,7.016160993389542,3,0,4.0
RET-005561,ORD-002033,2023-01-20,CUST-01893,PROD-0173,Electronics,Wrong Item,1865.1441985517056,2.158666151011601,26,0,4.0
RET-005562,ORD-001300,2023-09-10,CUST-01716,PROD-0451,Beauty,Defective,1959.5582671062034,66.339489448632,25,0,1.0
RET-005563,ORD-002879,2022-12-11,CUST-00647,PROD-0417,Beauty,Size Issue,1090.0249853940632,10.395483127794103,13,0,4.0
RET-005564,,,CUST-00379,PROD-0151,Clothing,Wrong Item,380.4997229579834,3.641792451074266,4,0,1.0
RET-005565,ORD-002581,2024-04-04,CUST-00567,PROD-0356,Beauty,Not as Described,1372.3421134331336,48.64423364925303,12,0,5.0
RET-005566,ORD-008319,2023-12-27,CUST-00421,PROD-0496,Beauty,Not as Described,1856.006702003991,2.505804479719409,24,0,3.0
RET-005567,ORD-009097,2022-06-04,CUST-01008,PROD-0207,Home,Defective,1491.7100885760462,13.463160512359106,20,0,1.0
RET-005568,ORD-004302,2023-03-17,CUST-01262,PROD-0158,Electronics,Defective,1774.9251928161611,52.37713011727325,16,0,4.0
RET-005569,ORD-001404,2023-05-11,CUST-01421,PROD-0054,Electronics,Wrong Item,1232.8448153423737,16.074471859341365,10,0,5.0
RET-005570,ORD-003445,2024-02-26,CUST-01555,PROD-0281,Home,Changed Mind,1309.62003445041,59.831178684994335,18,0,4.0
RET-005571,ORD-001075,2023-11-12,CUST-00056,PROD-0316,Electronics,Defective,1098.893796313245,98.48341809107379,10,1,2.0
RET-005572,ORD-006998,2024-02-12,CUST-00006,PROD-0171,Electronics,Changed Mind,1430.8939256374852,20.1734077547314,21,0,5.0
RET-005573,,2023-09-16,CUST-00508,PROD-0490,Electronics,Wrong Item,475.17368452303,99.62595109786037,18,1,5.0
RET-005574,ORD-005625,2023-07-21,CUST-01032,PROD-0362,Home,Wrong Item,1682.204977082403,62.624283237253806,20,0,1.0
RET-005575,ORD-004894,2022-10-23,CUST-01822,PROD-0194,Beauty,Defective,426.63501854919645,62.376793747775835,23,0,5.0
RET-005576,ORD-005024,2022-10-25,CUST-00834,PROD-0189,Home,Not as Described,484.8109608683495,92.03191001330482,6,1,4.0
RET-005577,ORD-006516,2022-08-17,CUST-00646,,Beauty,Defective,797.5098156102381,64.89074785552789,6,0,5.0
RET-005578,ORD-006966,2022-11-16,CUST-01827,PROD-0119,Electronics,Defective,1594.1500997480011,13.321818656840655,22,0,2.0
RET-005579,ORD-002004,2024-03-27,CUST-00671,PROD-0028,Electronics,Defective,768.7056381630065,96.00453608928888,11,0,1.0
RET-005580,ORD-007418,2022-09-13,CUST-00340,PROD-0468,Home,Changed Mind,497.6642183986465,14.52021266815784,6,0,1.0
RET-005581,ORD-004368,2023-04-11,CUST-01002,PROD-0454,Electronics,Size Issue,184.61891849841106,72.74689383498618,1,0,3.0
RET-005582,ORD-006671,2023-03-27,CUST-01248,PROD-0129,Clothing,Not as Described,257.96932498785577,22.755043153561914,12,0,4.0
RET-005583,ORD-007426,2022-09-12,CUST-00983,PROD-0398,Electronics,Wrong Item,1874.8525432566883,20.76126977161169,27,0,1.0
RET-005584,ORD-005040,2022-07-12,CUST-00210,PROD-0130,Beauty,Defective,1699.8104442741771,66.41401594467365,7,0,1.0
RET-005585,ORD-007446,2023-03-14,CUST-00547,PROD-0260,Beauty,Size Issue,55.04394405976981,41.279829119378405,17,1,5.0
RET-005586,ORD-004414,2024-03-30,CUST-00588,PROD-0490,Electronics,Wrong Item,596.8173865974219,56.986487830219744,22,0,3.0
RET-005587,ORD-003696,2024-01-16,CUST-01513,PROD-0200,Home,Not as Described,550.1495006175663,79.74795785980858,9,0,3.0
RET-005588,ORD-001014,2024-01-28,CUST-01632,PROD-0317,Home,Defective,961.4597006405113,84.2040765611765,6,1,2.0
RET-005589,ORD-005525,2022-11-18,CUST-01606,PROD-0266,Electronics,Changed Mind,986.6153909157192,0.1627812704447673,17,0,5.0
RET-005590,ORD-001138,2024-03-21,CUST-01728,PROD-0280,Beauty,Changed Mind,551.058083926473,49.41671467570301,17,0,3.0
RET-005591,ORD-008171,2023-12-22,CUST-01038,PROD-0336,Home,Not as Described,199.5362142592442,33.318940685951006,9,0,4.0
RET-005592,ORD-007160,2023-06-03,CUST-00016,PROD-0133,Clothing,Size Issue,597.1525484984627,5.892525917406433,29,0,5.0
RET-005593,ORD-004287,2023-08-30,CUST-00384,PROD-0410,Home,Not as Described,232.53835606704837,73.2532356084871,0,0,4.0
RET-005594,ORD-007117,,CUST-01603,PROD-0045,Home,Not as Described,370.2662157986275,31.16556800822874,24,0,2.0
RET-005595,ORD-007217,2024-02-29,CUST-01415,PROD-0043,Clothing,Not as Described,1521.3481068433885,12.594562187947512,13,0,3.0
RET-005596,ORD-008828,2023-12-27,CUST-01063,PROD-0215,Electronics,Changed Mind,317.9286134168797,4.98273053448478,3,0,2.0
RET-005597,ORD-004478,2024-03-24,CUST-01609,PROD-0276,Home,Wrong Item,444.3998092844098,10.03461302539812,5,0,2.0
RET-005598,ORD-001501,2022-09-29,CUST-01548,PROD-0346,Home,Wrong Item,1638.6190858150799,75.29059380450576,28,1,4.0
RET-005599,ORD-003883,2022-08-16,CUST-01632,PROD-0152,Electronics,Changed Mind,1939.145037012982,71.4794742657227,15,0,3.0
RET-005600,ORD-005647,2022-12-23,CUST-00982,PROD-0095,Clothing,Not as Described,1785.5114812832933,50.40125218958295,14,1,3.0
RET-005601,ORD-008514,2023-02-26,CUST-01791,PROD-0182,Beauty,Not as Described,282.3904351276335,98.73232025129269,19,0,3.0
RET-005602,ORD-002928,2022-10-16,CUST-00776,PROD-0185,Home,Wrong Item,1433.2209201508965,33.28303111823744,9,0,1.0
RET-005603,ORD-000602,2023-10-14,CUST-01932,PROD-0424,Beauty,Size Issue,1772.7152008001694,0.5306095001226918,25,0,3.0
RET-005604,ORD-005718,2023-04-26,CUST-00098,PROD-0025,Clothing,Defective,615.080483301147,55.71938835274558,15,0,3.0
RET-005605,ORD-007195,2023-07-28,CUST-00305,PROD-0125,Home,Wrong Item,1370.5485365257373,43.48876992185462,19,0,
RET-005606,ORD-001960,2023-08-02,CUST-01701,,Home,Not as Described,25.01946373480186,54.75541421040585,17,0,2.0
RET-005607,ORD-004522,2023-01-11,CUST-00893,PROD-0340,Home,Size Issue,164.75018186093695,50.712175311661866,9,0,2.0
RET-005608,ORD-006913,2022-08-10,CUST-00557,PROD-0460,Beauty,Wrong Item,1574.8667966875364,22.70172620071127,20,1,1.0
RET-005609,ORD-008146,2022-10-31,CUST-01570,PROD-0277,Electronics,Changed Mind,1944.5943044076505,31.800701622752637,4,0,4.0
RET-005610,ORD-002032,2023-07-19,CUST-01063,PROD-0069,Clothing,Changed Mind,454.7773509223243,78.11765564756463,26,1,4.0
RET-005611,ORD-003031,2023-10-01,CUST-00082,PROD-0449,Home,Defective,129.48852921134625,61.999039885406674,0,0,5.0
RET-005612,ORD-002176,2023-06-13,CUST-00006,PROD-0436,Beauty,Not as Described,1739.2556725427555,35.9091090709825,0,0,1.0
RET-005613,ORD-007964,2023-09-14,CUST-00607,PROD-0184,Electronics,Changed Mind,1991.7107833299676,79.26750156004314,29,0,1.0
RET-005614,ORD-005674,2024-04-06,CUST-00116,PROD-0267,Beauty,Not as Described,509.96905570165325,74.5957428904641,11,1,4.0
RET-005615,ORD-002211,,CUST-01841,PROD-0346,Clothing,Changed Mind,1541.9485799737545,25.452525619230403,0,1,4.0
RET-005616,ORD-002133,2023-11-09,CUST-01823,PROD-0393,Clothing,Wrong Item,1947.2474436353957,41.3027632891587,28,0,5.0
RET-005617,ORD-007399,2024-04-04,CUST-00398,PROD-0298,Home,Defective,415.8938718021079,81.77870420598404,14,0,3.0
RET-005618,ORD-000390,2022-12-13,CUST-01001,PROD-0203,Clothing,Changed Mind,1489.1218413529089,66.78575124860986,12,0,5.0
RET-005619,ORD-001208,2023-08-11,CUST-01202,PROD-0074,Beauty,Not as Described,330.23822091132683,36.14112789202791,29,1,2.0
RET-005620,ORD-006229,2023-06-30,CUST-01464,PROD-0331,Electronics,Defective,1852.4239186314928,61.11435503030434,6,0,1.0
RET-005621,ORD-006009,2023-07-29,CUST-00633,,Home,Not as Described,1126.1621176207202,44.94818830235807,2,0,5.0
RET-005622,ORD-000092,2022-11-06,CUST-01149,PROD-0103,Home,Defective,868.0565138022764,13.501150423280894,27,0,2.0
RET-005623,ORD-003823,2022-06-22,CUST-00218,PROD-0154,Electronics,Wrong Item,1204.4212133858298,30.338261645942577,19,0,4.0
RET-005624,ORD-008779,2023-02-24,CUST-00710,PROD-0140,Clothing,Not as Described,1939.1243449070716,10.047560318040382,13,0,3.0
RET-005625,ORD-006258,2022-08-24,CUST-00802,PROD-0256,Home,Wrong Item,1496.3496857763362,38.68822009426448,12,0,1.0
RET-005626,ORD-009270,2022-06-09,CUST-01600,PROD-0222,Beauty,Size Issue,1935.119100579234,47.70141293102247,18,0,4.0
RET-005627,ORD-000794,2022-07-17,CUST-00571,PROD-0491,Clothing,Changed Mind,624.9010546489204,76.3834611080959,11,1,4.0
RET-005628,ORD-002014,2023-03-02,CUST-00891,PROD-0223,Home,Wrong Item,1131.4015826274756,57.560857166119106,13,0,5.0
RET-005629,ORD-005024,2022-10-06,CUST-01050,PROD-0209,Home,Wrong Item,1620.0639096157563,64.52848916835562,12,0,5.0
RET-005630,ORD-006748,2024-02-22,CUST-01186,PROD-0254,Electronics,Size Issue,1965.179543135226,76.17776412841178,7,0,3.0
RET-005631,,2023-01-07,CUST-00749,PROD-0295,Home,Size Issue,1579.7084645583536,57.30055269779477,7,0,1.0
RET-005632,ORD-002589,2022-09-22,CUST-00508,PROD-0370,Home,Defective,1414.6863136441227,22.19674847274904,9,0,4.0
RET-005633,ORD-005285,,CUST-01471,PROD-0307,Home,Defective,1606.308468440629,454.14494286500985,21,0,2.0
RET-005634,ORD-007936,2023-07-29,CUST-00072,,Beauty,Not as Described,89.31434424135882,1.1068771136420352,11,0,1.0
RET-005635,ORD-005893,2024-01-05,CUST-00156,PROD-0410,Home,Size Issue,728.2347230896643,47.492092328005974,6,1,
RET-005636,ORD-009512,2023-06-15,CUST-01686,PROD-0106,Beauty,Changed Mind,1624.5322761499945,91.84671927777194,16,0,5.0
RET-005637,ORD-009325,2023-08-11,CUST-01071,PROD-0500,Clothing,Changed Mind,1993.178268769234,93.46403426212379,4,1,5.0
RET-005638,ORD-003031,2024-01-31,CUST-01510,PROD-0351,Clothing,Wrong Item,1877.6970637947506,47.55237228879945,8,0,4.0
RET-005639,ORD-002365,2023-07-04,CUST-00335,PROD-0008,Beauty,Size Issue,1899.713319897799,42.32365101592095,11,0,4.0
RET-005640,ORD-009772,2024-02-21,CUST-01222,PROD-0272,Electronics,Wrong Item,209.1924639326157,68.38204183335978,26,0,3.0
RET-005641,ORD-002066,2022-08-12,CUST-00905,PROD-0021,Home,Changed Mind,1717.7069381201081,51.864409129306786,16,0,1.0
RET-005642,ORD-006213,2023-11-25,CUST-00980,PROD-0357,Home,Changed Mind,1465.3657812579247,85.50237466754173,12,0,4.0
RET-005643,ORD-007056,2022-12-27,CUST-00070,PROD-0434,Home,Size Issue,126.04537793524283,49.304137942596206,10,0,1.0
RET-005644,ORD-002467,2023-12-01,CUST-00153,,Electronics,Not as Described,1654.2372028579107,30.051481344378452,23,1,4.0
RET-005645,ORD-003846,2022-12-08,CUST-01811,PROD-0094,Clothing,Not as Described,1303.7844162698805,67.2042016818248,10,0,5.0
RET-005646,ORD-006533,2022-11-16,CUST-01197,PROD-0253,Electronics,Changed Mind,1835.1774208538538,43.11411853209846,0,0,2.0
RET-005647,ORD-000405,2022-08-19,CUST-01015,PROD-0092,Beauty,Defective,459.45067107304726,22.680271455870514,15,0,4.0
RET-005648,ORD-007867,2023-08-13,CUST-00590,PROD-0257,Electronics,Changed Mind,1573.6097236397347,8.799800436173577,7,0,5.0
RET-005649,ORD-005295,2024-03-26,CUST-00745,PROD-0242,Beauty,Size Issue,793.2629794931077,64.74099570957502,21,0,3.0
RET-005650,ORD-003030,2023-08-23,CUST-01056,PROD-0031,Electronics,Not as Described,62.96579762303879,93.24760031413896,26,1,3.0
RET-005651,ORD-004037,2024-03-30,CUST-01790,PROD-0334,Beauty,Wrong Item,112.43758774007838,14.20748387435441,10,0,3.0
RET-005652,ORD-007995,2024-04-24,CUST-00881,PROD-0066,Home,Wrong Item,1938.6897901862906,67.8276818590857,9,0,1.0
RET-005653,ORD-002204,2024-01-10,CUST-00340,PROD-0245,Electronics,Size Issue,89.83519085311642,58.464862752993554,5,0,1.0
RET-005654,ORD-006557,2022-08-25,CUST-01921,PROD-0251,Clothing,Not as Described,643.3270406911427,56.1114146171956,29,1,5.0
RET-005655,ORD-008776,2023-03-04,CUST-01370,PROD-0020,Clothing,Defective,1972.417659996833,45.192832964449224,19,0,4.0
RET-005656,ORD-000842,2022-09-08,CUST-00822,PROD-0275,Clothing,Size Issue,620.6503965494438,45.199615501722114,3,0,2.0
RET-005657,ORD-004960,2023-10-24,CUST-00018,PROD-0418,Beauty,Size Issue,1253.7802059943335,3.720239711297557,8,0,2.0
RET-005658,ORD-008903,2024-04-01,CUST-01110,PROD-0495,Beauty,Wrong Item,374.3324901747586,1.6963805304753943,10,1,4.0
RET-005659,ORD-002490,2022-07-05,CUST-01369,PROD-0097,Clothing,Changed Mind,1519.6121317136092,14.4881824132304,10,1,5.0
RET-005660,ORD-000075,2024-02-27,CUST-01113,PROD-0341,Beauty,Size Issue,1015.7401643434458,23.977038653134642,25,0,4.0
RET-005661,ORD-003848,2022-08-04,CUST-01502,PROD-0041,Home,Defective,1986.390176823424,69.48853037362007,26,0,2.0
RET-005662,ORD-004951,2023-08-25,CUST-01415,PROD-0397,Beauty,Not as Described,1268.9659909562686,74.62331173039097,2,0,3.0
RET-005663,ORD-000668,2023-07-26,CUST-01824,PROD-0291,Home,Wrong Item,980.97164728516,5.72004890658434,20,1,3.0
RET-005664,ORD-002016,2022-06-15,CUST-01340,PROD-0393,Electronics,Not as Described,566.6953303800251,35.603577521776806,23,0,5.0
RET-005665,,2022-09-23,CUST-00846,PROD-0002,Beauty,Size Issue,1205.06603011625,80.78000267165685,28,0,5.0
RET-005666,ORD-005709,2023-03-01,CUST-00407,PROD-0061,Home,Changed Mind,716.1587116174239,48.747285247340024,20,0,5.0
RET-005667,ORD-002917,2023-08-08,CUST-01183,PROD-0334,Beauty,Not as Described,1110.1965438789102,2.5022072278325203,21,0,1.0
RET-005668,ORD-007057,2022-09-19,CUST-00277,PROD-0001,Home,Changed Mind,1678.6999066052658,56.11834127243771,9,0,2.0
RET-005669,ORD-006277,2023-04-08,CUST-01428,PROD-0125,Electronics,Size Issue,371.50543425753466,24.78731498099227,23,0,3.0
RET-005670,ORD-003648,2023-03-06,CUST-00595,PROD-0434,Beauty,Size Issue,1215.693451951512,85.9365380392995,22,0,5.0
RET-005671,ORD-009169,2022-09-19,CUST-00120,PROD-0069,Clothing,Changed Mind,1068.6528131987504,223.98092563574696,12,0,4.0
RET-005672,ORD-005928,2024-04-22,CUST-01882,PROD-0378,Home,Defective,1701.6339762341036,34.41636379209765,27,0,2.0
RET-005673,ORD-002946,2022-11-29,CUST-00103,PROD-0132,Beauty,Defective,547.1409116267912,82.95934989556912,26,1,3.0
RET-005674,ORD-003419,2024-01-03,CUST-01088,PROD-0204,Electronics,Size Issue,1915.9471437157106,92.08985046096508,24,0,4.0
RET-005675,ORD-000877,2024-02-01,CUST-00775,PROD-0315,Electronics,Size Issue,1132.5325146111563,7.0109476524655605,28,1,2.0
RET-005676,ORD-009743,2023-11-28,CUST-01760,PROD-0134,Beauty,Defective,1209.7504253353345,63.89382517535424,28,0,3.0
RET-005677,ORD-001519,2022-07-24,CUST-00490,PROD-0035,Beauty,Defective,1802.0081958541891,8.21710066739032,25,0,3.0
RET-005678,ORD-009620,2022-09-22,CUST-00871,PROD-0117,Beauty,Defective,1442.6213160281127,46.70452893539733,21,1,4.0
RET-005679,ORD-000941,2022-10-19,CUST-00963,PROD-0136,Home,Changed Mind,24.03649411330526,3.8858454036093004,13,0,5.0
RET-005680,ORD-003191,2023-09-21,CUST-00896,,Electronics,Defective,1671.344012614135,21.357474567957844,7,0,4.0
RET-005681,ORD-003634,2022-06-07,CUST-00999,PROD-0240,Beauty,Wrong Item,1200.804908347026,70.59629599658459,28,0,1.0
RET-005682,ORD-009012,2022-08-09,CUST-01508,PROD-0288,Clothing,Changed Mind,692.9639681118201,14.481665732093651,8,1,
RET-005683,ORD-001727,2023-03-18,CUST-00727,PROD-0289,Beauty,Defective,1964.2165722977015,49.32587893044703,21,1,3.0
RET-005684,ORD-004982,2023-12-09,CUST-01712,PROD-0285,Beauty,Wrong Item,1188.5178689859333,9.643736235373435,12,0,2.0
RET-005685,ORD-004524,2022-12-19,CUST-00861,PROD-0187,Home,Wrong Item,50.762971751724415,3.8766097205780725,18,1,2.0
RET-005686,ORD-006989,2024-01-16,CUST-00910,PROD-0383,Beauty,Not as Described,1737.5289056359459,2.690996427099479,14,0,1.0
RET-005687,ORD-009097,2024-01-02,CUST-01776,PROD-0283,Electronics,Wrong Item,1413.998205565528,8.861998925249615,2,0,2.0
RET-005688,ORD-003752,2024-04-18,CUST-01984,PROD-0266,Beauty,Changed Mind,1223.7737684192814,71.63341969871671,25,1,5.0
RET-005689,ORD-000387,2023-06-14,CUST-00199,PROD-0016,Electronics,Wrong Item,1379.2990072703324,57.63085117569289,22,0,5.0
RET-005690,ORD-002612,2023-12-25,CUST-01841,PROD-0164,Beauty,Defective,906.6315811638333,7.674765294863317,20,0,4.0
RET-005691,ORD-007297,2022-06-28,CUST-00323,PROD-0181,Home,Defective,1699.328864883442,89.89264919451104,14,0,1.0
RET-005692,ORD-001553,2023-07-15,CUST-01513,PROD-0179,Beauty,Changed Mind,1764.3983184237563,67.20805912924959,16,0,4.0
RET-005693,ORD-007216,2022-11-14,CUST-01962,PROD-0106,Clothing,Wrong Item,1382.3848325713575,40.06637787348638,2,1,1.0
RET-005694,ORD-003247,2022-11-25,CUST-01951,PROD-0041,Beauty,Size Issue,694.7835138516438,31.60609071121683,8,0,4.0
RET-005695,ORD-001481,2022-10-02,CUST-00791,PROD-0107,Home,Size Issue,1865.002743850068,31.537882778765216,23,1,2.0
RET-005696,ORD-003610,,CUST-00112,PROD-0016,Clothing,Wrong Item,386.46108963937326,47.93180463163685,27,0,2.0
RET-005697,ORD-000263,2022-09-25,CUST-01195,PROD-0292,Clothing,Wrong Item,325.08261471732055,4.3924199805062125,1,0,2.0
RET-005698,ORD-001373,2022-06-25,CUST-01486,PROD-0226,Electronics,Not as Described,1167.2232691676222,68.72611997815898,11,1,2.0
RET-005699,ORD-004068,2023-03-19,CUST-01530,PROD-0423,Home,Not as Described,873.8706605542944,15.970732136906808,6,0,3.0
RET-005700,ORD-009775,2023-05-14,CUST-01006,PROD-0276,Electronics,Defective,818.6517741526648,37.111913424904095,23,0,5.0
RET-005701,ORD-004924,2023-11-19,CUST-01596,PROD-0222,Beauty,Wrong Item,192.668519074048,44.41202375957227,13,0,2.0
RET-005702,,2023-06-18,CUST-00522,PROD-0436,Beauty,Not as Described,1494.9169860681893,89.0769789702305,16,0,2.0
RET-005703,ORD-009551,2023-06-23,CUST-00823,PROD-0348,Home,Not as Described,155.54639732238766,23.70956381894618,20,0,3.0
RET-005704,,2023-04-27,CUST-00829,PROD-0030,Electronics,Size Issue,1086.479665796116,44.95620075777449,10,1,2.0
RET-005705,ORD-004182,,CUST-00029,PROD-0413,Beauty,Size Issue,649.2664445600748,53.69114476263574,14,0,3.0
RET-005706,ORD-007945,2023-01-12,CUST-00298,PROD-0262,Electronics,Size Issue,525.1523853810079,84.7213535029054,19,0,4.0
RET-005707,ORD-006996,2024-02-01,CUST-01783,PROD-0115,Clothing,Changed Mind,1315.3468900135604,33.57544539441775,9,0,5.0
RET-005708,ORD-003625,2022-12-27,CUST-00504,PROD-0437,Clothing,Defective,529.8775163023666,90.44627893727854,26,1,1.0
RET-005709,ORD-001203,2023-04-04,CUST-00081,PROD-0350,Beauty,Not as Described,1093.5118466055503,20.259171406246058,25,1,2.0
RET-005710,,2023-11-15,CUST-00880,PROD-0335,Clothing,Size Issue,1981.8148336007182,68.65211134242858,15,0,4.0
RET-005711,ORD-008581,2023-01-13,CUST-00872,PROD-0088,Clothing,Size Issue,901.2365103276121,24.03345370319958,16,0,3.0
RET-005712,ORD-008571,2023-06-06,CUST-01437,PROD-0295,Electronics,Wrong Item,251.1259333069369,48.69521259734978,5,0,2.0
RET-005713,ORD-006020,2022-12-03,CUST-01271,PROD-0387,Home,Wrong Item,1970.4122776389768,30.290447139720133,26,0,2.0
RET-005714,ORD-002391,2023-08-09,CUST-01144,PROD-0448,Clothing,Not as Described,147.1438939808729,54.64243020551838,14,0,3.0
RET-005715,ORD-002168,2024-03-11,CUST-00033,PROD-0283,Beauty,Size Issue,867.6323273836649,31.069779210571557,29,1,1.0
RET-005716,ORD-001784,2022-07-30,CUST-00694,,Home,Not as Described,1632.6580754321103,10.002130029389534,28,1,1.0
RET-005717,ORD-009878,2024-04-10,CUST-01548,,Home,Defective,647.8842539987668,19.838413879469265,1,0,5.0
RET-005718,ORD-004516,2023-11-12,CUST-00961,PROD-0045,Home,Size Issue,279.41227152142466,80.10878800611265,26,1,4.0
RET-005719,ORD-009416,2022-11-01,CUST-00900,PROD-0408,Home,Size Issue,271.1070775235395,80.17948222796369,27,0,4.0
RET-005720,ORD-004782,2023-01-23,CUST-00066,PROD-0309,Home,Wrong Item,379.60665935764956,71.04675261855398,14,0,2.0
RET-005721,ORD-000216,2023-08-17,CUST-01634,PROD-0254,Clothing,Size Issue,1513.8311609978766,17.443365186615,14,0,4.0
RET-005722,,2024-01-23,CUST-00103,PROD-0188,Home,Size Issue,114.6537741181643,94.50111846908969,14,1,4.0
RET-005723,ORD-002423,2023-08-11,CUST-01705,PROD-0346,Home,Wrong Item,393.6930483615579,9.556196410081686,24,1,1.0
RET-005724,ORD-000615,2024-04-28,CUST-01711,PROD-0378,Electronics,Changed Mind,356.50863549536376,80.21977560064822,20,0,1.0
RET-005725,ORD-008606,2022-10-04,CUST-01210,PROD-0390,Clothing,Wrong Item,1553.178323010351,85.13836546354577,27,1,1.0
RET-005726,ORD-007023,2024-04-20,CUST-01731,PROD-0475,Clothing,Changed Mind,864.4919885607009,45.77149751413878,11,0,1.0
RET-005727,ORD-002485,2022-06-30,CUST-01081,PROD-0500,Home,Size Issue,1992.7517751100731,90.50643714546834,0,0,3.0
RET-005728,ORD-004431,2023-01-11,CUST-00788,PROD-0407,Home,Wrong Item,1311.3982142741522,9.042804609005428,9,1,3.0
RET-005729,ORD-007390,2022-12-24,CUST-00590,PROD-0440,Electronics,Not as Described,109.4470004246191,71.89136820288682,26,0,5.0
RET-005730,ORD-004933,2022-06-13,CUST-01749,PROD-0170,Beauty,Not as Described,290.3018342646168,76.87759780912967,18,0,4.0
RET-005731,ORD-007828,2022-06-07,CUST-00655,PROD-0464,Home,Size Issue,1980.9731184546272,33.01297563892418,29,0,5.0
RET-005732,ORD-008543,2023-08-06,CUST-01220,PROD-0409,Beauty,Changed Mind,333.1452588248563,81.92132832365296,20,0,1.0
RET-005733,ORD-001400,2023-01-09,CUST-00669,PROD-0406,Clothing,Wrong Item,1497.2971274119675,75.07651163339838,28,0,2.0
RET-005734,ORD-008340,2022-09-06,CUST-00261,PROD-0456,Electronics,Not as Described,970.669927339109,90.79006809870556,19,0,3.0
RET-005735,ORD-005531,2023-06-14,CUST-00375,PROD-0019,Home,Size Issue,890.5470424975356,48.8370185801539,28,0,1.0
RET-005736,ORD-009713,2023-07-24,CUST-01422,PROD-0073,Beauty,Wrong Item,698.6692111101323,78.73680010286215,8,1,5.0
RET-005737,ORD-000213,2022-07-18,CUST-01321,PROD-0225,Home,Size Issue,266.1334144500001,22.259747662009076,24,0,2.0
RET-005738,ORD-000221,2023-04-02,CUST-00143,PROD-0363,Home,Defective,996.9095007341668,74.1658495860504,19,0,5.0
RET-005739,ORD-001878,2024-04-02,CUST-01611,PROD-0187,Electronics,Wrong Item,300.55269431066546,3.8189326665345136,3,0,3.0
RET-005740,ORD-006997,2023-10-29,CUST-00813,PROD-0152,Home,Defective,1188.881716815867,15.850829065767858,17,0,1.0
RET-005741,ORD-007725,2023-10-19,CUST-00464,PROD-0281,Clothing,Not as Described,1047.002790765349,27.54978746846868,4,1,5.0
RET-005742,ORD-008005,2024-03-30,CUST-00269,PROD-0416,Beauty,Defective,1627.9566658931121,9.81620842067904,28,1,1.0
RET-005743,ORD-009768,2023-05-02,CUST-01478,PROD-0118,Electronics,Size Issue,601.6901469634769,17.93696052904342,18,0,1.0
RET-005744,ORD-007583,2023-06-13,CUST-01849,PROD-0244,Clothing,Defective,1810.5283675725948,63.43414256546808,24,0,
RET-005745,ORD-005757,2022-11-01,CUST-00930,PROD-0068,Home,Not as Described,715.7861163741877,18.922073598268675,20,0,4.0
RET-005746,ORD-000414,2022-10-14,CUST-01912,PROD-0237,Beauty,Defective,291.6831021553491,91.75344113487577,18,0,1.0
RET-005747,ORD-008811,2022-09-23,CUST-01532,PROD-0419,Home,Changed Mind,595.8069709958551,42.5565767074018,14,0,5.0
RET-005748,ORD-005550,2023-02-01,CUST-01275,PROD-0121,Clothing,Changed Mind,697.0556445103784,12.28248772318027,15,0,1.0
RET-005749,ORD-007810,2023-01-10,CUST-00076,PROD-0052,Electronics,Wrong Item,1911.6937861294646,82.78251401812808,6,0,2.0
RET-005750,ORD-003616,2023-03-30,CUST-00864,PROD-0271,Home,Defective,69.17230182748924,32.566551225231144,6,0,5.0
RET-005751,ORD-009749,2022-07-21,CUST-00045,PROD-0139,Clothing,Defective,1701.2090992179935,31.368776575925985,9,1,3.0
RET-005752,ORD-002226,2023-02-15,CUST-01794,PROD-0170,Home,Changed Mind,487.7712257495996,83.20213031715438,28,0,5.0
RET-005753,ORD-008125,2024-01-29,CUST-01845,PROD-0236,Beauty,Wrong Item,1548.9240315556387,62.04477949619693,25,0,4.0
RET-005754,ORD-001350,2023-05-09,CUST-00994,PROD-0049,Beauty,Not as Described,1074.9883043411717,79.09956566672442,13,0,3.0
RET-005755,ORD-003090,2024-05-01,CUST-01849,PROD-0364,Beauty,Wrong Item,39.502199138796286,40.611540249365255,13,1,4.0
RET-005756,ORD-005696,2023-03-17,CUST-01753,PROD-0209,Beauty,Changed Mind,1609.832855818162,57.69742875795285,13,0,3.0
RET-005757,ORD-001525,2023-12-05,CUST-00289,PROD-0130,Clothing,Wrong Item,203.39243991657955,92.16724957516472,4,0,4.0
RET-005758,ORD-001022,2024-03-05,CUST-00991,PROD-0026,Home,Defective,700.9759354869902,48.21969431466995,15,1,3.0
RET-005759,ORD-005789,2023-03-30,CUST-01396,PROD-0098,Clothing,Wrong Item,1639.8232197403631,42.3589291622514,6,0,
RET-005760,ORD-002131,2022-09-18,CUST-00848,PROD-0485,Beauty,Defective,1544.905569271397,44.5608638738255,1,0,5.0
RET-005761,ORD-007053,2024-03-04,CUST-01850,PROD-0307,Beauty,Defective,256.7442937486277,41.25138349167036,19,1,3.0
RET-005762,ORD-002569,2022-12-29,CUST-01964,PROD-0125,Electronics,Not as Described,500.89808731412364,88.02065901189717,22,0,3.0
RET-005763,ORD-006896,2023-09-12,CUST-01937,PROD-0124,Electronics,Changed Mind,638.1480943674035,33.11524958473851,11,1,4.0
RET-005764,ORD-007193,2023-05-05,CUST-00732,PROD-0368,Clothing,Wrong Item,1516.2716634084163,14.842873593865512,20,0,4.0
RET-005765,ORD-005470,2022-12-21,CUST-01212,PROD-0372,Electronics,Size Issue,282.2727315403861,63.87436832076116,17,0,3.0
RET-005766,ORD-003309,2023-12-13,CUST-00418,PROD-0254,Clothing,Size Issue,1672.3314529744518,14.117653806307185,11,1,4.0
RET-005767,ORD-008027,2023-08-12,CUST-01626,PROD-0164,Electronics,Size Issue,332.18290000865136,20.840355680163203,7,0,3.0
RET-005768,ORD-003602,2024-04-05,CUST-01375,PROD-0080,Electronics,Size Issue,630.9793990833847,79.57586696735666,20,0,4.0
RET-005769,ORD-005074,2023-02-22,CUST-00112,PROD-0007,Home,Size Issue,1871.57201824871,0.7867844364664256,22,0,5.0
RET-005770,ORD-009554,2023-03-15,CUST-00851,PROD-0366,Electronics,Not as Described,1513.6497614026362,23.433678390904987,4,0,4.0
RET-005771,ORD-006792,2023-08-30,CUST-00566,PROD-0421,Electronics,Defective,926.4304291645898,0.8606808153995393,8,1,4.0
RET-005772,ORD-005473,2023-10-13,CUST-01982,PROD-0277,Beauty,Size Issue,591.203984662343,4.862405662977054,8,0,4.0
RET-005773,ORD-005341,2023-10-29,CUST-00529,PROD-0198,Beauty,Changed Mind,201.2783897929262,94.2483822165327,5,0,5.0
RET-005774,ORD-008256,2024-04-10,CUST-02000,PROD-0499,Beauty,Defective,392.1469682571663,87.14426263929855,5,0,5.0
RET-005775,ORD-005909,2023-10-05,CUST-00321,PROD-0321,Electronics,Wrong Item,1307.3640079091067,96.36620386221591,29,0,3.0
RET-005776,ORD-000910,2023-05-05,CUST-00375,PROD-0278,Clothing,Not as Described,59.56838180386465,99.44720972105566,2,0,3.0
RET-005777,ORD-007125,2023-01-17,CUST-00719,PROD-0260,Electronics,Size Issue,787.0526112017462,32.21743574203357,22,0,2.0
RET-005778,ORD-005232,2023-07-11,CUST-01397,PROD-0492,Home,Defective,1887.516913623916,11.518444046397313,29,0,5.0
RET-005779,ORD-000169,2023-07-22,CUST-01162,PROD-0378,Home,Not as Described,826.2278399746,99.80754603765202,0,0,1.0
RET-005780,ORD-005200,2023-06-20,CUST-00130,PROD-0130,Electronics,Defective,1059.7625435515142,22.42120327262217,16,0,1.0
RET-005781,ORD-008898,2023-02-05,CUST-01437,PROD-0237,Home,Size Issue,1131.5317461492566,13.771835296678592,22,0,3.0
RET-005782,ORD-002757,2022-08-15,CUST-00232,PROD-0014,Electronics,Not as Described,233.99691902950156,22.754153116429976,25,0,5.0
RET-005783,ORD-005683,2023-09-10,CUST-01838,PROD-0449,Clothing,Size Issue,471.00346672459943,48.60624516057962,20,0,2.0
RET-005784,ORD-002809,2024-04-11,CUST-00072,PROD-0378,Beauty,Size Issue,1247.9212868951515,42.666842996249635,12,0,2.0
RET-005785,ORD-002794,2024-04-08,CUST-00219,PROD-0105,Home,Not as Described,1834.1335438952162,83.18090025505512,23,1,5.0
RET-005786,ORD-000764,2022-11-02,CUST-00365,PROD-0212,Home,Wrong Item,102.76902284512127,96.46782374758781,24,0,1.0
RET-005787,ORD-007407,2023-09-03,CUST-01274,PROD-0092,Clothing,Size Issue,1556.2066997009615,58.850237386740076,4,0,5.0
RET-005788,ORD-008206,2023-04-10,CUST-01413,PROD-0320,Electronics,Wrong Item,370.362087289892,45.48255974169647,27,0,2.0
RET-005789,ORD-000899,2022-09-02,CUST-01285,PROD-0174,Home,Not as Described,377.492935054271,10.573415740752324,14,0,5.0
RET-005790,ORD-009291,2022-11-02,CUST-00940,PROD-0352,Electronics,Size Issue,378.6577034394172,75.56900224894227,0,0,5.0
RET-005791,ORD-009341,2023-08-04,CUST-01591,PROD-0075,Electronics,Size Issue,1771.896869898228,47.08710824139598,21,1,5.0
RET-005792,ORD-008485,2023-03-13,CUST-01012,PROD-0425,Electronics,Wrong Item,1532.9907380326038,81.32980451155373,10,0,
RET-005793,ORD-009372,2023-09-16,CUST-00802,PROD-0254,Home,Changed Mind,1902.4293228297186,42.1583242902722,23,0,4.0
RET-005794,ORD-003511,2023-06-23,CUST-01186,PROD-0014,Electronics,Not as Described,1984.791674423801,92.11143289735071,7,0,3.0
RET-005795,ORD-005652,2023-07-12,CUST-00774,PROD-0431,Electronics,Size Issue,1459.7395406931803,32.36181544067476,18,0,4.0
RET-005796,ORD-005911,2022-11-09,CUST-01299,PROD-0478,Clothing,Wrong Item,1687.899959142137,14.590450754363227,7,0,2.0
RET-005797,ORD-008504,2022-06-21,CUST-01007,PROD-0235,Beauty,Size Issue,60.825922365739906,96.65523576709843,22,1,5.0
RET-005798,ORD-005468,2022-06-02,CUST-01260,PROD-0306,Clothing,Not as Described,1229.3818541487155,78.63865936806452,6,1,2.0
RET-005799,ORD-000117,2022-10-10,CUST-00402,PROD-0250,Electronics,Not as Described,978.1654823365643,93.44561456429015,10,0,4.0
RET-005800,,2023-01-04,CUST-00264,PROD-0469,Beauty,Changed Mind,135.9411308762222,37.20784331182219,0,1,4.0
RET-005801,ORD-005447,2023-11-06,CUST-00290,PROD-0014,Beauty,Changed Mind,1749.8109180076988,3.830028923765816,1,0,5.0
RET-005802,ORD-009846,2023-10-11,CUST-01314,PROD-0306,Home,Wrong Item,1939.522873951266,62.11492676411784,12,1,2.0
RET-005803,ORD-008345,2023-11-11,CUST-00149,PROD-0233,Electronics,Size Issue,967.3991916128496,14.052182508697786,25,0,4.0
RET-005804,,2024-02-27,CUST-01378,PROD-0373,Electronics,Size Issue,629.0467420091067,79.29985967515026,22,1,
RET-005805,ORD-006973,2023-08-15,CUST-01066,PROD-0075,Clothing,Changed Mind,1123.7367051453396,44.18499856995201,18,0,4.0
RET-005806,,2022-11-03,CUST-00318,PROD-0342,Beauty,Defective,1682.6521383151166,69.89366778742556,8,1,3.0
RET-005807,ORD-007629,2023-01-26,CUST-00449,PROD-0096,Electronics,Defective,454.3354579647087,25.05855690293428,26,1,3.0
RET-005808,ORD-003941,2022-06-17,CUST-00742,PROD-0484,Beauty,Defective,1986.3731602473829,0.40282999965186583,11,1,3.0
RET-005809,ORD-005542,2023-09-25,CUST-00244,PROD-0374,Electronics,Wrong Item,765.7375203776443,48.978807181949755,9,1,5.0
RET-005810,ORD-006358,2022-09-15,CUST-01519,PROD-0398,Home,Defective,897.9624858626455,14.27431019293659,9,1,2.0
RET-005811,ORD-005988,2023-09-04,CUST-00037,PROD-0229,Beauty,Wrong Item,106.39734042593562,71.2509204327711,2,0,3.0
RET-005812,ORD-001729,2023-04-19,CUST-00501,PROD-0177,Home,Size Issue,1767.440824902901,66.99912863494632,10,1,5.0
RET-005813,ORD-006781,2023-11-08,CUST-01131,PROD-0013,Clothing,Wrong Item,1714.6415808059085,94.39300401436861,20,1,2.0
RET-005814,ORD-003819,2023-04-16,CUST-00761,PROD-0078,Beauty,Not as Described,1791.2296713972253,4.227135139171267,2,0,5.0
RET-005815,ORD-003991,2023-03-23,CUST-00487,PROD-0459,Home,Changed Mind,457.7705512725722,65.67384409788761,4,0,1.0
RET-005816,ORD-004846,2022-12-02,CUST-00832,PROD-0495,Clothing,Defective,1800.454922556086,35.36538274390306,12,0,5.0
RET-005817,ORD-000452,2022-06-28,CUST-00985,PROD-0451,Home,Changed Mind,951.9572271253938,17.364956626614926,1,0,3.0
RET-005818,ORD-006355,2023-04-18,CUST-01060,,Clothing,Defective,996.9394701853508,17.48465815724243,28,0,
RET-005819,ORD-000748,2022-08-03,CUST-01876,PROD-0424,Home,Wrong Item,163.44859426624055,1.4850948765018246,24,0,2.0
RET-005820,ORD-009039,2022-10-10,CUST-00661,PROD-0336,Beauty,Defective,1989.4845088025754,41.59377207002185,9,0,3.0
RET-005821,ORD-009331,2023-02-19,CUST-00294,PROD-0101,Home,Wrong Item,1584.4176917248712,25.311601766828073,22,0,2.0
RET-005822,ORD-008649,2023-02-25,CUST-01235,PROD-0116,Clothing,Defective,291.4612015957237,19.64224243719064,20,0,1.0
RET-005823,ORD-001925,2024-04-03,CUST-00195,PROD-0109,Beauty,Defective,120.37317967049056,72.21398250181494,8,0,4.0
RET-005824,ORD-009104,2023-03-12,CUST-01673,PROD-0152,Electronics,Defective,499.23151372065564,20.923431312675987,0,0,5.0
RET-005825,ORD-003357,2022-07-14,CUST-01127,PROD-0049,Home,Defective,442.5179121112944,96.35920983375195,13,0,2.0
RET-005826,ORD-000480,2023-01-28,CUST-01633,PROD-0364,Home,Changed Mind,261.9601596440332,51.84879085862959,10,0,1.0
RET-005827,ORD-009578,2024-03-21,CUST-00921,PROD-0214,Beauty,Not as Described,269.3905466400287,0.04196759528836136,28,0,1.0
RET-005828,ORD-008342,2022-11-23,CUST-00829,PROD-0187,Home,Wrong Item,621.5674312753108,99.9320717444845,26,0,3.0
RET-005829,ORD-007989,2023-06-22,CUST-00117,PROD-0133,Beauty,Size Issue,1443.2717753193356,85.74530325928795,12,1,4.0
RET-005830,ORD-005832,2022-06-20,CUST-00525,PROD-0383,Home,Changed Mind,1713.8013536369951,31.111475118136266,12,0,4.0
RET-005831,ORD-002932,2023-09-02,CUST-01782,PROD-0235,Beauty,Not as Described,873.6432297261672,14.66097114945245,28,0,5.0
RET-005832,ORD-009162,2024-02-08,CUST-00895,PROD-0179,Home,Defective,909.2167479762735,74.31969552261515,4,0,3.0
RET-005833,ORD-005680,2022-06-01,CUST-01135,PROD-0500,Beauty,Not as Described,184.72106116062693,26.138793995769237,22,0,5.0
RET-005834,ORD-007371,2023-12-19,CUST-00077,PROD-0244,Clothing,Not as Described,535.093131354241,87.69764966894968,27,1,4.0
RET-005835,ORD-005517,2023-10-22,CUST-01514,PROD-0225,Clothing,Defective,1398.6498127695597,78.9169735434347,24,0,2.0
RET-005836,ORD-008633,2022-11-13,CUST-00805,PROD-0375,Home,Defective,1916.4084907334793,3.376186142063853,20,0,5.0
RET-005837,ORD-003208,2023-08-30,CUST-00856,PROD-0177,Clothing,Wrong Item,711.4010226329564,36.700005952582515,18,0,3.0
RET-005838,ORD-002197,2023-11-12,CUST-01093,PROD-0446,Electronics,Size Issue,897.4910996440113,56.88241567057708,20,0,3.0
RET-005839,ORD-006036,2022-10-18,CUST-00436,PROD-0244,Clothing,Changed Mind,55.38720195069019,0.4769338210531826,6,0,5.0
RET-005840,ORD-003550,2023-03-14,CUST-01669,PROD-0261,Electronics,Wrong Item,632.8833894667656,39.0942614005068,26,0,2.0
RET-005841,ORD-004580,2022-07-05,CUST-01612,PROD-0177,Clothing,Size Issue,1101.0057549199582,88.49656405440781,8,1,2.0
RET-005842,ORD-000067,2024-01-17,CUST-01568,PROD-0152,Home,Wrong Item,556.7908056828167,77.61530245633558,13,0,5.0
RET-005843,ORD-008102,2023-04-30,CUST-00476,PROD-0302,Beauty,Changed Mind,1955.0821361611065,76.13454962176013,20,0,4.0
RET-005844,ORD-001285,2024-01-26,CUST-01022,PROD-0332,Beauty,Changed Mind,1881.8195493706899,29.65058414686673,15,0,4.0
RET-005845,,2022-07-16,CUST-00294,PROD-0096,Electronics,Defective,1269.6008470990548,97.43724006780958,14,1,4.0
RET-005846,ORD-002265,2024-04-14,CUST-00420,PROD-0304,Electronics,Defective,1278.36645347456,51.77437455860064,2,0,3.0
RET-005847,ORD-006957,2023-05-07,CUST-00522,PROD-0123,Electronics,Defective,989.5129179369193,55.72781794683743,19,0,5.0
RET-005848,ORD-005564,2023-02-16,CUST-00444,PROD-0378,Electronics,Size Issue,965.1094855942612,9.687445751084178,27,0,2.0
RET-005849,ORD-004402,2023-07-26,CUST-01180,PROD-0052,Electronics,Not as Described,1674.7714771910792,65.10397982365802,4,1,4.0
RET-005850,ORD-005376,,CUST-00922,PROD-0350,Beauty,Not as Described,1500.7864139717535,24.976127160929817,19,1,3.0
RET-005851,ORD-008857,2023-09-26,CUST-01822,,Home,Changed Mind,927.2358028975801,40.679202724184584,23,0,
RET-005852,ORD-004130,2023-02-06,CUST-01658,PROD-0261,Beauty,Wrong Item,86.09400799745943,38.823864803840735,23,0,4.0
RET-005853,ORD-007641,2022-11-15,CUST-00068,PROD-0090,Electronics,Size Issue,751.9801420124769,15.470246650375651,2,1,1.0
RET-005854,ORD-002200,2023-06-25,CUST-00925,PROD-0462,Home,Not as Described,1404.38253766969,68.90138505326112,17,0,3.0
RET-005855,ORD-001138,2022-09-07,CUST-00016,PROD-0112,Clothing,Defective,920.4611258646986,38.62916954965853,19,0,4.0
RET-005856,ORD-005636,2022-11-22,CUST-01560,PROD-0408,Electronics,Not as Described,1080.2651827132036,24.194099173920414,3,0,1.0
RET-005857,ORD-005416,2023-09-16,CUST-00463,PROD-0098,Beauty,Defective,1067.0618019083417,90.22989723961408,5,0,1.0
RET-005858,ORD-009792,2023-11-16,CUST-00466,PROD-0175,Electronics,Not as Described,200.51317736368415,73.67563664034755,14,0,4.0
RET-005859,ORD-007131,2022-07-20,CUST-01060,PROD-0046,Electronics,Not as Described,1602.7314761617208,33.55512458598604,4,0,1.0
RET-005860,ORD-000510,2022-12-22,CUST-00596,PROD-0120,Clothing,Wrong Item,540.9602884686958,85.96864615523012,24,1,1.0
RET-005861,ORD-003139,2023-05-24,CUST-01885,PROD-0285,Home,Changed Mind,225.8656856638146,27.076382084004923,27,0,4.0
RET-005862,ORD-001931,2022-12-26,CUST-01321,PROD-0061,Home,Not as Described,1418.1301789183497,51.64924661435393,28,0,2.0
RET-005863,ORD-004195,2024-04-25,CUST-01434,,Home,Not as Described,1890.9368236502453,98.7967263481188,28,0,2.0
RET-005864,ORD-007498,2022-06-29,CUST-01385,PROD-0326,Home,Not as Described,157.90740856928267,280.9365411678822,24,1,4.0
RET-005865,ORD-000162,2023-12-23,CUST-00463,PROD-0456,Clothing,Changed Mind,1559.097698746097,52.23325746544486,8,0,3.0
RET-005866,ORD-003156,2023-01-16,CUST-01796,PROD-0487,Electronics,Not as Described,1896.4546879553927,56.813504895037305,6,0,5.0
RET-005867,ORD-004288,2024-01-25,CUST-00990,PROD-0142,Clothing,Size Issue,1800.7378775920447,1.708369872654647,10,0,5.0
RET-005868,ORD-007211,2022-08-04,CUST-00508,PROD-0180,Clothing,Not as Described,270.50036664605426,41.167494969524974,7,0,4.0
RET-005869,ORD-006508,2023-05-05,CUST-00962,PROD-0062,Home,Defective,1341.9190470662134,79.39619571649511,22,0,5.0
RET-005870,,2024-03-08,CUST-01004,PROD-0389,Clothing,Changed Mind,1663.6003064664992,4.525105553379838,22,1,3.0
RET-005871,ORD-006666,2023-06-24,CUST-01641,PROD-0492,Home,Size Issue,1703.208782841093,24.588272239722087,8,1,3.0
RET-005872,ORD-005862,2023-03-28,CUST-00473,PROD-0229,Clothing,Not as Described,559.2153764167464,48.471495169660436,3,0,5.0
RET-005873,ORD-009318,2022-12-13,CUST-00442,PROD-0286,Electronics,Defective,1960.980877403581,88.8435160192304,19,1,5.0
RET-005874,ORD-006597,2022-12-05,CUST-01291,PROD-0447,Home,Changed Mind,214.84790259425895,58.48531049473299,29,0,3.0
RET-005875,ORD-000953,2023-01-13,CUST-01293,PROD-0111,Beauty,Not as Described,959.9811228398556,95.10278340555828,21,0,5.0
RET-005876,ORD-000222,2023-04-24,CUST-01363,PROD-0395,Beauty,Wrong Item,1989.7160817939691,75.23073325463974,7,0,1.0
RET-005877,ORD-001584,2023-05-20,CUST-01411,PROD-0464,Electronics,Wrong Item,1332.4362092936685,75.43970518012225,12,0,1.0
RET-005878,ORD-009978,2023-10-31,CUST-01017,PROD-0209,Electronics,Not as Described,1346.5559100730313,71.14573694701227,20,0,1.0
RET-005879,ORD-009478,2024-04-19,CUST-00626,PROD-0172,Electronics,Defective,445.3823006333859,85.12747794810235,23,0,5.0
RET-005880,ORD-000463,2023-01-14,CUST-01979,PROD-0103,Beauty,Changed Mind,450.679812709256,54.47766387170117,20,0,4.0
RET-005881,ORD-005426,2023-09-07,CUST-00219,PROD-0231,Home,Not as Described,1410.426776351935,39.463516768941474,14,0,4.0
RET-005882,ORD-006250,2022-09-18,CUST-01621,PROD-0005,Clothing,Not as Described,1652.05432363583,56.370918521104585,29,0,1.0
RET-005883,ORD-001031,2022-12-29,CUST-01382,PROD-0359,BEAUTY,Defective,398.70044064329306,86.60780147905686,27,0,4.0
RET-005884,ORD-002970,2023-05-08,CUST-01907,PROD-0133,Home,Wrong Item,853.6808615115046,23.024759263110816,11,0,3.0
RET-005885,ORD-004778,2023-10-15,CUST-00787,PROD-0039,Beauty,Size Issue,325.3343352352862,27.079896292793048,23,1,4.0
RET-005886,ORD-009162,2023-05-17,CUST-00729,PROD-0074,Home,Not as Described,1562.4516863450972,12.771331171583833,18,0,4.0
RET-005887,ORD-003780,2023-11-10,CUST-00814,PROD-0446,Beauty,Wrong Item,387.33527080792487,60.72728481435404,0,0,5.0
RET-005888,ORD-007158,2024-01-30,CUST-00546,,Clothing,Size Issue,661.5564449208464,17.736030050590657,28,0,2.0
RET-005889,ORD-002717,2022-07-31,CUST-00789,PROD-0354,Electronics,Changed Mind,622.3785413119379,58.908783116295425,21,0,5.0
RET-005890,ORD-008586,2023-01-11,CUST-01454,PROD-0199,Clothing,Size Issue,1048.035468519005,50.336071415714,21,1,2.0
RET-005891,ORD-002864,2023-02-13,CUST-01649,PROD-0264,Electronics,Defective,1556.1635335290148,84.95762503898071,7,0,5.0
RET-005892,ORD-007208,2022-09-14,CUST-01817,PROD-0499,Electronics,Not as Described,939.4942218145112,86.03690222614442,14,0,4.0
RET-005893,ORD-004419,2023-11-18,CUST-01419,PROD-0410,Clothing,Not as Described,507.1764490660556,56.16610830616743,15,0,4.0
RET-005894,ORD-005092,2022-07-05,CUST-00199,PROD-0183,Clothing,Size Issue,916.1291990128253,53.82173790382395,22,0,4.0
RET-005895,ORD-004689,2022-06-04,CUST-01461,PROD-0382,Beauty,Not as Described,1646.3006787364563,36.98364824554825,25,1,4.0
RET-005896,ORD-004010,2023-10-12,CUST-00416,PROD-0179,Beauty,Size Issue,359.20291834565376,38.688192098627205,14,0,3.0
RET-005897,ORD-001059,2023-09-08,CUST-00987,PROD-0333,Home,Size Issue,1075.941333421145,88.02866207885681,6,0,5.0
RET-005898,ORD-006310,2023-01-22,CUST-01628,,Beauty,Not as Described,1236.2383714775174,3.2962434106516336,15,0,4.0
RET-005899,ORD-003694,2024-03-20,CUST-01427,PROD-0167,Home,Wrong Item,1121.5401164031568,26.599442072959924,11,1,1.0
RET-005900,ORD-002851,2024-04-01,CUST-00318,PROD-0113,Clothing,Not as Described,1843.7289072943418,39.540773417567046,24,0,3.0
RET-005901,ORD-003731,2022-10-06,CUST-01028,PROD-0109,Clothing,Changed Mind,787.2312418332751,95.03017510014419,19,0,5.0
RET-005902,ORD-006632,2023-04-18,CUST-01409,PROD-0351,Home,Changed Mind,949.9409632179315,26.143721863525716,19,0,3.0
RET-005903,ORD-003036,2022-09-19,CUST-00365,PROD-0008,Clothing,Wrong Item,1288.1248651210865,59.766907955234984,26,0,1.0
RET-005904,,2022-10-28,CUST-00360,PROD-0145,Beauty,Not as Described,142.8058198582912,19.177791439222226,3,0,3.0
RET-005905,ORD-003472,2023-05-27,CUST-00150,PROD-0044,Beauty,Changed Mind,1198.2544717246458,99.19178707998219,26,0,5.0
RET-005906,ORD-002670,2023-08-05,CUST-01209,PROD-0078,Beauty,Defective,1952.4379898871528,63.05395978240615,21,0,2.0
RET-005907,ORD-002348,2023-01-17,CUST-00162,PROD-0476,Beauty,Not as Described,713.3843068767226,11.550475905770696,12,1,3.0
RET-005908,ORD-003317,2023-07-30,CUST-01516,PROD-0471,Beauty,Size Issue,659.4103152701606,86.22325497675072,8,0,
RET-005909,ORD-006331,2023-03-30,CUST-01381,PROD-0241,Beauty,Defective,370.1977149081465,25.544750219540724,27,1,5.0
RET-005910,ORD-005699,2022-11-03,CUST-00624,PROD-0305,Electronics,Size Issue,305.62041438059157,38.595063374538086,28,1,2.0
RET-005911,ORD-001553,2023-07-20,CUST-01993,PROD-0186,Beauty,Wrong Item,906.3397441227416,76.23038611799193,4,0,1.0
RET-005912,ORD-004485,2024-04-22,CUST-00660,PROD-0162,Electronics,Size Issue,1996.3155380787946,46.091650948782494,16,0,4.0
RET-005913,ORD-009008,2023-01-02,CUST-00129,PROD-0061,Home,Size Issue,684.1947484579315,0.60183084964468,16,0,2.0
RET-005914,ORD-006692,2022-06-30,CUST-01058,PROD-0009,Beauty,Size Issue,802.4945868502757,41.91307661437301,0,0,3.0
RET-005915,ORD-003464,2024-05-01,CUST-00906,PROD-0119,Clothing,Defective,161.80308069297024,49.02955606923993,24,0,3.0
RET-005916,,2022-09-03,CUST-00749,PROD-0392,Electronics,Not as Described,1971.87370741063,78.97130720950673,22,0,3.0
RET-005917,,2024-03-05,CUST-00857,PROD-0051,Home,Changed Mind,1465.7673750785534,71.87935925166961,7,0,2.0
RET-005918,ORD-004982,2023-12-15,CUST-01999,PROD-0300,Clothing,Size Issue,1971.041334752187,11.94426954555099,9,0,3.0
RET-005919,ORD-008586,2023-12-21,CUST-01157,,Clothing,Wrong Item,153.1268484142424,58.04944235229475,12,0,3.0
RET-005920,ORD-005022,2023-07-05,CUST-00513,PROD-0056,Home,Wrong Item,636.8701452708922,82.76949012474618,15,0,2.0
RET-005921,ORD-000138,2024-03-12,CUST-00042,PROD-0323,Beauty,Not as Described,1246.3575944687243,93.22510755368519,15,0,2.0
RET-005922,ORD-001912,2023-04-01,CUST-00883,PROD-0279,Electronics,Size Issue,641.2156429588559,27.213158736689735,1,0,1.0
RET-005923,ORD-004300,,CUST-01963,PROD-0342,Clothing,Defective,1487.026079222065,76.55689791496727,7,0,2.0
RET-005924,ORD-008344,2023-08-28,CUST-01731,PROD-0364,Home,Size Issue,1535.3005992651401,50.72877395348287,4,0,3.0
RET-005925,ORD-005838,2022-06-18,CUST-00766,PROD-0148,Beauty,Changed Mind,1219.8150513731653,85.69674026944477,22,0,1.0
RET-005926,ORD-003946,2022-08-15,CUST-00689,PROD-0483,Clothing,Changed Mind,1713.8798909912693,58.69632867647297,27,0,3.0
RET-005927,ORD-006907,2023-08-20,CUST-01473,PROD-0451,Electronics,Not as Described,1083.2989528338992,46.93174196627506,0,0,1.0
RET-005928,ORD-001051,2023-10-04,CUST-01529,PROD-0050,Clothing,Size Issue,566.0187721567146,70.76082281781034,3,1,4.0
RET-005929,ORD-003298,2023-04-28,CUST-00001,PROD-0254,Electronics,Size Issue,367.2655042035074,44.54499519655483,14,0,2.0
RET-005930,ORD-005295,2023-02-02,CUST-01971,PROD-0395,Electronics,Defective,363.93931088997806,17.963937599054013,15,1,4.0
RET-005931,ORD-008820,2022-12-20,CUST-00077,PROD-0323,Electronics,Not as Described,1972.0206716995363,69.34165364019194,6,0,5.0
RET-005932,,2022-07-26,CUST-01345,PROD-0267,Electronics,Wrong Item,561.6711787602176,18.652921928221954,1,1,2.0
RET-005933,ORD-007725,2024-02-13,CUST-00107,PROD-0192,Beauty,Changed Mind,1635.3563671288402,65.69015511365049,10,0,3.0
RET-005934,ORD-000932,2023-04-20,CUST-01523,PROD-0267,Electronics,Wrong Item,1836.956185052419,56.25258656722325,6,0,2.0
RET-005935,ORD-006320,2023-10-15,CUST-00505,PROD-0020,Clothing,Wrong Item,594.1299845387895,46.657398541881236,4,0,3.0
RET-005936,ORD-000281,2023-09-16,CUST-01834,PROD-0019,Clothing,Size Issue,137.20612000704503,34.39904147247387,14,0,
RET-005937,ORD-009985,2024-04-20,CUST-01919,PROD-0496,Electronics,Size Issue,1198.0973566088883,19.44952031217374,26,1,3.0
RET-005938,ORD-004623,2023-09-26,CUST-00872,PROD-0002,Home,Size Issue,222.89935915045342,9.952096822932543,10,0,4.0
RET-005939,ORD-003369,2023-12-30,CUST-01179,PROD-0485,Beauty,Not as Described,1473.7288965931707,95.24052514992896,6,0,3.0
RET-005940,ORD-000053,2022-09-19,CUST-00216,PROD-0264,Clothing,Not as Described,1821.1378653778709,61.83329125271353,28,1,5.0
RET-005941,ORD-004337,2022-10-23,CUST-01493,PROD-0144,Clothing,Not as Described,255.70801252510842,81.4424856605832,21,0,5.0
RET-005942,ORD-002415,2023-07-11,CUST-00718,PROD-0084,Beauty,Not as Described,1064.871962223031,68.89982167761562,19,1,1.0
RET-005943,ORD-009337,2022-09-28,CUST-01428,PROD-0291,Clothing,Defective,1457.8323042463628,85.71693904283936,1,0,2.0
RET-005944,ORD-004676,2023-04-25,CUST-00553,PROD-0007,Electronics,Wrong Item,1367.8411837960361,21.11147594479639,17,1,2.0
RET-005945,ORD-004383,2023-07-27,CUST-00285,PROD-0482,Electronics,Wrong Item,1924.2810259093012,65.00607841095413,18,0,4.0
RET-005946,ORD-003996,2023-07-07,CUST-01769,PROD-0467,Home,Changed Mind,1622.0709091049528,66.51360638170001,6,1,2.0
RET-005947,ORD-005431,2023-08-31,CUST-01286,PROD-0488,Electronics,Not as Described,1661.361639646586,31.029557421041233,25,0,3.0
RET-005948,ORD-006678,2022-08-12,CUST-01356,PROD-0484,Clothing,Not as Described,721.1746644987011,14.900430644055984,20,0,4.0
RET-005949,ORD-008607,2022-10-11,CUST-01837,PROD-0087,Home,Defective,376.06422809309004,83.71677817212513,22,0,4.0
RET-005950,ORD-004898,2023-11-04,CUST-01216,PROD-0240,Electronics,Size Issue,1984.9785145216113,50.642161174002176,26,0,4.0
RET-005951,ORD-006535,2022-10-03,CUST-01656,PROD-0363,Beauty,Size Issue,632.9044602998083,38.185004141648015,15,1,4.0
RET-005952,ORD-005251,2024-04-24,CUST-00979,PROD-0311,Electronics,Not as Described,1631.2338682028,45.80298854645375,25,1,
RET-005953,ORD-002871,2022-07-08,CUST-01031,PROD-0093,Home,Not as Described,537.3397428662295,55.50730464860217,29,0,5.0
RET-005954,ORD-006622,2022-07-08,CUST-01600,PROD-0354,Clothing,Not as Described,909.5682624544085,13.979846425343112,27,1,1.0
RET-005955,ORD-007453,2024-03-01,CUST-00133,PROD-0269,Beauty,Wrong Item,369.18413748846604,90.42593152498026,28,1,4.0
RET-005956,ORD-009516,2022-10-15,CUST-01632,PROD-0001,Electronics,Size Issue,1340.537830041309,50.784435206267716,18,0,3.0
RET-005957,ORD-008577,2024-04-17,CUST-00907,PROD-0301,Electronics,Wrong Item,1421.7070665759616,16.283920173247978,12,0,2.0
RET-005958,ORD-004561,2023-03-12,CUST-01086,PROD-0475,Home,Not as Described,1539.3085593188343,0.4880705847267075,17,1,3.0
RET-005959,ORD-006795,2024-01-16,CUST-00763,PROD-0075,Home,Defective,1677.2979093229603,4.965115735404469,1,0,2.0
RET-005960,ORD-000402,2023-11-07,CUST-01322,PROD-0291,Home,Changed Mind,1090.7558599907616,31.847720493456343,23,0,4.0
RET-005961,ORD-005257,2022-12-25,CUST-01095,PROD-0324,Beauty,Not as Described,663.0747228268356,65.82969889312353,18,0,2.0
RET-005962,ORD-002350,2022-10-12,CUST-01560,PROD-0496,Clothing,Size Issue,1078.487177422342,39.36957006749928,22,0,2.0
RET-005963,ORD-005510,2024-04-20,CUST-00735,PROD-0100,Clothing,Size Issue,1678.742601994018,55.516797031009936,6,0,4.0
RET-005964,ORD-000301,2022-10-30,CUST-00960,PROD-0075,Clothing,Changed Mind,1356.9808523969207,63.672389045085644,21,0,
RET-005965,ORD-001346,2024-01-21,CUST-00409,PROD-0429,Clothing,Size Issue,1304.4045803963593,54.493165559121316,20,1,1.0
RET-005966,ORD-000674,2023-03-17,CUST-00655,PROD-0451,Beauty,Not as Described,494.74448273951384,71.8006045683541,12,0,5.0
RET-005967,ORD-006220,2024-02-08,CUST-00791,PROD-0479,Beauty,Changed Mind,1588.4472552509437,70.9271499487773,27,0,1.0
RET-005968,ORD-001203,2024-02-21,CUST-00699,PROD-0081,Clothing,Defective,217.0640261461825,21.99171202910495,27,0,1.0
RET-005969,ORD-006329,2023-02-08,CUST-00723,PROD-0490,Clothing,Size Issue,1808.3040756606993,70.11756257686609,23,0,1.0
RET-005970,ORD-002039,2022-06-14,CUST-00861,,Clothing,Wrong Item,1003.4304644631487,32.626158025649744,29,0,3.0
RET-005971,ORD-003074,2022-08-27,CUST-00275,PROD-0426,Beauty,Changed Mind,1954.386321329018,12.728836711585146,26,1,1.0
RET-005972,ORD-007889,2023-01-26,CUST-01372,PROD-0349,Beauty,Changed Mind,1853.9793399855616,67.46082210721049,23,0,5.0
RET-005973,ORD-004294,2023-06-11,CUST-01859,PROD-0077,Electronics,Not as Described,1629.019230042621,16.73765743371908,6,1,5.0
RET-005974,ORD-007037,2022-09-16,CUST-00855,PROD-0088,Beauty,Wrong Item,1964.5407924717183,25.796836331347183,11,0,2.0
RET-005975,ORD-002617,2023-02-12,CUST-01252,PROD-0441,Clothing,Size Issue,1007.9918406996934,17.54941966956951,27,0,4.0
RET-005976,ORD-005889,2023-08-10,CUST-00816,PROD-0186,Electronics,Changed Mind,388.48534466312157,74.43009978444992,7,1,1.0
RET-005977,ORD-001908,2023-08-19,CUST-00221,PROD-0252,Electronics,Wrong Item,872.6953275170828,86.81484093817356,5,1,3.0
RET-005978,ORD-000885,2022-12-26,CUST-00014,PROD-0490,Beauty,Size Issue,1344.2077597905416,40.80629431975785,9,1,2.0
RET-005979,ORD-006861,2022-12-15,CUST-01942,PROD-0220,Clothing,Size Issue,945.4953684462113,65.07886071595688,13,0,5.0
RET-005980,ORD-001208,2023-06-14,CUST-00638,PROD-0232,Electronics,Not as Described,1998.872878669641,58.04230469938333,24,0,4.0
RET-005981,ORD-001448,2022-07-09,CUST-01009,PROD-0455,Electronics,Wrong Item,1619.9727104708627,51.88726653666579,18,1,3.0
RET-005982,ORD-003603,2023-08-09,CUST-00504,PROD-0308,Home,Wrong Item,797.1466485631872,45.91698960913181,28,0,1.0
RET-005983,ORD-007942,2022-09-09,CUST-01952,PROD-0125,Clothing,Changed Mind,529.2529259140963,12.52342548874028,22,1,2.0
RET-005984,ORD-009246,2023-01-04,CUST-00446,PROD-0422,Clothing,Defective,1897.6338787924092,60.034918374809024,9,0,5.0
RET-005985,ORD-003124,2024-04-17,CUST-00975,PROD-0317,Beauty,Defective,835.6668217861276,82.25355421486994,15,0,3.0
RET-005986,ORD-007678,2023-06-08,CUST-01875,PROD-0070,Home,Size Issue,1898.10902286433,5.306481017310061,20,1,5.0
RET-005987,ORD-009875,2023-07-23,CUST-01662,PROD-0128,Beauty,Changed Mind,44.890797047165066,80.03191737328838,20,0,5.0
RET-005988,ORD-008874,,CUST-01187,PROD-0111,Home,Size Issue,1219.0342317159777,43.93270682211982,7,0,3.0
RET-005989,ORD-008273,2024-03-26,CUST-00084,PROD-0135,Home,Defective,1952.4856201047196,40.00113337343723,13,0,3.0
RET-005990,ORD-004760,2023-12-13,CUST-00726,PROD-0115,Clothing,Size Issue,320.8526829876632,31.001952100798825,27,0,1.0
RET-005991,ORD-004038,2022-08-29,CUST-01555,PROD-0317,Home,Wrong Item,1869.2879756955942,49.88544380422108,27,1,2.0
RET-005992,ORD-003902,2023-01-11,CUST-00695,PROD-0500,Electronics,Changed Mind,1485.9016334504156,73.33270192905388,19,0,5.0
RET-005993,ORD-009467,2023-07-04,CUST-01274,PROD-0290,Clothing,Not as Described,616.2689519483538,22.72221766987198,23,1,5.0
RET-005994,ORD-004748,2023-04-11,CUST-01298,PROD-0113,Beauty,Not as Described,164.02786254728306,7.516427993688469,12,0,1.0
RET-005995,ORD-003361,2023-02-17,CUST-00868,PROD-0155,Clothing,Not as Described,772.9072809491955,25.569821579859187,0,0,5.0
RET-005996,ORD-004768,2023-12-01,CUST-00885,PROD-0015,Clothing,Size Issue,1017.6554265501678,40.693425462753694,10,0,5.0
RET-005997,ORD-000417,2022-12-14,CUST-01849,PROD-0376,Beauty,Size Issue,612.6084375038979,9.143260186331748,13,1,
RET-005998,ORD-005556,2023-03-24,CUST-01415,PROD-0257,Home,Size Issue,1478.0011100365589,92.83523147949634,29,0,5.0
RET-005999,ORD-001148,2024-01-01,CUST-00950,PROD-0292,Electronics,Not as Described,1803.9768596977785,93.8711118796161,15,1,2.0
RET-006000,ORD-004070,2023-05-05,CUST-00190,PROD-0324,Electronics,Not as Described,572.4248515354449,0.27456481891097173,9,0,5.0
RET-006001,ORD-001715,2023-09-03,CUST-01690,PROD-0400,Home,Not as Described,1672.3625830003486,79.99193355952885,17,0,2.0
RET-006002,ORD-004821,2022-11-08,CUST-00567,PROD-0088,Electronics,Not as Described,1430.409696746288,41.55464610329781,28,0,3.0
RET-006003,ORD-000301,2023-07-30,CUST-01978,PROD-0015,Clothing,Changed Mind,779.5873114063301,48.24942292767981,21,0,1.0
RET-006004,ORD-001879,2022-07-06,CUST-01379,PROD-0090,Electronics,Wrong Item,892.8580575536249,26.852259326876126,18,0,3.0
RET-006005,ORD-000252,2023-06-14,CUST-00127,PROD-0078,Beauty,Not as Described,160.989390983533,59.326869215687026,9,1,5.0
RET-006006,ORD-006354,2022-10-01,CUST-01606,PROD-0261,Clothing,Size Issue,712.0921401326232,70.51863129832404,2,1,1.0
RET-006007,ORD-003742,2023-01-17,CUST-01574,PROD-0358,Home,Size Issue,112.71279587656223,52.03614414359454,8,0,4.0
RET-006008,ORD-006494,2023-06-26,CUST-01544,PROD-0147,Clothing,Wrong Item,397.4110339216061,29.73358800594793,24,0,1.0
RET-006009,ORD-005021,2022-10-26,CUST-01490,PROD-0405,Electronics,Wrong Item,317.9484694352471,47.30281622532432,22,0,5.0
RET-006010,ORD-000906,2024-02-18,CUST-01322,PROD-0429,Clothing,Wrong Item,1142.5218585835496,45.21874365535595,27,0,2.0
RET-006011,ORD-008012,2023-03-30,CUST-00566,PROD-0271,Electronics,Defective,645.2783020132424,1.3565345923774563,22,0,5.0
RET-006012,ORD-006042,2023-05-01,CUST-01958,PROD-0445,Electronics,Defective,608.6778952650176,66.6645549098504,29,0,5.0
RET-006013,ORD-001772,2022-06-02,CUST-00602,PROD-0322,Home,Wrong Item,1882.1308809741317,25.60259420471127,24,0,2.0
RET-006014,ORD-009942,2023-09-14,CUST-01839,PROD-0476,Electronics,Wrong Item,438.70591184226953,76.57565247905502,18,0,4.0
RET-006015,,2023-07-24,CUST-00100,PROD-0252,Home,Changed Mind,1866.1217130186913,94.01347796955034,11,0,1.0
RET-006016,,2023-05-12,CUST-00089,,Home,Wrong Item,389.6593375764592,50.386312685156334,20,0,
RET-006017,ORD-002312,2023-12-02,CUST-00062,PROD-0139,Home,Defective,1038.9431736306535,66.2216565276491,25,1,1.0
RET-006018,ORD-003122,2024-01-02,CUST-00528,PROD-0107,Home,Changed Mind,1647.734421700979,40.527210802745685,25,0,5.0
RET-006019,ORD-002939,2022-07-08,CUST-00406,PROD-0076,Clothing,Wrong Item,502.357711013807,51.33787486804934,22,1,4.0
RET-006020,ORD-004228,2023-06-23,CUST-00025,PROD-0490,Electronics,Size Issue,982.9619939069684,70.28699206761281,9,0,1.0
RET-006021,ORD-007195,2023-08-11,CUST-01192,PROD-0433,Electronics,Not as Described,1660.2778671140325,86.16211299149082,25,0,2.0
RET-006022,ORD-008285,2022-11-14,CUST-00209,PROD-0483,Home,Wrong Item,1624.739828139889,67.35636907492555,1,0,1.0
RET-006023,ORD-003518,2023-06-25,CUST-00679,PROD-0449,Beauty,Wrong Item,1059.543482783749,85.15408431441487,5,0,2.0
RET-006024,,2024-04-16,CUST-00286,PROD-0041,Clothing,Defective,1669.9978302898774,0.5062323312039818,8,0,3.0
RET-006025,ORD-006106,2022-11-08,CUST-01424,PROD-0383,Beauty,Defective,1001.432926123052,71.36038036995413,15,0,4.0
RET-006026,ORD-009639,2023-10-21,CUST-00901,PROD-0281,Clothing,Size Issue,262.7933738477036,57.466556673884206,20,0,4.0
RET-006027,ORD-005890,2024-04-02,CUST-00996,PROD-0089,Beauty,Wrong Item,1029.029506051259,52.051503265199464,29,0,3.0
RET-006028,ORD-001371,2024-02-07,CUST-00138,,Clothing,Not as Described,1839.9351291879525,11.10065394578843,26,0,5.0
RET-006029,ORD-008730,2024-04-25,CUST-00869,PROD-0390,Clothing,Not as Described,958.776281508442,1.254604392247538,29,0,2.0
RET-006030,ORD-008073,2023-11-26,CUST-01368,PROD-0045,Clothing,Size Issue,1918.8815529198807,46.7716045185814,29,0,5.0
RET-006031,ORD-002594,2023-11-13,CUST-01416,PROD-0455,Clothing,Changed Mind,1802.7360859423284,32.97872832526563,13,1,2.0
RET-006032,ORD-001165,2023-04-05,CUST-01546,PROD-0424,Beauty,Changed Mind,1342.974319066757,10.492319651913352,11,0,2.0
RET-006033,ORD-009616,2023-09-18,CUST-00223,,Beauty,Not as Described,216.7325272325558,34.58392381621781,19,1,1.0
RET-006034,ORD-001876,2023-02-16,CUST-00480,PROD-0364,Electronics,Wrong Item,1668.0626361028374,43.69532898517845,0,1,1.0
RET-006035,ORD-000077,2022-06-17,CUST-00648,PROD-0171,Beauty,Not as Described,1968.1924647144256,90.46436521212036,25,1,3.0
RET-006036,ORD-008478,2023-09-11,CUST-00645,PROD-0036,Electronics,Changed Mind,1966.6648397622594,51.564305079283336,14,0,4.0
RET-006037,ORD-000891,2023-08-02,CUST-00190,PROD-0064,Electronics,Wrong Item,456.15965940018475,16.22702377858237,19,0,3.0
RET-006038,ORD-001039,2024-03-03,CUST-00057,PROD-0361,Electronics,Defective,1083.6921882164697,78.1475285273179,21,0,1.0
RET-006039,ORD-003886,2022-07-26,CUST-00218,PROD-0338,Electronics,Size Issue,936.2145476138604,29.66387537837315,20,0,4.0
RET-006040,ORD-008610,2023-06-06,CUST-00262,PROD-0392,Home,Changed Mind,62.02708944283827,33.248913555946324,28,0,4.0
RET-006041,ORD-005369,2022-11-12,CUST-00233,PROD-0450,Beauty,Not as Described,1425.5067138534641,24.21750818707695,13,0,2.0
RET-006042,ORD-000077,2022-08-26,CUST-00611,PROD-0344,Electronics,Wrong Item,929.0619105744703,50.509416598845156,11,1,1.0
RET-006043,ORD-007389,2024-03-17,CUST-01858,PROD-0368,Electronics,Changed Mind,978.1441065418202,23.022506314304515,4,1,3.0
RET-006044,ORD-009911,2023-08-08,CUST-00915,PROD-0302,Home,Changed Mind,1193.4484178653315,48.866942890861644,7,0,4.0
RET-006045,ORD-007518,2022-10-10,CUST-00150,PROD-0196,Clothing,Not as Described,1713.4940211793441,62.88409936977413,9,0,2.0
RET-006046,ORD-002836,2023-08-24,CUST-00492,PROD-0208,Beauty,Size Issue,1480.8475070973395,73.58841157117679,22,1,4.0
RET-006047,ORD-008221,2023-02-10,CUST-00791,PROD-0119,Clothing,Changed Mind,617.1818095411621,75.77724050417554,25,0,5.0
RET-006048,ORD-007774,2024-02-19,CUST-00993,PROD-0022,Home,Defective,1715.4108006173958,60.606611357480475,10,0,2.0
RET-006049,ORD-009008,2023-03-15,CUST-01895,PROD-0244,Beauty,Not as Described,277.2554032988808,4.497738016981434,8,0,1.0
RET-006050,ORD-004417,2022-09-01,CUST-00898,PROD-0450,Home,Changed Mind,657.0466971060317,26.750072710079852,12,0,2.0
RET-006051,ORD-007607,2022-08-19,CUST-01665,PROD-0459,Clothing,Size Issue,355.3968520276033,34.95992585057618,21,0,1.0
RET-006052,ORD-008025,2023-06-25,CUST-00179,PROD-0380,Home,Wrong Item,517.9799275697688,76.77554912425704,28,1,4.0
RET-006053,ORD-003842,2022-10-26,CUST-00764,PROD-0162,Home,Not as Described,1842.0711651249237,34.96954917527864,22,0,5.0
RET-006054,ORD-001894,2023-12-27,CUST-01458,PROD-0322,Home,Wrong Item,543.9629293401275,94.75071849210718,6,0,5.0
RET-006055,ORD-009141,2023-11-04,CUST-00387,PROD-0194,Clothing,Not as Described,1926.718511514652,99.0977933636655,16,1,4.0
RET-006056,ORD-007741,,CUST-01387,PROD-0478,Home,Changed Mind,1081.7047583162537,10.589034395985097,28,0,2.0
RET-006057,ORD-000066,2022-11-19,CUST-01704,PROD-0395,Electronics,Size Issue,377.8873913052369,6.71624205202993,15,1,2.0
RET-006058,ORD-004739,2023-10-18,CUST-00737,PROD-0373,Beauty,Not as Described,957.6965943164143,13.562689827198259,0,1,1.0
RET-006059,ORD-000159,2022-06-28,CUST-00662,PROD-0241,Beauty,Changed Mind,247.99283123466554,45.71358410924915,10,0,5.0
RET-006060,ORD-001999,2024-03-30,CUST-01990,PROD-0482,Beauty,Wrong Item,76.77442267206867,21.179413660624736,9,1,5.0
RET-006061,ORD-007988,2024-01-31,CUST-00190,PROD-0189,Clothing,Defective,1239.306823057712,29.954193364054362,29,0,4.0
RET-006062,ORD-002329,2024-03-27,CUST-00912,PROD-0422,Beauty,Not as Described,611.5369523034378,45.454144157954026,18,0,2.0
RET-006063,ORD-006975,2022-10-28,CUST-00445,PROD-0376,Home,Changed Mind,579.0853182634819,89.68271547867845,5,0,1.0
RET-006064,ORD-009959,2023-02-16,CUST-00466,PROD-0316,Electronics,Changed Mind,1875.071786647721,97.17204243280926,17,1,1.0
RET-006065,ORD-002563,2022-08-21,CUST-01445,PROD-0137,Beauty,Not as Described,429.37534883446017,4.660618906326885,9,0,5.0
RET-006066,ORD-008407,2023-03-16,CUST-01738,PROD-0326,Beauty,Size Issue,1112.4901707110598,71.3534590998276,3,0,2.0
RET-006067,ORD-008930,2023-02-14,CUST-01959,PROD-0022,Beauty,Not as Described,1490.7069225131213,92.74549691068975,16,0,3.0
RET-006068,ORD-002326,2023-08-29,CUST-01514,PROD-0171,Electronics,Size Issue,1499.1930790620222,76.28610305680301,23,0,1.0
RET-006069,,2024-02-17,CUST-00077,PROD-0465,Home,Wrong Item,1918.4079047740736,81.96583377155484,11,0,2.0
RET-006070,ORD-002899,2023-06-29,CUST-00770,PROD-0005,Beauty,Size Issue,1552.5022715779571,68.27510010072197,29,1,2.0
RET-006071,ORD-005728,2023-09-22,CUST-01955,PROD-0034,Home,Defective,507.76033421632263,86.76482905872967,18,0,3.0
RET-006072,ORD-000426,2024-02-23,CUST-00208,PROD-0037,Home,Defective,716.5893721146699,75.50089528344722,12,0,5.0
RET-006073,ORD-005435,2023-03-07,CUST-01279,PROD-0396,Clothing,Defective,40.41301064003308,78.08361369303698,11,0,5.0
RET-006074,ORD-001693,2023-12-01,CUST-00071,PROD-0210,Beauty,Defective,1114.5688911825846,33.186279022121354,23,0,3.0
RET-006075,ORD-004731,2023-09-26,CUST-00780,PROD-0132,Beauty,Changed Mind,311.00333615353895,59.310993319708906,28,1,3.0
RET-006076,ORD-009751,2022-09-07,CUST-00153,PROD-0456,Beauty,Changed Mind,1424.027238637778,66.77936210666077,1,0,4.0
RET-006077,ORD-001372,2023-09-07,CUST-01418,PROD-0325,Electronics,Wrong Item,410.3745592724851,59.77991386689984,29,0,5.0
RET-006078,ORD-009740,2022-12-31,CUST-00396,PROD-0078,Electronics,Changed Mind,823.474383098377,56.48226823413614,15,1,4.0
RET-006079,ORD-001431,,CUST-00278,PROD-0060,Electronics,Wrong Item,836.8762972922757,99.79753118169586,12,1,5.0
RET-006080,ORD-000478,2023-08-12,CUST-00613,PROD-0229,Beauty,Not as Described,94.82693036374786,27.812132231282185,23,1,4.0
RET-006081,ORD-003374,2024-04-26,CUST-01223,PROD-0044,Beauty,Changed Mind,599.0594049213809,68.72256708156698,2,0,4.0
RET-006082,ORD-008407,2023-08-19,CUST-00566,PROD-0020,Electronics,Wrong Item,1657.2772819254183,130.28226356885247,5,0,5.0
RET-006083,ORD-003714,2023-06-24,CUST-00035,PROD-0265,Beauty,Size Issue,1534.5775777373526,11.76537917941669,7,0,2.0
RET-006084,ORD-004839,2023-05-09,CUST-01179,PROD-0116,Home,Wrong Item,1285.7137861319413,29.205558334463923,27,0,4.0
RET-006085,ORD-008445,2023-10-24,CUST-01463,PROD-0373,Clothing,Changed Mind,1252.148610448342,56.391092931751665,25,0,5.0
RET-006086,ORD-000453,2023-01-20,CUST-00936,PROD-0195,Beauty,Size Issue,531.2809064657544,76.50618417324236,28,0,5.0
RET-006087,ORD-000379,2024-02-15,CUST-01603,PROD-0297,Electronics,Defective,659.7870147620316,33.726785646297174,19,0,5.0
RET-006088,,2024-02-28,CUST-00738,PROD-0307,Beauty,Changed Mind,1663.9346374635145,67.4371019741559,0,0,2.0
RET-006089,ORD-000705,2023-04-11,CUST-01648,PROD-0064,Electronics,Defective,663.4276242343341,113.3278309981381,28,0,3.0
RET-006090,ORD-008396,2023-02-04,CUST-01516,PROD-0111,Clothing,Not as Described,300.6553209136446,28.68642487013694,18,0,3.0
RET-006091,ORD-002917,2023-03-07,CUST-00855,PROD-0216,Beauty,Changed Mind,902.107849060383,96.75474388952402,24,0,3.0
RET-006092,ORD-000735,2023-05-18,CUST-01826,PROD-0020,Beauty,Size Issue,1037.7812318790684,88.61499695875891,0,1,3.0
RET-006093,ORD-005073,2023-09-13,CUST-01852,PROD-0150,Electronics,Defective,870.8020216551326,83.94376604483139,14,0,3.0
RET-006094,ORD-003501,2022-07-15,CUST-01485,PROD-0489,Clothing,Not as Described,1636.223464508344,35.15143978998802,1,1,4.0
RET-006095,ORD-005205,2024-02-25,CUST-00265,PROD-0095,Beauty,Size Issue,1906.5759764850338,23.18217878499158,29,1,2.0
RET-006096,ORD-007733,2023-05-20,CUST-00519,PROD-0223,Clothing,Changed Mind,1331.6731922410104,49.79502119585477,6,0,1.0
RET-006097,ORD-001285,2023-09-19,CUST-01251,PROD-0396,Clothing,Changed Mind,1258.2946994909457,72.36896912191749,8,0,1.0
RET-006098,ORD-002092,2023-12-24,CUST-01384,PROD-0018,Home,Changed Mind,1968.4235220929584,10.465804273307333,7,0,5.0
RET-006099,ORD-003487,2024-03-12,CUST-00376,PROD-0399,Home,Defective,981.2867837789875,29.502333472023345,12,0,2.0
RET-006100,ORD-005076,2022-11-02,CUST-00537,PROD-0203,Electronics,Size Issue,1595.736748840062,56.97005439932256,19,0,5.0
RET-006101,ORD-004742,2024-04-28,CUST-00014,PROD-0225,Electronics,Wrong Item,1363.9008787578694,80.52086796612704,12,0,5.0
RET-006102,ORD-000465,2023-07-06,CUST-00154,PROD-0018,Home,Not as Described,369.3689538736259,57.99184972957798,20,0,1.0
RET-006103,ORD-001258,2024-03-15,CUST-01962,PROD-0150,Beauty,Size Issue,897.6906145150788,43.25204517776366,6,0,1.0
RET-006104,ORD-005529,2022-11-24,CUST-00022,PROD-0116,Beauty,Changed Mind,1518.628676976066,3.9985802078040367,6,0,4.0
RET-006105,ORD-006975,2023-02-28,CUST-01152,PROD-0361,Beauty,Size Issue,1314.5169500632883,74.14236383757016,5,0,2.0
RET-006106,ORD-002082,2023-01-15,CUST-01441,PROD-0455,Home,Changed Mind,1240.527519293195,89.51581369030845,13,0,1.0
RET-006107,ORD-000232,2024-02-01,CUST-00928,PROD-0190,Home,Defective,919.4799323724626,37.53901454691445,0,1,5.0
RET-006108,ORD-008558,2023-06-12,CUST-00628,PROD-0038,Home,Size Issue,957.4316548682568,87.00529694884254,14,0,2.0
RET-006109,ORD-006247,2022-09-25,CUST-00875,PROD-0026,Beauty,Changed Mind,1774.9148308181636,20.30135924529709,14,0,2.0
RET-006110,ORD-000756,2023-08-04,CUST-00489,PROD-0287,Beauty,Defective,1694.4035702233912,44.86482290742235,2,0,4.0
RET-006111,ORD-008191,2023-02-08,CUST-00407,PROD-0186,Clothing,Not as Described,733.8766841390839,94.53627218975356,29,0,1.0
RET-006112,ORD-001325,2023-10-24,CUST-01691,PROD-0447,Electronics,Changed Mind,1474.9230396223866,7.019375327644372,4,1,5.0
RET-006113,ORD-000304,2022-06-30,CUST-00820,PROD-0224,Beauty,Size Issue,1671.6827269097087,25.85592780071749,21,1,2.0
RET-006114,ORD-004709,2022-12-05,CUST-01845,PROD-0089,Electronics,Size Issue,875.8037709590678,76.75486205934487,4,0,2.0
RET-006115,ORD-003273,2023-09-22,CUST-01141,PROD-0028,Electronics,Not as Described,387.39929812340836,79.90553150692035,21,0,2.0
RET-006116,ORD-003909,2023-08-20,CUST-00665,PROD-0430,Clothing,Size Issue,340.29684863089756,95.76007675914337,23,0,5.0
RET-006117,ORD-001836,2022-07-16,CUST-01804,PROD-0332,Electronics,Defective,1463.263027489167,75.00696864423618,13,1,4.0
RET-006118,ORD-000931,2022-12-07,CUST-00336,PROD-0438,Beauty,Wrong Item,898.0605646815792,25.10571642023286,10,0,4.0
RET-006119,ORD-004541,2023-02-02,CUST-00059,PROD-0130,Clothing,Defective,487.2319324408929,67.01136393832329,6,0,5.0
RET-006120,ORD-002482,2022-11-06,CUST-00358,PROD-0137,Electronics,Defective,1186.4592384454234,54.14918036036915,25,0,5.0
RET-006121,ORD-004322,2023-04-27,CUST-01083,PROD-0254,Clothing,Not as Described,222.2689588240759,98.43637315437348,2,0,5.0
RET-006122,ORD-008623,2023-06-10,CUST-00228,PROD-0377,Beauty,Size Issue,653.7579358232837,34.52862935266354,4,0,2.0
RET-006123,ORD-005267,2023-07-20,CUST-01282,PROD-0212,Electronics,Changed Mind,1716.3501893800687,93.32728039483128,23,0,2.0
RET-006124,ORD-008314,2022-09-25,CUST-01970,PROD-0177,Clothing,Size Issue,240.00798814822568,62.827067938332895,22,0,5.0
RET-006125,ORD-000911,2023-06-30,CUST-00158,PROD-0254,Electronics,Size Issue,1165.825156429118,90.62612545419779,4,0,2.0
RET-006126,ORD-008857,2023-10-18,CUST-00608,PROD-0061,Electronics,Not as Described,23.59340655125054,14.465535277508469,7,0,5.0
RET-006127,ORD-003329,2023-04-25,CUST-01442,PROD-0346,Electronics,Wrong Item,786.617961609371,80.80402022334228,25,0,5.0
RET-006128,ORD-007562,2024-04-17,CUST-01713,PROD-0267,Home,Wrong Item,1755.3459754960816,6.522786468348807,18,0,4.0
RET-006129,ORD-004097,2023-07-30,CUST-01032,PROD-0259,Beauty,Changed Mind,146.63604182305662,10.793615662396572,23,1,2.0
RET-006130,ORD-000241,2023-01-29,CUST-00857,PROD-0046,Clothing,Wrong Item,777.9559396261068,91.40154811218568,6,0,1.0
RET-006131,ORD-002127,2023-01-21,CUST-00560,PROD-0364,Clothing,Not as Described,1977.8316433403404,63.65488829461169,18,1,3.0
RET-006132,ORD-002158,2022-07-28,CUST-01931,PROD-0011,Home,Not as Described,425.62002173469375,2.5813769442582846,26,0,4.0
RET-006133,ORD-006922,2023-06-28,CUST-00060,PROD-0163,Home,Changed Mind,122.86927684329795,68.43929026537879,25,1,5.0
RET-006134,ORD-009891,2023-06-04,CUST-01055,PROD-0102,Beauty,Wrong Item,1109.3391699149656,94.36596450938795,27,0,2.0
RET-006135,ORD-007149,2023-01-25,CUST-01701,PROD-0031,Clothing,Changed Mind,145.1131576458573,31.25826163795058,7,0,1.0
RET-006136,ORD-005229,2022-08-24,CUST-01742,PROD-0332,Clothing,Size Issue,998.4944663010834,12.413930258706818,29,1,2.0
RET-006137,ORD-003542,2024-01-01,CUST-01511,PROD-0463,Beauty,Not as Described,724.8519791015856,83.13951498971706,15,1,3.0
RET-006138,ORD-008951,2022-09-07,CUST-00975,PROD-0073,Beauty,Changed Mind,1323.3723051933484,10.93158744915873,10,1,1.0
RET-006139,ORD-001670,2022-11-02,CUST-00417,PROD-0362,Beauty,Changed Mind,564.3538426376508,46.880648571697414,25,0,1.0
RET-006140,ORD-005652,2023-08-21,CUST-01911,PROD-0419,Electronics,Defective,666.5280223609504,38.75894441326449,21,0,2.0
RET-006141,ORD-007018,2023-05-18,CUST-01508,PROD-0494,Electronics,Changed Mind,1747.8238647544263,68.63431826959265,15,0,1.0
RET-006142,ORD-003478,2023-09-25,CUST-00048,PROD-0231,Electronics,Size Issue,505.77358769149976,65.243093243923,23,0,5.0
RET-006143,ORD-009793,2022-12-26,CUST-01828,PROD-0099,Electronics,Size Issue,836.5390902713199,41.442197712868,11,0,2.0
RET-006144,ORD-003644,2024-01-01,CUST-01481,PROD-0365,Home,Size Issue,740.009797030176,45.01451635325901,5,0,5.0
RET-006145,ORD-001802,2022-12-16,CUST-01513,PROD-0016,Beauty,Changed Mind,178.34056989122928,54.07497352491454,29,0,1.0
RET-006146,ORD-002051,2023-09-28,CUST-00485,PROD-0144,Electronics,Not as Described,383.33959345057986,30.997672664328924,15,1,5.0
RET-006147,ORD-008330,2023-12-24,CUST-00590,PROD-0078,Clothing,Size Issue,917.7383788182196,1.8001032343871626,19,0,5.0
RET-006148,ORD-007053,2022-06-01,CUST-00555,PROD-0083,Home,Wrong Item,1326.6894583474386,0.39009477140358184,24,0,4.0
RET-006149,ORD-006983,2022-06-09,CUST-00953,PROD-0215,beauty,Not as Described,1449.9212098491716,21.576839586369843,19,0,5.0
RET-006150,ORD-007513,2023-02-14,CUST-00728,PROD-0492,Electronics,Wrong Item,1887.9234379293707,58.30232286821405,14,0,5.0
RET-006151,,2023-03-29,CUST-00441,PROD-0195,Beauty,Defective,708.8131135850307,86.92504157955689,21,0,4.0
RET-006152,ORD-008566,2023-11-10,CUST-00659,PROD-0063,Home,Defective,1471.3112415177256,17.653904596530378,3,0,3.0
RET-006153,ORD-005695,2023-12-17,CUST-00527,PROD-0325,Beauty,Changed Mind,1962.847371199739,49.823008149445805,29,0,4.0
RET-006154,ORD-008592,2023-06-07,CUST-01410,PROD-0262,Home,Not as Described,1868.6784687754246,1.2925692597529181,28,1,1.0
RET-006155,ORD-002869,2023-07-23,CUST-00758,,Home,Wrong Item,908.4631977242831,27.38220015100058,25,0,1.0
RET-006156,ORD-001664,2023-11-11,CUST-01452,PROD-0249,Electronics,Size Issue,118.05796721971474,80.32058461990505,3,0,1.0
RET-006157,ORD-001157,2023-02-02,CUST-01390,PROD-0052,Clothing,Wrong Item,616.7275629087586,59.901011044342624,17,1,4.0
RET-006158,ORD-001774,2023-08-31,CUST-01394,PROD-0444,Home,Not as Described,1827.7710498872646,21.968975679613823,15,0,4.0
RET-006159,ORD-004195,2023-02-07,CUST-01529,PROD-0444,Beauty,Size Issue,671.8504022421464,68.4651378412826,6,0,5.0
RET-006160,ORD-005220,,CUST-01852,PROD-0365,Electronics,Changed Mind,761.9654426399785,41.7641529941329,22,0,1.0
RET-006161,ORD-008319,2023-01-26,CUST-01750,PROD-0096,Beauty,Size Issue,1146.0011774138477,78.30996653610188,13,0,5.0
RET-006162,ORD-008027,2022-10-14,CUST-00277,PROD-0428,Electronics,Size Issue,1171.1916323797464,63.07223938288025,24,1,4.0
RET-006163,ORD-004493,2023-01-22,CUST-00324,PROD-0118,Electronics,Size Issue,88.40692488234211,23.60961925067371,12,0,4.0
RET-006164,ORD-008154,2024-02-04,CUST-00367,PROD-0317,Clothing,Changed Mind,1263.7860747151456,24.488521100423956,2,1,2.0
RET-006165,ORD-006560,2023-06-25,CUST-00609,PROD-0296,Beauty,Defective,1892.3191511372281,40.06522072013342,28,0,1.0
RET-006166,ORD-004086,2023-03-27,CUST-00224,PROD-0297,Home,Not as Described,394.93666983989266,21.99215855168707,5,0,2.0
RET-006167,ORD-002431,2022-09-17,CUST-00666,PROD-0247,Home,Not as Described,25.73142870684023,13.58383319704296,17,1,2.0
RET-006168,ORD-008571,2022-11-25,CUST-01467,PROD-0134,Clothing,Changed Mind,228.07848412676958,91.38246850346532,10,0,4.0
RET-006169,ORD-005408,2024-03-25,CUST-01106,PROD-0240,Electronics,Defective,529.7356924309851,43.7585428499478,23,0,5.0
RET-006170,ORD-002405,2024-04-22,CUST-01166,PROD-0216,Electronics,Size Issue,1740.5500230726188,64.6709200016868,0,0,1.0
RET-006171,,2023-05-29,CUST-01442,PROD-0251,Electronics,Wrong Item,780.4554045706589,39.44605639029199,1,0,5.0
RET-006172,ORD-008707,2022-07-18,CUST-00423,PROD-0347,Home,Size Issue,934.4612061941008,48.162152876552035,18,0,2.0
RET-006173,ORD-009983,2024-04-21,CUST-01702,PROD-0485,Clothing,Wrong Item,561.5962112863538,84.53702011951597,11,0,4.0
RET-006174,ORD-007176,2023-03-06,CUST-00571,PROD-0039,Home,Defective,809.2362417026144,12.88188242635716,6,0,2.0
RET-006175,ORD-003304,2023-05-08,CUST-00720,PROD-0188,Beauty,Wrong Item,813.9210710819946,38.8238550655735,9,1,5.0
RET-006176,ORD-002325,2022-06-28,CUST-01929,,Home,Wrong Item,1710.5522303517769,59.20266382136975,26,0,2.0
RET-006177,ORD-006089,2023-10-08,CUST-00036,PROD-0041,Electronics,Not as Described,344.17656476886987,58.20847303516356,27,0,4.0
RET-006178,ORD-005919,2022-12-30,CUST-01557,PROD-0340,Home,Size Issue,606.0386532594601,47.457034255091756,1,0,4.0
RET-006179,,2023-03-29,CUST-00085,PROD-0036,Clothing,Changed Mind,370.9519622460924,55.95100974413122,24,0,2.0
RET-006180,ORD-006108,2022-08-29,CUST-00749,PROD-0158,Clothing,Wrong Item,933.8749795114277,84.1625812601294,22,0,3.0
RET-006181,ORD-004164,2023-06-06,CUST-00723,PROD-0085,Beauty,Changed Mind,1978.0292847958415,30.260173836416136,10,0,3.0
RET-006182,ORD-007533,2022-07-18,CUST-00207,PROD-0153,Clothing,Size Issue,1814.3360932382852,89.8933194052903,16,1,2.0
RET-006183,ORD-003423,2022-07-03,CUST-00632,PROD-0158,Electronics,Wrong Item,1253.8601192410763,73.96548050895815,3,1,2.0
RET-006184,ORD-000074,2023-07-21,CUST-00760,PROD-0447,Beauty,Changed Mind,713.1809747472488,52.51660095069326,13,1,2.0
RET-006185,ORD-004907,2022-12-07,CUST-01393,PROD-0021,Electronics,Not as Described,1019.6194358815055,37.24710842891837,29,0,2.0
RET-006186,ORD-000716,2022-10-07,CUST-01389,PROD-0036,Beauty,Defective,654.827183480352,78.83368606429643,19,0,1.0
RET-006187,ORD-003050,2023-07-09,CUST-00628,PROD-0378,Beauty,Defective,1136.3681433216407,90.54939475560734,27,0,5.0
RET-006188,ORD-006937,2023-02-22,CUST-01955,PROD-0011,Beauty,Defective,555.0148702464176,41.15602358818664,1,1,3.0
RET-006189,ORD-001785,2023-08-31,CUST-00057,PROD-0488,Electronics,Not as Described,921.1444196216135,29.482549839171448,5,0,2.0
RET-006190,ORD-005723,2022-12-21,CUST-01016,PROD-0334,Home,Defective,1635.2499021654376,9.817959222858674,26,1,1.0
RET-006191,ORD-007339,2022-06-01,CUST-01157,,Clothing,Changed Mind,1417.137428648679,19.547793153011494,18,0,5.0
RET-006192,ORD-003049,2024-01-04,CUST-00908,PROD-0397,Clothing,Not as Described,1969.5694552621044,2.7491859233904625,13,0,5.0
RET-006193,ORD-002866,2022-10-27,CUST-00863,PROD-0386,Electronics,Changed Mind,352.2827637602219,60.39976849126214,24,0,2.0
RET-006194,ORD-004028,2024-03-26,CUST-00865,PROD-0020,Clothing,Changed Mind,1243.0975044795875,25.26397476923958,22,1,2.0
RET-006195,ORD-008886,2022-12-28,CUST-01048,PROD-0052,Electronics,Size Issue,1969.604092528905,15.496216389568273,1,0,2.0
RET-006196,ORD-007455,2022-08-26,CUST-01436,PROD-0333,Home,Not as Described,1329.1527770612252,43.313203704800785,8,0,1.0
RET-006197,ORD-004322,2024-03-19,CUST-01452,,Beauty,Defective,1569.8340902271611,50.372843482368104,11,0,2.0
RET-006198,ORD-004694,2024-03-25,CUST-01699,PROD-0484,Home,Not as Described,1105.0806880118676,87.26010181394447,5,0,1.0
RET-006199,ORD-003323,2022-07-19,CUST-01600,PROD-0101,Clothing,Defective,216.27690157398118,4.708834775909754,6,0,3.0
RET-006200,ORD-004876,2023-05-11,CUST-01806,PROD-0346,Beauty,Not as Described,694.169940443535,85.51275102637486,28,0,5.0
RET-006201,ORD-007805,2022-06-10,CUST-01707,PROD-0355,Clothing,Not as Described,205.189580111124,68.94333990063664,2,0,3.0
RET-006202,,2023-12-05,CUST-00025,PROD-0412,Electronics,Wrong Item,1519.0068562421907,3.6984252650748006,5,0,4.0
RET-006203,ORD-002798,2023-09-26,CUST-01344,,Beauty,Wrong Item,40.54251162879191,73.70898702352876,13,0,1.0
RET-006204,ORD-008753,2023-04-17,CUST-00892,PROD-0386,Clothing,Wrong Item,1462.3901433290205,84.3908671236099,13,0,4.0
RET-006205,ORD-007953,2022-06-07,CUST-01924,PROD-0370,Home,Wrong Item,1827.2263821316767,99.29061240127974,20,0,4.0
RET-006206,,2023-08-11,CUST-00143,PROD-0257,Beauty,Wrong Item,99.6813996971508,80.661490466482,16,0,1.0
RET-006207,ORD-006437,2023-10-11,CUST-01247,PROD-0230,Electronics,Wrong Item,1515.3300582424272,0.4549430996572901,7,0,1.0
RET-006208,ORD-007702,2023-01-20,CUST-01927,PROD-0336,Beauty,Defective,1587.9142038254258,81.9866371443862,5,1,3.0
RET-006209,ORD-004320,2023-02-10,CUST-01635,PROD-0214,Home,Defective,1651.240660407466,98.52739816322014,28,0,4.0
RET-006210,ORD-002929,2022-08-07,CUST-00611,PROD-0437,Home,Wrong Item,519.2824342754136,64.8544983665651,20,0,5.0
RET-006211,ORD-001336,2023-08-17,CUST-01512,PROD-0031,Home,Changed Mind,352.8047307767602,55.252166844547915,15,0,3.0
RET-006212,ORD-008481,2023-12-14,CUST-00576,PROD-0015,Home,Defective,37.07354283942617,31.445263990638118,22,0,5.0
RET-006213,ORD-009040,2023-02-02,CUST-00457,PROD-0287,Beauty,Size Issue,1053.960421583921,88.3754069968073,17,0,5.0
RET-006214,ORD-000608,2023-06-14,CUST-01087,,Clothing,Defective,188.5211814293987,77.96824049908142,4,0,5.0
RET-006215,ORD-009791,2023-03-21,CUST-00881,PROD-0159,Home,Wrong Item,1248.1469128481363,62.47542964390242,25,0,2.0
RET-006216,ORD-001641,,CUST-00594,PROD-0178,Clothing,Wrong Item,75.42818885882063,9.063640630053015,12,0,3.0
RET-006217,ORD-007293,2022-09-06,CUST-01279,PROD-0448,Clothing,Wrong Item,1449.9229731824034,36.912673221633064,17,0,3.0
RET-006218,ORD-005610,2023-07-19,CUST-00506,PROD-0314,Electronics,Defective,358.28753751688606,54.69464817796775,10,0,5.0
RET-006219,ORD-003508,2023-07-27,CUST-01496,PROD-0366,Beauty,Defective,1271.1255679706146,77.26218422686203,17,1,4.0
RET-006220,ORD-007784,2023-07-14,CUST-00830,PROD-0296,Beauty,Defective,1956.4352061068946,52.67223167345796,9,0,3.0
RET-006221,ORD-000960,2024-01-23,CUST-01461,PROD-0381,Clothing,Defective,1542.0751927535566,3.332490826911516,2,1,1.0
RET-006222,ORD-008664,2023-12-03,CUST-01737,PROD-0157,Beauty,Changed Mind,579.5084934997227,49.06053785423049,21,1,3.0
RET-006223,ORD-006761,2022-06-06,CUST-00716,PROD-0245,Home,Size Issue,1458.122467847261,56.01967501566962,25,0,3.0
RET-006224,ORD-002145,2024-01-27,CUST-01541,PROD-0443,Electronics,Wrong Item,1413.2988022634909,16.32451092597521,10,0,
RET-006225,ORD-001959,2022-08-12,CUST-01913,PROD-0412,Electronics,Size Issue,446.3921947667976,152.69176962086362,0,0,2.0
RET-006226,ORD-009887,2023-08-03,CUST-01889,PROD-0110,Home,Size Issue,206.75588347233662,28.850229101335444,5,0,1.0
RET-006227,ORD-006447,2024-02-02,CUST-00396,PROD-0094,Home,Size Issue,341.2684343395603,56.12150945757166,5,1,
RET-006228,ORD-001065,2022-12-26,CUST-00535,PROD-0077,Home,Wrong Item,92.18239005656798,90.44714485923167,18,0,5.0
RET-006229,ORD-005122,2022-08-08,CUST-01420,PROD-0202,Home,Not as Described,1231.57336297823,16.313893088312938,9,0,1.0
RET-006230,ORD-003203,2022-07-06,CUST-00450,PROD-0088,Electronics,Not as Described,1131.6050140380971,75.36915650287544,10,0,4.0
RET-006231,ORD-006113,2023-06-12,CUST-00094,PROD-0021,Beauty,Defective,759.9950126806473,96.5953243974851,26,0,5.0
RET-006232,ORD-002646,2022-06-30,CUST-00546,PROD-0262,Clothing,Defective,670.5598463809391,60.679341037772495,5,0,
RET-006233,ORD-001874,2023-03-06,CUST-00308,PROD-0319,Clothing,Wrong Item,294.52447105952524,38.25059694371144,24,1,1.0
RET-006234,ORD-004151,2022-10-24,CUST-01630,PROD-0366,Clothing,Size Issue,1644.3801427291814,56.49266835802907,3,0,5.0
RET-006235,ORD-008119,2022-09-06,CUST-01690,,Home,Wrong Item,606.0522028491465,2.542080685101311,11,0,2.0
RET-006236,,2023-01-18,CUST-00263,PROD-0048,Home,Defective,761.5589105641637,17.46658093293567,29,0,1.0
RET-006237,ORD-007636,2022-06-13,CUST-01417,PROD-0110,Clothing,Changed Mind,425.5073503386104,17.546100129230158,3,0,2.0
RET-006238,ORD-009506,2024-03-29,CUST-01454,PROD-0230,Beauty,Size Issue,600.0885889323293,34.07197116089862,15,0,1.0
RET-006239,ORD-003511,2022-12-28,CUST-01968,PROD-0438,Clothing,Changed Mind,1310.437141809749,74.97560304248519,25,0,1.0
RET-006240,ORD-006766,2023-02-16,CUST-01432,PROD-0425,Beauty,Size Issue,782.8028083242117,9.952519186846942,13,0,3.0
RET-006241,ORD-008450,2023-04-21,CUST-00707,PROD-0381,Beauty,Changed Mind,1133.9095462637142,45.73797003846345,28,0,4.0
RET-006242,ORD-006407,2023-03-06,CUST-01718,PROD-0044,Electronics,Size Issue,1691.7955151617673,17.43057879301526,9,0,
RET-006243,ORD-005082,2023-11-03,CUST-01849,PROD-0263,Electronics,Defective,796.2260779380534,26.54362873621363,8,0,1.0
RET-006244,ORD-007316,2023-02-11,CUST-00767,PROD-0244,Beauty,Changed Mind,1536.4178266612794,5.107751349929723,0,0,1.0
RET-006245,ORD-004507,2023-04-19,CUST-01597,PROD-0075,Beauty,Not as Described,1976.076985723164,87.6027514920113,26,1,1.0
RET-006246,ORD-007062,2023-06-30,CUST-00406,PROD-0112,Electronics,Not as Described,1266.6720041329284,33.89997577851879,10,0,3.0
RET-006247,ORD-000026,2023-09-29,CUST-01643,PROD-0161,Electronics,Wrong Item,1003.8045873716893,2.2149617629085294,5,0,3.0
RET-006248,ORD-000199,2024-01-20,CUST-01763,PROD-0392,Home,Defective,49.7525324703476,23.59691632429509,16,0,4.0
RET-006249,ORD-004225,2023-05-11,CUST-01167,PROD-0217,Electronics,Changed Mind,942.4412749135557,48.954610607366725,0,0,2.0
RET-006250,ORD-009024,2022-09-20,CUST-01172,PROD-0324,Clothing,Defective,1166.5678048767907,64.31116773469525,19,0,1.0
RET-006251,ORD-004938,2024-04-09,CUST-01632,PROD-0185,Beauty,Defective,1841.365948479172,65.65276889205016,4,0,1.0
RET-006252,ORD-007177,2024-03-30,CUST-00483,PROD-0047,Clothing,Defective,1606.6249591045696,67.72905386827883,21,0,2.0
RET-006253,ORD-009939,2022-11-30,CUST-01177,PROD-0121,Beauty,Not as Described,1677.191210351709,75.33707687819793,1,1,
RET-006254,ORD-002080,2022-10-21,CUST-00735,PROD-0344,Home,Size Issue,1455.318936179187,31.230188812147052,22,1,4.0
RET-006255,ORD-001241,2023-06-22,CUST-00772,PROD-0254,Home,Changed Mind,1028.6211090434208,50.88221882001266,11,1,1.0
RET-006256,ORD-009237,2022-10-01,CUST-00622,PROD-0124,Beauty,Size Issue,1021.4957662686709,98.23170581183975,2,0,1.0
RET-006257,ORD-009105,2023-12-21,CUST-01557,PROD-0458,Beauty,Defective,1203.278286376881,67.98975926423145,18,1,5.0
RET-006258,ORD-004520,2023-08-05,CUST-00600,PROD-0379,Beauty,Size Issue,387.82790965739997,71.08812222402958,29,0,2.0
RET-006259,ORD-007343,,CUST-00730,PROD-0351,Clothing,Not as Described,1399.793288577792,76.55241449161805,4,0,1.0
RET-006260,ORD-009743,2022-09-24,CUST-01914,PROD-0070,Home,Changed Mind,1061.076307878479,81.26629245165884,8,0,1.0
RET-006261,ORD-001360,2022-10-23,CUST-00686,PROD-0127,Beauty,Not as Described,587.2312298938999,293.85338833412186,12,0,5.0
RET-006262,ORD-005738,,CUST-00590,PROD-0389,Home,Defective,1047.859856433698,2.800866907115207,5,1,4.0
RET-006263,ORD-005026,2023-11-08,CUST-00809,PROD-0101,Beauty,Changed Mind,1464.3267366076188,58.4751292931301,4,0,4.0
RET-006264,ORD-002919,2023-06-11,CUST-00819,PROD-0276,Electronics,Changed Mind,1154.4880661384357,92.49308761628954,9,0,3.0
RET-006265,ORD-006703,2024-02-28,CUST-01357,PROD-0401,Electronics,Size Issue,678.0342343625164,77.08429295669755,16,0,4.0
RET-006266,ORD-006457,2023-06-24,CUST-00117,PROD-0202,Clothing,Wrong Item,1937.104946380151,84.5220071715201,12,0,4.0
RET-006267,,2023-10-24,CUST-00169,PROD-0197,Clothing,Wrong Item,876.8190914059522,21.882166593129416,5,0,2.0
RET-006268,ORD-000526,2022-06-01,CUST-01146,PROD-0057,Home,Wrong Item,1758.2954545322384,57.30426217168317,22,0,
RET-006269,ORD-007176,2024-03-15,CUST-01013,PROD-0348,Home,Not as Described,824.9590890732078,75.68210268234286,27,0,3.0
RET-006270,ORD-003803,2022-06-14,CUST-00198,PROD-0065,Beauty,Defective,474.21838773151654,42.308415194407324,4,0,1.0
RET-006271,ORD-001737,2023-05-27,CUST-00621,PROD-0354,Clothing,Changed Mind,133.11073231998685,4.721730421948145,15,0,5.0
RET-006272,ORD-007131,2023-12-04,CUST-00056,PROD-0413,Home,Not as Described,1553.07710306972,57.037061709611805,17,0,3.0
RET-006273,ORD-009200,2022-11-17,CUST-00683,PROD-0116,Home,Defective,718.1984468947817,5.41636746419456,11,0,2.0
RET-006274,ORD-001897,2023-07-07,CUST-01277,PROD-0093,Electronics,Changed Mind,1048.9027332155742,67.32299293288469,4,0,4.0
RET-006275,ORD-002490,2024-04-22,CUST-01212,PROD-0442,Electronics,Defective,651.7477282599839,71.83043003565389,6,1,5.0
RET-006276,ORD-007044,2022-06-08,CUST-01917,PROD-0261,Beauty,Changed Mind,1861.7789982218594,27.098211550712303,25,0,5.0
RET-006277,ORD-002253,2023-07-15,CUST-00801,PROD-0021,Beauty,Not as Described,559.7172070448822,51.75138441929753,5,0,2.0
RET-006278,ORD-000726,2023-02-01,CUST-00909,PROD-0271,Home,Changed Mind,1506.5700505976956,72.67045049299713,28,1,4.0
RET-006279,ORD-009245,2023-08-21,CUST-00721,PROD-0459,Electronics,Size Issue,1542.096595461634,28.630334112464716,15,1,4.0
RET-006280,ORD-004696,2023-03-27,CUST-01375,PROD-0165,Electronics,Wrong Item,290.305320835837,11.290582286230066,21,0,1.0
RET-006281,ORD-002547,2022-11-13,CUST-01384,PROD-0275,Home,Wrong Item,1687.3512458422524,55.46133786529186,29,1,4.0
RET-006282,ORD-005897,,CUST-01034,PROD-0030,Clothing,Changed Mind,944.0775923001144,3.9068458207822565,22,1,2.0
RET-006283,ORD-008321,2023-01-29,CUST-00822,PROD-0208,Beauty,Size Issue,1102.1576297750953,0.48525154627167,18,0,3.0
RET-006284,ORD-003587,2024-01-10,CUST-01809,PROD-0406,Electronics,Size Issue,832.358932888205,42.36718370403698,18,0,3.0
RET-006285,ORD-001928,2023-07-08,CUST-00403,PROD-0299,Electronics,Not as Described,637.8689057042232,42.1366476490379,27,0,3.0
RET-006286,ORD-004764,2023-11-16,CUST-01180,PROD-0267,Home,Wrong Item,347.37987325572277,88.93399254625103,13,1,4.0
RET-006287,ORD-008260,2022-12-08,CUST-01356,PROD-0388,Home,Wrong Item,1373.8784644368748,9.641883950159125,27,0,4.0
RET-006288,ORD-008132,2023-01-03,CUST-01891,PROD-0081,Clothing,Changed Mind,1122.7549131931328,8.924066445446766,10,1,5.0
RET-006289,ORD-004325,2024-03-24,CUST-01971,PROD-0417,Home,Not as Described,1256.517107907105,16.09773479580644,29,0,1.0
RET-006290,ORD-001323,2023-09-20,CUST-01491,PROD-0356,Home,Wrong Item,1782.5658829927286,20.214817945776776,24,0,3.0
RET-006291,ORD-003829,2023-02-17,CUST-01387,PROD-0459,Beauty,Changed Mind,110.12286957789524,96.22506948558437,27,0,3.0
RET-006292,ORD-003578,2024-04-17,CUST-00452,PROD-0417,Clothing,Changed Mind,1934.0322146372798,71.0959436178898,11,0,1.0
RET-006293,ORD-001072,2023-02-26,CUST-01492,PROD-0254,Clothing,Not as Described,841.7239211630203,50.252063283092205,2,1,4.0
RET-006294,ORD-007511,2023-09-08,CUST-01587,PROD-0418,Clothing,Not as Described,1228.1982915914025,44.01127132931699,25,0,4.0
RET-006295,,2022-08-20,CUST-01003,PROD-0182,Clothing,Defective,1663.1915507685264,93.81654546549773,19,0,5.0
RET-006296,ORD-005352,2024-03-18,CUST-00552,PROD-0451,Home,Defective,1953.3360797127268,92.74820706445912,27,0,4.0
RET-006297,ORD-000347,2023-11-21,CUST-00866,PROD-0432,Beauty,Not as Described,1998.3097929657258,45.324310023684745,12,0,4.0
RET-006298,ORD-006515,,CUST-00487,PROD-0016,Home,Changed Mind,1281.1717982776763,15.965861092868906,5,0,1.0
RET-006299,ORD-007086,2022-09-06,CUST-01096,PROD-0097,Clothing,Size Issue,842.1599120212753,40.41287690798819,20,0,5.0
RET-006300,ORD-009156,2023-09-28,CUST-00208,PROD-0101,Beauty,Not as Described,978.9372747901182,98.19067766437396,14,0,2.0
RET-006301,ORD-005632,2024-04-22,CUST-00405,PROD-0305,Beauty,Not as Described,980.177652116863,74.45160518872143,10,0,3.0
RET-006302,ORD-007018,2023-09-04,CUST-00576,PROD-0006,Home,Not as Described,997.6538870719602,96.31408639052638,20,0,1.0
RET-006303,ORD-002278,2023-09-21,CUST-01697,PROD-0139,Clothing,Wrong Item,18.908188676524425,23.787075075071197,14,0,2.0
RET-006304,ORD-009889,2023-09-26,CUST-01914,PROD-0464,Beauty,Not as Described,1994.0670700165467,46.43942396903489,22,0,4.0
RET-006305,ORD-009652,2022-09-09,CUST-01572,PROD-0491,Home,Defective,211.1986513840148,64.75500788156903,10,0,5.0
RET-006306,ORD-008678,2024-03-21,CUST-00852,PROD-0267,Home,Changed Mind,215.30818517991653,89.78438769889691,27,0,3.0
RET-006307,ORD-006810,2023-02-17,CUST-01051,PROD-0433,Electronics,Changed Mind,1286.7526792388126,32.273800596138216,27,0,1.0
RET-006308,ORD-006698,2024-01-18,CUST-00142,PROD-0106,Clothing,Changed Mind,421.9788723355207,46.02593582899179,6,0,2.0
RET-006309,ORD-008873,,CUST-00409,PROD-0203,Home,Size Issue,905.1841395249565,79.80352841749796,18,0,3.0
RET-006310,ORD-000397,2023-12-23,CUST-01961,PROD-0397,Clothing,Changed Mind,922.0519206540358,29.46992660163711,13,1,4.0
RET-006311,ORD-006181,2023-01-20,CUST-01898,PROD-0328,Clothing,Changed Mind,713.8568049212215,60.1900597577331,12,0,1.0
RET-006312,ORD-007947,2022-11-10,CUST-01534,PROD-0138,Electronics,Size Issue,1987.2885616808173,72.56290221942241,20,1,1.0
RET-006313,ORD-003613,,CUST-00537,PROD-0472,Home,Size Issue,821.8222687987239,30.423062413493053,2,0,1.0
RET-006314,ORD-009309,2022-06-20,CUST-01867,PROD-0152,Home,Defective,1956.428757320984,43.39397184760945,9,1,5.0
RET-006315,ORD-002168,2023-04-26,CUST-01889,PROD-0423,Beauty,Changed Mind,1049.512883093864,13.638642877639507,21,1,4.0
RET-006316,ORD-007999,2022-07-18,CUST-01226,PROD-0292,Beauty,Size Issue,1415.8379407502632,4.425655547102114,9,0,2.0
RET-006317,ORD-002865,2023-02-07,CUST-00274,PROD-0061,Beauty,Changed Mind,73.90970214926512,37.26832962888654,25,0,
RET-006318,ORD-003702,2023-09-05,CUST-00722,PROD-0038,Beauty,Defective,1535.0987095975463,9.31312885351947,7,0,3.0
RET-006319,ORD-002366,2022-10-16,CUST-01481,PROD-0331,Electronics,Size Issue,191.17436137637176,65.99939170619265,19,0,5.0
RET-006320,ORD-003028,2022-12-29,CUST-01174,PROD-0373,Electronics,Wrong Item,759.8398915547559,7.081877565640616,13,0,2.0
RET-006321,ORD-001611,2023-04-17,CUST-01804,PROD-0049,Home,Not as Described,280.0035601720005,17.88231326233104,29,1,2.0
RET-006322,ORD-005185,2023-04-26,CUST-00024,PROD-0034,Home,Not as Described,981.5755775024285,98.55633779033569,3,0,3.0
RET-006323,ORD-001386,2023-05-12,CUST-00986,PROD-0339,Electronics,Size Issue,1095.2053879578975,74.9351479365656,10,1,5.0
RET-006324,ORD-000770,2022-09-29,CUST-01345,PROD-0049,Home,Not as Described,416.7136377752299,57.137078299996894,18,1,5.0
RET-006325,ORD-007002,2023-07-07,CUST-01886,PROD-0120,Home,Size Issue,943.0091286752347,84.64761577396357,8,0,4.0
RET-006326,ORD-000743,2024-02-10,CUST-01254,PROD-0431,Beauty,Wrong Item,1684.5211934413815,30.56630646172891,24,0,
RET-006327,ORD-002414,,CUST-00350,PROD-0444,Clothing,Changed Mind,1602.373651577869,21.00793048455454,16,0,5.0
RET-006328,ORD-005132,2023-03-04,CUST-00812,PROD-0388,Beauty,Changed Mind,390.87889704851267,55.19820339752173,8,0,1.0
RET-006329,ORD-007985,2024-03-30,CUST-00595,PROD-0197,Beauty,Not as Described,173.43715030137886,70.35316970747247,2,0,5.0
RET-006330,ORD-008354,2023-06-30,CUST-00247,PROD-0457,Clothing,Defective,276.434231400952,72.09473944915882,28,0,5.0
RET-006331,ORD-001148,2022-10-18,CUST-01496,PROD-0086,Beauty,Size Issue,381.6571153449163,42.19620939145694,17,0,4.0
RET-006332,ORD-001699,2023-01-31,CUST-00867,PROD-0154,Home,Not as Described,1869.9850440027803,53.94401136561812,4,0,4.0
RET-006333,ORD-009867,2023-09-11,CUST-00422,PROD-0132,Electronics,Size Issue,1870.661851606005,35.46874286027118,9,0,5.0
RET-006334,ORD-006052,,CUST-00406,PROD-0400,Electronics,Size Issue,1686.3234127748028,48.2703302816197,8,0,3.0
RET-006335,ORD-002506,2023-09-04,CUST-01556,PROD-0112,Electronics,Wrong Item,1805.4419481866332,22.477462699260407,16,0,3.0
RET-006336,ORD-001305,2022-08-18,CUST-01072,PROD-0056,Beauty,Changed Mind,941.6765988416579,98.74928891423086,14,1,1.0
RET-006337,ORD-008110,2023-03-14,CUST-00962,PROD-0128,Home,Not as Described,493.2787986959902,8.673122103651965,24,0,3.0
RET-006338,ORD-009793,2023-08-10,CUST-01431,PROD-0371,Beauty,Size Issue,1575.4312003403306,60.67653654484454,11,1,5.0
RET-006339,ORD-005937,2024-02-05,CUST-00433,PROD-0202,Home,Not as Described,1526.132135696737,40.5271167044649,3,1,
RET-006340,ORD-009928,2023-08-06,CUST-00905,PROD-0460,Home,Defective,1646.5106725767216,85.98529384607238,23,0,2.0
RET-006341,ORD-003813,2022-09-05,CUST-01219,PROD-0379,Home,Defective,1893.5786170973843,1.9781725894215008,12,0,1.0
RET-006342,ORD-006691,2024-04-08,CUST-00768,PROD-0152,Beauty,Defective,308.12273363290745,94.2274951349482,29,0,1.0
RET-006343,ORD-006570,2023-01-25,CUST-01760,PROD-0326,Beauty,Defective,1833.3306939983268,38.228097859810326,24,1,3.0
RET-006344,ORD-000172,2023-06-01,CUST-00775,PROD-0094,Clothing,Changed Mind,518.5055036054883,83.42347184886087,15,0,4.0
RET-006345,ORD-007362,2024-04-28,CUST-01136,PROD-0018,Beauty,Size Issue,1175.6738415060854,15.740708090505906,16,0,4.0
RET-006346,ORD-002229,2023-10-18,CUST-01747,PROD-0164,Home,Defective,410.3584230602093,31.116903444507404,20,1,4.0
RET-006347,ORD-001372,,CUST-01107,PROD-0107,Home,Changed Mind,1530.845519526882,75.89013868028918,19,0,4.0
RET-006348,ORD-005032,2023-07-07,CUST-01008,PROD-0396,Beauty,Defective,491.9966712716025,2.748450286214532,5,0,2.0
RET-006349,ORD-006012,2023-05-18,CUST-01580,PROD-0484,Beauty,Defective,1623.4874665585428,69.39221202752326,17,1,4.0
RET-006350,ORD-002494,2022-06-20,CUST-00394,PROD-0476,Beauty,Changed Mind,704.7009513964193,51.33460216103166,24,0,5.0
RET-006351,ORD-008645,2023-05-17,CUST-00213,PROD-0497,Beauty,Not as Described,423.5451295260423,20.946065016994798,0,0,5.0
RET-006352,ORD-006806,2022-09-23,CUST-00318,PROD-0350,Beauty,Not as Described,556.7078179422069,5.265325564612732,19,0,4.0
RET-006353,ORD-001314,2022-09-20,CUST-00261,PROD-0369,Beauty,Changed Mind,1468.045846404986,52.29947892671794,21,0,4.0
RET-006354,ORD-004162,2023-03-05,CUST-00125,PROD-0178,Electronics,Defective,1378.6480988043236,74.89810333105005,27,0,4.0
RET-006355,ORD-005876,2022-08-01,CUST-00400,PROD-0282,Electronics,Changed Mind,920.2621073488821,22.288426980894528,15,0,1.0
RET-006356,ORD-002688,2022-08-22,CUST-01594,PROD-0357,Electronics,Not as Described,742.5769315597529,0.21878033607009018,26,0,3.0
RET-006357,ORD-004253,2023-12-10,CUST-00451,PROD-0482,Clothing,Defective,607.0003609175694,98.83231346234938,4,1,3.0
RET-006358,ORD-008579,2024-03-06,CUST-01588,PROD-0424,Home,Changed Mind,727.075181538983,72.20831899871447,3,1,
RET-006359,ORD-000288,2023-09-01,CUST-00926,PROD-0191,Beauty,Not as Described,1765.7412841222426,25.904245683286796,26,0,1.0
RET-006360,ORD-001979,2023-03-06,CUST-01182,PROD-0027,Electronics,Not as Described,991.2018786843057,14.050241776351392,28,0,4.0
RET-006361,ORD-005315,2023-02-03,CUST-00947,PROD-0231,Beauty,Not as Described,1643.6390321444082,22.496191865982386,20,0,2.0
RET-006362,ORD-008793,2024-02-11,CUST-00732,PROD-0225,Clothing,Wrong Item,459.10610329994626,59.29174437167721,7,0,5.0
RET-006363,ORD-003379,2023-04-26,CUST-01016,PROD-0094,Clothing,Not as Described,836.1594957808069,93.81488626019197,6,1,1.0
RET-006364,ORD-007502,2022-08-13,CUST-00757,PROD-0112,Home,Changed Mind,964.6878933955891,22.62338444589811,22,0,4.0
RET-006365,ORD-008127,2024-05-01,CUST-00573,PROD-0395,Home,Size Issue,985.1571413067818,22.26844183180454,24,0,5.0
RET-006366,ORD-008631,2023-09-29,CUST-00238,PROD-0405,Electronics,Size Issue,1014.6665458288245,70.02535347280909,29,0,4.0
RET-006367,ORD-001069,2024-04-12,CUST-00612,PROD-0423,Home,Size Issue,779.0379036222346,39.36671412727147,6,0,1.0
RET-006368,ORD-009303,2023-09-28,CUST-01966,PROD-0178,Home,Wrong Item,1583.5895786575802,71.23725820328059,7,0,1.0
RET-006369,ORD-008908,2022-08-11,CUST-01385,PROD-0180,Clothing,Size Issue,1960.1505333024568,11.192730885242852,18,0,4.0
RET-006370,ORD-009599,2023-11-11,CUST-00718,PROD-0439,Home,Changed Mind,1843.3952619246263,84.93123837638471,29,0,3.0
RET-006371,ORD-001405,2022-08-03,CUST-00177,PROD-0071,Electronics,Defective,151.39783698159948,67.87725916508113,17,0,5.0
RET-006372,ORD-008798,2023-04-23,CUST-01214,PROD-0054,Home,Size Issue,405.31727180120834,24.38566859634499,22,0,4.0
RET-006373,ORD-001311,2022-10-28,CUST-00839,PROD-0495,Clothing,Changed Mind,330.3941440351842,10.670203385930177,4,0,4.0
RET-006374,ORD-000022,2023-06-27,CUST-01938,PROD-0351,Home,Defective,1014.1424064218401,90.07632156239544,1,0,3.0
RET-006375,ORD-000201,2023-07-28,CUST-00936,PROD-0033,Clothing,Changed Mind,1603.4822552957005,33.52225292324336,11,1,4.0
RET-006376,ORD-000061,2022-06-20,CUST-01700,PROD-0382,Clothing,Not as Described,1839.592808244757,81.37793055041715,29,0,3.0
RET-006377,ORD-001322,2023-06-12,CUST-01289,PROD-0166,Home,Size Issue,374.6636242795126,84.50194764094807,27,0,3.0
RET-006378,ORD-002303,2023-03-06,CUST-00392,PROD-0077,Clothing,Changed Mind,68.79329732061629,23.762555433589316,27,0,5.0
RET-006379,ORD-009083,2024-03-11,CUST-01996,PROD-0171,Beauty,Wrong Item,938.0943155200612,98.54613497540234,13,1,5.0
RET-006380,ORD-007971,2023-07-23,CUST-01401,PROD-0010,Home,Wrong Item,579.1349577881689,69.28791043562714,24,0,3.0
RET-006381,ORD-008798,2023-12-14,CUST-01301,PROD-0402,Home,Not as Described,1401.5913514806662,74.41746338968855,24,0,4.0
RET-006382,,2023-03-10,CUST-01761,PROD-0411,Beauty,Defective,1779.1623955286298,79.78181467401998,13,0,3.0
RET-006383,ORD-009682,2022-08-04,CUST-00469,PROD-0285,Home,Size Issue,1781.2334175381147,89.47829826035968,2,0,4.0
RET-006384,ORD-005275,,CUST-00218,PROD-0129,Beauty,Size Issue,1936.4210944129052,77.78224461513177,23,0,4.0
RET-006385,ORD-000586,2024-04-04,CUST-01041,PROD-0494,Beauty,Size Issue,315.6089409479068,4.220360798179124,23,1,1.0
RET-006386,ORD-005356,2023-05-02,CUST-01012,PROD-0316,Beauty,Wrong Item,215.84472844066158,23.06809646351484,10,1,5.0
RET-006387,ORD-001512,2022-11-04,CUST-01127,PROD-0192,Clothing,Wrong Item,1298.4165783452133,10.629318500296737,5,0,3.0
RET-006388,ORD-005213,2024-01-23,CUST-00279,PROD-0043,Home,Defective,99.76251922482729,48.057392444447565,22,0,4.0
RET-006389,ORD-002471,2022-08-03,CUST-01349,PROD-0233,Beauty,Wrong Item,310.31299485949813,8.943118737910217,10,0,5.0
RET-006390,ORD-005125,2023-04-22,CUST-00773,PROD-0313,Home,Defective,553.9192833306131,17.153032571884918,27,1,2.0
RET-006391,ORD-000808,2023-05-26,CUST-01826,PROD-0047,Home,Defective,1686.5944852943412,20.08316659430229,21,0,1.0
RET-006392,ORD-000762,2022-09-02,CUST-00444,PROD-0492,Electronics,Wrong Item,1418.5705076770212,57.40499797820119,1,0,3.0
RET-006393,ORD-008214,2022-10-06,CUST-00368,PROD-0167,Clothing,Defective,1796.116368196443,5.409745376007169,12,1,5.0
RET-006394,ORD-005240,2023-11-24,CUST-00750,PROD-0439,Beauty,Defective,49.75899507101592,42.94628942412439,13,0,4.0
RET-006395,ORD-006381,2023-06-03,CUST-01958,PROD-0142,Electronics,Not as Described,102.34784435889256,11.942168191980617,19,1,1.0
RET-006396,ORD-005770,2023-02-25,CUST-01355,PROD-0327,Home,Not as Described,218.94460533069145,1.2187684852813963,9,1,3.0
RET-006397,ORD-007981,2023-07-13,CUST-01257,PROD-0466,Electronics,Size Issue,1360.848369684648,3.59221514025837,15,0,5.0
RET-006398,ORD-009975,2022-09-18,CUST-00567,PROD-0334,Clothing,Size Issue,78.96869516726503,25.854071698233593,0,0,5.0
RET-006399,ORD-007625,2023-08-28,CUST-01265,PROD-0478,Clothing,Changed Mind,830.0199754782342,4.23384612669595,28,0,5.0
RET-006400,ORD-005191,2023-09-06,CUST-01812,PROD-0281,Beauty,Changed Mind,557.4428505588177,23.506582374577313,20,1,3.0
RET-006401,ORD-004342,2023-01-21,CUST-00723,PROD-0499,Home,Wrong Item,1022.5961537963689,32.22232080099761,9,0,4.0
RET-006402,ORD-003039,2022-09-18,CUST-00498,PROD-0373,Clothing,Not as Described,715.6871045280573,1.559331744852288,14,0,4.0
RET-006403,ORD-008832,2022-11-14,CUST-01753,PROD-0215,Home,Size Issue,1704.699878154422,89.93894434333824,9,0,2.0
RET-006404,ORD-006782,2023-01-12,CUST-00284,PROD-0195,Clothing,Defective,861.0050968762839,76.78859460473974,4,0,5.0
RET-006405,,2023-01-24,CUST-01810,PROD-0229,Electronics,Not as Described,527.5363879220866,25.96500399858811,15,0,5.0
RET-006406,ORD-003611,2023-09-02,CUST-00680,PROD-0279,Electronics,Changed Mind,1248.776994378152,83.24963495861503,10,0,3.0
RET-006407,ORD-009738,2023-05-11,CUST-01944,PROD-0220,Beauty,Not as Described,1448.22460522253,2.163922886630254,19,0,3.0
RET-006408,ORD-008821,2022-09-11,CUST-01729,PROD-0009,Home,Wrong Item,1962.7802341943834,35.08884663895494,17,0,5.0
RET-006409,ORD-005942,2022-07-12,CUST-01473,PROD-0093,Beauty,Defective,559.991267333572,78.58800914109219,22,0,5.0
RET-006410,ORD-009192,2023-03-29,CUST-01317,PROD-0158,Electronics,Not as Described,1049.736226285005,99.65071063862601,6,0,5.0
RET-006411,ORD-006318,2023-07-27,CUST-01268,PROD-0232,Home,Changed Mind,499.7331693148113,91.35257412302849,11,1,2.0
RET-006412,ORD-007973,2023-03-20,CUST-00217,PROD-0491,Home,Size Issue,1967.9510535554118,97.78123389671507,17,1,1.0
RET-006413,ORD-002464,2023-06-09,CUST-00246,PROD-0020,Beauty,Not as Described,584.7595922724479,55.88391277611022,24,0,1.0
RET-006414,ORD-006419,2023-09-25,CUST-00939,PROD-0009,Beauty,Wrong Item,1106.1422301364091,54.349100647282036,24,1,1.0
RET-006415,ORD-009754,2022-08-02,CUST-00733,PROD-0245,Beauty,Defective,1983.7612640134585,78.30922013455331,3,1,4.0
RET-006416,ORD-003102,2023-08-10,CUST-01660,PROD-0206,Home,Changed Mind,359.76787010638714,76.78781682357834,7,0,2.0
RET-006417,ORD-000157,2023-02-14,CUST-00922,PROD-0195,Beauty,Defective,1849.2097801467041,82.08562839685953,11,0,
RET-006418,ORD-008188,2024-02-05,CUST-01706,PROD-0026,Clothing,Wrong Item,244.24458984831494,98.90415400689405,18,1,5.0
RET-006419,ORD-001695,2022-10-31,CUST-00812,PROD-0072,Beauty,Wrong Item,1320.6646016380098,79.49669822454247,22,1,5.0
RET-006420,ORD-000625,2022-08-13,CUST-01896,PROD-0214,Beauty,Not as Described,12.670870249963176,36.92177229540269,25,0,2.0
RET-006421,ORD-006789,2023-06-18,CUST-01014,PROD-0163,Beauty,Wrong Item,1376.5968188357115,57.91883091634678,2,0,5.0
RET-006422,ORD-009686,2022-07-30,CUST-00914,PROD-0329,Electronics,Defective,1413.6341092004136,14.727355675376385,0,1,5.0
RET-006423,ORD-008788,2023-05-04,CUST-01091,PROD-0230,Home,Changed Mind,702.5917058347421,97.26714840494569,2,1,2.0
RET-006424,,2023-07-26,CUST-00637,PROD-0003,Beauty,Not as Described,953.869520929921,73.291100882471,5,1,3.0
RET-006425,ORD-001870,2022-11-30,CUST-01020,PROD-0447,Clothing,Wrong Item,1394.3916460664775,39.20446094933067,9,0,5.0
RET-006426,ORD-009888,2024-01-27,CUST-01571,PROD-0199,Beauty,Size Issue,1364.1624074344663,72.64908091951541,18,0,1.0
RET-006427,ORD-004873,2022-12-07,CUST-01609,PROD-0045,Home,Changed Mind,912.6826482586673,86.67607570074237,10,0,1.0
RET-006428,ORD-009410,2022-07-07,CUST-01529,PROD-0366,Electronics,Size Issue,1720.7177620293926,14.860264634671594,23,0,3.0
RET-006429,ORD-001717,2024-03-15,CUST-00425,PROD-0418,Clothing,Wrong Item,1727.394608897108,13.412824365902443,8,1,5.0
RET-006430,ORD-000670,2023-08-06,CUST-01472,PROD-0470,Home,Size Issue,196.16324834819443,67.76037554721877,27,0,3.0
RET-006431,ORD-004094,2023-08-22,CUST-01427,PROD-0159,Home,Defective,1368.7514143739613,57.00884677242044,19,1,5.0
RET-006432,ORD-006537,2022-08-16,CUST-00656,PROD-0387,Electronics,Wrong Item,482.7595266935551,53.5414845496326,25,0,
RET-006433,ORD-008552,2024-04-11,CUST-00647,PROD-0165,Electronics,Changed Mind,80.47846529266619,16.898111291442795,21,0,5.0
RET-006434,ORD-008962,2023-04-20,CUST-01906,PROD-0111,Clothing,Size Issue,963.1142512764126,18.310846376504365,25,0,4.0
RET-006435,,2024-01-06,CUST-01386,PROD-0008,Beauty,Size Issue,621.4831028140143,77.04335468232382,2,0,1.0
RET-006436,ORD-003769,2023-07-21,CUST-00996,PROD-0151,Beauty,Size Issue,1622.8578049303292,42.1524907218223,23,0,3.0
RET-006437,ORD-000769,2023-02-22,CUST-01275,PROD-0070,Clothing,Defective,150.57115031586315,93.48683517548663,1,0,5.0
RET-006438,ORD-008684,2022-12-05,CUST-00977,PROD-0105,Clothing,Defective,1235.5239275360832,18.411146648912613,24,0,4.0
RET-006439,ORD-000119,2022-10-26,CUST-01132,PROD-0064,Clothing,Not as Described,718.0139653412266,46.815322398393135,12,0,4.0
RET-006440,ORD-008856,2022-06-04,CUST-01386,PROD-0465,Home,Size Issue,1160.1085943001226,19.8289051101168,28,0,
RET-006441,ORD-000476,,CUST-01695,PROD-0059,Clothing,Defective,1035.4623920736155,36.263750427613694,28,0,2.0
RET-006442,ORD-000598,2023-03-10,CUST-01208,PROD-0498,Beauty,Size Issue,826.2140297877819,3.2941751128064856,11,0,1.0
RET-006443,ORD-009703,2023-10-03,CUST-01035,PROD-0319,Clothing,Defective,134.08678772770264,55.461120315897126,15,0,1.0
RET-006444,ORD-003214,2023-05-29,CUST-00289,PROD-0131,Home,Size Issue,1636.0316183532816,17.913180158252572,22,0,5.0
RET-006445,ORD-003756,2023-06-24,CUST-01500,PROD-0292,Electronics,Size Issue,903.2192181483125,11.957037665218618,16,1,4.0
RET-006446,ORD-008961,2023-06-10,CUST-00241,PROD-0231,Clothing,Defective,1074.053447223112,5.423939662507449,4,1,4.0
RET-006447,ORD-005723,2022-10-03,CUST-00122,PROD-0359,Home,Not as Described,55.88184399065272,51.474106054964594,28,0,1.0
RET-006448,ORD-002593,2023-07-06,CUST-01417,PROD-0383,Home,Wrong Item,472.4472583553215,0.49754288532146695,6,0,5.0
RET-006449,ORD-003864,2024-03-26,CUST-01836,PROD-0018,Electronics,Defective,237.36821406599907,35.87476191096292,1,0,4.0
RET-006450,ORD-002711,2023-07-15,CUST-00830,PROD-0453,Electronics,Wrong Item,1743.0081735399003,20.645142295330075,17,0,4.0
RET-006451,ORD-003320,2023-07-04,CUST-00515,PROD-0031,Clothing,Wrong Item,376.0809086003024,29.82276786947263,4,0,5.0
RET-006452,ORD-008273,2022-12-03,CUST-00959,PROD-0113,Beauty,Not as Described,1407.3202107053946,33.7728031377451,0,0,2.0
RET-006453,ORD-004395,2023-03-08,CUST-01899,PROD-0088,Clothing,Size Issue,206.44976689806882,65.58476157338117,23,0,4.0
RET-006454,ORD-003742,2022-11-17,CUST-00500,PROD-0467,Clothing,Size Issue,1126.6771981390298,41.88765919334466,19,0,1.0
RET-006455,ORD-001111,2023-04-26,CUST-00299,,Home,Changed Mind,1298.9522217787153,50.34166616344007,2,0,1.0
RET-006456,ORD-009533,2022-08-06,CUST-01467,,Clothing,Size Issue,1179.4290035382644,31.874027257355976,17,0,4.0
RET-006457,ORD-006826,,CUST-01040,PROD-0349,Electronics,Defective,1223.5400888761737,65.49309278241914,9,1,3.0
RET-006458,ORD-003228,,CUST-01529,PROD-0135,Beauty,Changed Mind,56.94917268034519,27.79672119840115,26,0,2.0
RET-006459,ORD-003599,2023-09-30,CUST-00560,PROD-0407, Beauty ,Changed Mind,558.1091547418984,77.70265978666356,24,1,4.0
RET-006460,ORD-006391,2024-03-22,CUST-01279,PROD-0374,Clothing,Changed Mind,1861.2478157338237,98.62694180551962,17,1,2.0
RET-006461,ORD-003382,2023-09-05,CUST-00408,PROD-0004,Clothing,Size Issue,1528.506733752032,61.88816937018456,5,0,2.0
RET-006462,ORD-001190,2024-04-26,CUST-01858,PROD-0061,Electronics,Defective,1212.364409629522,31.40651728004492,16,0,4.0
RET-006463,ORD-009665,2024-02-07,CUST-00437,PROD-0294,Home,Changed Mind,798.4986258327506,47.680299346059506,17,0,2.0
RET-006464,,2024-02-02,CUST-01533,PROD-0123,Clothing,Changed Mind,720.3112639545232,93.74040123959969,7,0,3.0
RET-006465,ORD-002653,2024-03-29,CUST-01541,PROD-0455,Electronics,Changed Mind,1948.867564022486,79.20443296083471,21,0,5.0
RET-006466,ORD-006940,2023-01-31,CUST-00954,PROD-0325,Home,Size Issue,1305.141935299281,44.59612444818612,18,0,5.0
RET-006467,ORD-004099,2023-09-04,CUST-00665,PROD-0171,Beauty,Size Issue,418.0107244237399,27.412941396863687,25,0,2.0
RET-006468,ORD-005070,2022-06-03,CUST-00939,PROD-0485,Electronics,Changed Mind,1224.235931460614,37.81663042547807,24,0,5.0
RET-006469,ORD-000953,2023-05-16,CUST-01895,PROD-0164,Home,Wrong Item,1234.5719091320161,56.857850751460504,12,0,5.0
RET-006470,ORD-009155,2022-07-13,CUST-00982,PROD-0493,Home,Defective,1678.0333890566285,72.17658080368923,12,0,2.0
RET-006471,ORD-007265,2022-08-17,CUST-01450,PROD-0009,Home,Wrong Item,1546.251183162488,27.006176631367772,14,1,2.0
RET-006472,ORD-002893,,CUST-00200,PROD-0448,Home,Wrong Item,607.5919794065277,86.87538265041617,8,1,1.0
RET-006473,ORD-005284,2022-10-03,CUST-01909,PROD-0026,Home,Not as Described,1384.4533769266409,21.71895568807396,18,0,5.0
RET-006474,ORD-001852,2024-03-22,CUST-00646,PROD-0310,Beauty,Defective,750.6591936308516,41.217670319529844,0,1,1.0
RET-006475,ORD-004922,2023-07-27,CUST-00619,PROD-0498,Home,Wrong Item,834.3050936492456,71.75129515464349,8,0,3.0
RET-006476,ORD-003522,2022-12-26,CUST-00739,PROD-0357,Electronics,Changed Mind,873.20453590727,2.8570063899649,0,1,2.0
RET-006477,ORD-006389,2022-10-02,CUST-00317,PROD-0079,Home,Defective,1025.1992849725207,39.53377988101153,10,1,1.0
RET-006478,ORD-002246,2023-07-03,CUST-00180,PROD-0053,Home,Size Issue,1440.3479232821735,80.68653296667846,28,0,2.0
RET-006479,ORD-008252,2023-08-27,CUST-00042,PROD-0232,Beauty,Size Issue,534.3964788245391,72.89519723558192,26,0,1.0
RET-006480,ORD-000097,2023-03-19,CUST-00754,PROD-0043,Electronics,Changed Mind,1268.0492169912195,79.82816041227181,8,0,5.0
RET-006481,ORD-004068,2022-08-21,CUST-00835,PROD-0372,Beauty,Defective,14.769801624904009,5.675901807506312,13,0,4.0
RET-006482,ORD-006331,2024-04-28,CUST-00866,PROD-0359,Beauty,Wrong Item,1624.6611713245204,78.84423227179082,10,0,1.0
RET-006483,ORD-003376,2022-08-17,CUST-01719,PROD-0016,Clothing,Not as Described,1284.3817649055604,95.42231903651046,2,0,1.0
RET-006484,ORD-008554,2022-06-08,CUST-00481,PROD-0104,Beauty,Wrong Item,1133.8922206927657,39.694610681886914,22,0,4.0
RET-006485,ORD-007071,2023-04-27,CUST-00957,PROD-0441,Beauty,Not as Described,854.0596436320993,79.5435690904121,1,0,5.0
RET-006486,ORD-003249,2023-04-26,CUST-01800,PROD-0128,Electronics,Not as Described,667.6648779750773,5.754529011754084,4,0,1.0
RET-006487,ORD-009758,2023-11-24,CUST-00550,PROD-0161,Electronics,Wrong Item,1754.7435558543145,60.63156983375697,8,0,1.0
RET-006488,ORD-006871,2023-05-30,CUST-01901,PROD-0251,Clothing,Changed Mind,40.64295201179216,49.23163703118944,18,1,3.0
RET-006489,ORD-004659,2022-08-28,CUST-00350,PROD-0242,Electronics,Not as Described,133.86290797923496,53.60786427975083,10,0,3.0
RET-006490,ORD-007276,2023-11-04,CUST-00026,PROD-0236,Clothing,Not as Described,1577.7105720151499,78.1855037948734,18,0,1.0
RET-006491,ORD-003480,2022-12-29,CUST-00751,PROD-0157,Clothing,Defective,1853.9183365951756,34.23628385853311,10,0,2.0
RET-006492,ORD-009309,2022-12-25,CUST-01697,PROD-0268,Electronics,Size Issue,1820.0468999097866,63.99749822604742,3,0,5.0
RET-006493,ORD-003756,2023-07-10,CUST-00142,PROD-0228,Electronics,Not as Described,217.78250632628868,1.358140938156105,7,0,3.0
RET-006494,ORD-004415,2023-07-11,CUST-00777,PROD-0270,Electronics,Changed Mind,1085.0630763949691,30.302046539641715,0,0,1.0
RET-006495,ORD-003057,2024-03-27,CUST-01603,PROD-0497,Beauty,Wrong Item,568.0770050580676,67.12976934080163,21,0,4.0
RET-006496,ORD-006556,2024-03-20,CUST-01942,PROD-0316,Electronics,Wrong Item,1709.7663939038005,95.03060321799734,8,1,2.0
RET-006497,,2023-06-13,CUST-00873,PROD-0133,Electronics,Defective,1970.3645485783711,44.75903804225151,15,0,3.0
RET-006498,ORD-006121,2022-07-17,CUST-00277,PROD-0455,Electronics,Size Issue,1898.5349724953685,59.371036134679535,22,0,4.0
RET-006499,ORD-009997,2022-06-01,CUST-01002,PROD-0469,Beauty,Wrong Item,944.9167686411434,23.823916213017327,22,0,3.0
RET-006500,ORD-007841,,CUST-00171,PROD-0308,Beauty,Changed Mind,366.71380301423386,14.909990982578691,21,1,3.0
RET-006501,ORD-002611,2023-09-11,CUST-00458,PROD-0391,Clothing,Wrong Item,170.8802765111447,48.39361147277417,14,0,1.0
RET-006502,ORD-003452,2023-01-19,CUST-00117,PROD-0125,Home,Changed Mind,1973.0450511301867,81.09644230254389,9,1,4.0
RET-006503,ORD-001166,2022-10-30,CUST-01112,PROD-0489,Beauty,Defective,632.7797030267367,55.5850950936264,24,0,1.0
RET-006504,ORD-006399,2022-11-13,CUST-00968,PROD-0417,Clothing,Size Issue,451.0920857609236,42.51916955329561,0,1,5.0
RET-006505,ORD-005856,2022-07-09,CUST-01084,PROD-0276,Electronics,Not as Described,896.2629604632228,89.77099386298558,8,1,5.0
RET-006506,ORD-003922,2023-06-28,CUST-01986,PROD-0448,Electronics,Defective,1053.773506515351,49.951460335960974,6,0,1.0
RET-006507,ORD-001913,2023-11-17,CUST-00631,PROD-0148,Beauty,Changed Mind,99.82975690092478,17.458835038160668,28,1,1.0
RET-006508,ORD-007365,2023-10-04,CUST-01084,PROD-0161,Beauty,Defective,649.1288575162775,55.70294909509318,28,0,4.0
RET-006509,ORD-004960,2022-12-03,CUST-00190,PROD-0404,Clothing,Not as Described,1690.0509070036958,27.748926245124082,28,0,2.0
RET-006510,ORD-007687,2023-07-03,CUST-00774,PROD-0315,Electronics,Size Issue,319.69707497658123,86.18302505592557,28,0,1.0
RET-006511,ORD-004949,2024-03-16,CUST-00730,PROD-0440,Clothing,Defective,214.3456141170893,61.72635149528699,27,1,5.0
RET-006512,ORD-004042,2023-01-16,CUST-00881,PROD-0099,Electronics,Size Issue,1996.8984239514311,19.87447209330083,24,0,3.0
RET-006513,ORD-007940,2023-10-01,CUST-00991,,Beauty,Size Issue,1684.7038513280454,9.199900976254327,2,1,2.0
RET-006514,ORD-007955,2022-10-31,CUST-00070,PROD-0033,Electronics,Size Issue,219.83116447003343,43.26643253429003,12,0,3.0
RET-006515,ORD-008613,2023-01-21,CUST-01073,PROD-0399,Electronics,Not as Described,358.4045750005962,94.42880805046252,14,0,2.0
RET-006516,ORD-003303,2022-10-26,CUST-01081,PROD-0050,Beauty,Not as Described,1848.0504030678867,27.01536587969049,21,1,5.0
RET-006517,ORD-008682,2022-07-04,CUST-00473,PROD-0290,Home,Changed Mind,1843.031344400348,58.77596293665115,12,0,3.0
RET-006518,ORD-002129,2023-04-30,CUST-00898,PROD-0296,Clothing,Changed Mind,42.957898138243564,71.023783722198,19,0,2.0
RET-006519,ORD-001161,2022-07-29,CUST-00388,PROD-0163,Home,Defective,1519.596650242138,8.08128424762662,10,0,3.0
RET-006520,ORD-007850,2024-04-17,CUST-01061,PROD-0342,Home,Size Issue,59.88766579927226,37.42112367145716,17,0,1.0
RET-006521,ORD-005396,2024-02-06,CUST-01931,PROD-0385,Home,Wrong Item,22.646991681144087,60.232180075961224,22,0,2.0
RET-006522,ORD-005260,2023-11-08,CUST-01511,PROD-0482,Home,Not as Described,450.99248844724735,66.43653022365142,27,0,4.0
RET-006523,ORD-006513,2022-06-08,CUST-01065,PROD-0275,Beauty,Not as Described,462.11133584674707,92.07334378191213,13,0,5.0
RET-006524,ORD-005083,2022-06-30,CUST-00758,PROD-0003,Beauty,Not as Described,259.0905790691709,12.726217253507443,20,0,3.0
RET-006525,ORD-003615,2023-08-07,CUST-01838,PROD-0304,Electronics,Not as Described,1414.8175815632906,55.49503511045746,12,0,5.0
RET-006526,ORD-000424,2023-09-23,CUST-01297,PROD-0053,Clothing,Size Issue,1005.0228560887721,10.156338865669056,13,0,2.0
RET-006527,ORD-009471,2023-10-21,CUST-00173,PROD-0212,Beauty,Defective,1169.0823144060394,49.26851302016575,0,0,1.0
RET-006528,ORD-001000,2024-03-08,CUST-00283,PROD-0071,Home,Defective,1248.1685346401973,33.682185317948935,22,0,4.0
RET-006529,ORD-003257,2022-07-09,CUST-01815,PROD-0082,Clothing,Not as Described,150.35387727602543,26.532508280466395,15,0,1.0
RET-006530,ORD-009191,2022-10-14,CUST-01351,PROD-0126,Clothing,Not as Described,1077.5092536861916,28.52961697878974,15,0,2.0
RET-006531,ORD-000683,2023-11-11,CUST-01026,PROD-0336,Electronics,Not as Described,1050.0380592289503,85.4312891124755,22,0,5.0
RET-006532,ORD-007969,2023-10-05,CUST-01560,PROD-0405,Electronics,Wrong Item,1588.8705292599925,86.84326582485642,26,0,1.0
RET-006533,ORD-001451,2023-02-11,CUST-01699,PROD-0099,Beauty,Defective,173.61900209015084,17.318901165043755,18,0,2.0
RET-006534,ORD-003563,2023-09-05,CUST-00489,PROD-0432,Electronics,Not as Described,996.05267258608,34.972730419359834,4,0,1.0
RET-006535,ORD-000365,2022-11-04,CUST-01958,PROD-0260,Home,Defective,279.51839808714,93.80089191794916,1,0,4.0
RET-006536,ORD-007330,2023-02-28,CUST-00255,PROD-0371,Electronics,Defective,1277.2888324266278,73.69087792518634,28,0,5.0
RET-006537,ORD-001978,2022-11-29,CUST-00901,PROD-0020,Clothing,Wrong Item,1522.3666189230585,2.2822724861853882,2,1,2.0
RET-006538,ORD-004132,2023-02-10,CUST-00352,PROD-0461,Home,Wrong Item,1508.31513830417,30.285428555027273,14,1,4.0
RET-006539,ORD-007303,2024-02-14,CUST-01953,PROD-0496,Beauty,Wrong Item,1868.9847134039228,2.193526172693272,9,0,5.0
RET-006540,ORD-001237,2022-09-20,CUST-00585,PROD-0203,Home,Defective,1706.4717314024394,26.241927458047833,26,0,3.0
RET-006541,ORD-000079,2022-06-06,CUST-01294,PROD-0266,Clothing,Not as Described,1444.832761738977,81.4596470263934,17,0,4.0
RET-006542,ORD-009982,2023-04-24,CUST-01433,PROD-0273,Clothing,Defective,891.0234227639238,0.11010391158478017,15,1,1.0
RET-006543,ORD-000867,2024-02-29,CUST-00592,PROD-0297,Home,Not as Described,1576.480180493607,12.095274434611426,16,0,5.0
RET-006544,ORD-007140,2022-08-09,CUST-00923,PROD-0289,Electronics,Size Issue,980.5892713144025,69.00291885589438,6,0,2.0
RET-006545,ORD-007608,2022-06-13,CUST-00594,PROD-0278,Home,Size Issue,1344.516286524716,11.491593099146414,16,1,2.0
RET-006546,ORD-001936,2024-02-09,CUST-01275,PROD-0424,Beauty,Size Issue,1625.3946739551618,31.5093472245067,22,0,2.0
RET-006547,ORD-001143,2023-02-05,CUST-00844,PROD-0419,Electronics,Size Issue,1981.9959017605433,22.885300764971483,21,0,1.0
RET-006548,ORD-007765,2023-08-24,CUST-01277,PROD-0149,Home,Changed Mind,1364.8340222954548,6.470656017409516,16,0,4.0
RET-006549,ORD-008123,2022-10-06,CUST-00301,PROD-0030,Clothing,Size Issue,537.700371586739,94.13590179850641,20,0,4.0
RET-006550,ORD-009557,2023-09-09,CUST-01540,PROD-0107,Clothing,Size Issue,1173.1930679572708,61.10135208557278,8,1,1.0
RET-006551,ORD-000166,2022-10-19,CUST-01135,,Clothing,Changed Mind,1916.2930251081943,27.041031104222746,28,0,4.0
RET-006552,ORD-002152,2023-12-18,CUST-00819,PROD-0146,Home,Wrong Item,1102.955738873028,41.32729615368865,17,1,4.0
RET-006553,ORD-007804,2023-03-13,CUST-01229,PROD-0199,Beauty,Defective,1555.8572117877227,80.24053114926798,2,0,
RET-006554,ORD-004621,2023-01-26,CUST-01827,PROD-0449,Home,Changed Mind,434.3076152086288,32.366867371779065,8,0,4.0
RET-006555,ORD-007908,2022-12-11,CUST-00680,PROD-0142,Beauty,Changed Mind,523.6494609831567,483.703373748151,2,0,2.0
RET-006556,ORD-002193,,CUST-00849,PROD-0377,Home,Wrong Item,445.8351635744673,25.053644235305672,17,1,1.0
RET-006557,ORD-001678,2024-01-28,CUST-01078,PROD-0417,Home,Not as Described,20.582774473965966,20.31443914068529,1,0,4.0
RET-006558,ORD-005135,2022-07-08,CUST-00500,PROD-0422,Home,Not as Described,1823.340368932197,4.279571895569411,14,1,3.0
RET-006559,ORD-002450,2022-08-19,CUST-00376,PROD-0255,Beauty,Wrong Item,521.0397473215755,11.222409976339808,8,1,2.0
RET-006560,ORD-007900,2024-01-02,CUST-01405,PROD-0275,Home,Size Issue,836.8902282712995,17.997463794666047,12,0,3.0
RET-006561,ORD-000156,2024-03-28,CUST-01561,PROD-0078,Clothing,Not as Described,407.4761111311546,75.49671451086638,20,0,4.0
RET-006562,,2022-07-02,CUST-00748,PROD-0426,Clothing,Changed Mind,443.6502665034593,31.22703371311917,23,0,5.0
RET-006563,ORD-006960,2023-09-19,CUST-00451,PROD-0185,Electronics,Changed Mind,1993.1155519705944,11.38676069292962,0,1,1.0
RET-006564,ORD-007619,2023-12-30,CUST-00194,PROD-0117,Clothing,Wrong Item,1250.9324137732583,81.12636158128007,0,0,1.0
RET-006565,ORD-006114,2023-07-05,CUST-00759,PROD-0029,Home,Wrong Item,1077.0771345614396,63.902947964225845,13,0,2.0
RET-006566,ORD-004306,2023-05-30,CUST-01645,PROD-0143,Beauty,Changed Mind,1394.4504310983216,45.35264810336817,24,1,5.0
RET-006567,ORD-000903,2022-08-23,CUST-00210,PROD-0127,Beauty,Changed Mind,1399.4240367743619,37.927257672464044,5,1,5.0
RET-006568,ORD-009043,2022-09-21,CUST-00857,PROD-0145,Clothing,Changed Mind,667.8088688747852,97.49009897197472,23,0,5.0
RET-006569,ORD-003300,2023-09-25,CUST-00932,PROD-0290,Clothing,Not as Described,583.3599751558901,29.283185178198835,15,0,2.0
RET-006570,ORD-006501,2023-08-31,CUST-00673,PROD-0198,Clothing,Wrong Item,1766.3508702054623,79.49752742023979,10,0,3.0
RET-006571,ORD-002875,2023-12-21,CUST-01911,PROD-0079,Beauty,Not as Described,496.49613446666115,92.02824978962317,3,0,3.0
RET-006572,ORD-003296,2022-12-28,CUST-01186,PROD-0426,Beauty,Defective,1988.839452527123,59.36869423453493,3,0,5.0
RET-006573,ORD-000624,2022-06-13,CUST-00325,PROD-0369,Electronics,Not as Described,1558.8267277834902,38.41543416244689,13,1,5.0
RET-006574,ORD-001044,2023-05-08,CUST-01203,PROD-0192,Electronics,Size Issue,361.58631653367667,49.81091578751327,24,0,5.0
RET-006575,ORD-001225,2023-09-05,CUST-00687,PROD-0246,Home,Defective,1735.1631280044473,89.93608498236148,5,1,4.0
RET-006576,ORD-002559,2023-08-24,CUST-01555,PROD-0263,Clothing,Size Issue,22.842866802630464,78.35959270170622,26,0,3.0
RET-006577,ORD-003371,2023-04-19,CUST-00660,PROD-0297,Home,Wrong Item,65.30522877055417,25.714056003630393,3,0,2.0
RET-006578,ORD-003637,2023-08-22,CUST-00101,PROD-0143,Home,Not as Described,1328.5506792494414,288.5830991718883,28,0,4.0
RET-006579,ORD-000488,2024-03-26,CUST-01766,PROD-0470,Clothing,Defective,697.525841507608,98.12857135583837,1,0,3.0
RET-006580,ORD-001843,2023-01-15,CUST-00110,PROD-0152,Clothing,Size Issue,1909.42941515924,58.229086074635994,2,0,2.0
RET-006581,ORD-004055,2023-11-30,CUST-00183,PROD-0452,Electronics,Changed Mind,1803.279012126819,72.93587562799542,16,0,2.0
RET-006582,ORD-004419,2023-08-16,CUST-01216,PROD-0264,Clothing,Changed Mind,762.782820187144,54.73918985566178,2,1,2.0
RET-006583,ORD-006100,2022-06-15,CUST-01670,PROD-0071,Electronics,Wrong Item,1738.2313283821043,97.08781902238773,9,0,3.0
RET-006584,ORD-009099,,CUST-01187,PROD-0421,Electronics,Changed Mind,809.4287009351183,6.840957498318289,0,0,2.0
RET-006585,ORD-004862,2022-10-31,CUST-00304,PROD-0041,Beauty,Wrong Item,976.3396516356064,56.677174110577724,24,0,5.0
RET-006586,ORD-001998,2023-09-17,CUST-00419,PROD-0462,Clothing,Defective,1319.1082034311491,78.87022351985294,21,0,5.0
RET-006587,ORD-006768,2024-04-19,CUST-01723,PROD-0125,Home,Not as Described,1389.375812363336,64.03699991928768,2,0,2.0
RET-006588,ORD-002771,2023-09-27,CUST-01275,PROD-0279,Beauty,Wrong Item,793.9768223044301,67.60723336345667,25,1,2.0
RET-006589,ORD-004004,2022-07-30,CUST-01209,PROD-0425,Clothing,Wrong Item,1041.372090501873,41.12284678742712,6,0,1.0
RET-006590,ORD-001797,2023-02-05,CUST-01890,PROD-0336,Beauty,Defective,309.8680623776999,97.82657881352998,6,1,3.0
RET-006591,ORD-003787,2023-07-07,CUST-00016,PROD-0291,Clothing,Not as Described,624.9863788850389,20.38330473715384,25,0,5.0
RET-006592,ORD-006797,2024-02-27,CUST-01707,PROD-0025,Beauty,Changed Mind,118.31168087789283,12.905900900609524,22,1,1.0
RET-006593,ORD-005265,2022-07-11,CUST-00826,PROD-0237,Electronics,Size Issue,1949.2559364192407,60.57738829625313,6,1,4.0
RET-006594,ORD-001945,2023-08-25,CUST-00521,PROD-0333,Electronics,Not as Described,1192.707133644163,92.98973694669237,21,0,4.0
RET-006595,ORD-006284,2023-01-31,CUST-00934,PROD-0124,Clothing,Wrong Item,1135.6038231313012,34.470305879932795,14,0,1.0
RET-006596,ORD-000106,2024-02-02,CUST-01962,,Beauty,Size Issue,1952.0617110143983,5.2681704567861365,3,0,2.0
RET-006597,ORD-000464,2022-06-29,CUST-01929,PROD-0276,Home,Not as Described,848.0489914406043,92.50310888696443,27,1,5.0
RET-006598,ORD-006952,,CUST-00277,,Clothing,Size Issue,295.3459422335828,79.38517345877052,26,0,4.0
RET-006599,,2023-08-30,CUST-00166,PROD-0144,Beauty,Defective,795.1909495704488,60.830986863670034,9,0,2.0
RET-006600,ORD-004390,2022-07-19,CUST-00213,PROD-0236,Clothing,Not as Described,609.6483982342671,95.07980616248017,2,1,2.0
RET-006601,ORD-007003,2022-12-31,CUST-01335,PROD-0458,Beauty,Size Issue,870.0806634678165,22.30182377643608,28,1,5.0
RET-006602,ORD-005188,2023-06-13,CUST-00855,PROD-0068,Home,Changed Mind,1083.7222479190657,39.908832790471436,28,0,1.0
RET-006603,ORD-002618,2023-02-07,CUST-00296,PROD-0179,Beauty,Not as Described,510.3254811985204,80.88263920878335,9,0,5.0
RET-006604,ORD-005130,2022-12-11,CUST-01709,,Home,Not as Described,1655.7026950774089,43.688030871997384,5,0,3.0
RET-006605,ORD-007198,2022-10-18,CUST-00515,PROD-0381,Clothing,Wrong Item,1869.3370409348775,92.48197091736951,4,0,3.0
RET-006606,ORD-003337,2024-04-08,CUST-01835,PROD-0248,Clothing,Wrong Item,1881.733583505177,95.81029974584726,24,1,2.0
RET-006607,ORD-001357,2023-06-10,CUST-01734,PROD-0034,Clothing,Defective,1337.3446416592164,90.19558276256878,27,0,5.0
RET-006608,ORD-005648,2022-09-27,CUST-01357,PROD-0224,Beauty,Defective,1813.2940375190212,64.20076633505695,18,0,1.0
RET-006609,ORD-000631,2022-08-16,CUST-01713,PROD-0271,Clothing,Size Issue,503.4774092131956,47.78139886458693,0,0,4.0
RET-006610,ORD-009683,,CUST-01097,PROD-0386,Home,Wrong Item,1258.2407697399465,95.2995361797779,23,0,5.0
RET-006611,ORD-001799,2023-04-25,CUST-01483,PROD-0129,Clothing,Defective,227.09433515429444,29.467927362300628,26,0,1.0
RET-006612,ORD-004408,2023-02-12,CUST-00803,PROD-0029,Beauty,Wrong Item,1473.8497845234776,94.24018192463734,2,1,1.0
RET-006613,ORD-007931,2023-10-23,CUST-00336,PROD-0178,Electronics,Not as Described,211.61850151764054,64.5828272718081,1,0,1.0
RET-006614,ORD-000645,2022-06-12,CUST-01028,PROD-0049,Electronics,Wrong Item,1971.501973568313,90.83105329165,16,1,3.0
RET-006615,ORD-003607,2023-07-28,CUST-00527,PROD-0397,Electronics,Wrong Item,475.2917945405298,42.280065378743714,16,0,2.0
RET-006616,ORD-009102,2024-01-15,CUST-00048,PROD-0496,Beauty,Changed Mind,1636.8940791123832,53.328349230140915,4,0,3.0
RET-006617,ORD-006894,2022-11-18,CUST-00103,PROD-0017,Electronics,Wrong Item,1304.965794848065,75.12658052381155,25,0,4.0
RET-006618,ORD-002256,2023-03-21,CUST-00282,PROD-0296,Clothing,Size Issue,1424.5775808919952,16.20246962272127,27,0,5.0
RET-006619,ORD-006775,2024-03-31,CUST-01724,PROD-0313,Clothing,Not as Described,784.083666803746,23.419798283664463,16,0,5.0
RET-006620,ORD-000549,,CUST-01484,PROD-0443,Electronics,Changed Mind,559.1999127621108,44.209676795643574,4,0,5.0
RET-006621,ORD-006182,2024-03-13,CUST-00538,PROD-0021,Clothing,Not as Described,1953.138679146286,72.14345007767633,23,0,
RET-006622,ORD-000086,2023-03-16,CUST-00197,PROD-0423,Beauty,Size Issue,633.1290288390705,47.727122031899626,16,0,2.0
RET-006623,ORD-008934,2023-09-19,CUST-01276,PROD-0230,Clothing,Wrong Item,1009.4073188130712,74.47990505416158,23,0,5.0
RET-006624,ORD-005441,2024-04-08,CUST-01174,PROD-0039,Beauty,Wrong Item,963.5641411192853,7.786323038742127,15,1,4.0
RET-006625,ORD-007717,2024-02-07,CUST-00796,PROD-0131,Home,Changed Mind,944.0647678293668,31.861359076493535,13,0,5.0
RET-006626,ORD-007057,2023-03-21,CUST-00263,PROD-0176,Beauty,Size Issue,198.8943830273472,13.159998021366292,13,0,
RET-006627,ORD-002261,2022-08-18,CUST-00696,PROD-0306,Beauty,Size Issue,790.8803932361518,90.27454872595294,3,0,1.0
RET-006628,ORD-007401,2022-07-06,CUST-00587,PROD-0351,Beauty,Not as Described,1248.4283788770524,22.914434046622112,5,0,4.0
RET-006629,ORD-006109,2023-07-20,CUST-00061,,Home,Not as Described,289.3908863312668,47.93928038709073,11,1,2.0
RET-006630,ORD-009796,2023-03-30,CUST-00206,PROD-0066,Home,Wrong Item,595.3375429199737,43.3343657340075,5,0,1.0
RET-006631,ORD-002277,2022-09-04,CUST-00769,PROD-0371,Home,Wrong Item,1710.5967471279437,64.54809206501567,20,1,2.0
RET-006632,ORD-000552,2022-11-16,CUST-00527,PROD-0346,Home,Wrong Item,891.5469728468564,48.902874183338454,11,0,2.0
RET-006633,ORD-007133,2023-06-21,CUST-00774,PROD-0439,Clothing,Size Issue,729.9889645556142,53.35819147357309,24,0,2.0
RET-006634,ORD-000775,2023-03-12,CUST-00877,PROD-0043,Home,Wrong Item,261.39912459810023,16.88640437086425,7,1,2.0
RET-006635,ORD-001067,2023-03-29,CUST-01937,PROD-0292,Beauty,Not as Described,1083.47243666349,16.555095720219715,28,0,3.0
RET-006636,ORD-000313,2022-09-23,CUST-01463,PROD-0276,Electronics,Defective,950.9274203861842,18.411604624625667,0,0,1.0
RET-006637,ORD-008356,2023-11-01,CUST-00662,PROD-0034,Home,Not as Described,1506.9636698605684,34.994281451627174,22,0,2.0
RET-006638,ORD-009187,2023-11-02,CUST-00775,PROD-0147,Beauty,Changed Mind,507.0574757638215,94.43235807812961,21,1,3.0
RET-006639,ORD-000038,2023-07-11,CUST-00196,PROD-0490,Clothing,Defective,238.2153202347869,79.95642863022178,19,0,4.0
RET-006640,ORD-006700,2024-01-11,CUST-01145,PROD-0072,Home,Defective,1341.9909787574577,66.56890596667493,7,0,3.0
RET-006641,ORD-006662,2022-11-18,CUST-00612,PROD-0139,Home,Changed Mind,1521.6478082718152,18.147242264726337,22,0,3.0
RET-006642,ORD-005891,2023-10-15,CUST-01713,PROD-0311,Clothing,Defective,449.6979905271004,65.01435840492165,19,1,5.0
RET-006643,ORD-007571,2023-12-04,CUST-01226,PROD-0269,Beauty,Defective,1370.4010491193753,98.97268231903621,26,0,5.0
RET-006644,ORD-009517,2022-12-03,CUST-01252,PROD-0379,Beauty,Size Issue,697.6431824575092,50.05093172780754,10,1,3.0
RET-006645,ORD-006938,2022-10-02,CUST-01073,PROD-0115,Beauty,Wrong Item,1744.7067868011302,86.5835953034099,17,1,3.0
RET-006646,ORD-008417,2024-04-04,CUST-01309,PROD-0128,Home,Size Issue,1046.1444332322596,26.99997004231974,10,0,2.0
RET-006647,ORD-006457,2022-12-01,CUST-01932,PROD-0168,Home,Defective,1588.0788881682206,14.741783143831288,18,1,1.0
RET-006648,ORD-001497,2023-11-23,CUST-01197,PROD-0368,Beauty,Wrong Item,47.14041502293728,55.6831501492437,29,0,2.0
RET-006649,ORD-006022,2023-08-13,CUST-00531,PROD-0111,Home,Not as Described,1262.7227810294748,20.842284074682095,11,1,2.0
RET-006650,ORD-008322,2023-10-03,CUST-00484,PROD-0359,Home,Size Issue,32.49861919109303,33.24432698562665,26,1,4.0
RET-006651,ORD-002900,2023-12-27,CUST-00922,PROD-0468,Clothing,Not as Described,1804.0206382903098,48.68982205407432,14,0,5.0
RET-006652,ORD-003394,2023-12-06,CUST-00579,PROD-0064,Home,Changed Mind,1724.9120833308557,41.03017484617065,19,0,1.0
RET-006653,ORD-000263,2023-05-24,CUST-00603,PROD-0199,Beauty,Wrong Item,1778.111439749266,76.98753034646202,2,0,5.0
RET-006654,ORD-002849,2024-01-29,CUST-00831,PROD-0461,Clothing,Changed Mind,508.47344058753606,64.34587605217284,5,0,5.0
RET-006655,ORD-000209,2023-05-06,CUST-00634,PROD-0129,Clothing,Size Issue,1942.7921870531482,34.813049300445385,2,0,1.0
RET-006656,ORD-000792,2023-07-24,CUST-00467,PROD-0098,Clothing,Changed Mind,1578.6315714004581,17.450896539959516,9,0,4.0
RET-006657,ORD-007125,2022-09-27,CUST-01830,PROD-0270,Beauty,Size Issue,168.13350780184575,82.4160505200671,9,0,3.0
RET-006658,ORD-008415,2023-01-22,CUST-00826,PROD-0108,Home,Changed Mind,495.45812344721605,93.0117530070521,18,1,
RET-006659,ORD-008565,2023-12-18,CUST-00260,PROD-0387,Home,Size Issue,113.14048087444758,79.63403777276524,3,0,5.0
RET-006660,ORD-000050,2022-09-25,CUST-00083,PROD-0191,Beauty,Not as Described,1111.1991160966247,32.5808701364255,20,1,3.0
RET-006661,ORD-002969,2022-07-08,CUST-00977,PROD-0178,Clothing,Defective,190.98721848229025,69.26333047517201,22,0,
RET-006662,ORD-006646,2022-07-15,CUST-01778,PROD-0208,Electronics,Not as Described,467.5682135634885,8.474601891898882,20,1,5.0
RET-006663,ORD-008722,2023-04-09,CUST-01894,PROD-0030,Beauty,Size Issue,1949.1279552947776,30.288697568844892,22,1,5.0
RET-006664,ORD-004932,2022-08-29,CUST-00797,PROD-0025,Home,Not as Described,523.1057101873198,59.3735015190475,0,0,1.0
RET-006665,ORD-002761,2023-10-16,CUST-00173,PROD-0124,Home,Wrong Item,752.1578011423165,19.276580886313088,19,0,4.0
RET-006666,ORD-004287,2023-12-10,CUST-01978,PROD-0280,Beauty,Not as Described,381.45413778653295,82.53140837889936,15,0,2.0
RET-006667,ORD-005459,2022-12-12,CUST-01411,PROD-0293,Clothing,Defective,1393.3352385188964,91.18568710949599,14,0,5.0
RET-006668,ORD-006545,2024-02-25,CUST-01595,PROD-0225,Home,Defective,1430.6599063454983,33.18365536806832,22,0,5.0
RET-006669,ORD-005866,2023-02-19,CUST-01849,PROD-0100,Electronics,Wrong Item,1404.8398008019099,48.67348025857964,15,0,3.0
RET-006670,ORD-009297,2023-06-15,CUST-01711,PROD-0145,Beauty,Size Issue,1857.0330304126555,57.040219192803534,12,1,2.0
RET-006671,ORD-000705,2023-06-18,CUST-01544,PROD-0409,Home,Not as Described,327.3149678913583,76.32207471357604,10,0,3.0
RET-006672,ORD-002625,2023-02-23,CUST-00386,PROD-0093,Electronics,Size Issue,365.0073723244507,35.57184160631587,7,0,5.0
RET-006673,ORD-000360,2023-01-20,CUST-01404,PROD-0399,Electronics,Changed Mind,139.95709620553248,40.61244456058971,27,1,1.0
RET-006674,ORD-003088,2023-04-04,CUST-01824,PROD-0256,Home,Size Issue,429.521534492359,14.46326340193419,7,1,2.0
RET-006675,ORD-008493,2022-12-12,CUST-00954,PROD-0355,Beauty,Defective,27.902425242088242,9.414268706585528,7,0,1.0
RET-006676,ORD-006475,2023-12-17,CUST-00293,PROD-0212,Home,Not as Described,150.809820437371,88.09795543049187,5,0,1.0
RET-006677,ORD-009562,2022-12-01,CUST-00838,PROD-0088,Home,Size Issue,206.87270421807438,92.87046632151697,6,1,5.0
RET-006678,ORD-007207,2023-06-02,CUST-01966,PROD-0392,Electronics,Size Issue,482.47923782479523,55.34047994840717,10,0,2.0
RET-006679,ORD-008900,2023-03-21,CUST-00534,PROD-0264,Home,Changed Mind,647.8184933999161,86.71919802124243,11,1,3.0
RET-006680,ORD-002305,2023-07-11,CUST-01352,,Home,Not as Described,1192.2796630905846,208.88517596450117,5,1,2.0
RET-006681,ORD-008226,2022-11-02,CUST-01525,PROD-0200,Clothing,Wrong Item,155.182969242004,73.30094010402667,18,0,5.0
RET-006682,ORD-003374,2023-01-31,CUST-01958,PROD-0494,Home,Defective,843.8895296791103,46.01516340779469,7,1,3.0
RET-006683,ORD-000924,2022-07-27,CUST-00400,PROD-0314,Clothing,Not as Described,654.2039663231536,60.7285775980171,13,1,1.0
RET-006684,ORD-000192,,CUST-01881,PROD-0097,Clothing,Size Issue,1684.410820858262,34.462926423926824,16,0,4.0
RET-006685,ORD-001300,2022-10-20,CUST-00968,PROD-0460,Clothing,Changed Mind,504.13361623773557,65.93787271061686,9,0,2.0
RET-006686,ORD-006721,2023-08-22,CUST-00044,PROD-0024,Electronics,Defective,509.607489662665,30.909465711156457,29,1,3.0
RET-006687,ORD-002208,2023-07-21,CUST-01542,PROD-0345,Home,Size Issue,1066.5864078711488,99.81360623141043,8,1,3.0
RET-006688,ORD-007851,,CUST-01542,PROD-0236,Home,Not as Described,447.9101600374858,96.5634058522356,27,0,5.0
RET-006689,ORD-003277,2022-10-09,CUST-00651,PROD-0152,Clothing,Defective,1946.7454299102662,71.31917107531184,3,0,3.0
RET-006690,ORD-002149,,CUST-01655,PROD-0115,Beauty,Size Issue,484.3207396391337,30.310326215367745,8,0,5.0
RET-006691,ORD-007265,2022-07-09,CUST-00897,PROD-0042,Home,Defective,294.722862955198,93.33656927867132,15,0,2.0
RET-006692,ORD-005188,2023-04-25,CUST-01575,,Electronics,Not as Described,1134.2404648117947,32.213242934014495,8,1,3.0
RET-006693,ORD-000269,2023-05-15,CUST-00001,PROD-0274,Home,Changed Mind,488.39800081116147,86.54148736076297,27,0,1.0
RET-006694,ORD-000501,2023-11-14,CUST-01769,PROD-0280,Beauty,Wrong Item,1948.6434190028385,36.07640832249695,4,0,
RET-006695,,2023-12-03,CUST-01055,PROD-0176,Electronics,Changed Mind,70.45038872733443,98.9149173169765,12,1,2.0
RET-006696,ORD-003849,2022-09-07,CUST-01807,PROD-0107,Clothing,Wrong Item,1175.6310755215277,13.593397140935327,6,0,4.0
RET-006697,ORD-009415,2023-04-17,CUST-01650,PROD-0067,Clothing,Size Issue,267.20476174100526,58.48772468342832,13,0,1.0
RET-006698,ORD-000494,2022-08-03,CUST-01951,PROD-0454,Beauty,Size Issue,1553.896737786961,92.37237196722063,22,0,2.0
RET-006699,ORD-001872,2023-09-15,CUST-01458,PROD-0055,Clothing,Size Issue,1664.818735295151,43.901369622606765,2,0,2.0
RET-006700,ORD-008706,2023-02-18,CUST-01860,PROD-0417,Beauty,Size Issue,1189.692825702727,27.18581248728158,2,0,4.0
RET-006701,ORD-009820,,CUST-00124,PROD-0234,Beauty,Size Issue,1434.7616084446006,77.04248947934708,18,0,4.0
RET-006702,ORD-007032,2023-03-27,CUST-00482,PROD-0117,Clothing,Size Issue,815.0299127149628,67.0553936104892,1,1,3.0
RET-006703,ORD-001850,2022-09-01,CUST-01752,PROD-0169,Home,Changed Mind,1339.2661346957873,20.19446793922459,21,0,4.0
RET-006704,ORD-006645,2023-06-20,CUST-00137,PROD-0343,Beauty,Size Issue,1523.5776101900158,40.94547663159288,3,0,
RET-006705,ORD-002421,2023-08-21,CUST-01626,PROD-0008,Beauty,Wrong Item,1054.250588748114,6.173396705713996,15,0,3.0
RET-006706,ORD-009108,2023-06-08,CUST-01899,PROD-0307,Electronics,Wrong Item,450.2546942064259,49.005931109295254,13,0,3.0
RET-006707,ORD-007753,2023-06-21,CUST-00166,PROD-0362,Electronics,Defective,519.4226165873863,92.22754718970401,7,0,4.0
RET-006708,ORD-005478,2022-12-08,CUST-01442,PROD-0101,Beauty,Defective,1404.2731475813787,16.62303345440118,5,0,5.0
RET-006709,ORD-001593,2023-03-12,CUST-00816,PROD-0408,Clothing,Size Issue,536.7759524773123,67.32676130183327,0,1,3.0
RET-006710,ORD-003488,2023-03-19,CUST-00436,PROD-0012,Beauty,Size Issue,125.71766801474546,69.44147893615066,8,0,2.0
RET-006711,ORD-008297,2023-02-20,CUST-01533,PROD-0131,Beauty,Size Issue,49.412419582785844,37.56862442874225,12,1,4.0
RET-006712,ORD-005152,2023-10-22,CUST-01496,PROD-0088,Electronics,Wrong Item,1738.1352089577356,87.86487974986647,21,0,4.0
RET-006713,ORD-000927,2022-12-20,CUST-01924,,Electronics,Not as Described,783.5100932497896,33.513233561909495,29,1,5.0
RET-006714,,2022-09-19,CUST-01421,PROD-0482,Beauty,Defective,1039.253308272585,7.467599745175346,20,1,2.0
RET-006715,ORD-001555,,CUST-01222,PROD-0056,Home,Size Issue,1072.1267333475942,6.642214533210944,22,0,2.0
RET-006716,ORD-002218,2023-04-07,CUST-01635,PROD-0037,Beauty,Size Issue,1969.732419131384,95.46948293406233,5,0,1.0
RET-006717,ORD-002635,2023-09-02,CUST-01951,PROD-0492,Electronics,Defective,37.918036810995304,13.66331232744088,5,1,4.0
RET-006718,ORD-003668,2022-08-18,CUST-00081,PROD-0340,Home,Wrong Item,954.8769818676762,44.21902954856854,11,0,4.0
RET-006719,ORD-006708,2023-07-07,CUST-01615,PROD-0137,Beauty,Wrong Item,832.1098065562583,97.56061296551013,16,0,1.0
RET-006720,ORD-006217,2024-02-06,CUST-00678,PROD-0498,Electronics,Wrong Item,723.3934266661831,45.62364807473864,29,0,2.0
RET-006721,ORD-007397,2024-01-18,CUST-01626,,Clothing,Size Issue,1553.4205980117072,60.96412021305164,18,0,
RET-006722,ORD-003715,2023-04-24,CUST-00696,PROD-0340,Electronics,Not as Described,1594.947478430077,19.10192193506254,28,0,1.0
RET-006723,ORD-008962,2023-05-21,CUST-01926,PROD-0327,Electronics,Wrong Item,1775.4574655026654,42.41188077138921,28,1,5.0
RET-006724,ORD-007132,,CUST-00964,PROD-0496,Beauty,Changed Mind,455.18249582696734,26.89020586907097,0,0,5.0
RET-006725,ORD-009913,2023-08-10,CUST-01383,PROD-0195,Home,Size Issue,859.8842215846151,12.08135014283095,18,0,1.0
RET-006726,ORD-005594,2023-09-02,CUST-00091,PROD-0387,Beauty,Size Issue,1830.4939624786916,70.301675448786,17,0,3.0
RET-006727,ORD-006674,2024-03-27,CUST-01962,PROD-0340,Clothing,Defective,1311.707014322329,64.6650678735458,19,0,3.0
RET-006728,ORD-009407,2024-03-09,CUST-00604,PROD-0374,Beauty,Defective,1197.0287343708248,38.01087659345569,18,1,5.0
RET-006729,ORD-001564,2024-02-08,CUST-00871,PROD-0436,Electronics,Not as Described,1707.6131670717207,20.14877009528072,20,0,2.0
RET-006730,ORD-009404,2023-08-04,CUST-00133,PROD-0257,Home,Changed Mind,1541.7395121089191,39.85206704945301,27,0,3.0
RET-006731,ORD-005926,2023-03-04,CUST-01725,PROD-0265,Electronics,Not as Described,1081.20647062674,5.155539427642363,0,0,3.0
RET-006732,ORD-008378,2023-05-14,CUST-01058,PROD-0432,Clothing,Defective,1422.6021552185864,88.39056578495632,17,1,5.0
RET-006733,ORD-000456,2022-10-14,CUST-01508,PROD-0079,Electronics,Size Issue,17.057212954656233,1.9242544027853414,7,0,1.0
RET-006734,ORD-004508,2023-09-08,CUST-01964,PROD-0100,Beauty,Changed Mind,430.4275787768631,19.089185506755012,5,1,2.0
RET-006735,ORD-006217,2023-02-07,CUST-01334,PROD-0104,Clothing,Not as Described,240.98171597474223,83.6062643709356,28,0,5.0
RET-006736,ORD-006835,2023-09-28,CUST-01669,PROD-0208,Beauty,Not as Described,1999.4899697619067,64.47225131300256,6,1,2.0
RET-006737,ORD-009980,2023-03-02,CUST-00880,PROD-0302,Home,Size Issue,1776.735748386221,88.16396587816529,16,0,5.0
RET-006738,ORD-005125,2024-04-29,CUST-01575,PROD-0466,Home,Size Issue,1117.643926456099,50.32969808214559,10,0,3.0
RET-006739,ORD-007777,2023-11-30,CUST-01211,PROD-0495,Electronics,Defective,1311.759971658389,70.15770374437476,19,0,4.0
RET-006740,ORD-004557,2022-09-04,CUST-00369,PROD-0344,Clothing,Wrong Item,1793.1711826803469,35.08344362104956,5,0,3.0
RET-006741,ORD-004067,2022-11-19,CUST-01863,PROD-0490,Electronics,Changed Mind,532.5243833512845,96.60985723648032,5,0,5.0
RET-006742,ORD-002319,2024-04-09,CUST-00860,PROD-0176,Clothing,Changed Mind,30.278286398595668,9.709210433395732,16,0,3.0
RET-006743,ORD-008434,2022-11-07,CUST-01679,PROD-0451,Beauty,Defective,437.86174325943205,91.73877083006533,28,1,2.0
RET-006744,ORD-005407,,CUST-01628,PROD-0228,Electronics,Changed Mind,1686.6451687865572,7.378509074238071,0,0,2.0
RET-006745,ORD-003151,2024-02-23,CUST-00529,PROD-0356,Electronics,DEFECTIVE,1636.3993356229453,71.27886841449704,22,1,5.0
RET-006746,ORD-001314,2024-01-03,CUST-00784,PROD-0453,Beauty,Size Issue,235.48598686550278,6.413430898144579,13,0,5.0
RET-006747,ORD-001222,2023-07-14,CUST-01496,PROD-0380,Clothing,Defective,217.77570119287782,37.39780680547463,5,0,3.0
RET-006748,ORD-003624,2022-10-12,CUST-00590,PROD-0151,Electronics,Defective,598.4810456530615,13.565588581240851,8,0,2.0
RET-006749,ORD-002227,2023-02-25,CUST-01998,PROD-0199,Electronics,Wrong Item,105.98060619198658,80.14926493204796,4,1,1.0
RET-006750,ORD-005972,2023-04-09,CUST-00972,PROD-0441,Beauty,Not as Described,31.541755240740233,0.16233878272517988,17,0,5.0
RET-006751,ORD-009324,2024-04-26,CUST-00421,PROD-0106,Electronics,Defective,1485.1006043501122,98.10693593240785,13,0,3.0
RET-006752,ORD-007209,2023-03-25,CUST-01018,PROD-0041,Beauty,Changed Mind,1374.4686030082285,52.06311126038475,19,0,4.0
RET-006753,ORD-001365,2022-09-16,CUST-01128,PROD-0012,Home,Not as Described,1018.2363272244627,0.35200513957726054,2,0,2.0
RET-006754,ORD-007532,2022-07-29,CUST-01019,PROD-0413,Clothing,Changed Mind,1429.0564355018364,94.35387012440917,11,0,2.0
RET-006755,ORD-008872,2022-06-28,CUST-01684,PROD-0164,Electronics,Not as Described,281.1604300356706,48.5397941855655,8,0,2.0
RET-006756,ORD-003411,2022-09-13,CUST-00610,PROD-0488,Beauty,Not as Described,1786.3215801318336,4.559828130369715,22,0,1.0
RET-006757,ORD-008652,2023-12-09,CUST-00652,PROD-0160,Electronics,Size Issue,792.4450994045656,8.059782497517942,26,0,5.0
RET-006758,ORD-007452,2024-03-03,CUST-01365,PROD-0046,Home,Wrong Item,422.1862980249271,79.17860512774126,21,0,5.0
RET-006759,ORD-008792,2022-08-23,CUST-01808,PROD-0421,Electronics,Not as Described,1818.6477123395612,8.41453401663832,27,0,4.0
RET-006760,ORD-006097,2023-10-20,CUST-01675,,Beauty,Defective,691.5212026901944,5.4668479157890975,19,0,1.0
RET-006761,ORD-006749,2022-09-26,CUST-01702,PROD-0426,Electronics,Not as Described,1166.9902344278785,63.128277957536646,14,0,4.0
RET-006762,ORD-006393,2023-05-14,CUST-00381,PROD-0273,Home,Defective,346.88160149235483,15.277286189099048,12,0,5.0
RET-006763,ORD-002172,2024-03-06,CUST-00830,PROD-0431,Beauty,Size Issue,982.2365434041662,33.806862279937924,21,1,4.0
RET-006764,ORD-003596,2023-08-14,CUST-00445,PROD-0345,Beauty,Defective,1679.5155289697693,47.4913663233298,4,0,5.0
RET-006765,ORD-008606,2023-02-19,CUST-01765,PROD-0325,Clothing,Defective,1258.6321031858347,13.009483008893785,9,0,5.0
RET-006766,ORD-007686,2024-04-02,CUST-00800,PROD-0281,Clothing,Size Issue,1319.5919468996383,81.89661557340226,25,1,3.0
RET-006767,ORD-000940,2023-04-17,CUST-01019,PROD-0271,Home,Wrong Item,73.84868481894749,15.677426447812115,26,1,2.0
RET-006768,ORD-002977,2023-01-30,CUST-00300,PROD-0050,Electronics,Size Issue,1064.7554067710153,55.028266052627,4,0,5.0
RET-006769,ORD-008986,,CUST-00206,PROD-0302,Home,Wrong Item,1176.3299894601028,31.845150039122462,9,0,4.0
RET-006770,ORD-000801,2022-12-27,CUST-01447,PROD-0445,Electronics,Not as Described,1279.4492608365413,60.13573460064201,26,0,4.0
RET-006771,ORD-009425,2023-01-04,CUST-01577,PROD-0450,Beauty,Changed Mind,380.5533960825627,93.82203780515084,0,0,2.0
RET-006772,ORD-000523,2022-07-29,CUST-00391,PROD-0124,Clothing,Size Issue,1167.6238321209448,95.21940711187332,15,0,3.0
RET-006773,ORD-001057,2022-11-27,CUST-00410,PROD-0120,Beauty,Wrong Item,588.0315326618286,25.307661624286524,1,0,5.0
RET-006774,ORD-006253,2022-09-30,CUST-01109,PROD-0304,Home,Wrong Item,883.3515003286418,61.59999830487535,1,0,4.0
RET-006775,ORD-009646,2023-07-27,CUST-01204,PROD-0114,Home,Size Issue,1570.1497161800678,68.46097691055704,14,1,2.0
RET-006776,ORD-006838,2023-06-10,CUST-01850,PROD-0145,Home,Changed Mind,31.09759339095584,88.00458956166676,18,0,1.0
RET-006777,ORD-005278,2022-06-27,CUST-01201,,Home,Size Issue,711.7325545963046,16.165982562081147,10,1,5.0
RET-006778,ORD-004445,2022-07-15,CUST-00602,PROD-0337,Home,Size Issue,1397.8908398081885,15.51140751232538,5,0,4.0
RET-006779,ORD-007317,2023-07-18,CUST-00863,PROD-0306,Home,Wrong Item,1742.4611636065342,20.98294015722002,21,0,3.0
RET-006780,ORD-000096,2023-07-15,CUST-01285,PROD-0338,Home,Wrong Item,172.85639434766577,19.52317989610367,18,0,1.0
RET-006781,ORD-006942,2022-06-07,CUST-00944,PROD-0051,Electronics,Size Issue,1488.789670022297,36.4717006730637,27,0,5.0
RET-006782,ORD-003643,2023-08-24,CUST-00534,PROD-0167,Clothing,Size Issue,1935.5720567696771,84.21125203485127,6,0,1.0
RET-006783,ORD-006916,2022-11-25,CUST-01210,PROD-0164,Electronics,Defective,1371.7559603326958,25.277331989538965,25,0,4.0
RET-006784,ORD-001490,2023-07-08,CUST-00540,PROD-0198,Electronics,Changed Mind,1899.8798562054867,16.148157471299875,27,0,5.0
RET-006785,ORD-001484,2023-12-09,CUST-01023,PROD-0466,Home,Defective,890.9725016286491,7.900458427765367,29,0,5.0
RET-006786,ORD-009353,2022-08-16,CUST-01549,PROD-0437,Home,Not as Described,1153.4874556853122,31.82266193425055,29,0,3.0
RET-006787,ORD-007878,2022-09-26,CUST-00719,PROD-0437,Clothing,Size Issue,815.5150994501207,37.31192265292894,18,0,5.0
RET-006788,ORD-006968,2022-06-18,CUST-01858,PROD-0466,Electronics,Wrong Item,1432.2417992886253,85.56417199687223,0,1,3.0
RET-006789,ORD-009753,2023-02-24,CUST-01133,PROD-0310,Beauty,Wrong Item,619.6069450995592,75.37646699553609,25,0,3.0
RET-006790,ORD-001319,2023-09-24,CUST-01060,PROD-0136,Clothing,Wrong Item,1839.365382192809,31.51729983614152,3,0,4.0
RET-006791,ORD-004906,2023-08-18,CUST-01435,PROD-0344,Home,Not as Described,1995.4181181674492,46.017587190540375,1,1,2.0
RET-006792,ORD-007822,2022-08-26,CUST-01045,PROD-0165,Beauty,Wrong Item,75.566797974233,49.93740185994724,4,0,5.0
RET-006793,ORD-003856,2022-11-28,CUST-00881,PROD-0170,Beauty,Wrong Item,1623.03651191316,43.80746012838224,24,0,4.0
RET-006794,ORD-005984,2023-11-15,CUST-00084,PROD-0438,Beauty,Defective,510.56755024571464,7.327009712128973,6,0,1.0
RET-006795,ORD-006527,2023-06-14,CUST-00801,PROD-0416,Electronics,Not as Described,1798.274745988054,44.579708271793386,9,0,3.0
RET-006796,,2024-02-25,CUST-00375,PROD-0362,Electronics,Changed Mind,1167.076086643517,69.49232747272343,5,1,5.0
RET-006797,ORD-004708,2023-07-05,CUST-01802,PROD-0499,Beauty,Defective,889.4011061961454,70.07979191590701,15,0,1.0
RET-006798,ORD-000466,2023-10-08,CUST-00814,PROD-0180,Clothing,Size Issue,278.8922189724064,1.013767825046219,5,0,4.0
RET-006799,ORD-006936,2022-12-30,CUST-00924,PROD-0020,Beauty,Changed Mind,1742.0581161872951,9.272660049569936,16,0,2.0
RET-006800,ORD-003013,2022-10-26,CUST-01142,PROD-0088,Electronics,Changed Mind,1095.2666120987158,71.532760925771,4,0,3.0
RET-006801,ORD-001145,2023-01-30,CUST-00943,PROD-0180,Electronics,Changed Mind,945.6583499676864,60.52616613998434,22,0,5.0
RET-006802,ORD-006415,2022-11-26,CUST-01990,,Clothing,Not as Described,1801.0329802257313,73.98230466624189,29,0,3.0
RET-006803,ORD-005567,2022-11-06,CUST-01826,PROD-0245,Beauty,Wrong Item,1595.9066103025752,35.674648980563795,7,1,4.0
RET-006804,ORD-003921,2023-01-03,CUST-01053,PROD-0431,Clothing,Wrong Item,571.1935947405947,124.38541333114367,0,0,5.0
RET-006805,ORD-004343,2023-08-09,CUST-00970,PROD-0268,Home,Not as Described,772.5536761406064,96.85384412854174,11,0,5.0
RET-006806,ORD-004977,2023-07-28,CUST-00872,PROD-0317,Electronics,Not as Described,1489.977371323288,6.727538046335657,22,1,5.0
RET-006807,ORD-000614,2022-10-09,CUST-00465,PROD-0020,Beauty,Size Issue,1287.643458710068,52.09398680934589,23,0,5.0
RET-006808,,2023-02-05,CUST-00052,,Clothing,Wrong Item,652.0247580624597,34.94563628705011,4,0,5.0
RET-006809,ORD-005360,2022-09-24,CUST-01300,PROD-0202,Electronics,Changed Mind,910.5684694364912,97.57837804854003,28,0,4.0
RET-006810,ORD-001400,2022-09-13,CUST-00096,PROD-0109,Beauty,Defective,1544.3298763121518,15.15323254998161,1,0,3.0
RET-006811,ORD-009037,2024-04-08,CUST-00895,PROD-0085,Beauty,Wrong Item,1664.415647386637,96.21678944998277,0,0,5.0
RET-006812,ORD-001636,2024-02-13,CUST-00818,PROD-0396,Beauty,Defective,1411.749740228216,51.94207478054225,26,0,3.0
RET-006813,ORD-004734,2022-06-18,CUST-01000,PROD-0433,Electronics,Changed Mind,1554.5558822995617,8.54041532351103,10,0,5.0
RET-006814,ORD-001160,2023-11-26,CUST-01371,PROD-0107,Electronics,Size Issue,206.03025935819733,63.94944119155873,15,0,4.0
RET-006815,ORD-002813,2024-04-17,CUST-00138,PROD-0208,Electronics,Wrong Item,1184.79518267521,94.59250875929001,16,0,5.0
RET-006816,ORD-007916,2024-04-24,CUST-01896,PROD-0053,Home,Defective,1216.834032070224,13.564182581960427,27,0,5.0
RET-006817,ORD-002699,2022-09-16,CUST-00706,PROD-0219,Home,Defective,275.77629860224107,3.6669796558674306,11,0,
RET-006818,ORD-004949,2023-11-16,CUST-00066,PROD-0097,Electronics,Changed Mind,198.57645499754642,111.44902139053725,1,1,5.0
RET-006819,ORD-008219,2023-12-24,CUST-00017,PROD-0190,Home,Not as Described,1980.2636954135348,421.7571349774637,23,0,4.0
RET-006820,ORD-000021,,CUST-00084,PROD-0022,Electronics,Size Issue,453.9944261511306,65.94919851940092,17,0,5.0
RET-006821,ORD-003087,2023-03-16,CUST-01246,PROD-0238,Electronics,Wrong Item,1291.5256905601584,24.290130486769325,7,0,3.0
RET-006822,ORD-002333,2023-08-22,CUST-01993,,Clothing,Not as Described,747.0499439740488,53.989248037678095,5,0,1.0
RET-006823,ORD-004419,2022-07-04,CUST-01276,PROD-0028,Home,Wrong Item,1271.5194090144457,40.86417879149212,5,0,5.0
RET-006824,ORD-008622,2022-09-27,CUST-01920,PROD-0444,Beauty,Defective,1229.5523756972134,80.95319124790483,11,1,3.0
RET-006825,ORD-006686,,CUST-01340,PROD-0069,Home,Not as Described,1467.653064912809,50.657580368725206,20,0,5.0
RET-006826,ORD-005526,2023-08-11,CUST-01676,PROD-0345,Clothing,Wrong Item,1903.2014129982244,51.995528590168526,4,0,5.0
RET-006827,ORD-008719,2024-04-22,CUST-01597,PROD-0254,Clothing,Not as Described,960.9424238285122,38.156424818283554,28,1,1.0
RET-006828,ORD-006891,2022-12-31,CUST-00580,PROD-0340,Beauty,Size Issue,14.104560743346358,40.77706476394092,15,0,3.0
RET-006829,ORD-003958,2023-07-13,CUST-01088,PROD-0088,Beauty,Wrong Item,287.5028735343389,96.92124844261882,5,0,2.0
RET-006830,ORD-009164,2023-08-20,CUST-01966,PROD-0054,Home,Changed Mind,220.09176819283238,97.18768675964152,5,0,4.0
RET-006831,ORD-004176,2022-10-04,CUST-00640,PROD-0102,Electronics,Defective,1371.541444403863,72.11569041189772,19,0,2.0
RET-006832,ORD-004720,2022-06-18,CUST-00834,PROD-0282,Home,Defective,483.1889590208355,55.80767569884274,22,0,4.0
RET-006833,ORD-003725,2023-01-09,CUST-01911,PROD-0258,Beauty,Wrong Item,484.81737324525574,81.6276377608775,20,0,1.0
RET-006834,ORD-009709,2022-07-19,CUST-00448,PROD-0200,Beauty,Defective,1311.1360863717332,79.53115834538545,3,0,3.0
RET-006835,ORD-004077,2023-01-11,CUST-00140,PROD-0294,Clothing,Defective,949.0606747186198,20.212333968886796,26,0,1.0
RET-006836,ORD-002670,2023-02-04,CUST-00090,PROD-0437,Beauty,Changed Mind,1153.833910966916,31.389171550263463,4,0,1.0
RET-006837,ORD-005851,2024-01-15,CUST-01761,PROD-0052,Beauty,Wrong Item,796.918497069588,94.7075942335128,15,1,3.0
RET-006838,ORD-007273,2023-03-12,CUST-01077,PROD-0159,Beauty,Size Issue,1143.6703468288542,37.38056462845607,23,0,1.0
RET-006839,ORD-006281,2024-01-31,CUST-00808,PROD-0296,Clothing,Defective,1569.0609674407103,17.274433327399542,23,0,5.0
RET-006840,ORD-008581,2022-06-07,CUST-01694,PROD-0222,Beauty,Size Issue,905.07924333561,17.190381068271556,19,0,5.0
RET-006841,ORD-008269,2023-07-18,CUST-01177,PROD-0144,Electronics,Changed Mind,838.3498439991456,37.22957229573268,7,0,4.0
RET-006842,ORD-008892,2023-10-16,CUST-00827,PROD-0281,Home,Changed Mind,1572.671294510394,65.54012797956716,3,0,1.0
RET-006843,ORD-000560,2022-07-06,CUST-01064,PROD-0477,Electronics,Not as Described,1820.6692230241697,54.213761782478365,9,0,4.0
RET-006844,ORD-008518,2022-10-28,CUST-00597,PROD-0382,Home,Changed Mind,1384.4990840199644,67.59737766700927,7,0,5.0
RET-006845,ORD-003315,2023-10-12,CUST-00343,PROD-0453,Clothing,Defective,1919.1709999377547,20.745065353021587,15,1,4.0
RET-006846,ORD-002438,2023-03-02,CUST-01658,PROD-0088,Clothing,Defective,801.2604115066963,54.48159007902063,18,1,2.0
RET-006847,ORD-004889,2023-08-04,CUST-01972,PROD-0266,Clothing,Changed Mind,572.6192108348034,9.690599910785735,23,1,3.0
RET-006848,ORD-000847,2023-07-03,CUST-00128,PROD-0063,Clothing,Not as Described,1613.4410656889925,35.646373854967415,22,0,5.0
RET-006849,ORD-002484,2022-07-28,CUST-01609,PROD-0222,Electronics,Not as Described,821.9897007413476,63.76882250918604,7,1,2.0
RET-006850,ORD-001248,2023-09-19,CUST-01695,PROD-0385,Home,Wrong Item,417.5259147558152,21.515148042549427,22,0,1.0
RET-006851,ORD-008388,2023-04-22,CUST-01463,PROD-0105,Clothing,Defective,1200.57342640257,91.90858880212738,24,0,4.0
RET-006852,ORD-005792,2024-04-23,CUST-01829,PROD-0342,Clothing,Changed Mind,797.9055629254575,57.53420324588144,24,1,3.0
RET-006853,ORD-009258,2023-07-23,CUST-00858,PROD-0117,Home,Changed Mind,1482.3592333415422,64.78549430825623,17,0,3.0
RET-006854,ORD-001322,2022-12-09,CUST-00765,PROD-0256,Clothing,Not as Described,1808.9825103969788,74.78659061212267,3,1,5.0
RET-006855,ORD-004273,2022-07-01,CUST-01926,,Home,Size Issue,1053.6162050177782,56.569956084466575,9,0,5.0
RET-006856,ORD-004285,2023-02-18,CUST-01864,PROD-0378,Electronics,Defective,1405.3460736027516,77.34356299187773,6,0,3.0
RET-006857,ORD-003768,2024-02-11,CUST-00419,PROD-0348,Home,Wrong Item,1555.8763808325139,16.72217564562144,21,0,3.0
RET-006858,ORD-006780,2022-08-29,CUST-01680,PROD-0273,Electronics,Defective,1521.679064939706,98.8835268169353,3,1,1.0
RET-006859,ORD-006249,2024-04-23,CUST-01009,PROD-0130,Home,Changed Mind,1649.8353631336881,75.04721368154806,3,0,3.0
RET-006860,ORD-002473,2024-01-26,CUST-00311,PROD-0356,Clothing,Changed Mind,1802.6543299975435,14.831112751790943,8,1,4.0
RET-006861,ORD-006003,2024-01-06,CUST-01546,PROD-0115,Beauty,Defective,784.9598229367228,12.386945415106753,27,0,1.0
RET-006862,ORD-008059,2023-03-05,CUST-00231,PROD-0297,Home,Wrong Item,1295.2793847741304,4.5815413832901335,9,1,3.0
RET-006863,ORD-008897,2024-01-13,CUST-00533,PROD-0209,Beauty,Not as Described,496.64099129179925,35.453007156158655,4,0,1.0
RET-006864,ORD-004360,2023-03-23,CUST-01536,PROD-0390,Beauty,Size Issue,1631.698048198262,34.625225395670654,16,0,5.0
RET-006865,ORD-000757,2023-08-06,CUST-01757,PROD-0454,Clothing,Defective,686.3720778482391,25.410603092123864,3,0,4.0
RET-006866,ORD-007600,2022-07-31,CUST-00205,PROD-0404,Home,Defective,1156.2688542634585,90.05103868720991,4,0,5.0
RET-006867,ORD-001952,2024-04-03,CUST-00764,PROD-0424,Electronics,Changed Mind,375.0093213382128,72.81382892762699,12,1,4.0
RET-006868,ORD-004883,2024-02-19,CUST-01321,PROD-0047,Home,Changed Mind,1523.316111042643,3.6821832771769203,27,1,1.0
RET-006869,ORD-009580,2022-08-19,CUST-01025,PROD-0195,Electronics,Changed Mind,99.7700702194185,0.8393061182073391,11,1,1.0
RET-006870,ORD-004389,2023-06-02,CUST-00787,PROD-0492,Beauty,Changed Mind,998.7212872659982,77.19817145979778,13,0,3.0
RET-006871,ORD-006399,2023-04-04,CUST-00606,PROD-0093,Home,Defective,377.8155877966703,16.811074452549445,25,0,3.0
RET-006872,ORD-008435,2023-02-12,CUST-00100,PROD-0260,Beauty,Defective,675.9436190392494,12.154328434478746,0,1,3.0
RET-006873,ORD-008981,2024-04-27,CUST-00493,PROD-0461,Clothing,Changed Mind,1747.9356300659942,86.75718119376619,8,0,4.0
RET-006874,ORD-005526,2023-05-31,CUST-01776,PROD-0223,Electronics,Not as Described,1256.907641449051,87.69531532613316,23,1,5.0
RET-006875,ORD-002442,2023-03-09,CUST-01218,PROD-0380,Beauty,Changed Mind,486.918362166113,70.60660294632662,25,0,4.0
RET-006876,ORD-007551,2023-04-14,CUST-00293,PROD-0407,Electronics,Wrong Item,253.5154082103458,31.78034778571184,16,0,2.0
RET-006877,ORD-001295,2023-10-20,CUST-00117,PROD-0358,Home,Changed Mind,1351.3057653922942,12.32466884651916,14,0,5.0
RET-006878,ORD-007677,2024-03-19,CUST-00669,PROD-0376,Electronics,Size Issue,235.02396492368786,62.029192301092365,29,1,3.0
RET-006879,ORD-001604,2023-06-14,CUST-01992,PROD-0124,Home,Size Issue,341.9422409483651,47.7352411403966,1,0,2.0
RET-006880,ORD-000921,2024-03-24,CUST-01763,PROD-0320,Beauty,Size Issue,101.68872200555083,55.56334082982157,28,0,3.0
RET-006881,,2023-12-26,CUST-01748,PROD-0290,Clothing,Changed Mind,1499.040362288529,50.196751309912216,2,0,4.0
RET-006882,ORD-002827,,CUST-00764,PROD-0039,Electronics,Size Issue,1122.300174000662,35.09758189349079,18,0,3.0
RET-006883,ORD-006931,2023-04-29,CUST-00423,PROD-0130,Beauty,Wrong Item,1495.9741954996339,52.730750391083525,26,0,4.0
RET-006884,ORD-008743,2022-07-15,CUST-00070,PROD-0235,Electronics,Wrong Item,1229.9165885738448,7.741918537988946,16,0,3.0
RET-006885,ORD-009941,2023-02-16,CUST-00807,PROD-0085,Beauty,Not as Described,1866.6317576257154,17.278182005478225,4,0,4.0
RET-006886,ORD-008182,2022-09-21,CUST-00491,PROD-0377,Beauty,Size Issue,61.84071416464244,12.329173341301392,14,0,5.0
RET-006887,ORD-008531,2022-09-19,CUST-00804,PROD-0376,Clothing,Size Issue,445.37654380827536,69.45852543519544,0,1,1.0
RET-006888,ORD-007218,2024-05-01,CUST-00393,PROD-0199,Beauty,Size Issue,892.7457793043454,69.18571731914321,18,0,4.0
RET-006889,ORD-005818,2023-11-21,CUST-01000,PROD-0147,Home,Defective,219.33642226671404,78.3433153481214,3,0,3.0
RET-006890,ORD-007005,2023-02-14,CUST-01438,PROD-0269,Electronics,Size Issue,1171.9425619103888,28.854717463248647,26,1,4.0
RET-006891,ORD-001900,2022-11-05,CUST-00499,PROD-0154,Electronics,Not as Described,647.4119298962878,35.17501110142308,26,0,1.0
RET-006892,ORD-001144,2024-03-01,CUST-01264,PROD-0231,Electronics,Wrong Item,1609.4042561830126,16.959872066267955,8,1,4.0
RET-006893,ORD-006432,2023-08-30,CUST-01861,PROD-0268,Clothing,Changed Mind,1950.9756554586363,55.48211820668308,23,0,3.0
RET-006894,ORD-005106,2022-11-30,CUST-00108,PROD-0237,Home,Size Issue,973.344787152089,8.245597899907775,28,0,
RET-006895,ORD-005354,2024-02-04,CUST-01102,PROD-0277,Beauty,Changed Mind,533.1893426909135,15.32333960297021,26,0,5.0
RET-006896,ORD-003740,2023-03-20,CUST-00571,PROD-0287,Electronics,Not as Described,1992.1100618685332,72.16552638823597,25,1,5.0
RET-006897,ORD-007205,2023-12-11,CUST-00216,PROD-0310,Beauty,Changed Mind,1605.356712270851,66.76375921392432,15,1,2.0
RET-006898,ORD-002237,2022-07-17,CUST-00160,PROD-0472,Clothing,Wrong Item,1500.0761366061454,73.72073387601496,10,0,5.0
RET-006899,ORD-008976,2023-11-08,CUST-00037,PROD-0071,Beauty,Wrong Item,633.966165535201,0.051184246034108316,23,0,5.0
RET-006900,ORD-001771,2024-03-11,CUST-00569,PROD-0482,Clothing,Size Issue,1929.8298112911637,68.52609591177786,14,1,1.0
RET-006901,ORD-000708,2023-02-11,CUST-01970,PROD-0468,Beauty,Not as Described,608.057941815761,60.960937531312176,19,1,1.0
RET-006902,ORD-004364,2023-12-10,CUST-00626,PROD-0062,Beauty,Changed Mind,921.8990663147591,82.81334174501669,28,0,4.0
RET-006903,ORD-001573,2023-10-31,CUST-00334,PROD-0394,Beauty,Wrong Item,273.70204368596444,64.67056093925089,26,0,2.0
RET-006904,ORD-009214,2022-06-30,CUST-01260,PROD-0481,Beauty,Defective,590.5916888464872,35.23362957282079,24,0,2.0
RET-006905,ORD-000879,2022-07-13,CUST-01746,PROD-0442,Beauty,Not as Described,891.6873236886745,89.34995681514953,14,1,2.0
RET-006906,ORD-000549,2022-12-03,CUST-01966,PROD-0448,Home,Defective,1185.095422691953,73.02021697332485,12,0,3.0
RET-006907,ORD-000365,2023-11-24,CUST-00413,PROD-0299,Beauty,Defective,715.8928975785035,90.2636266213799,11,1,3.0
RET-006908,ORD-002859,2022-11-13,CUST-01463,PROD-0380,Clothing,Size Issue,1083.5609129011577,74.21284756146376,24,1,5.0
RET-006909,ORD-003683,2022-07-14,CUST-00188,PROD-0045,Home,Changed Mind,505.5191981202879,73.15733855269062,1,0,3.0
RET-006910,ORD-009118,2022-11-01,CUST-00361,PROD-0458,Home,Changed Mind,425.96385861900126,37.7617900292013,6,0,5.0
RET-006911,ORD-000468,2023-12-17,CUST-01115,PROD-0287,Electronics,Changed Mind,551.674371185781,88.93580272310217,10,0,4.0
RET-006912,ORD-006298,2023-03-27,CUST-01701,PROD-0245,Beauty,Not as Described,119.18138053372556,95.27914139421992,26,1,4.0
RET-006913,ORD-002323,2023-11-28,CUST-00281,PROD-0197,Beauty,Not as Described,1958.3427803979353,45.48183727705746,17,0,1.0
RET-006914,ORD-009644,2023-01-30,CUST-01807,PROD-0046,Clothing,Changed Mind,832.9549590332033,21.21116436190693,4,0,4.0
RET-006915,ORD-007161,2023-07-15,CUST-00068,PROD-0108,Home,Size Issue,687.0005031436491,97.16536937625541,23,0,1.0
RET-006916,ORD-000852,2023-12-02,CUST-01661,PROD-0303,Home,Not as Described,1469.4264003382905,21.188152428153174,10,1,5.0
RET-006917,ORD-005423,2023-05-27,CUST-01663,PROD-0136,Beauty,Changed Mind,875.9429740135489,0.2901908773168427,16,0,5.0
RET-006918,ORD-000080,2024-03-09,CUST-00650,PROD-0024,Electronics,Defective,149.1151487495398,88.55246929643542,6,0,2.0
RET-006919,ORD-006275,2024-03-28,CUST-01774,PROD-0362,Home,Changed Mind,365.9715962503445,14.654986457534381,9,0,4.0
RET-006920,ORD-000137,2024-04-11,CUST-01353,PROD-0289,Home,Changed Mind,1720.8202343471721,56.25872541018665,9,0,3.0
RET-006921,ORD-007482,2022-12-22,CUST-00078,PROD-0005,Electronics,Changed Mind,1041.93840274632,2.674153629181686,21,1,4.0
RET-006922,ORD-007652,2022-08-24,CUST-00009,PROD-0061,Home,Wrong Item,663.9343801511524,73.09615307744592,9,0,3.0
RET-006923,,2023-06-29,CUST-01880,PROD-0064,Beauty,Not as Described,1088.1694992536623,49.388690387610744,0,0,4.0
RET-006924,ORD-003185,2022-06-06,CUST-00089,PROD-0493,Beauty,Defective,843.4920216685916,94.98959361657927,13,1,2.0
RET-006925,ORD-001272,2022-08-02,CUST-01771,PROD-0427,Beauty,Defective,605.2556518810768,87.16079873252866,14,1,4.0
RET-006926,ORD-001477,,CUST-01074,PROD-0064,Electronics,Wrong Item,1058.6198496080917,12.325933723414861,26,0,2.0
RET-006927,ORD-002529,2024-01-05,CUST-00296,PROD-0461,Electronics,Size Issue,845.6559374351472,3.6938870562781334,2,0,5.0
RET-006928,ORD-005032,2024-04-19,CUST-00492,PROD-0013,Clothing,Not as Described,1386.9128706677009,20.129182915157063,1,0,5.0
RET-006929,ORD-008345,2022-09-15,CUST-00986,PROD-0020,Beauty,Changed Mind,767.9568522794361,18.802800109814644,6,0,1.0
RET-006930,ORD-005965,2022-11-21,CUST-00775,PROD-0286,Electronics,Wrong Item,812.8235928256967,15.368017356852103,26,0,3.0
RET-006931,ORD-000073,2024-02-18,CUST-01893,PROD-0134,Electronics,Not as Described,1358.4672381484731,48.70100449608755,0,1,1.0
RET-006932,ORD-001825,2023-07-04,CUST-00373,PROD-0484,Electronics,Size Issue,774.1121935134901,51.98742276643985,15,1,3.0
RET-006933,ORD-005716,2024-02-17,CUST-01691,PROD-0308,Home,Not as Described,1321.3345834080033,22.264547693764094,13,0,2.0
RET-006934,ORD-006299,2023-08-13,CUST-01366,PROD-0145,Electronics,Size Issue,872.3981815708601,27.24736349828015,4,1,1.0
RET-006935,ORD-009525,2023-07-15,CUST-01339,PROD-0131,Beauty,Wrong Item,1108.6945155171277,50.11920529315014,7,1,4.0
RET-006936,ORD-006009,2022-11-28,CUST-00570,PROD-0172,Home,Not as Described,1136.7628204300856,39.418791679558275,15,0,1.0
RET-006937,ORD-006246,2022-12-06,CUST-01287,PROD-0452,Clothing,Wrong Item,1748.0185060820975,24.819435169200645,11,0,2.0
RET-006938,ORD-009989,2023-06-14,CUST-00563,PROD-0464,Beauty,Defective,429.4322261278008,91.70000317318035,26,0,3.0
RET-006939,ORD-007921,2022-09-14,CUST-01465,PROD-0118,Beauty,Defective,1463.8824895980897,59.60601773763794,22,0,5.0
RET-006940,ORD-002425,2024-02-05,CUST-00381,PROD-0114,Electronics,Changed Mind,307.7014055332914,67.90927536032422,25,1,3.0
RET-006941,ORD-004224,2024-04-03,CUST-00485,PROD-0121,Electronics,Defective,1912.698009568292,90.88448191623945,3,0,4.0
RET-006942,ORD-004794,,CUST-01015,PROD-0374,Beauty,Defective,1831.960808098295,17.4549264102539,16,0,3.0
RET-006943,,2023-09-19,CUST-00075,PROD-0481,Electronics,Changed Mind,1851.4976629574617,51.5749928207037,17,0,5.0
RET-006944,ORD-002233,2023-03-15,CUST-00101,PROD-0337,Clothing,Defective,40.42652416508532,14.757864353104534,26,0,3.0
RET-006945,ORD-007933,2023-03-01,CUST-01257,PROD-0041,Clothing,Changed Mind,559.3617160446034,74.78636402862134,12,0,1.0
RET-006946,ORD-009461,2024-02-28,CUST-00252,PROD-0074,Beauty,Wrong Item,711.0285637724918,46.50718605862817,3,1,3.0
RET-006947,ORD-003154,2023-08-24,CUST-01568,PROD-0383,Clothing,Size Issue,624.6074809822443,51.77618937749513,11,0,2.0
RET-006948,ORD-005212,2024-03-29,CUST-01081,PROD-0213,Beauty,Defective,470.0299108071155,59.412126976034266,7,1,2.0
RET-006949,ORD-000081,2023-02-15,CUST-01748,PROD-0263,Beauty,Defective,15.624645808385626,24.015469504880116,10,0,4.0
RET-006950,ORD-003238,2023-02-25,CUST-00756,PROD-0223,Electronics,Defective,1902.3683905267862,89.69400887033352,7,0,4.0
RET-006951,ORD-003995,2024-03-09,CUST-01965,PROD-0335,Home,Size Issue,1042.1667008271424,82.60857101805149,11,0,2.0
RET-006952,ORD-001555,2023-10-21,CUST-01115,,Clothing,Not as Described,551.2777986769523,60.9229421359811,3,0,3.0
RET-006953,ORD-009620,2023-07-09,CUST-01747,PROD-0360,Beauty,Size Issue,497.8241256325748,79.53063739829524,6,1,5.0
RET-006954,ORD-004461,2022-08-21,CUST-00439,PROD-0351,Home,Not as Described,1835.778780880088,43.60807617036841,22,1,2.0
RET-006955,ORD-008703,2024-02-11,CUST-00674,PROD-0135,Home,Defective,1795.7357867487667,83.99739670246544,27,0,1.0
RET-006956,ORD-008959,2024-01-10,CUST-00157,PROD-0120,Electronics,Defective,1590.809568073459,90.61582368955592,23,0,2.0
RET-006957,ORD-001766,2022-10-03,CUST-01612,PROD-0387,Home,Defective,453.0285173488884,37.96868288239656,21,0,4.0
RET-006958,ORD-007772,2022-06-27,CUST-00340,PROD-0006,Clothing,Changed Mind,1687.5602007923267,64.04875654454369,9,1,3.0
RET-006959,ORD-005649,2023-07-06,CUST-01416,PROD-0420,Clothing,Wrong Item,140.20873449261506,24.373053773818476,26,0,3.0
RET-006960,ORD-002997,2023-05-06,CUST-00279,PROD-0063,Beauty,Not as Described,954.8164738882882,26.867409554489676,21,0,1.0
RET-006961,ORD-007972,2023-06-17,CUST-00711,PROD-0368,Home,Changed Mind,718.5254012425199,72.56397421131001,24,0,3.0
RET-006962,ORD-001146,2023-11-04,CUST-00663,PROD-0022,Home,Size Issue,1676.4437706047079,82.11410103794535,13,0,4.0
RET-006963,ORD-005075,2023-02-13,CUST-01353,PROD-0428,Beauty,Defective,1038.7812537998934,24.87827358849496,18,1,4.0
RET-006964,ORD-008479,2023-04-01,CUST-00706,PROD-0306,Home,Not as Described,150.4885293389019,30.387147227143963,12,0,5.0
RET-006965,ORD-007124,2023-10-10,CUST-00111,PROD-0233,Beauty,Not as Described,561.835719912824,20.969799132650845,23,1,2.0
RET-006966,ORD-002937,2024-03-18,CUST-00575,PROD-0372,Clothing,Size Issue,602.4688491312756,34.894909870769716,26,0,3.0
RET-006967,ORD-004957,2023-01-19,CUST-00003,PROD-0345,Clothing,Changed Mind,1631.1749819022264,93.59046171937406,6,1,1.0
RET-006968,ORD-004780,2023-09-25,CUST-01229,PROD-0074,Clothing,Changed Mind,593.9923073352138,30.447985866866787,18,0,3.0
RET-006969,ORD-000829,2023-10-21,CUST-00417,PROD-0422,Home,Not as Described,1120.4740462784016,42.26933041713148,6,0,3.0
RET-006970,ORD-004616,2024-03-14,CUST-00962,PROD-0141,Electronics,Changed Mind,271.593902798561,98.12196940840018,10,0,3.0
RET-006971,ORD-001590,2023-06-18,CUST-00592,PROD-0062,Home,Defective,1373.2120975257246,12.647399082272504,8,0,2.0
RET-006972,ORD-002386,2023-02-24,CUST-01016,PROD-0060,Electronics,Not as Described,1786.9417950467036,16.635306174624642,3,0,3.0
RET-006973,ORD-002046,2023-02-19,CUST-00727,PROD-0056,Clothing,Defective,794.1024223200992,58.56895974516358,15,0,3.0
RET-006974,ORD-000405,2022-06-22,CUST-00808,PROD-0262,Electronics,Not as Described,963.509954705954,65.07169096211423,26,0,5.0
RET-006975,ORD-007999,2023-06-21,CUST-01053,PROD-0169,Home,Wrong Item,1110.8886820191462,99.22274876179912,22,0,2.0
RET-006976,ORD-001937,2023-08-21,CUST-00700,PROD-0136,Home,Defective,438.2216856625572,51.499111695315214,23,0,4.0
RET-006977,ORD-005142,2023-04-19,CUST-01365,PROD-0037,Electronics,Changed Mind,650.0010362506781,53.4849158981409,26,0,3.0
RET-006978,ORD-000328,2022-11-23,CUST-01488,PROD-0337,Beauty,Not as Described,773.7785909612999,84.69910933785086,29,0,5.0
RET-006979,ORD-001713,2023-05-15,CUST-01676,PROD-0415,Clothing,Wrong Item,1664.4041121347764,61.026286326747496,26,1,
RET-006980,ORD-004643,2022-11-06,CUST-01738,,Clothing,Defective,1575.7560044042027,57.22569546617987,7,0,1.0
RET-006981,ORD-003590,2023-01-07,CUST-01166,PROD-0383,Electronics,Not as Described,108.10160823274437,34.52363004133624,16,1,4.0
RET-006982,ORD-004722,2023-04-19,CUST-01656,PROD-0362,Clothing,Wrong Item,1360.9367303290437,8.487540418532957,22,0,5.0
RET-006983,ORD-006618,2023-07-18,CUST-01716,PROD-0068,Home,Wrong Item,1294.2097410277277,4.327771414439763,18,0,1.0
RET-006984,ORD-001998,2024-03-31,CUST-01135,PROD-0239,Home,Wrong Item,1744.416058888508,10.909840895335376,29,0,3.0
RET-006985,ORD-003658,2023-02-06,CUST-00793,PROD-0012,Home,Size Issue,665.5384626555758,66.93144163812877,23,0,1.0
RET-006986,ORD-006379,2023-10-20,CUST-01137,PROD-0271,Home,Wrong Item,766.4399675832459,97.3308674194998,24,0,2.0
RET-006987,ORD-002849,2023-05-10,CUST-01063,PROD-0147,Home,Size Issue,1506.3328270501786,73.35426451871882,24,0,1.0
RET-006988,ORD-001931,2023-11-06,CUST-00090,PROD-0001,Beauty,Defective,1486.632405185069,29.910270907643966,15,0,4.0
RET-006989,ORD-007538,2023-03-23,CUST-00206,PROD-0291,Home,Defective,1847.2267853354874,9.097984869793363,11,0,1.0
RET-006990,ORD-002204,2023-08-05,CUST-00259,PROD-0330,Electronics,Defective,1264.2481569148308,70.82757856085382,4,0,5.0
RET-006991,ORD-003961,2022-08-24,CUST-00040,PROD-0214,Beauty,Not as Described,188.84633927658072,56.63084060210445,11,0,3.0
RET-006992,ORD-004796,2022-09-06,CUST-00214,PROD-0478,Electronics,Size Issue,145.85482374293753,91.73870061622648,9,1,1.0
RET-006993,ORD-004641,2023-03-19,CUST-00822,PROD-0191,Clothing,Changed Mind,1780.2086711935378,42.13794042607509,22,0,1.0
RET-006994,ORD-005224,2023-07-15,CUST-00095,PROD-0019,Clothing,Size Issue,39.30436197042715,95.91698786655026,18,0,3.0
RET-006995,ORD-006822,2024-02-21,CUST-01477,PROD-0133,Clothing,Defective,1344.307497922056,90.97422545916992,3,0,1.0
RET-006996,ORD-005919,2023-03-12,CUST-01654,PROD-0041,Beauty,Size Issue,1566.1223059627625,7.002532210884671,4,1,3.0
RET-006997,ORD-002198,,CUST-01340,PROD-0277,Beauty,Wrong Item,1077.4826398267346,62.130887172552754,7,0,5.0
RET-006998,ORD-005746,2022-07-16,CUST-01047,PROD-0148,Electronics,Wrong Item,1902.3633750263875,40.29506202683666,15,1,4.0
RET-006999,ORD-007441,2023-03-16,CUST-00195,PROD-0323,Beauty,Not as Described,316.88395201264063,16.290534741929708,25,0,3.0
RET-007000,ORD-004450,2022-10-16,CUST-00647,PROD-0099,Clothing,Not as Described,51.698932444215636,27.647663059379667,11,0,1.0
RET-007001,ORD-000666,2024-03-30,CUST-00844,PROD-0153,Clothing,Changed Mind,1291.1871147429251,45.30679588907746,28,0,3.0
RET-007002,ORD-000211,2023-06-13,CUST-00819,PROD-0369,Home,Defective,123.92912777039534,94.39546348551869,25,1,1.0
RET-007003,ORD-000062,2024-02-11,CUST-00941,PROD-0446,Clothing,Wrong Item,1199.7278926371075,31.722541260422233,4,1,2.0
RET-007004,ORD-009224,2023-12-07,CUST-01113,PROD-0236,Electronics,Changed Mind,1759.3636934980352,26.333362576987863,16,1,2.0
RET-007005,ORD-001408,2022-07-24,CUST-01558,PROD-0050,Beauty,Size Issue,1222.7011036706408,90.12389755198603,4,0,4.0
RET-007006,ORD-002226,2023-10-30,CUST-00951,PROD-0456,Electronics,Changed Mind,1501.7054819138111,66.69287354877123,16,0,1.0
RET-007007,ORD-006610,2023-09-25,CUST-01697,PROD-0325,Electronics,Changed Mind,267.9676340500047,81.8832573949747,11,1,3.0
RET-007008,ORD-007014,2023-01-16,CUST-00129,PROD-0238,Beauty,Defective,1376.2281516433752,91.490939588801,15,0,4.0
RET-007009,,2023-01-19,CUST-01143,PROD-0147,Beauty,Changed Mind,1613.4123395306794,37.44540591243622,19,0,5.0
RET-007010,ORD-002531,2023-07-02,CUST-00159,PROD-0241,Beauty,Not as Described,546.6041426389199,29.31912204786252,13,0,5.0
RET-007011,ORD-004565,2023-05-25,CUST-00660,PROD-0407,Electronics,Size Issue,1108.2265652456738,76.35082991971473,10,0,4.0
RET-007012,ORD-006030,,CUST-00018,PROD-0021,Beauty,Changed Mind,220.41679282361292,60.30567206023899,23,0,2.0
RET-007013,ORD-003601,2023-10-21,CUST-01085,PROD-0281,Clothing,Defective,1464.608658881479,48.42495437268386,2,0,4.0
RET-007014,ORD-009005,2023-06-09,CUST-01241,PROD-0310,Clothing,Defective,1944.016456377899,51.27523623200027,25,1,4.0
RET-007015,ORD-007758,2023-05-04,CUST-01025,PROD-0360,Clothing,Defective,1528.8957397171844,57.9435934616086,23,1,4.0
RET-007016,ORD-000971,2022-08-14,CUST-01410,PROD-0262,Clothing,Size Issue,827.7080043765159,37.070878323631774,13,0,2.0
RET-007017,ORD-003197,2024-03-19,CUST-01313,PROD-0093,Beauty,Wrong Item,1418.4350552854448,76.3664949875363,4,0,1.0
RET-007018,ORD-006738,2022-11-10,CUST-01767,PROD-0257,Beauty,Size Issue,246.37294857642678,5.169016798949954,28,0,5.0
RET-007019,ORD-007001,2024-02-26,CUST-01450,PROD-0367,Clothing,Wrong Item,501.77170541845334,94.33849120852449,28,0,1.0
RET-007020,ORD-001769,2024-04-13,CUST-00307,PROD-0011,Electronics,Changed Mind,474.309787899676,71.72982402819265,27,0,3.0
RET-007021,ORD-002366,2022-11-25,CUST-01575,PROD-0437,Beauty,Size Issue,1163.7525470032865,66.82597537844025,12,0,1.0
RET-007022,ORD-007396,2023-01-18,CUST-00597,PROD-0242,Clothing,Defective,1799.6562298427525,56.481945155664235,13,0,1.0
RET-007023,ORD-001883,2024-01-15,CUST-00966,PROD-0098,Beauty,Defective,304.1105623486642,33.08412139739404,14,0,3.0
RET-007024,ORD-001778,2023-09-20,CUST-00224,PROD-0052,Beauty,Size Issue,211.6408110424219,87.76813835257525,4,1,2.0
RET-007025,ORD-005462,2024-01-09,CUST-01895,PROD-0400,Clothing,Defective,1451.9878334012794,62.426621228172166,13,0,2.0
RET-007026,ORD-005287,2023-09-12,CUST-00344,PROD-0003,Beauty,Size Issue,1541.6906689973816,61.35993236922938,6,0,4.0
RET-007027,ORD-003502,2023-08-11,CUST-01166,,Electronics,Size Issue,368.8953945509099,49.32797400190667,26,0,3.0
RET-007028,ORD-005273,2023-07-18,CUST-01681,PROD-0083,Electronics,Defective,315.1642136400711,52.11405314758045,23,0,2.0
RET-007029,ORD-005861,2022-10-17,CUST-00419,PROD-0454,Beauty,Defective,1842.199847522001,5.971812564219425,25,1,5.0
RET-007030,ORD-004114,2023-08-25,CUST-00264,PROD-0076,Home,Wrong Item,1450.7236415808952,48.3833194504243,28,0,2.0
RET-007031,ORD-003604,2022-07-10,CUST-01431,PROD-0269,Electronics,Size Issue,365.683762815914,26.69759506930446,12,0,5.0
RET-007032,ORD-006277,2024-02-25,CUST-00764,PROD-0200,Beauty,Changed Mind,105.36391275926648,37.16252213303717,9,1,2.0
RET-007033,ORD-002475,2023-12-17,CUST-01466,PROD-0433,Electronics,Size Issue,1649.7477968977087,98.76344986765719,19,0,3.0
RET-007034,ORD-007724,2022-10-09,CUST-01336,PROD-0373,Electronics,Size Issue,1871.5171309960215,11.657454422671687,6,0,2.0
RET-007035,ORD-004515,2023-01-17,CUST-01878,PROD-0108,Beauty,Wrong Item,1791.311747177936,78.07196825461855,23,1,3.0
RET-007036,ORD-004103,2022-09-03,CUST-00727,PROD-0316,Electronics,Changed Mind,598.0818935049043,79.70417842015107,26,0,4.0
RET-007037,ORD-009685,2022-08-21,CUST-01792,PROD-0379,Beauty,Changed Mind,774.9949190116251,70.02815905696588,17,0,4.0
RET-007038,ORD-008686,2024-02-11,CUST-00302,PROD-0394,Clothing,Defective,1327.3018006859518,33.33611193963194,21,0,4.0
RET-007039,ORD-007441,2023-06-01,CUST-01963,PROD-0391,Electronics,Wrong Item,208.8253571200744,2.08173264232151,28,0,2.0
RET-007040,ORD-005240,2023-04-01,CUST-01469,PROD-0299,Home,Wrong Item,1775.6118792018583,91.21790056250799,13,0,1.0
RET-007041,ORD-006883,2022-09-25,CUST-01568,PROD-0346,Home,Wrong Item,1228.0140546774383,28.031395918169,29,0,1.0
RET-007042,ORD-002159,2023-04-12,CUST-00993,PROD-0123,Clothing,Wrong Item,629.9530675963091,62.248027252689965,24,1,5.0
RET-007043,ORD-009895,2022-12-19,CUST-00882,PROD-0080,Clothing,Size Issue,1919.0058442477984,40.820520133144164,28,0,2.0
RET-007044,ORD-005536,2024-03-05,CUST-01145,PROD-0343,Home,Defective,289.3300037553684,55.781407642741364,28,0,1.0
RET-007045,ORD-001340,2022-07-21,CUST-00785,PROD-0466,Beauty,Wrong Item,1997.6308897085582,27.597297443070023,12,0,3.0
RET-007046,ORD-006156,2022-11-12,CUST-01981,PROD-0116,Home,Not as Described,469.3273395298054,39.619500625694684,3,0,2.0
RET-007047,ORD-002612,2023-11-30,CUST-00718,PROD-0372,Electronics,Size Issue,793.7960656629999,86.91898690611661,17,0,1.0
RET-007048,ORD-008836,2023-07-31,CUST-01078,PROD-0450,Clothing,Not as Described,1936.0937808175054,54.975831405707964,1,0,4.0
RET-007049,ORD-006461,2023-07-14,CUST-00093,PROD-0457,Clothing,Wrong Item,1023.1024853864221,79.51039822173334,24,0,3.0
RET-007050,ORD-001041,2022-10-01,CUST-01435,PROD-0004,Electronics,Size Issue,317.88360152158975,53.3674121652973,16,0,1.0
RET-007051,ORD-000905,2023-03-13,CUST-00676,,Electronics,Not as Described,541.3690477500677,13.746910848554029,19,0,2.0
RET-007052,ORD-003428,2024-01-18,CUST-00175,PROD-0287,Clothing,Size Issue,1859.5920988533635,86.08702568827637,26,0,2.0
RET-007053,ORD-000675,2024-03-14,CUST-01005,PROD-0010,Clothing,Size Issue,463.53099458480796,26.320093367813246,28,1,3.0
RET-007054,ORD-005300,2023-05-05,CUST-01667,PROD-0342,Home,Not as Described,689.0397902406164,79.47863825954111,21,0,3.0
RET-007055,ORD-006816,2022-12-14,CUST-00165,PROD-0405,Electronics,Size Issue,332.6339977155111,7.010277117065289,8,1,4.0
RET-007056,ORD-005019,2023-07-19,CUST-01644,PROD-0127,Electronics,Defective,1181.7021310642453,75.32426094367565,23,0,3.0
RET-007057,ORD-008111,2023-11-19,CUST-00264,PROD-0222,Electronics,Wrong Item,793.562225476628,57.19854246697788,6,1,5.0
RET-007058,ORD-005151,2022-08-16,CUST-00769,PROD-0011,Clothing,Size Issue,1713.6744877330366,87.56809984160874,10,0,2.0
RET-007059,ORD-007519,2023-06-19,CUST-01853,PROD-0260,Home,Changed Mind,1372.0994415690816,60.648014298613454,15,1,3.0
RET-007060,ORD-004449,2022-11-13,CUST-01106,PROD-0301,Beauty,Size Issue,389.02485502921763,65.67280298371153,13,0,4.0
RET-007061,ORD-002863,2023-07-29,CUST-01401,PROD-0030,Clothing,Not as Described,1367.1119487076319,6.829113379387519,11,0,4.0
RET-007062,ORD-007113,2023-10-10,CUST-00998,PROD-0322,Home,Not as Described,712.8185496450225,26.662019332392063,16,0,5.0
RET-007063,ORD-001914,2022-11-15,CUST-00846,PROD-0252,Beauty,Defective,726.0548333073089,8.605136151339654,15,0,2.0
RET-007064,ORD-008194,2022-12-06,CUST-00951,PROD-0394,Home,Defective,802.619114551804,84.57128731203082,12,0,5.0
RET-007065,ORD-001200,2022-08-26,CUST-01715,PROD-0239,Home,Changed Mind,391.29957137185437,19.543987054800404,27,0,3.0
RET-007066,ORD-008676,2022-10-07,CUST-00091,PROD-0484,Home,Defective,490.5064595023148,67.36443173182204,1,0,2.0
RET-007067,ORD-001632,2023-02-07,CUST-00251,PROD-0231,Electronics,Wrong Item,807.8401041342319,95.32190121474498,13,0,2.0
RET-007068,ORD-009507,2023-08-18,CUST-01441,PROD-0476,Electronics,Wrong Item,458.5902108171519,46.482259296493666,3,1,1.0
RET-007069,ORD-009772,2022-08-26,CUST-00392,PROD-0302,Home,Size Issue,60.384380277377325,22.291827792347497,13,0,4.0
RET-007070,,2023-05-03,CUST-01083,PROD-0264,Beauty,Size Issue,1180.498467837193,1.5402979497912694,3,1,4.0
RET-007071,ORD-005240,2022-07-31,CUST-01403,PROD-0304,Electronics,Size Issue,1495.394851048501,34.71815617025684,25,0,4.0
RET-007072,ORD-000409,,CUST-01894,PROD-0492,Beauty,Defective,748.5455744433398,98.40835718399002,28,0,1.0
RET-007073,ORD-007733,2022-10-03,CUST-00852,PROD-0272,Beauty,Changed Mind,641.0668196650842,21.656346864370867,17,0,4.0
RET-007074,ORD-006206,2023-02-17,CUST-01296,,Beauty,Defective,618.9046115636522,23.31374315858842,14,0,4.0
RET-007075,ORD-003707,2023-09-22,CUST-01699,PROD-0416,Home,Not as Described,1392.1404248555566,59.72146605811037,11,1,1.0
RET-007076,ORD-003954,2023-09-13,CUST-01289,PROD-0144,Home,Size Issue,530.1246056659015,6.614802736821268,15,0,5.0
RET-007077,ORD-003088,2024-04-08,CUST-01662,PROD-0296,Clothing,Defective,1884.4323885772167,90.90316244153843,10,0,3.0
RET-007078,ORD-002788,2024-02-10,CUST-00976,PROD-0122,Clothing,Wrong Item,297.9165315787493,24.380482161453997,12,0,2.0
RET-007079,ORD-006022,2024-03-17,CUST-01086,PROD-0307,Home,Changed Mind,313.05945066408395,60.82183376848709,6,1,4.0
RET-007080,ORD-000478,2023-12-21,CUST-00804,PROD-0398,Beauty,Changed Mind,205.43762494177983,57.09416381117934,29,0,5.0
RET-007081,ORD-005137,2024-02-10,CUST-00713,PROD-0329,Clothing,Not as Described,96.28625658678274,24.901505312708217,19,0,4.0
RET-007082,ORD-000571,2023-09-03,CUST-01831,PROD-0375,Electronics,Wrong Item,692.3936170529124,30.58633754080403,11,0,3.0
RET-007083,ORD-003779,2023-08-27,CUST-00830,PROD-0267,Beauty,Size Issue,1635.3244628068858,43.9007449413686,0,0,2.0
RET-007084,ORD-009220,2023-12-06,CUST-01033,PROD-0267,Home,Not as Described,238.60053544210078,12.364361821391402,29,0,3.0
RET-007085,ORD-000864,2023-09-06,CUST-00124,PROD-0168,Home,Changed Mind,301.10054446100656,77.13008416682634,11,1,2.0
RET-007086,ORD-004053,2023-09-22,CUST-00624,PROD-0461,Electronics,Defective,1348.8224024385047,20.61266144777956,0,0,2.0
RET-007087,ORD-004121,2024-04-26,CUST-01607,PROD-0250,Beauty,Size Issue,17.57616679992754,56.350904118481814,7,1,2.0
RET-007088,ORD-009330,2022-06-22,CUST-01676,PROD-0334,Clothing,Defective,1949.4215447524425,31.703073563807138,24,0,4.0
RET-007089,ORD-004582,2022-07-16,CUST-00844,PROD-0228,Beauty,Not as Described,80.56417554507858,46.04298016935105,19,0,3.0
RET-007090,ORD-004572,2024-02-25,CUST-01830,PROD-0375,Beauty,Defective,574.7924991026562,9.115949468052985,6,0,5.0
RET-007091,ORD-005298,2023-10-23,CUST-01191,PROD-0474,Home,Not as Described,240.7122411848969,91.83979755626699,20,0,5.0
RET-007092,ORD-009675,2023-01-01,CUST-00569,PROD-0195,Beauty,Not as Described,341.1191543427442,43.64370736835437,25,0,2.0
RET-007093,ORD-000817,2023-02-13,CUST-01857,PROD-0112,Beauty,Not as Described,980.2206167472418,17.600692294284137,1,0,3.0
RET-007094,ORD-002605,2024-04-17,CUST-01650,PROD-0058,Beauty,Wrong Item,1185.8287691241217,26.115114439533716,26,0,4.0
RET-007095,ORD-003432,2023-09-03,CUST-01687,PROD-0251,Electronics,Size Issue,13.073955377792275,65.86936908121598,27,1,2.0
RET-007096,ORD-009190,2023-06-11,CUST-00911,PROD-0261,Electronics,Changed Mind,408.79338803003867,69.31317147465887,29,0,2.0
RET-007097,ORD-009700,2023-08-06,CUST-00142,,Beauty,Size Issue,1223.3164260275196,42.434640164450734,0,0,3.0
RET-007098,ORD-006171,2023-12-08,CUST-01516,PROD-0168,Clothing,Wrong Item,873.0978437425476,3.0371584336580493,28,0,3.0
RET-007099,ORD-008302,2023-09-07,CUST-01247,PROD-0156,Home,Not as Described,222.8933817878382,7.097174161654463,14,0,2.0
RET-007100,ORD-009176,2024-02-07,CUST-00569,PROD-0214,Electronics,Size Issue,1889.5112632586047,84.5910883318216,24,1,4.0
RET-007101,ORD-007899,2023-04-15,CUST-00763,PROD-0450,Beauty ,Size Issue,1228.8021006101717,4.721965644660042,29,0,2.0
RET-007102,ORD-005982,2023-10-27,CUST-01788,PROD-0011,Clothing,Wrong Item,1473.134521581061,65.18304248713717,28,0,
RET-007103,ORD-008440,2024-04-12,CUST-01714,PROD-0323,Electronics,Not as Described,1330.7965871889346,81.441822846897,26,0,2.0
RET-007104,ORD-003323,2022-10-22,CUST-00566,PROD-0096,Electronics,Defective,1097.3489486021579,24.465876887570502,29,1,1.0
RET-007105,ORD-006090,2022-10-03,CUST-01578,PROD-0435,Clothing,Not as Described,1803.060699671072,11.693377952055272,13,0,5.0
RET-007106,ORD-004555,2023-07-17,CUST-01361,,Beauty,Size Issue,91.94764819595449,76.16744494873716,23,0,4.0
RET-007107,ORD-003028,2024-04-10,CUST-00453,,Beauty,Changed Mind,1371.7960023948908,430.7586304504234,10,1,3.0
RET-007108,ORD-007441,2024-04-14,CUST-01732,PROD-0100,Beauty,Defective,1989.8684895356341,61.99079486248598,11,0,4.0
RET-007109,ORD-002834,2022-10-02,CUST-00439,PROD-0338,Clothing,Wrong Item,144.38228566080005,65.6989702033901,28,0,3.0
RET-007110,ORD-007418,2023-10-23,CUST-01181,PROD-0104,Electronics,Size Issue,953.127499889661,56.77297305398871,3,0,4.0
RET-007111,ORD-007862,,CUST-01170,PROD-0059,Beauty,Not as Described,23.4434006140397,68.58485082509439,22,0,4.0
RET-007112,ORD-002412,2023-03-10,CUST-01892,PROD-0138,Beauty,Wrong Item,1764.1815334800222,9.467968338373623,21,0,1.0
RET-007113,ORD-001703,2024-01-04,CUST-01699,PROD-0179,Beauty,Changed Mind,1129.2186016361943,81.69266987427436,2,0,
RET-007114,ORD-009051,2022-07-25,CUST-01254,PROD-0070,Electronics,Changed Mind,1161.5216503657562,76.46296230007826,13,1,4.0
RET-007115,ORD-007403,2023-08-06,CUST-00029,PROD-0426,Electronics,Defective,290.40090413867887,0.8921709296085378,27,0,5.0
RET-007116,ORD-002331,2023-11-12,CUST-00771,PROD-0015,Home,Size Issue,551.0193903135925,81.58991796896224,16,0,3.0
RET-007117,ORD-001246,2023-05-12,CUST-01734,PROD-0498,Home,Wrong Item,1891.0643154075763,94.2488048782959,20,0,3.0
RET-007118,ORD-001769,2022-12-13,CUST-01049,PROD-0192,Beauty,Defective,420.84072396204454,90.04324232865758,27,1,3.0
RET-007119,ORD-007951,2024-03-18,CUST-00644,PROD-0342,Electronics,Wrong Item,1133.1513749586236,70.47422889770806,2,0,4.0
RET-007120,ORD-002732,2023-08-21,CUST-00334,PROD-0175,Beauty,Wrong Item,1313.9610566347426,275.08042545747264,19,0,3.0
RET-007121,ORD-000273,2022-08-18,CUST-01331,PROD-0200,Beauty,Size Issue,810.1283562667173,35.60651382104716,26,0,3.0
RET-007122,ORD-002379,2024-03-15,CUST-00629,PROD-0403,Home,Changed Mind,1064.9467178539126,39.17405685017601,10,0,5.0
RET-007123,ORD-006258,,CUST-00024,PROD-0398,Home,Not as Described,1944.8736619711453,0.9614889360511802,16,0,3.0
RET-007124,ORD-007718,2022-12-04,CUST-01691,PROD-0320,Beauty,Size Issue,1043.1396237861704,3.3500009746040837,16,0,3.0
RET-007125,,2023-12-30,CUST-01835,PROD-0302,Home,Size Issue,1876.3958228662786,84.17210634453778,6,1,1.0
RET-007126,ORD-002808,2023-07-21,CUST-01904,PROD-0430,Home,Not as Described,39.51453337223019,26.321968727105226,7,0,4.0
RET-007127,ORD-000540,2022-11-04,CUST-00051,PROD-0216,Home,DEFECTIVE,1133.542610823064,91.20452915789329,27,0,2.0
RET-007128,ORD-001443,2023-08-23,CUST-00102,PROD-0303,Home,Size Issue,676.8941321491972,55.11789258585138,25,0,1.0
RET-007129,ORD-004295,2024-01-22,CUST-00998,PROD-0350,Beauty,Defective,1063.3366209444869,6.117879012752258,18,1,2.0
RET-007130,ORD-001848,2024-01-02,CUST-00161,PROD-0263,Clothing,Defective,371.0318055776868,27.923811294056776,9,0,2.0
RET-007131,ORD-001009,2023-09-09,CUST-00689,PROD-0231,Clothing,Not as Described,1222.3331738253814,92.70416065490845,14,0,3.0
RET-007132,ORD-003083,2022-11-17,CUST-00722,PROD-0190,Clothing,Size Issue,708.4249390835822,5.147783658176419,26,0,2.0
RET-007133,ORD-009280,2023-07-07,CUST-00629,PROD-0316,Clothing,Not as Described,1970.859756747138,63.70350451374945,17,0,5.0
RET-007134,ORD-006966,2023-01-11,CUST-00771,PROD-0132,Home,Wrong Item,445.6197854461165,63.473901058283566,16,0,2.0
RET-007135,ORD-009727,2023-03-13,CUST-00073,PROD-0263,Clothing,Not as Described,226.18036941874195,38.08354408410499,5,1,4.0
RET-007136,ORD-003089,2024-04-16,CUST-01933,PROD-0131,Home,Size Issue,685.4724626836833,75.97034311320623,3,1,3.0
RET-007137,ORD-004988,2024-04-11,CUST-00103,PROD-0382,Electronics,Defective,1153.6711846472192,46.21938397690495,29,1,4.0
RET-007138,ORD-000679,2023-10-09,CUST-00893,PROD-0252,Beauty,Wrong Item,438.334210512062,78.23276431853986,25,0,2.0
RET-007139,ORD-000770,2023-05-25,CUST-00058,PROD-0321,Beauty,Size Issue,1342.124118213335,11.602602487449632,27,0,2.0
RET-007140,ORD-008523,2023-11-21,CUST-01927,PROD-0266,Home,Size Issue,1815.3780929879879,40.44526201639938,9,1,3.0
RET-007141,ORD-005746,2023-05-28,CUST-01971,PROD-0254,Electronics,Not as Described,793.4650810464012,92.38412753876348,10,0,3.0
RET-007142,ORD-009398,2024-01-28,CUST-00488,PROD-0357,Home,Size Issue,1665.464236791848,40.71340762359401,16,0,3.0
RET-007143,ORD-001113,2023-08-02,CUST-00855,PROD-0031,Clothing,Size Issue,1622.598394870359,9.277084396625634,7,0,3.0
RET-007144,ORD-001324,2023-10-03,CUST-01541,PROD-0002,Clothing,Not as Described,1975.0394317339105,70.49694064390297,5,1,2.0
RET-007145,ORD-000475,2023-09-04,CUST-00221,PROD-0447,Beauty,Changed Mind,300.35707817791734,96.54482087998821,10,0,1.0
RET-007146,ORD-009984,2022-08-03,CUST-00023,PROD-0416,Electronics,Not as Described,1969.669319300121,15.611041673657478,12,0,1.0
RET-007147,ORD-003837,2022-06-12,CUST-01544,PROD-0345,Electronics,Size Issue,793.9478016175665,90.13172075831409,20,1,4.0
RET-007148,ORD-000335,2023-07-30,CUST-01551,PROD-0310,Electronics,Defective,1384.6822129349684,88.45780564521839,6,0,3.0
RET-007149,ORD-008313,2023-03-16,CUST-00973,PROD-0241,Electronics,Not as Described,1643.981033995151,22.18925045895348,18,0,1.0
RET-007150,ORD-006694,2023-03-19,CUST-01753,PROD-0020,Beauty,Wrong Item,1737.6046995461638,74.54811333672502,22,0,5.0
RET-007151,ORD-004654,2023-01-28,CUST-00602,PROD-0433,Electronics,Not as Described,1213.749731355995,89.61772644613444,21,1,5.0
RET-007152,ORD-002099,2022-11-10,CUST-01678,PROD-0140,Electronics,Changed Mind,723.7679624978954,14.52762752252088,9,0,2.0
RET-007153,ORD-000372,2023-12-17,CUST-00307,PROD-0221,Clothing,Not as Described,1792.53548825994,48.59295405327704,21,1,3.0
RET-007154,ORD-003312,2024-02-24,CUST-01159,PROD-0365,Electronics,Not as Described,1827.4529468059068,34.94532168076417,1,0,2.0
RET-007155,ORD-003833,2022-12-01,CUST-00356,PROD-0272,Home,Changed Mind,211.66309093775513,36.60756448720196,4,0,3.0
RET-007156,ORD-005867,2022-07-20,CUST-01264,PROD-0147,Home,Changed Mind,66.5403171201809,29.40948341959172,25,0,5.0
RET-007157,ORD-003972,,CUST-00023,PROD-0396,Clothing,Size Issue,1379.9228361631185,65.13071472980289,27,0,2.0
RET-007158,ORD-009206,2022-09-12,CUST-00763,PROD-0239,Home,Wrong Item,976.1710786445127,74.94287280863541,11,0,2.0
RET-007159,ORD-006434,2022-09-07,CUST-01902,PROD-0275,Clothing,Not as Described,211.33339937445686,17.605347881064514,12,0,1.0
RET-007160,ORD-009242,2024-01-11,CUST-01728,PROD-0184,Electronics,Wrong Item,1647.3774271609523,97.73152954532623,3,1,4.0
RET-007161,ORD-004605,2023-03-09,CUST-01396,PROD-0197,Beauty,Defective,559.2537413211442,73.32842014939521,14,0,5.0
RET-007162,ORD-006096,2023-04-30,CUST-00418,PROD-0491,Home,Wrong Item,11.488292290104047,97.79811783100253,16,1,5.0
RET-007163,ORD-009472,2022-11-20,CUST-01093,PROD-0404,Beauty,Size Issue,955.7989269272149,0.6940586146056527,4,1,2.0
RET-007164,ORD-000026,2024-01-05,CUST-01173,PROD-0258,Clothing,Defective,1473.6503514680985,5.43784620277048,28,0,1.0
RET-007165,ORD-009152,2022-12-30,CUST-00207,PROD-0299,Clothing,Size Issue,102.29544115996352,84.76954833856776,27,0,4.0
RET-007166,ORD-005352,2023-07-22,CUST-00810,PROD-0005,Beauty,Not as Described,1323.791544274115,32.044910383576685,11,1,2.0
RET-007167,ORD-002219,2024-04-11,CUST-00867,PROD-0132,Beauty,Defective,996.2955754362058,45.24477242673104,10,0,5.0
RET-007168,ORD-003634,2023-10-04,CUST-01501,PROD-0414,Electronics,Size Issue,925.027033645805,76.3535873645836,13,0,4.0
RET-007169,ORD-006475,2022-12-19,CUST-01677,PROD-0467,Clothing,Size Issue,795.0838760469215,78.38913636295453,20,0,1.0
RET-007170,ORD-009939,2023-08-11,CUST-00898,PROD-0485,Electronics,Not as Described,1658.0569592318284,92.9851379328688,22,0,5.0
RET-007171,ORD-009475,2022-12-28,CUST-00101,PROD-0142,Electronics,Changed Mind,1365.6440813301585,74.45405702562063,11,0,3.0
RET-007172,ORD-001690,2023-02-17,CUST-01532,PROD-0119,Clothing,Size Issue,1860.0236397047736,68.03832660880205,21,1,2.0
RET-007173,ORD-003497,2023-07-01,CUST-01460,PROD-0351,Beauty,Size Issue,1720.3870034998217,79.57970400638742,16,1,4.0
RET-007174,ORD-004061,2023-09-13,CUST-00227,PROD-0392,Clothing,Changed Mind,1514.6788766757368,19.750260066370238,22,0,5.0
RET-007175,ORD-005845,2023-07-10,CUST-00034,PROD-0272,Beauty,Wrong Item,1935.4751284663357,23.88976110474014,21,0,
RET-007176,ORD-006569,2022-11-07,CUST-01599,PROD-0187,Home,Changed Mind,888.1393156020252,36.13221740711927,0,0,3.0
RET-007177,ORD-003277,2023-05-06,CUST-00385,PROD-0303,Clothing,Wrong Item,1256.172624722768,3.06398991983019,17,0,5.0
RET-007178,ORD-006938,2022-06-06,CUST-01994,PROD-0155,Beauty,Wrong Item,895.2959994292984,58.172878166844264,22,0,1.0
RET-007179,ORD-006650,2022-07-24,CUST-01390,PROD-0295,Home,Size Issue,832.2911813009437,91.91955662826966,11,0,1.0
RET-007180,ORD-007568,2023-02-17,CUST-00425,PROD-0431,Electronics,Not as Described,1318.233450924688,52.92311191345963,27,0,2.0
RET-007181,ORD-005388,2024-04-12,CUST-00286,PROD-0140,Electronics,Wrong Item,1837.9205186938148,61.92007943585506,25,0,5.0
RET-007182,ORD-008110,2023-01-29,CUST-01242,PROD-0494,Beauty,Wrong Item,1604.6226699845333,47.83945015932951,29,1,5.0
RET-007183,ORD-008425,2023-09-11,CUST-00340,PROD-0217,Home,Changed Mind,1920.9576507797308,16.156714537421777,19,1,1.0
RET-007184,ORD-009316,2023-11-27,CUST-00506,PROD-0164,Home,Not as Described,579.5857959796032,1.9787985394861374,19,1,3.0
RET-007185,ORD-004098,2023-06-14,CUST-01293,PROD-0281,Home,Not as Described,464.1215785688142,83.53207860127397,12,0,2.0
RET-007186,ORD-004045,2022-07-18,CUST-00261,PROD-0045,Clothing,Size Issue,944.9561397796515,11.145539091155554,24,0,2.0
RET-007187,ORD-009561,2023-09-22,CUST-00966,PROD-0316,BEAUTY,Changed Mind,1909.447931518928,97.4601945121846,16,0,3.0
RET-007188,ORD-007074,2023-06-13,CUST-00309,PROD-0351,Beauty,Size Issue,1364.6494486425204,21.45876688178031,21,0,1.0
RET-007189,ORD-008831,2023-05-24,CUST-01644,PROD-0058,Electronics,Not as Described,1728.197933111301,97.83366199421278,3,1,5.0
RET-007190,ORD-001280,2022-10-04,CUST-01473,PROD-0419,Electronics,Size Issue,1939.5920734728973,9.830753489398436,17,0,3.0
RET-007191,ORD-000514,2024-02-01,CUST-00102,PROD-0346,Electronics,Changed Mind,1562.3812683988638,48.426138353808014,19,0,1.0
RET-007192,ORD-004970,2023-07-06,CUST-00267,PROD-0245,Home,Changed Mind,952.5572029231906,62.81456565998359,13,1,2.0
RET-007193,ORD-003951,2024-02-07,CUST-01582,PROD-0149,Clothing,Wrong Item,928.9386733328187,30.80324659060062,4,0,3.0
RET-007194,ORD-006095,2024-02-08,CUST-00523,PROD-0190,Home,Defective,1163.335836949921,11.967380782566428,3,0,4.0
RET-007195,ORD-006799,2024-01-29,CUST-00017,PROD-0237,Clothing,Defective,1047.2104485886166,89.26833610353134,12,0,4.0
RET-007196,ORD-004072,2023-02-20,CUST-00803,PROD-0009,Home,Defective,1037.2158891601832,65.52116859835144,23,0,1.0
RET-007197,ORD-006404,2023-07-26,CUST-01043,PROD-0479,Home,Defective,1856.438505935954,50.725086460803446,6,1,1.0
RET-007198,ORD-005865,2024-03-08,CUST-00859,PROD-0040,Clothing,Size Issue,1517.2778946792491,13.307842782319646,11,0,5.0
RET-007199,ORD-006828,2022-08-03,CUST-01980,PROD-0232,Clothing,Not as Described,624.5091734176827,61.86305417326139,6,0,2.0
RET-007200,ORD-006322,2022-06-24,CUST-00232,PROD-0364,Electronics,Defective,628.4002138698867,23.96373683165879,29,0,3.0
RET-007201,ORD-006358,2022-08-22,CUST-00027,PROD-0213,Beauty,Not as Described,1412.3894608269516,66.90441244797967,27,0,4.0
RET-007202,ORD-003884,2022-12-31,CUST-00538,PROD-0195,Beauty,Defective,1234.2529119382662,76.86682238451368,1,0,5.0
RET-007203,ORD-000763,2023-10-20,CUST-00198,PROD-0181,Beauty,Not as Described,735.4800886747186,83.67574562719862,8,0,5.0
RET-007204,ORD-007227,2022-09-30,CUST-00047,PROD-0071,Beauty,Size Issue,1245.8938139885445,28.203093172214277,23,0,1.0
RET-007205,ORD-003143,2022-10-24,CUST-00865,PROD-0477,Electronics,Not as Described,1109.9628246960292,12.70208405086879,0,0,5.0
RET-007206,ORD-009382,2022-06-25,CUST-00207,PROD-0086,Beauty,Not as Described,448.51821165644577,73.59654668122329,7,0,2.0
RET-007207,ORD-008311,2022-07-07,CUST-00029,PROD-0206,Electronics,Not as Described,1741.1704287296225,24.0779972054033,22,0,5.0
RET-007208,ORD-001934,2022-08-31,CUST-01979,PROD-0083,Clothing,Size Issue,485.60362640784103,34.2637227104331,10,0,2.0
RET-007209,ORD-006349,2023-05-20,CUST-00112,PROD-0368,Beauty,Defective,1291.9251575795492,13.759971544668614,20,0,3.0
RET-007210,ORD-003072,2022-06-17,CUST-01303,PROD-0292,Home,Not as Described,539.6629774389294,94.48178280303281,4,0,5.0
RET-007211,ORD-005247,2024-01-11,CUST-00036,PROD-0358,Beauty,Changed Mind,641.5172077609242,74.26754087577771,28,0,4.0
RET-007212,ORD-009390,2022-09-05,CUST-00197,PROD-0203,Home,Size Issue,44.73136972864322,44.52443990643111,13,0,3.0
RET-007213,ORD-003790,2023-04-16,CUST-01481,PROD-0100,Home,Not as Described,535.3780431229452,32.194652042256386,8,0,5.0
RET-007214,ORD-003636,2022-08-09,CUST-01037,PROD-0063,Clothing,Wrong Item,1620.2852027471313,96.20740240982802,11,0,5.0
RET-007215,ORD-002653,2023-11-15,CUST-01267,PROD-0108,Electronics,Wrong Item,765.980080256027,44.564667969951934,3,1,1.0
RET-007216,ORD-007531,2022-06-25,CUST-01449,PROD-0356,Electronics,Wrong Item,551.8268903426164,48.18816706795587,13,0,
RET-007217,ORD-003197,2022-09-18,CUST-00776,PROD-0261,Electronics,Wrong Item,433.2568534579398,8.661417561891438,22,0,1.0
RET-007218,ORD-002571,2023-01-23,CUST-01569,PROD-0165,Home,Not as Described,1113.5112488509135,51.30823261684117,27,0,3.0
RET-007219,ORD-006344,2023-03-29,CUST-00159,PROD-0494,Electronics,Size Issue,1438.8374354936552,11.167992034140406,19,0,2.0
RET-007220,ORD-008168,2022-12-27,CUST-00111,PROD-0025,Electronics,Wrong Item,1198.9685709860444,96.80337512315552,21,1,2.0
RET-007221,ORD-004519,2022-11-14,CUST-00095,PROD-0148,Electronics,Size Issue,1595.2841589432082,97.5922159468389,25,0,3.0
RET-007222,ORD-007292,2022-08-30,CUST-01840,PROD-0143,Clothing,Size Issue,1493.2782020798686,42.9694100203337,22,0,5.0
RET-007223,ORD-000161,2022-07-18,CUST-01464,,Beauty,Defective,1066.984256098893,76.36029605868313,25,0,1.0
RET-007224,,2023-10-11,CUST-01344,PROD-0045,Beauty,Not as Described,1494.0641357096822,28.701477511674867,0,0,4.0
RET-007225,ORD-006569,2023-05-08,CUST-01297,PROD-0077,Home,Changed Mind,1469.8089804733545,84.5707438163343,23,0,4.0
RET-007226,ORD-001874,2022-08-10,CUST-01239,PROD-0231,Home,Wrong Item,1587.44457356215,30.01387719851052,17,0,2.0
RET-007227,ORD-005073,2024-02-29,CUST-00943,PROD-0333,Beauty,Not as Described,743.8173048321672,81.53472634130966,12,0,2.0
RET-007228,ORD-001031,2022-09-16,CUST-00959,PROD-0045,Clothing,Changed Mind,1611.2467457178932,8.157606089457914,25,0,5.0
RET-007229,ORD-002694,2024-01-19,CUST-00178,PROD-0316,Home,Not as Described,1121.5210779455838,26.05307078129775,26,0,3.0
RET-007230,ORD-006128,2023-05-09,CUST-01472,PROD-0091,Beauty,Size Issue,1220.6177601672584,76.62501556176716,9,0,3.0
RET-007231,ORD-008205,2022-06-16,CUST-01905,PROD-0157,Home,Defective,689.9107713262067,56.62621135862772,20,0,4.0
RET-007232,ORD-005456,2023-09-12,CUST-00365,PROD-0176,Beauty,Not as Described,1389.2096421811498,74.25967195716761,11,0,3.0
RET-007233,ORD-003936,2023-09-15,CUST-00146,PROD-0108,Electronics,Changed Mind,1729.485776069173,10.716794799351003,4,1,5.0
RET-007234,ORD-004176,2023-04-16,CUST-01973,PROD-0260,Beauty,Wrong Item,1019.8539156272121,89.92058989014524,4,0,5.0
RET-007235,ORD-003610,2022-07-30,CUST-00873,PROD-0125,Electronics,Size Issue,1437.6738293972705,15.776426903816843,1,0,4.0
RET-007236,ORD-006736,2023-05-16,CUST-01215,PROD-0146,Beauty,Size Issue,948.1258764413697,33.778739146951644,11,0,3.0
RET-007237,ORD-002910,2023-09-07,CUST-01787,PROD-0430,Clothing,Defective,817.1577411220683,99.29691984931678,23,0,1.0
RET-007238,ORD-007851,2022-10-01,CUST-01320,PROD-0223,Electronics,Size Issue,135.48850788174795,13.824564999763345,1,0,1.0
RET-007239,ORD-004069,2023-06-07,CUST-00725,PROD-0417,Home,Changed Mind,580.1175065343741,4.991961530159861,10,0,2.0
RET-007240,ORD-001056,2023-12-12,CUST-00566,PROD-0035,Electronics,Wrong Item,1079.427094570597,1.1884966823309417,3,0,2.0
RET-007241,ORD-008473,2022-09-24,CUST-01334,,Beauty,Changed Mind,1984.103675881416,95.00579528307925,19,0,1.0
RET-007242,ORD-006461,2022-06-30,CUST-01478,PROD-0193,Electronics,Defective,1014.6018922081637,54.72515241461486,28,1,5.0
RET-007243,ORD-007347,2023-03-01,CUST-01360,PROD-0146,Home,Changed Mind,568.0235516696387,79.0007561669266,3,1,4.0
RET-007244,ORD-009204,2023-03-25,CUST-00112,PROD-0372,Electronics,Defective,149.51351586426176,69.62914495719113,18,0,5.0
RET-007245,ORD-006807,2022-11-08,CUST-01343,PROD-0237,Beauty,Defective,1910.1657876254017,86.86865504033617,14,0,1.0
RET-007246,ORD-002053,2023-06-26,CUST-00512,PROD-0055,Beauty,Changed Mind,490.1391925953914,2.0765110333182624,29,1,2.0
RET-007247,ORD-004381,2023-10-10,CUST-01630,PROD-0019,Home,Defective,733.382417902309,66.3866492167354,23,0,3.0
RET-007248,ORD-008213,2023-05-22,CUST-01211,PROD-0211,Electronics,Wrong Item,1579.3817865292874,46.828501814707515,20,0,3.0
RET-007249,ORD-001745,2024-02-27,CUST-01343,PROD-0062,Home,Changed Mind,963.3313580899045,80.61403672978635,1,1,4.0
RET-007250,,2024-03-26,CUST-01866,PROD-0116,Clothing,Size Issue,140.27348015665373,32.527685626054534,20,0,2.0
RET-007251,ORD-002317,2023-03-13,CUST-01338,PROD-0237,Beauty,Defective,880.5306922023641,57.399613281461704,8,0,4.0
RET-007252,ORD-002149,2024-02-03,CUST-00517,PROD-0345,Clothing,Size Issue,211.7104675561377,16.291144563031757,15,0,
RET-007253,ORD-008985,2023-03-12,CUST-00343,PROD-0437,Beauty,Not as Described,1108.8885336708095,57.59349478162301,11,0,3.0
RET-007254,ORD-007220,2023-01-06,CUST-01604,,Clothing,Not as Described,81.30236731636305,28.641163974555628,10,1,1.0
RET-007255,ORD-006778,2022-10-13,CUST-00482,PROD-0466,Beauty,Defective,918.1769629173183,18.42295292100613,10,0,4.0
RET-007256,ORD-006454,2023-12-13,CUST-00860,PROD-0005,Home,Defective,1338.0049116930227,51.65404674523676,20,0,4.0
RET-007257,ORD-004331,2022-06-25,CUST-00278,PROD-0084,Clothing,Not as Described,1788.1302142836678,40.11999401763433,13,0,4.0
RET-007258,ORD-007429,2023-02-03,CUST-00359,PROD-0100,Electronics,Wrong Item,515.8917701904682,37.89662922267477,22,0,2.0
RET-007259,ORD-003213,2023-11-22,CUST-00800,PROD-0417,Home,Wrong Item,1750.010759566,52.29638603203687,23,0,3.0
RET-007260,ORD-004263,2024-03-14,CUST-01258,PROD-0087,Home,Defective,1162.0059432181847,78.19936017094945,29,1,3.0
RET-007261,ORD-001972,2023-01-09,CUST-00291,PROD-0355,Home,Changed Mind,1394.5791086570785,10.424121607270498,18,1,
RET-007262,ORD-008337,2023-05-15,CUST-01987,PROD-0353,Home,Not as Described,727.6490039962147,25.66578272100266,25,0,1.0
RET-007263,ORD-001219,2023-12-10,CUST-01122,PROD-0469,Electronics,Wrong Item,1375.8068656420567,77.89766200555309,24,0,5.0
RET-007264,ORD-009373,2023-01-14,CUST-00264,PROD-0056,Electronics,Changed Mind,408.44591655546213,35.50206198174951,10,0,1.0
RET-007265,ORD-001666,2023-03-02,CUST-01262,PROD-0069,Clothing,Not as Described,1797.67940750427,15.67054833207574,19,0,
RET-007266,ORD-008286,2023-12-25,CUST-00510,PROD-0437,Electronics,Not as Described,1640.4138478980994,99.11854885387159,6,0,4.0
RET-007267,ORD-005364,2022-07-14,CUST-01480,PROD-0408,Beauty,Not as Described,930.327414513357,37.07730611861959,2,0,2.0
RET-007268,ORD-003299,2022-07-18,CUST-00349,PROD-0024,Clothing,Defective,1993.1638863342796,73.91021618412917,0,1,4.0
RET-007269,ORD-006933,2023-09-09,CUST-01446,PROD-0171,Home,Not as Described,1907.5728876813748,59.61599627840284,27,0,4.0
RET-007270,ORD-007811,2022-09-22,CUST-00352,PROD-0031,Beauty,Changed Mind,1757.9140619818525,4.283815731815821,18,0,2.0
RET-007271,ORD-006413,2023-08-01,CUST-00876,PROD-0442,Electronics,Defective,682.7240335035754,6.441802040551725,21,0,5.0
RET-007272,ORD-006921,2024-04-27,CUST-00308,PROD-0472,Home,Not as Described,1776.0706963467842,497.8925053175209,16,0,1.0
RET-007273,ORD-001109,2022-06-12,CUST-01798,PROD-0442,Clothing,Size Issue,721.9264932627628,18.23749289770049,1,0,
RET-007274,ORD-008706,2022-08-07,CUST-00049,PROD-0211,Clothing,Changed Mind,219.54161489402657,5.304383583707828,23,1,1.0
RET-007275,ORD-002918,2023-05-12,CUST-00976,PROD-0117,Beauty,Defective,1476.1755221335384,33.63265596798883,27,0,1.0
RET-007276,ORD-004111,2023-10-08,CUST-00080,PROD-0312,Clothing,Wrong Item,1647.579374106099,24.040450951635727,26,0,1.0
RET-007277,ORD-004203,,CUST-00099,PROD-0051,Electronics,Size Issue,214.5355560715416,25.578110128481146,5,0,5.0
RET-007278,ORD-003534,2024-04-28,CUST-01465,PROD-0294,Clothing,Not as Described,1653.328097121563,57.127165438645925,13,1,5.0
RET-007279,ORD-002126,2023-03-19,CUST-01528,PROD-0024,Home,Wrong Item,117.12238210671629,43.153321111450225,25,0,1.0
RET-007280,ORD-001781,2023-10-01,CUST-00895,PROD-0164,Clothing,Changed Mind,1179.3016487926093,17.864835294515935,13,0,4.0
RET-007281,ORD-003143,2023-11-04,CUST-00370,PROD-0467,Beauty,Wrong Item,409.65878317451825,47.23927323206454,28,1,2.0
RET-007282,ORD-004586,2022-10-12,CUST-00948,PROD-0033,Clothing,Changed Mind,391.4779991346984,20.16094766924137,2,0,5.0
RET-007283,ORD-006043,2022-06-16,CUST-01267,PROD-0469,Home,Size Issue,502.14643282041817,84.83060558254626,26,0,1.0
RET-007284,ORD-008191,2022-07-16,CUST-01447,PROD-0145,Electronics,Changed Mind,1861.540262440943,10.062090157973058,27,0,3.0
RET-007285,ORD-003498,2023-01-14,CUST-01842,PROD-0050,Electronics,Wrong Item,1000.6662896547368,20.127006519081235,16,0,1.0
RET-007286,ORD-007182,2023-05-02,CUST-00778,PROD-0474,Beauty,Not as Described,1151.4471820774525,70.2145114033859,20,0,5.0
RET-007287,ORD-003420,2023-10-04,CUST-01913,PROD-0077,Electronics,Wrong Item,59.82677852998255,11.35443277319197,9,1,
RET-007288,ORD-002950,2022-12-18,CUST-00017,PROD-0308,Clothing,Defective,1362.3296382258802,41.48844912855319,21,0,5.0
RET-007289,ORD-004907,2022-06-07,CUST-00769,PROD-0046,Electronics,Wrong Item,620.9132499601619,71.45261458690109,4,0,5.0
RET-007290,ORD-005893,2022-11-18,CUST-00383,PROD-0070,Beauty,Defective,1977.7957277034361,38.661132129991614,8,1,4.0
RET-007291,ORD-006830,2024-02-29,CUST-00502,PROD-0437,Beauty,Size Issue,1202.0535893871008,47.72469970793555,3,0,3.0
RET-007292,ORD-001357,2023-11-05,CUST-01198,PROD-0276,Clothing,Defective,615.6699709690348,67.74805061217532,16,1,4.0
RET-007293,ORD-001964,2023-08-03,CUST-01418,PROD-0071,Home,Wrong Item,1577.6569584679696,47.10455008134716,9,1,1.0
RET-007294,ORD-004591,2022-11-17,CUST-00776,PROD-0233,Clothing,Wrong Item,1240.336720628649,55.502966213165536,10,1,5.0
RET-007295,,2023-10-08,CUST-01919,PROD-0426,Home,Defective,1015.4354985134875,23.696949820378798,9,0,1.0
RET-007296,ORD-008095,2023-08-09,CUST-00081,PROD-0142,Clothing,Size Issue,1668.5443282799135,18.166917491798383,19,0,3.0
RET-007297,ORD-003142,2023-05-29,CUST-01666,PROD-0261,Clothing,Not as Described,724.0443438021795,64.03453157910393,18,0,4.0
RET-007298,ORD-004063,2022-09-21,CUST-01486,PROD-0475,Clothing,Defective,1785.6989145463706,8.771261736549762,12,0,5.0
RET-007299,ORD-008340,,CUST-01922,PROD-0136,Beauty,Wrong Item,1383.8472074847264,77.44639618992096,4,1,1.0
RET-007300,ORD-000377,2023-01-19,CUST-01675,PROD-0364,Beauty,Defective,1217.7812199970294,42.47592122584501,21,0,3.0
RET-007301,ORD-006428,2023-04-21,CUST-01120,PROD-0111,Beauty,Size Issue,1536.198141608143,95.70296937917833,15,0,1.0
RET-007302,ORD-007123,2023-09-08,CUST-00132,PROD-0015,Clothing,Not as Described,616.8671024157039,85.02972954578803,6,0,4.0
RET-007303,ORD-003762,2023-08-11,CUST-01159,PROD-0059,Beauty,Defective,1897.2776713537794,2.5294972820474326,3,0,5.0
RET-007304,ORD-008619,2024-01-11,CUST-01499,PROD-0460,Beauty,Changed Mind,1028.5884843316207,49.41690782321969,20,0,3.0
RET-007305,ORD-000130,2023-08-27,CUST-01675,PROD-0067,Beauty,Defective,1527.715447461489,10.718095700662033,25,0,5.0
RET-007306,ORD-006928,2024-01-21,CUST-01616,PROD-0203,Home,Not as Described,542.0787473096518,9.042001896974927,8,0,
RET-007307,ORD-001406,2023-03-30,CUST-00207,PROD-0009,Home,Changed Mind,1242.4622229876209,43.75140835682912,28,0,5.0
RET-007308,ORD-004746,2023-08-08,CUST-00298,PROD-0360,Electronics,Not as Described,698.9485588902871,48.832956130262815,13,0,3.0
RET-007309,ORD-000777,2023-11-14,CUST-00848,PROD-0037,Clothing,Changed Mind,1080.3789442250054,32.153604221935325,10,0,4.0
RET-007310,ORD-002028,2023-05-07,CUST-01940,PROD-0113,Beauty,Defective,172.7922451224179,46.23137438397862,9,1,1.0
RET-007311,ORD-004665,2023-05-12,CUST-00342,PROD-0266,Clothing,Not as Described,1147.0390667977772,77.40038552106536,25,1,2.0
RET-007312,ORD-001304,2023-07-18,CUST-01438,PROD-0251,Home,Size Issue,915.9148333200883,63.52732601826694,5,0,2.0
RET-007313,,2023-08-01,CUST-00846,PROD-0023,Beauty,Size Issue,907.4868327513938,30.1708216829361,23,0,2.0
RET-007314,ORD-008667,2023-05-13,CUST-00770,PROD-0099,Clothing,Wrong Item,588.7620449945332,43.17324595222297,5,1,3.0
RET-007315,ORD-000794,2023-09-18,CUST-00904,PROD-0166,Clothing,Defective,1627.164346726713,54.82559549187796,15,0,2.0
RET-007316,ORD-008643,2022-06-10,CUST-01705,PROD-0108,Clothing,Changed Mind,677.1261241892064,32.1645012343906,15,0,2.0
RET-007317,ORD-007471,2023-12-09,CUST-01799,PROD-0015,Beauty,Wrong Item,460.455926821036,42.684492645341244,22,0,5.0
RET-007318,ORD-005019,2023-08-27,CUST-01753,PROD-0407,Clothing,Defective,271.9902232636321,11.009447884530754,12,0,4.0
RET-007319,ORD-002377,2024-02-21,CUST-01226,PROD-0315,Beauty,Defective,1730.7083739703382,76.83342004678724,5,0,1.0
RET-007320,ORD-007090,2022-10-04,CUST-01273,PROD-0383,Electronics,Not as Described,1599.510026741593,13.760580038828095,14,0,5.0
RET-007321,ORD-002362,2023-06-26,CUST-01093,PROD-0350,Electronics,Wrong Item,1757.514255843232,27.800467347565018,23,1,1.0
RET-007322,ORD-008887,2023-09-16,CUST-00042,PROD-0052,Home,Changed Mind,541.5498145246811,22.73347665692097,22,0,1.0
RET-007323,ORD-005751,2023-01-11,CUST-00360,PROD-0284,Beauty,Size Issue,208.13485744557693,10.112684816961314,2,0,2.0
RET-007324,ORD-001904,2023-03-10,CUST-00348,PROD-0250,Home,Changed Mind,1526.780794880922,42.84335801551439,8,0,4.0
RET-007325,ORD-007878,2022-08-21,CUST-01707,PROD-0133,Electronics,Changed Mind,52.88759128266736,29.17157943907093,28,0,4.0
RET-007326,ORD-007815,2023-07-18,CUST-01683,PROD-0293,Clothing,Changed Mind,199.34521066330754,42.69272889529459,23,0,4.0
RET-007327,ORD-000978,2024-04-07,CUST-01281,PROD-0301,Beauty,Size Issue,221.4903042084379,7.57087879448155,22,0,4.0
RET-007328,ORD-006538,2024-04-21,CUST-01036,PROD-0282,Electronics,Not as Described,200.88157260225384,2.2646568164117364,18,1,4.0
RET-007329,ORD-003006,2022-10-10,CUST-01444,PROD-0144,Beauty,Not as Described,162.14965187730024,25.169869552094937,17,0,5.0
RET-007330,ORD-001094,2024-03-16,CUST-00840,PROD-0260,Home,Defective,1922.0828111793528,56.65764554291024,12,0,5.0
RET-007331,ORD-009572,2022-07-27,CUST-01895,PROD-0305,Home,Not as Described,652.4833569678598,57.183584917936074,2,0,1.0
RET-007332,ORD-002119,2022-09-02,CUST-00946,PROD-0077,Clothing,Size Issue,130.045937717375,57.768162225484076,12,0,1.0
RET-007333,ORD-006647,2022-11-06,CUST-00982,PROD-0412,Electronics,Defective,728.2675353016998,51.67124490388619,17,0,3.0
RET-007334,ORD-003724,2023-10-11,CUST-00869,PROD-0057,Home,Wrong Item,49.39450030331417,97.89710892990142,23,0,2.0
RET-007335,ORD-007296,,CUST-00792,PROD-0065,Beauty,Size Issue,721.1382059718956,58.684234040851955,17,0,5.0
RET-007336,ORD-004365,2022-08-25,CUST-00439,PROD-0157,Clothing,Size Issue,632.5110415973762,46.58744323318748,26,0,4.0
RET-007337,,2022-06-05,CUST-01485,PROD-0208,Beauty,Not as Described,397.88057400008336,1.9346859512904047,13,1,2.0
RET-007338,ORD-002119,,CUST-00344,PROD-0029,Clothing,Defective,1395.2725649768963,47.15712487029376,27,0,3.0
RET-007339,ORD-006423,2023-04-04,CUST-00671,PROD-0084,Home,Size Issue,949.6184800309052,60.9449426130645,13,1,5.0
RET-007340,ORD-007954,2022-07-24,CUST-01542,PROD-0174,Home,Not as Described,599.5664448126428,49.86750387968962,1,0,4.0
RET-007341,ORD-007607,2023-01-29,CUST-00903,PROD-0494,Electronics,Size Issue,603.7073447003769,51.24325378606157,22,0,3.0
RET-007342,ORD-004350,2022-06-13,CUST-01787,PROD-0315,Home,Changed Mind,1002.6471026523741,9.366808042810904,16,0,2.0
RET-007343,ORD-007877,2024-03-26,CUST-00446,PROD-0425,Home,Not as Described,1576.7569775442887,16.250656426584587,14,0,2.0
RET-007344,ORD-005047,2022-09-19,CUST-01336,PROD-0054,Beauty,Changed Mind,601.9867273142584,26.670250494949265,24,0,3.0
RET-007345,ORD-000284,2023-04-29,CUST-00578,PROD-0063,Beauty,Not as Described,587.2000617238864,55.63858686031743,0,0,1.0
RET-007346,ORD-005422,2023-11-12,CUST-00166,PROD-0207,Clothing,Not as Described,444.4231003821961,12.583962664333848,16,1,
RET-007347,ORD-002007,2023-04-06,CUST-00841,PROD-0272,Home,Wrong Item,310.6018354600689,24.926893446065513,21,1,5.0
RET-007348,ORD-008499,2023-04-22,CUST-01952,PROD-0117,Electronics,Defective,1531.416109822313,21.578844602134197,25,0,2.0
RET-007349,ORD-001304,2022-11-21,CUST-01726,PROD-0042,Beauty,Size Issue,393.3104025652135,95.14814055418816,17,0,3.0
RET-007350,ORD-003453,2023-09-26,CUST-00707,PROD-0168,Home,Changed Mind,1139.455722037732,76.96161701723373,25,0,5.0
RET-007351,ORD-009539,2023-09-14,CUST-01040,PROD-0494,Beauty,Defective,307.72107540935394,24.668897081102504,27,1,1.0
RET-007352,,2023-02-16,CUST-00020,PROD-0318,Electronics,Wrong Item,1852.6543708556271,89.03068914328223,5,0,5.0
RET-007353,ORD-006319,2024-02-25,CUST-00677,PROD-0424,Electronics,Changed Mind,619.0355182600947,70.10670870140164,22,1,1.0
RET-007354,ORD-009220,2024-02-04,CUST-01231,PROD-0272,Beauty,Wrong Item,1183.9980316940382,79.6201991558286,11,0,1.0
RET-007355,ORD-007579,2023-09-15,CUST-00245,PROD-0028,Clothing,Wrong Item,1864.0725736367265,77.09905030045473,10,1,1.0
RET-007356,ORD-007472,2023-02-04,CUST-01435,PROD-0077,Beauty,Changed Mind,1200.0009498081827,52.62197951553489,0,0,3.0
RET-007357,ORD-002232,2024-03-30,CUST-00874,PROD-0367,Home,Changed Mind,747.5057215697324,80.30823013801279,29,1,4.0
RET-007358,ORD-004199,2023-11-16,CUST-01828,PROD-0221,Beauty,Size Issue,152.04118135163236,0.7995027963603962,25,1,5.0
RET-007359,ORD-000997,2024-04-09,CUST-01848,PROD-0101,Beauty,Wrong Item,308.9247511735738,3.460019122845115,24,0,5.0
RET-007360,ORD-001419,2023-05-09,CUST-01956,PROD-0348,Beauty,Size Issue,1044.3239808350552,73.03231258685676,21,0,3.0
RET-007361,ORD-002129,2022-11-27,CUST-00387,PROD-0136,Beauty,Changed Mind,486.418710239434,47.221968560258574,25,0,4.0
RET-007362,ORD-008871,2022-09-25,CUST-00787,PROD-0052,Home,Changed Mind,1960.9232531396483,20.08335391231594,0,0,3.0
RET-007363,ORD-005352,2023-04-03,CUST-00476,PROD-0227,Beauty,Not as Described,1003.235320318468,99.67149503067829,15,0,3.0
RET-007364,ORD-001552,2024-04-06,CUST-00814,PROD-0276,Home,Not as Described,1284.9946175886362,86.07734317364604,22,0,
RET-007365,ORD-003161,2022-12-01,CUST-00868,PROD-0415,Electronics,Not as Described,413.97755058729683,61.98672869149702,3,0,5.0
RET-007366,ORD-000816,2023-09-16,CUST-01851,PROD-0487,Beauty,Wrong Item,1084.010541082374,9.928972852592555,0,1,4.0
RET-007367,ORD-009383,2022-06-04,CUST-01499,PROD-0068,Electronics,Not as Described,856.3124007984192,25.98129824803562,19,0,1.0
RET-007368,ORD-000958,2022-06-28,CUST-01406,PROD-0412,Electronics,Size Issue,408.42364900126364,93.00818927151693,11,0,3.0
RET-007369,ORD-001381,2022-08-22,CUST-00394,PROD-0489,Electronics,Changed Mind,1037.7463464998218,81.75660401993878,22,0,3.0
RET-007370,ORD-009420,2023-11-02,CUST-01291,PROD-0295,Home,Not as Described,907.3274023735244,1.150212481091295,18,0,4.0
RET-007371,ORD-005213,2023-10-22,CUST-00838,PROD-0271,Home,Size Issue,156.6286038822554,52.8837327591841,17,1,3.0
RET-007372,ORD-006169,2023-02-09,CUST-01172,PROD-0414,Home,Wrong Item,1830.0847081848708,41.53955482370637,9,0,2.0
RET-007373,ORD-005415,2024-03-12,CUST-01430,PROD-0487,Home,Not as Described,203.1776688792093,15.970316714738598,20,0,5.0
RET-007374,ORD-000492,,CUST-00283,PROD-0395,Home,Defective,1888.3698229904653,27.845953806123692,27,0,2.0
RET-007375,ORD-004305,2024-01-23,CUST-01773,PROD-0403,Beauty,Wrong Item,962.9953099459557,65.67557742890287,11,0,1.0
RET-007376,ORD-009208,2023-12-14,CUST-00187,PROD-0162,Beauty,Not as Described,1120.1423221812154,51.25069598127371,19,1,3.0
RET-007377,ORD-002621,2023-09-05,CUST-00398,PROD-0162,Electronics,Defective,1398.2150370259399,58.24772970555663,14,0,2.0
RET-007378,ORD-005285,,CUST-01823,PROD-0259,Beauty,Size Issue,1876.3756250615413,13.962032534254776,12,1,4.0
RET-007379,ORD-003308,2023-11-26,CUST-01441,PROD-0172,Electronics,Changed Mind,1308.7386500797702,1.7333995509366318,29,0,1.0
RET-007380,ORD-001148,2024-04-26,CUST-00340,PROD-0085,Electronics,Changed Mind,1193.892684411906,53.334214367070565,22,0,2.0
RET-007381,ORD-006503,2023-04-23,CUST-01204,PROD-0272,Home,Size Issue,132.28424472855616,21.208588188618183,15,0,4.0
RET-007382,ORD-008097,2024-05-01,CUST-00422,PROD-0228,Beauty,Changed Mind,1557.6970484495012,49.644508586235816,12,1,4.0
RET-007383,ORD-000834,2023-02-13,CUST-00471,PROD-0342,Electronics,Not as Described,1605.3745796131184,10.509400260945279,28,0,2.0
RET-007384,ORD-002190,2023-10-20,CUST-01789,PROD-0293,Home,Size Issue,1959.6635091216697,43.237369631364174,10,0,2.0
RET-007385,ORD-000448,2022-08-10,CUST-00266,PROD-0484,Electronics,Changed Mind,1735.3763710508038,63.46664893859536,8,0,3.0
RET-007386,ORD-008436,2023-02-27,CUST-01436,PROD-0397,Beauty,Wrong Item,1203.1801298968742,39.41408781906999,15,0,4.0
RET-007387,ORD-001720,2023-04-17,CUST-00404,PROD-0385,Clothing,Not as Described,1346.5991368915857,7.447567501578655,4,1,2.0
RET-007388,ORD-005230,2023-08-05,CUST-01136,PROD-0485,Clothing,Defective,1647.0188814818653,88.22080624229572,20,1,2.0
RET-007389,ORD-007764,2022-11-09,CUST-00584,PROD-0467,Beauty,Changed Mind,1026.814688534473,29.3818647979187,6,0,4.0
RET-007390,ORD-005152,2023-08-08,CUST-00673,PROD-0458,Beauty,Wrong Item,1270.9129571778344,69.66854230997663,13,1,4.0
RET-007391,ORD-004099,2023-03-05,CUST-00157,PROD-0099,Beauty,Not as Described,1530.386128695835,4.014863882411223,29,1,4.0
RET-007392,ORD-002868,2024-04-03,CUST-00746,PROD-0278,Beauty,Defective,1924.4198451680206,89.38270303488532,22,0,1.0
RET-007393,ORD-002211,2022-08-23,CUST-01587,PROD-0435,Beauty,Size Issue,550.4665289827482,26.75905816828038,21,0,5.0
RET-007394,ORD-008600,2022-10-29,CUST-01299,PROD-0452,Beauty,Defective,1105.9552356647744,83.95069752899418,6,0,1.0
RET-007395,ORD-008247,2023-12-15,CUST-00308,PROD-0070,Home,Wrong Item,1749.735050263496,36.22679416829361,20,0,2.0
RET-007396,ORD-008473,2024-01-30,CUST-01955,PROD-0046,Electronics,Defective,1114.8238653708215,12.46192804991174,18,0,3.0
RET-007397,ORD-007494,2023-09-09,CUST-00144,PROD-0212,Electronics,Size Issue,682.1654186601371,27.966814538020166,10,0,1.0
RET-007398,ORD-009258,2023-03-03,CUST-01131,PROD-0215,Beauty,Size Issue,113.19293494037814,3.285861425280745,20,1,1.0
RET-007399,ORD-003269,2023-11-03,CUST-00862,PROD-0375,Home,Wrong Item,1838.4848070564005,6.662913107893409,15,0,4.0
RET-007400,ORD-006917,2023-06-11,CUST-00616,PROD-0257,Clothing,Not as Described,759.8517745205818,73.26575765698689,23,1,1.0
RET-007401,ORD-005903,2023-10-14,CUST-01665,PROD-0163,Clothing,Size Issue,1390.1342697308658,37.4624731552742,18,1,2.0
RET-007402,ORD-005294,2022-12-12,CUST-00532,PROD-0362,Beauty,Not as Described,1303.9098251387159,14.990956908476583,18,0,4.0
RET-007403,ORD-007254,2023-06-14,CUST-00112,,Electronics,Size Issue,1392.5969112165772,72.72464566489066,21,0,2.0
RET-007404,ORD-003577,2023-02-21,CUST-01267,PROD-0357,Home,Wrong Item,1287.3905626428661,32.857701870957655,26,0,5.0
RET-007405,ORD-006913,2023-07-15,CUST-00523,PROD-0419,Home,Not as Described,76.40610766234799,77.98314003484411,23,1,1.0
RET-007406,ORD-002515,2023-10-14,CUST-01006,PROD-0268,Beauty, Defective ,759.353135004444,29.085858450904432,5,0,1.0
RET-007407,ORD-004025,2024-04-07,CUST-00541,PROD-0379,Beauty,Size Issue,1561.0356079238784,48.75782165949203,6,0,4.0
RET-007408,ORD-000293,2024-02-14,CUST-00615,PROD-0196,Beauty,Changed Mind,569.0758770544011,93.45788979792096,22,0,1.0
RET-007409,ORD-008539,2024-03-12,CUST-00917,PROD-0383,Beauty,Changed Mind,565.4977107304471,78.66053120229162,23,1,5.0
RET-007410,ORD-006393,,CUST-01333,PROD-0352,Beauty,Changed Mind,1340.0718882339438,10.252485192452776,18,0,5.0
RET-007411,,2023-08-04,CUST-01742,PROD-0045,Clothing,Size Issue,1954.8266150916443,9.97100399523454,16,0,
RET-007412,ORD-000285,2023-11-26,CUST-01627,PROD-0160,Clothing,Defective,1757.937164539526,1.150134889443799,5,1,2.0
RET-007413,ORD-004370,2022-06-15,CUST-01920,PROD-0112,Home,Not as Described,1329.4667990104303,94.81004791848686,15,0,5.0
RET-007414,ORD-003518,2024-04-13,CUST-01241,PROD-0479,Home,Defective,179.55405067803585,45.25593305610018,17,1,1.0
RET-007415,ORD-008071,2023-12-21,CUST-00980,PROD-0484,Clothing,Size Issue,1543.2189905973516,59.884940057057094,18,0,3.0
RET-007416,ORD-004808,2023-08-31,CUST-01791,PROD-0486,Clothing,Defective,1219.018935594572,21.27267776904952,27,1,5.0
RET-007417,ORD-006688,2022-11-11,CUST-00421,PROD-0063,Electronics,Wrong Item,40.515864748855755,46.935664716073376,22,0,5.0
RET-007418,ORD-001648,2023-10-08,CUST-01320,PROD-0118,Clothing,Size Issue,602.6264222019652,13.023315650730238,26,1,4.0
RET-007419,ORD-000320,2023-11-21,CUST-00272,PROD-0324,Clothing,Defective,1878.5148656988117,84.37062146096136,8,1,4.0
RET-007420,ORD-000993,2022-06-12,CUST-01562,,Clothing,Size Issue,1208.950773787271,97.1368513631877,5,1,3.0
RET-007421,ORD-002214,2022-08-14,CUST-00254,PROD-0378,Beauty,Size Issue,807.2253107500784,51.95173963889681,15,1,4.0
RET-007422,ORD-007113,2022-06-23,CUST-01783,PROD-0350,Clothing,Changed Mind,1787.6232101096016,47.732752968947814,25,0,5.0
RET-007423,ORD-004011,2023-06-30,CUST-00194,PROD-0421,Electronics,Changed Mind,610.1709544943305,99.0014595616455,4,0,3.0
RET-007424,ORD-001036,2023-03-08,CUST-01827,PROD-0470,Clothing,Defective,513.4432418566696,82.59998939555845,9,0,4.0
RET-007425,ORD-009314,2023-01-12,CUST-00525,PROD-0122,Beauty,Not as Described,408.07262664528537,1.5666419361071382,3,1,4.0
RET-007426,ORD-009294,2024-04-25,CUST-01134,PROD-0211,Electronics,Defective,51.740701295753,82.47514342743489,20,0,4.0
RET-007427,ORD-001924,2023-10-20,CUST-01907,PROD-0357,Clothing,Changed Mind,1435.1292386019854,26.45685791046043,23,0,4.0
RET-007428,ORD-000796,2022-09-24,CUST-00728,PROD-0372,Home,Not as Described,1684.7294693638,84.6454331415019,11,0,5.0
RET-007429,ORD-008278,2023-04-04,CUST-00397,PROD-0368,Clothing,Size Issue,1506.0915265560282,29.032850261389008,5,0,4.0
RET-007430,ORD-008070,2023-12-20,CUST-00052,PROD-0483,Home,Changed Mind,1891.940551277524,23.06604318427595,26,0,4.0
RET-007431,ORD-004136,2022-12-02,CUST-00422,PROD-0045,Home,Changed Mind,1774.7656943843615,57.617521007426234,18,0,2.0
RET-007432,ORD-003851,2022-09-16,CUST-00964,PROD-0043,Home,Defective,1451.9248859923846,0.8755812317488121,0,0,5.0
RET-007433,ORD-005045,2023-05-28,CUST-00741,PROD-0456,Electronics,Changed Mind,944.0785076079356,80.37081499792326,14,0,1.0
RET-007434,ORD-000917,2022-11-22,CUST-00706,PROD-0223,Home,Defective,1714.9440411536348,43.4001022213921,13,0,3.0
RET-007435,ORD-005801,2022-11-07,CUST-01832,PROD-0028,Beauty,Changed Mind,1837.269187934227,66.32355714478906,6,0,3.0
RET-007436,ORD-003625,2023-02-09,CUST-00852,PROD-0042,Electronics,Changed Mind,408.4285611566641,70.45252169326027,23,0,1.0
RET-007437,ORD-007314,2022-08-26,CUST-01610,PROD-0407,Electronics,Not as Described,866.9915777748622,44.203682720428496,16,1,1.0
RET-007438,ORD-006509,2023-06-17,CUST-01454,PROD-0433,Home,Wrong Item,1430.463728552557,58.981642575554204,28,0,3.0
RET-007439,ORD-002266,2023-04-30,CUST-01056,PROD-0065,Beauty,Not as Described,1979.067375688284,77.50243876203211,12,0,3.0
RET-007440,ORD-008560,2024-01-14,CUST-01089,PROD-0262,Home,Size Issue,1315.1253120374402,67.36090923793599,27,0,2.0
RET-007441,,2022-09-13,CUST-00581,PROD-0446,Electronics,Size Issue,1086.1031426357742,39.190217669368764,15,0,3.0
RET-007442,ORD-009509,2024-04-18,CUST-00606,PROD-0169,Clothing,Defective,1733.9967282335442,25.14590520934361,4,0,2.0
RET-007443,ORD-000152,2024-01-07,CUST-00810,PROD-0360,Beauty,Wrong Item,1675.8573234333587,62.731445255011145,7,0,5.0
RET-007444,ORD-004061,2022-10-25,CUST-00654,PROD-0063,Electronics,Not as Described,1187.8216319536816,65.63014869551871,15,0,1.0
RET-007445,ORD-000664,2023-02-12,CUST-00043,PROD-0399,Beauty,Not as Described,1592.762112719138,76.20485763074426,10,1,5.0
RET-007446,ORD-007077,2024-03-20,CUST-00833,PROD-0466,Beauty,Wrong Item,774.4117316243667,38.47267834847475,5,0,2.0
RET-007447,ORD-000748,2023-10-03,CUST-01598,PROD-0116,Electronics,Size Issue,372.08347708522825,73.73659154579592,16,0,2.0
RET-007448,ORD-002836,2023-06-08,CUST-01535,PROD-0008,Electronics,Not as Described,217.69852961870225,35.38781732360465,27,0,3.0
RET-007449,ORD-006395,2023-10-15,CUST-00394,PROD-0051,Clothing,Defective,1718.4115931670353,33.81965863789598,12,0,
RET-007450,ORD-000198,2024-02-22,CUST-01383,PROD-0332,Electronics,Defective,347.94414714654204,7.0938585047978115,15,0,5.0
RET-007451,ORD-002807,2024-04-11,CUST-00922,PROD-0453,Beauty,Wrong Item,1812.1746913164711,55.67371091715007,1,1,2.0
RET-007452,ORD-000455,2023-12-25,CUST-00479,PROD-0480,Beauty,Defective,1668.893323886969,93.68185028396545,3,0,1.0
RET-007453,ORD-009383,2023-02-16,CUST-00166,PROD-0141,Beauty,Defective,941.7025934151455,87.32022486324492,21,0,1.0
RET-007454,ORD-003027,2023-03-30,CUST-00174,PROD-0187,Electronics,Wrong Item,1629.7965315639199,71.59225543261279,19,1,1.0
RET-007455,ORD-004714,2023-08-11,CUST-00516,PROD-0013,Electronics,Changed Mind,946.0133644723326,31.844984985893753,24,0,1.0
RET-007456,ORD-001292,2022-11-16,CUST-01200,PROD-0034,Clothing,Not as Described,1645.1195513244381,89.88007231980714,9,1,5.0
RET-007457,ORD-007267,2023-01-14,CUST-00275,PROD-0429,Beauty,Defective,1397.304983547411,59.6086055564158,15,0,2.0
RET-007458,ORD-002040,2022-12-26,CUST-00962,PROD-0409,Home,Not as Described,1677.4058620508622,67.12087160408389,14,0,3.0
RET-007459,ORD-004037,,CUST-00894,PROD-0364,Clothing,Wrong Item,437.92432756410483,32.92257436054831,1,0,2.0
RET-007460,ORD-007088,2022-10-10,CUST-00098,PROD-0117,Home,Size Issue,1896.7484817919767,57.731432547086584,9,1,2.0
RET-007461,ORD-004719,2022-07-08,CUST-01785,PROD-0076,Electronics,Size Issue,1311.1027848619535,16.506963648737194,24,1,3.0
RET-007462,ORD-001498,2024-01-06,CUST-01453,PROD-0449,Clothing,Size Issue,138.37404040443,17.381448602536096,24,1,3.0
RET-007463,ORD-007547,2022-10-07,CUST-00664,PROD-0226,Home,Defective,1135.4949591257634,21.79495727891714,25,1,2.0
RET-007464,ORD-005199,2022-10-27,CUST-01702,PROD-0437,Clothing,Wrong Item,342.8127557451931,44.243556960414075,19,1,5.0
RET-007465,ORD-009599,2023-06-29,CUST-00409,PROD-0439,Home,Not as Described,706.6214356567209,2.8786698143701717,18,1,5.0
RET-007466,ORD-002176,2023-02-11,CUST-00482,PROD-0209,Home,Size Issue,1192.7270766169713,71.13241089937249,13,1,4.0
RET-007467,ORD-004627,2023-10-13,CUST-00719,PROD-0332,Electronics,Size Issue,1842.0837772897412,79.90476351119615,20,1,2.0
RET-007468,ORD-004661,2023-03-27,CUST-00055,PROD-0187,Home,Defective,1538.389262108384,71.58278077075502,5,0,5.0
RET-007469,ORD-002238,2022-10-25,CUST-00838,PROD-0063,Electronics,Not as Described,921.6485549951469,3.8845384898877677,17,1,2.0
RET-007470,ORD-001969,2023-05-29,CUST-01672,PROD-0097,Electronics,Defective,1047.8341764723666,42.280074582789126,8,0,1.0
RET-007471,ORD-006373,2022-11-11,CUST-01941,PROD-0086,Beauty,Wrong Item,724.6377697803129,93.00214427730893,5,0,2.0
RET-007472,ORD-003855,2022-06-27,CUST-00709,PROD-0410,Home,Changed Mind,857.8618143293745,97.55114527541194,5,0,3.0
RET-007473,ORD-003529,2022-09-03,CUST-01288,PROD-0104,Beauty,Not as Described,745.1808355993323,74.63818286814382,3,0,4.0
RET-007474,ORD-007044,2023-09-03,CUST-00044,PROD-0493,Beauty,Size Issue,57.256170826164,46.77588809526394,16,1,1.0
RET-007475,ORD-001031,2023-03-21,CUST-01904,PROD-0358,Beauty,Wrong Item,1292.838626299222,35.730192340917576,13,0,4.0
RET-007476,,2023-10-23,CUST-00452,PROD-0211,Home,Not as Described,1759.1872584928913,36.23614148248143,21,0,
RET-007477,ORD-009554,2024-03-28,CUST-00746,PROD-0158,Electronics,Defective,827.2740648179146,57.44996089174846,10,0,5.0
RET-007478,ORD-009184,2023-10-04,CUST-01903,,Clothing,Not as Described,206.02846129729207,89.6828892141355,15,0,5.0
RET-007479,ORD-005746,2023-01-31,CUST-01938,PROD-0129,Beauty,Defective,1891.821754475412,6.935862674928939,1,0,3.0
RET-007480,ORD-006322,2022-06-28,CUST-01688,PROD-0400,Electronics,Changed Mind,331.1882370432166,91.84333196212312,18,0,
RET-007481,ORD-001356,2023-10-07,CUST-01797,PROD-0362,Beauty,Not as Described,927.1465837584202,28.972396066312545,24,0,3.0
RET-007482,ORD-002412,2022-08-08,CUST-01646,PROD-0444,Beauty,Changed Mind,567.4478163941408,11.5445578415456,1,0,3.0
RET-007483,ORD-007681,2023-07-07,CUST-01429,PROD-0361,Electronics,Defective,838.3557131282998,44.398077542858225,8,0,1.0
RET-007484,ORD-001907,2023-08-19,CUST-00632,PROD-0042,Electronics,Defective,753.2482250423384,28.335840612990705,24,0,4.0
RET-007485,ORD-009675,2022-06-28,CUST-00121,PROD-0106,Electronics,Changed Mind,1205.045120144395,15.200914554316224,25,0,1.0
RET-007486,ORD-003109,2023-09-23,CUST-01793,PROD-0283,Home,Changed Mind,550.2161883386999,176.73954689400685,17,0,4.0
RET-007487,ORD-004133,2023-01-31,CUST-00872,PROD-0352,Home,Wrong Item,1044.639142323576,7.540012595161949,6,1,1.0
RET-007488,ORD-003039,2023-10-15,CUST-00912,PROD-0028,Clothing,Not as Described,688.8382101690833,78.56702262133281,27,0,4.0
RET-007489,ORD-005808,2023-11-18,CUST-00397,PROD-0098,Home,Defective,1642.6979595928638,5.853922978854731,21,1,4.0
RET-007490,ORD-004637,2023-05-13,CUST-01048,PROD-0145,Home,Defective,462.093115019899,15.468099104125098,19,0,1.0
RET-007491,ORD-004024,2022-07-27,CUST-00511,PROD-0127,Electronics,Defective,1072.9255218497733,42.40377353987018,4,0,4.0
RET-007492,ORD-001497,2023-05-10,CUST-00269,PROD-0319,Electronics,Not as Described,1295.0796116162524,62.23545114023491,0,1,4.0
RET-007493,ORD-009785,2022-09-17,CUST-00565,PROD-0136,Clothing,Size Issue,683.5175541439296,52.07081825105567,22,1,3.0
RET-007494,ORD-009967,2023-08-08,CUST-01925,PROD-0215,Home,Not as Described,819.6624966032485,86.03031525292036,26,0,1.0
RET-007495,ORD-008106,2023-10-18,CUST-01085,PROD-0015,Beauty,Changed Mind,1129.8492661777377,1.0264539440356102,16,0,1.0
RET-007496,ORD-003350,2023-06-10,CUST-00555,PROD-0480,Clothing,Size Issue,1188.2014538596359,66.1964066834514,26,0,1.0
RET-007497,ORD-004200,2022-08-11,CUST-00978,PROD-0009,Clothing,Changed Mind,1967.7090720721767,77.57041531852805,8,0,4.0
RET-007498,ORD-004387,,CUST-01121,PROD-0248,Home,Not as Described,1181.6403036844424,24.585026574411252,4,1,1.0
RET-007499,ORD-005776,2024-02-02,CUST-00623,PROD-0438,Electronics,Changed Mind,1451.0558208741274,9.21831455372093,1,1,3.0
RET-007500,ORD-005325,2023-05-03,CUST-00367,PROD-0194,Electronics,Size Issue,1835.8431971580098,74.68329432884099,22,0,5.0
RET-007501,ORD-004438,2024-03-24,CUST-00416,PROD-0011,Beauty,Size Issue,1895.4934597487402,65.86560532116496,23,0,5.0
RET-007502,ORD-007475,2022-08-07,CUST-00783,PROD-0135,Electronics,Wrong Item,494.90727651990085,49.364633855990306,5,0,1.0
RET-007503,ORD-002902,2022-12-29,CUST-01722,PROD-0282,Home,Wrong Item,1153.8156780866636,57.594562580034115,24,0,3.0
RET-007504,ORD-009404,2023-06-06,CUST-00622,PROD-0313,Home,Not as Described,671.7331317418872,29.64971896025842,27,0,3.0
RET-007505,ORD-005144,2023-10-22,CUST-00951,PROD-0404,Home,Wrong Item,321.59139503789487,48.38961096280183,13,0,2.0
RET-007506,,2023-04-03,CUST-01653,PROD-0448,Clothing,Changed Mind,1966.5978576595153,36.93939349692166,7,0,4.0
RET-007507,ORD-002027,2023-07-02,CUST-00164,PROD-0424,Electronics,Not as Described,62.76814011386256,68.16240834475735,13,0,3.0
RET-007508,ORD-001785,2024-03-15,CUST-01766,PROD-0058,Home,Defective,1501.948594838258,78.0887675777227,26,0,3.0
RET-007509,ORD-003680,2022-09-23,CUST-01615,PROD-0406,Beauty,Size Issue,388.8647035718046,11.889254332220888,10,0,2.0
RET-007510,ORD-009941,2023-12-16,CUST-00317,PROD-0195,Home,Size Issue,1430.0720458589433,59.45980984444884,16,0,4.0
RET-007511,ORD-000853,2023-08-10,CUST-01645,PROD-0427,Beauty,Not as Described,112.30301867296154,32.530125244524974,28,1,5.0
RET-007512,ORD-007144,2024-02-21,CUST-00202,PROD-0076,Beauty,Changed Mind,1587.6658928949962,89.60048940332254,28,0,4.0
RET-007513,ORD-001037,,CUST-01803,PROD-0237,Home,Wrong Item,1368.8184097576263,14.821113179714175,25,0,5.0
RET-007514,ORD-002725,2022-07-22,CUST-00053,PROD-0090,Home,Changed Mind,1730.4327530116896,310.26893826521393,10,0,3.0
RET-007515,ORD-009457,2024-01-26,CUST-01814,PROD-0302,Beauty,Wrong Item,707.4040787746441,8.131306399567395,14,0,2.0
RET-007516,ORD-003390,2023-09-27,CUST-01143,PROD-0483,Beauty,Changed Mind,1153.4541957941024,81.32260605395794,24,0,1.0
RET-007517,ORD-004839,2023-10-09,CUST-01625,PROD-0431,Electronics,Size Issue,1449.6538083900791,11.101178969219628,10,0,4.0
RET-007518,ORD-008252,2022-11-24,CUST-00860,PROD-0459,Beauty,Size Issue,1766.1512866482394,92.99908534798088,10,0,5.0
RET-007519,ORD-000832,2022-09-18,CUST-00749,PROD-0201,Clothing,Defective,1325.2809158780171,6.088561021664085,7,1,4.0
RET-007520,ORD-007414,2022-06-21,CUST-00008,PROD-0379,Electronics,Defective,406.1015798705568,76.54040102147323,11,0,2.0
RET-007521,ORD-004398,2023-12-30,CUST-01177,PROD-0041,Electronics,Size Issue,1574.9209279576517,25.09146343767883,11,0,5.0
RET-007522,ORD-001916,2024-01-15,CUST-00761,PROD-0159,Electronics,Changed Mind,1599.7905965196776,15.127517684369396,5,0,1.0
RET-007523,ORD-006156,2022-11-20,CUST-01464,PROD-0124,Home,Wrong Item,1924.2479237171422,24.700288521748227,15,1,1.0
RET-007524,ORD-009207,2024-04-26,CUST-00791,PROD-0393,Beauty,Wrong Item,414.2660895305943,18.65196264206138,22,0,1.0
RET-007525,ORD-000150,2024-02-23,CUST-01449,PROD-0255,Electronics,Defective,699.2052139109182,28.81298568920626,5,1,
RET-007526,ORD-008670,2024-02-09,CUST-00142,PROD-0055,Beauty,Size Issue,172.4303852562767,84.0180232628154,18,0,2.0
RET-007527,ORD-002038,2023-11-17,CUST-00749,PROD-0102,Beauty,Not as Described,435.65979719004525,75.55163196465546,26,0,1.0
RET-007528,ORD-009892,2023-05-22,CUST-01189,PROD-0328,Electronics,Defective,1655.0920536912904,14.715257768267175,16,1,4.0
RET-007529,ORD-002455,2022-12-02,CUST-01476,PROD-0388,Home,Defective,1876.075598420803,28.990708460712167,12,0,5.0
RET-007530,ORD-004685,2022-09-06,CUST-01639,PROD-0403,Clothing,Defective,1685.5455413058237,99.02092038457914,6,0,5.0
RET-007531,ORD-006418,2024-04-06,CUST-01940,PROD-0304,Beauty,Not as Described,1382.0441244930234,34.88786065213988,0,1,2.0
RET-007532,ORD-001352,2024-01-30,CUST-00068,PROD-0075,Beauty,Not as Described,1896.35194856843,48.736421489980366,23,1,4.0
RET-007533,ORD-008278,2023-03-24,CUST-01503,PROD-0117,Clothing,Size Issue,1551.1706294074386,35.60283516415903,10,0,1.0
RET-007534,ORD-006236,2024-04-14,CUST-01020,PROD-0450,Home,Defective,949.8449772087316,26.547412584771124,9,0,3.0
RET-007535,ORD-004838,2023-02-22,CUST-01182,PROD-0318,Electronics,Wrong Item,939.4593590656124,63.1477577891577,17,1,3.0
RET-007536,ORD-003803,2022-12-17,CUST-01050,PROD-0137,Electronics,Size Issue,1848.8643059974968,73.58342632565399,9,1,3.0
RET-007537,ORD-006397,2023-03-23,CUST-00264,PROD-0330,Home,Wrong Item,1218.4994431945922,9.244669251900827,24,1,5.0
RET-007538,ORD-006995,2023-01-28,CUST-00461,,Home,Wrong Item,1494.4147113385864,84.27624644872931,24,0,1.0
RET-007539,,2022-06-06,CUST-00412,PROD-0248,Beauty,Size Issue,1661.5860499615696,35.80872660628385,6,0,2.0
RET-007540,ORD-000806,2024-04-13,CUST-00692,PROD-0215,Home,Size Issue,52.862394556925985,38.682024544430604,29,0,2.0
RET-007541,ORD-000696,2022-12-15,CUST-01507,PROD-0400,Electronics,Defective,1535.9727146005491,57.44107736474947,28,0,5.0
RET-007542,ORD-005094,2023-04-18,CUST-00860,PROD-0157,Clothing,Not as Described,1095.641198586379,91.0698941767483,23,0,3.0
RET-007543,ORD-003368,2023-10-07,CUST-01574,PROD-0401,Beauty, Defective ,976.9746190709335,64.09968605480832,13,0,
RET-007544,ORD-005604,2023-04-08,CUST-01640,PROD-0225,Home,Wrong Item,1558.8670777356676,9.01380982948281,4,0,4.0
RET-007545,ORD-001490,2022-07-07,CUST-00318,PROD-0361,Beauty,Size Issue,1998.0740784315317,3.9504711268273485,4,1,4.0
RET-007546,ORD-008679,2023-11-27,CUST-00743,PROD-0361,Beauty,Defective,131.41588234795475,1.6329009947728124,10,0,2.0
RET-007547,ORD-003772,2023-05-23,CUST-00682,PROD-0057,Beauty,Defective,1872.0442177197767,63.490051905062515,26,1,1.0
RET-007548,ORD-003650,2024-02-13,CUST-01615,PROD-0362,Beauty,Not as Described,1982.0724714849227,44.84238826659093,5,0,2.0
RET-007549,ORD-007500,2023-08-15,CUST-00437,PROD-0422,Electronics,Defective,883.9177556533409,34.32646055017974,0,0,4.0
RET-007550,ORD-007561,2022-06-04,CUST-00356,PROD-0238,Home,Not as Described,214.22052887530336,7.992358140847,7,0,3.0
RET-007551,ORD-006905,2023-01-14,CUST-01330,PROD-0060,Electronics,Changed Mind,375.99899691437344,16.110561037938908,18,1,2.0
RET-007552,ORD-005307,2023-11-12,CUST-01395,PROD-0096,Electronics,Size Issue,1300.0921151586074,30.366617156332353,24,1,5.0
RET-007553,ORD-001643,2022-10-08,CUST-01124,PROD-0470,Electronics,Defective,624.5614556354935,53.562234851446846,17,0,4.0
RET-007554,ORD-001582,2024-01-23,CUST-01789,PROD-0286,Beauty,Defective,1706.7023462667173,31.491502715371368,8,1,5.0
RET-007555,ORD-004965,2023-06-07,CUST-00611,PROD-0420,Beauty,Wrong Item,1519.4311038305768,5.298907783440443,13,1,2.0
RET-007556,ORD-007234,2023-12-29,CUST-01917,PROD-0089,Clothing,Defective,1769.01945809315,89.63041653235304,24,0,1.0
RET-007557,ORD-008644,2023-11-07,CUST-01840,PROD-0225,Electronics,Wrong Item,1842.2815092864828,9.240915323521248,4,0,3.0
RET-007558,ORD-007218,2024-02-25,CUST-01928,PROD-0469,Beauty,Size Issue,1233.0254537997719,68.99508461507945,6,1,4.0
RET-007559,ORD-002279,2023-08-08,CUST-00955,PROD-0239,Electronics,Size Issue,1033.5206439794063,35.88996486763561,13,0,1.0
RET-007560,ORD-006778,2024-01-07,CUST-00885,PROD-0496,Electronics,Wrong Item,370.8590010486165,28.525655048355812,7,1,1.0
RET-007561,ORD-002634,2023-12-10,CUST-01354,PROD-0293,Home,Defective,1903.2838363759945,97.36665344832535,3,0,1.0
RET-007562,ORD-003490,2024-03-18,CUST-01760,PROD-0280,Beauty,Defective,120.91412418723421,88.81660806895198,14,0,2.0
RET-007563,ORD-002915,2023-09-20,CUST-01589,PROD-0439,Home,Size Issue,876.3953969381406,33.132349414294474,16,0,4.0
RET-007564,ORD-004869,2022-06-13,CUST-00679,PROD-0185,Beauty,Changed Mind,1578.6849944346816,28.590223381069467,18,0,2.0
RET-007565,ORD-004147,2024-03-22,CUST-00185,PROD-0099,Beauty,Not as Described,419.4340112289804,52.222085195101165,23,0,3.0
RET-007566,ORD-003224,2023-12-03,CUST-00305,PROD-0335,Beauty,Changed Mind,912.1478965154582,69.5193332204472,12,0,1.0
RET-007567,ORD-002843,2023-08-06,CUST-00024,PROD-0407,Electronics,Defective,331.31222386299726,88.39170623647567,27,0,1.0
RET-007568,ORD-006487,2023-12-06,CUST-00702,PROD-0215,Home,Defective,1026.020263208733,44.717165779615605,24,0,3.0
RET-007569,ORD-000946,2023-02-04,CUST-00844,,Clothing,Size Issue,453.59853876704,7.331869988930362,9,1,5.0
RET-007570,ORD-005239,2023-12-04,CUST-00948,PROD-0047,Beauty,Not as Described,496.97533579107045,97.14427778785932,19,0,5.0
RET-007571,ORD-009134,2023-11-08,CUST-00367,PROD-0115,Clothing,Not as Described,1721.085313929939,66.35433083085614,4,1,4.0
RET-007572,ORD-008568,2023-04-23,CUST-00578,PROD-0183,Clothing,Defective,1450.0840705739383,10.5808462097867,6,1,2.0
RET-007573,ORD-000782,2023-05-07,CUST-00232,PROD-0373,Clothing,Defective,1894.593000697714,58.89440147548973,23,0,1.0
RET-007574,ORD-001695,2023-04-22,CUST-00971,PROD-0248,Electronics,Defective,1809.007121531655,95.18234043583311,28,0,5.0
RET-007575,ORD-006491,2024-03-31,CUST-00429,PROD-0077,Home,Wrong Item,33.11668255488328,77.32861824028106,16,0,1.0
RET-007576,ORD-004483,2023-10-26,CUST-01382,PROD-0022,Electronics,Defective,1377.4274906768283,66.08630549703874,7,0,3.0
RET-007577,ORD-006675,2024-04-09,CUST-01926,PROD-0493,Home,Changed Mind,1327.629451232035,92.21029273631598,4,1,1.0
RET-007578,,2023-05-16,CUST-00332,PROD-0043,Electronics,Not as Described,106.57231965472641,91.5729574031715,17,0,3.0
RET-007579,ORD-004532,,CUST-01800,PROD-0492,Home,Size Issue,1891.0664617796772,3.468253618031547,29,0,2.0
RET-007580,ORD-006638,2024-03-25,CUST-01860,PROD-0481,Beauty,Wrong Item,1474.5296952648298,44.35581218477562,10,0,3.0
RET-007581,ORD-001037,2023-05-23,CUST-00877,PROD-0375,Electronics,Changed Mind,1320.3658708383075,22.957823841211788,25,0,4.0
RET-007582,ORD-003229,2022-12-15,CUST-01443,PROD-0075,Electronics,Size Issue,493.4105990576617,2.5083053791420618,0,1,5.0
RET-007583,ORD-002873,2022-08-08,CUST-00499,PROD-0140,Electronics,Not as Described,1719.6625607397514,13.261568673113167,13,0,1.0
RET-007584,ORD-007115,2022-12-13,CUST-01050,PROD-0212,Beauty,Wrong Item,1030.189947056825,52.965102913857685,28,0,
RET-007585,,2024-01-01,CUST-00928,,Electronics,Defective,1609.103679945928,2.6424229218258155,16,0,2.0
RET-007586,ORD-000819,2023-02-02,CUST-00911,PROD-0219,Electronics,Defective,427.7480919902338,81.62569045014935,8,1,4.0
RET-007587,ORD-006310,2022-08-06,CUST-00863,PROD-0261,Electronics,Size Issue,665.0063762004652,85.54081302687379,14,0,4.0
RET-007588,ORD-007834,2022-12-24,CUST-00981,PROD-0330,Beauty,Changed Mind,1818.716598935094,0.39724954655994127,21,1,3.0
RET-007589,ORD-003813,2022-07-23,CUST-00378,PROD-0071,Clothing,Wrong Item,1325.5747329558367,25.49692215455418,15,0,5.0
RET-007590,ORD-009066,2024-01-17,CUST-00319,PROD-0129,Home,Size Issue,1346.3599607482804,95.1209799453998,17,1,2.0
RET-007591,ORD-002684,2023-02-16,CUST-00405,PROD-0384,Home,Not as Described,1759.226306678123,49.395556731587085,19,0,2.0
RET-007592,ORD-004889,2023-11-05,CUST-01585,PROD-0020,Beauty,Defective,63.325223403619084,54.32879931728321,23,0,1.0
RET-007593,ORD-007847,2022-11-21,CUST-00636,PROD-0413,Electronics,Size Issue,1505.657610212101,24.503763893820885,6,0,5.0
RET-007594,ORD-009092,2024-02-08,CUST-00394,PROD-0314,Home,Wrong Item,1860.1382195692502,47.515716520020575,22,1,4.0
RET-007595,ORD-008026,2023-12-24,CUST-00396,PROD-0023,Clothing,Wrong Item,1950.5538804194375,94.52298511126754,15,0,
RET-007596,ORD-003003,2022-11-09,CUST-00357,PROD-0323,Electronics,Wrong Item,132.04211697499807,37.291041784418034,28,0,4.0
RET-007597,ORD-001838,2022-06-08,CUST-00573,PROD-0319,Home,Not as Described,878.9799207283851,37.89829990861162,22,0,4.0
RET-007598,ORD-005669,2022-12-03,CUST-01380,PROD-0411,Beauty,Size Issue,651.0668253518731,90.13347438108941,20,0,4.0
RET-007599,ORD-006213,2022-10-20,CUST-00869,PROD-0343,Electronics,Size Issue,444.51566464230166,34.32660887356976,12,0,3.0
RET-007600,ORD-007385,2023-09-13,CUST-00779,,Clothing,Defective,1466.5109786984688,75.72878522413555,18,0,4.0
RET-007601,ORD-006329,2024-02-19,CUST-00692,PROD-0041,Electronics,Not as Described,1696.9267619071893,61.52292819147364,5,1,
RET-007602,ORD-003997,2023-11-13,CUST-01834,PROD-0412,Electronics,Defective,741.3109670981811,24.425962033527192,20,0,
RET-007603,ORD-005359,2024-03-09,CUST-00408,PROD-0493,Clothing,Not as Described,562.5633496460704,92.54678056172465,22,0,1.0
RET-007604,,2023-08-26,CUST-01942,PROD-0459,Beauty,Not as Described,692.7058002601317,46.85177452930343,18,1,5.0
RET-007605,ORD-003720,2024-04-19,CUST-01046,PROD-0127,Clothing,Changed Mind,1208.842020481173,57.2197504896984,5,1,4.0
RET-007606,ORD-005501,2022-09-06,CUST-01787,PROD-0298,Electronics,Not as Described,483.0795432649806,79.02399054974579,27,0,5.0
RET-007607,ORD-009307,2023-08-01,CUST-00106,PROD-0215,Beauty,Size Issue,1655.882374291656,45.25765194863796,27,0,1.0
RET-007608,ORD-009093,2023-11-09,CUST-01664,PROD-0160,Home,Wrong Item,1689.7681090100104,45.14784371974616,14,1,5.0
RET-007609,ORD-001594,2023-12-24,CUST-01456,PROD-0484,Home,Changed Mind,1825.9161569411565,40.63210197944825,15,0,1.0
RET-007610,ORD-003030,2023-01-01,CUST-01425,PROD-0290,Clothing,Changed Mind,1889.3717097210683,56.56702572046019,28,0,3.0
RET-007611,ORD-002184,2023-01-03,CUST-01150,PROD-0189,Electronics,Changed Mind,1017.6700185316013,13.632162442655481,8,0,3.0
RET-007612,ORD-000220,2024-02-10,CUST-00668,PROD-0081,Beauty,Defective,1059.0648822940293,87.15912795732139,7,1,5.0
RET-007613,ORD-007105,2023-02-12,CUST-00251,PROD-0051,Electronics,Size Issue,1292.4242823821046,89.69224693548176,17,0,1.0
RET-007614,ORD-009344,2024-03-12,CUST-00388,PROD-0209,Electronics,Defective,1387.3310310421234,97.62168311683182,17,0,3.0
RET-007615,ORD-002262,2023-06-28,CUST-01052,PROD-0476,Beauty,Size Issue,50.73657850744925,61.99199423863914,12,0,4.0
RET-007616,ORD-007269,2022-06-09,CUST-00578,PROD-0344,Electronics,Defective,1652.9305699586048,90.27137281722132,9,0,4.0
RET-007617,,2023-09-13,CUST-00925,PROD-0261,Clothing,Size Issue,1573.711824766991,19.106404167988135,3,0,4.0
RET-007618,ORD-001879,2023-03-30,CUST-00558,PROD-0189,Clothing,Wrong Item,1198.9811782710299,26.28256430938556,9,1,1.0
RET-007619,ORD-003086,2022-10-31,CUST-00409,PROD-0154,Beauty,Not as Described,362.2870541088271,77.19383773355419,21,0,3.0
RET-007620,ORD-005129,2024-01-17,CUST-01857,PROD-0206,Home,Wrong Item,1878.7067411566488,78.94934938401991,28,0,1.0
RET-007621,ORD-007345,2023-10-19,CUST-00024,PROD-0455,Electronics,Defective,1086.054028344754,64.79007889225419,11,1,3.0
RET-007622,ORD-009451,2022-07-22,CUST-01166,PROD-0480,Clothing,Size Issue,1922.7410162781603,77.18884833994693,10,0,3.0
RET-007623,ORD-001777,2024-03-13,CUST-00069,PROD-0466,Clothing,Defective,1328.0324946689523,58.23549716131844,14,0,5.0
RET-007624,ORD-005079,2023-03-12,CUST-01496,PROD-0153,Beauty,Not as Described,1364.1932295511533,76.53454958126879,20,1,1.0
RET-007625,ORD-004811,2022-08-25,CUST-01076,PROD-0270,Beauty,Defective,1938.9480403531643,28.449507772813533,17,0,1.0
RET-007626,ORD-002858,2022-12-21,CUST-01343,PROD-0364,Clothing,Defective,1950.1160386248093,27.50699355674605,18,1,2.0
RET-007627,ORD-006275,2023-06-23,CUST-01427,PROD-0460,Home,Defective,885.5064638746185,45.486065657947385,19,0,2.0
RET-007628,ORD-009247,2023-05-18,CUST-00865,PROD-0379,Clothing,Defective,1060.7955883303546,16.824788879555275,9,1,4.0
RET-007629,ORD-003686,2023-05-25,CUST-01106,PROD-0119,Clothing,Defective,991.9624598731697,19.862767918171365,23,0,5.0
RET-007630,ORD-007171,2023-08-25,CUST-01232,PROD-0013,Electronics,Changed Mind,676.0133832292678,56.635408437091805,5,0,1.0
RET-007631,ORD-004788,2024-04-18,CUST-01812,PROD-0398,Electronics,Size Issue,221.4876105814522,72.00061610127487,2,0,1.0
RET-007632,ORD-000842,2024-02-02,CUST-01241,PROD-0402,Electronics,Wrong Item,1969.1834916356438,98.33145192887991,19,0,1.0
RET-007633,ORD-000856,2022-07-13,CUST-01458,PROD-0200,Home,Size Issue,1903.134655199906,49.78875369249497,13,0,2.0
RET-007634,,2022-07-09,CUST-00890,PROD-0123,Clothing,Defective,253.6320519108902,66.19344980250142,9,0,1.0
RET-007635,ORD-009269,2023-01-16,CUST-01240,PROD-0062,Electronics,Changed Mind,1551.1832565890145,45.73381394406586,16,1,2.0
RET-007636,ORD-000053,2024-03-06,CUST-00761,PROD-0431,Electronics,Not as Described,1090.066977209295,25.187874626458793,7,0,2.0
RET-007637,ORD-000767,2022-12-22,CUST-01634,PROD-0492,Clothing,Changed Mind,407.0601267173937,12.794053020655682,19,0,3.0
RET-007638,ORD-002453,2022-09-03,CUST-01232,PROD-0335,Beauty,Not as Described,669.009494174341,68.36183437782002,0,0,2.0
RET-007639,ORD-000609,2022-12-09,CUST-01814,PROD-0063,Home,Size Issue,655.6156326115481,83.43659036611794,25,0,1.0
RET-007640,ORD-004233,2023-12-25,CUST-01970,PROD-0239,Home,Defective,1966.2843001495419,42.738328547730966,15,1,2.0
RET-007641,ORD-006605,2024-03-18,CUST-00586,PROD-0118,Electronics,Not as Described,1236.9934748358794,97.08885221860119,15,1,3.0
RET-007642,ORD-004733,2022-07-11,CUST-01617,PROD-0042,Home,Wrong Item,1537.8643641644082,62.84752518602985,17,1,3.0
RET-007643,ORD-002013,2023-07-23,CUST-00444,PROD-0248,Electronics,Size Issue,101.82910821060834,60.527887588276066,3,0,2.0
RET-007644,ORD-002148,2023-01-19,CUST-01792,PROD-0252,Electronics,Wrong Item,1645.7197068611636,48.76527059231838,17,1,2.0
RET-007645,ORD-007338,2022-08-21,CUST-00128,PROD-0316,Home,Wrong Item,296.5191473116855,79.35237799354825,21,0,2.0
RET-007646,ORD-002918,2023-04-22,CUST-00962,PROD-0090,Clothing,Defective,740.6235954935022,78.2716886430924,9,0,4.0
RET-007647,ORD-004958,2023-02-17,CUST-01301,PROD-0144,Clothing,Defective,1096.2476115169086,89.8105535122222,10,0,5.0
RET-007648,ORD-000613,2024-01-11,CUST-01913,PROD-0436,Clothing,Size Issue,760.0624219276879,98.50414043579715,4,0,4.0
RET-007649,ORD-002233,2023-12-06,CUST-01067,PROD-0138,Clothing,Changed Mind,252.45921668902366,2.100841363448458,10,1,3.0
RET-007650,ORD-006990,2023-04-19,CUST-00639,PROD-0263,Home,Wrong Item,1309.652031501637,83.2869006537575,11,0,5.0
RET-007651,ORD-004992,2022-09-23,CUST-01303,PROD-0113,Beauty,Wrong Item,1756.6850067333344,89.39776251683605,28,0,3.0
RET-007652,ORD-002643,2023-04-29,CUST-01317,PROD-0410,Home,Not as Described,1507.6010025599578,73.36985955606023,6,0,2.0
RET-007653,ORD-008380,2022-08-16,CUST-00136,PROD-0267,Home,Defective,820.1232634257459,24.926447304538556,14,0,5.0
RET-007654,ORD-005932,2022-09-30,CUST-01333,PROD-0303,Clothing,Changed Mind,1887.724761349563,34.365758280864334,17,1,5.0
RET-007655,ORD-005714,2024-01-31,CUST-01162,,Electronics,Defective,289.4143237908687,41.83029585692785,16,0,2.0
RET-007656,ORD-008818,2023-09-28,CUST-01164,PROD-0491,Clothing,Defective,1080.0023922404635,0.6752085652129147,29,0,1.0
RET-007657,ORD-002532,2022-06-17,CUST-00573,PROD-0160,Home,Changed Mind,363.38120595429547,72.09257730563615,27,0,1.0
RET-007658,ORD-006029,2022-06-08,CUST-00441,PROD-0056,Clothing,Not as Described,475.5865890583963,8.648688258000703,25,0,3.0
RET-007659,ORD-004360,2023-01-12,CUST-00253,PROD-0088,Home,Not as Described,362.3258017199377,43.426821245906176,29,0,2.0
RET-007660,ORD-004005,2022-12-13,CUST-01091,PROD-0050,Electronics,Not as Described,289.26344435407225,71.81454824441775,13,1,3.0
RET-007661,ORD-003132,2023-04-08,CUST-01182,PROD-0409,Clothing,Size Issue,538.3400218600528,51.33829738997085,7,0,5.0
RET-007662,ORD-007877,2023-06-28,CUST-00996,PROD-0034,Beauty,Not as Described,1297.859694733911,99.85930711992343,29,0,4.0
RET-007663,ORD-003868,2024-03-09,CUST-01732,PROD-0315,Electronics,Wrong Item,686.1626792193412,45.332458659448314,0,0,5.0
RET-007664,ORD-000712,2023-11-08,CUST-00512,PROD-0100,Home,Size Issue,1631.026425854703,42.71618686414165,25,0,2.0
RET-007665,ORD-006365,2023-07-27,CUST-01085,PROD-0165,Electronics,Size Issue,1531.309574077454,3.8287670779232896,29,1,1.0
RET-007666,ORD-004595,2023-10-03,CUST-00220,PROD-0009,Home,Not as Described,1660.1782741801023,89.10251357602928,0,0,2.0
RET-007667,ORD-004700,2023-01-26,CUST-01668,PROD-0318,Clothing,Wrong Item,1576.676064993795,8.121373587214553,2,1,3.0
RET-007668,ORD-008350,2023-02-09,CUST-00474,PROD-0225,Electronics,Not as Described,1531.0672461860865,73.73586725367251,22,0,3.0
RET-007669,ORD-004949,2023-07-05,CUST-01045,PROD-0156,Beauty,Changed Mind,1522.3948534149324,79.3433525705715,18,1,5.0
RET-007670,ORD-007677,2022-09-20,CUST-01353,PROD-0177,Beauty,Size Issue,985.6182760871491,50.710926858439805,23,0,5.0
RET-007671,ORD-002968,2022-10-15,CUST-00261,PROD-0167,Clothing,Not as Described,352.1794076432837,88.07826089907488,13,0,5.0
RET-007672,ORD-005876,2024-01-18,CUST-00308,PROD-0500,Clothing,Wrong Item,170.37706270974934,8.969556241596488,19,0,3.0
RET-007673,ORD-001612,2022-08-02,CUST-00685,PROD-0475,Beauty,Wrong Item,595.592057263283,65.128532778329,27,1,4.0
RET-007674,ORD-006065,2022-12-28,CUST-00124,PROD-0191,Clothing,Size Issue,308.3464478735817,91.39294717541443,23,1,4.0
RET-007675,ORD-001627,,CUST-01106,PROD-0171,Electronics,Defective,695.1760138219835,60.20102332819026,8,0,4.0
RET-007676,ORD-002456,2024-04-10,CUST-00375,PROD-0133,Electronics,Defective,1513.5297761543527,5.960536978369435,16,0,4.0
RET-007677,ORD-000930,2024-04-10,CUST-01585,PROD-0382,Beauty,Changed Mind,339.22712153306713,66.6896527458792,21,1,3.0
RET-007678,ORD-002728,2023-10-05,CUST-01848,PROD-0375,Electronics,Size Issue,1559.901588101095,62.17847604326655,11,0,2.0
RET-007679,ORD-002411,2023-02-05,CUST-00002,PROD-0291,Electronics,Not as Described,60.87504083074872,5.262912833294553,26,0,2.0
RET-007680,ORD-006393,2023-08-23,CUST-00018,PROD-0339,Home,Changed Mind,934.3824038580037,61.79087729537199,23,1,3.0
RET-007681,ORD-000983,2023-11-03,CUST-00850,PROD-0480,Home,Not as Described,284.46612358885415,42.981294776012525,16,0,5.0
RET-007682,ORD-007831,,CUST-00749,PROD-0497,Beauty,Wrong Item,213.58476085718914,78.90527812700469,29,0,2.0
RET-007683,ORD-004666,2024-02-27,CUST-00965,PROD-0494,Electronics,Size Issue,694.8188216177206,44.1638479128843,23,1,4.0
RET-007684,ORD-000540,2022-09-30,CUST-00249,PROD-0374,Clothing,Size Issue,138.28020848252783,82.53847130778112,13,0,4.0
RET-007685,ORD-003138,2023-04-20,CUST-00011,PROD-0404,Home,Defective,1324.300925728421,66.4925065393513,27,0,4.0
RET-007686,ORD-004074,2023-09-15,CUST-01492,PROD-0320,Electronics,DEFECTIVE,1009.9239530459772,80.06745730823638,12,0,5.0
RET-007687,ORD-004813,2022-06-29,CUST-00257,PROD-0078,Electronics,Defective,1901.9645009853912,61.71054976255398,6,0,2.0
RET-007688,ORD-008215,2023-11-29,CUST-00279,PROD-0327,Home,Wrong Item,1351.1919350632247,97.63898007410435,13,0,4.0
RET-007689,ORD-007567,2022-11-13,CUST-00191,PROD-0372,Clothing,Changed Mind,579.8570895982913,3.777531081419394,11,0,4.0
RET-007690,ORD-006688,2022-07-22,CUST-00991,PROD-0392,Electronics,Not as Described,1360.7835017306036,6.382863152617169,20,0,1.0
RET-007691,ORD-005820,2024-03-26,CUST-01972,PROD-0463,Electronics,Changed Mind,1694.3634674928353,30.777377388482684,11,1,3.0
RET-007692,ORD-005316,2023-12-29,CUST-01749,PROD-0040,Electronics,Defective,955.3557181801574,45.4690142036026,14,0,1.0
RET-007693,ORD-003616,2023-03-18,CUST-00053,PROD-0061,Beauty,Not as Described,1243.258060031266,56.5751712920606,9,1,3.0
RET-007694,ORD-005735,2024-03-28,CUST-01215,PROD-0296,Beauty,Wrong Item,1988.9750005194448,46.123361923664554,22,0,2.0
RET-007695,ORD-009442,2022-12-07,CUST-01869,PROD-0259,Clothing,Not as Described,1681.9947684797958,35.455699919808225,6,0,3.0
RET-007696,ORD-002878,2023-09-28,CUST-00132,PROD-0032,Clothing,Defective,671.1107498663132,85.07046932610201,12,1,2.0
RET-007697,ORD-009443,2024-02-24,CUST-01725,PROD-0156,Beauty,Not as Described,689.4675420757175,60.46289145463911,18,0,2.0
RET-007698,ORD-000256,2023-01-18,CUST-01448,PROD-0024,Electronics,Size Issue,1188.7291643333697,26.966249593897153,12,0,3.0
RET-007699,ORD-002190,2023-07-23,CUST-00637,PROD-0456,Beauty,Defective,1719.135381654528,63.68041202521822,19,1,1.0
RET-007700,ORD-008221,2023-01-13,CUST-00813,PROD-0027,Electronics,Defective,894.0917292240023,81.3807543636952,15,1,4.0
RET-007701,ORD-009917,2023-12-17,CUST-01445,PROD-0243,Beauty,Defective,1190.8133951204627,97.21191335498627,13,0,1.0
RET-007702,ORD-001447,2024-04-21,CUST-01912,PROD-0062,Clothing,Size Issue,1498.9833232548579,76.29204762637288,12,0,1.0
RET-007703,ORD-007268,2022-10-11,CUST-01239,PROD-0251,Home,Changed Mind,1447.863703237049,49.48723469733054,20,0,4.0
RET-007704,ORD-005173,2023-09-24,CUST-00281,PROD-0432,Electronics,Changed Mind,569.6244941791891,72.39024002742472,28,0,3.0
RET-007705,ORD-000068,2023-09-21,CUST-01943,PROD-0006,Home,Defective,358.36898191182564,74.51379907177173,2,0,1.0
RET-007706,ORD-008419,2023-03-04,CUST-01319,PROD-0499,Beauty,Wrong Item,95.75203024764745,34.47928709471449,12,0,4.0
RET-007707,ORD-002658,2023-05-19,CUST-00466,PROD-0251,Electronics,Defective,1490.480514034442,63.43982085837574,8,0,
RET-007708,ORD-007140,2023-12-06,CUST-01886,PROD-0131,Clothing,Wrong Item,488.78454913400003,61.04739578776036,27,1,3.0
RET-007709,ORD-008510,2024-03-26,CUST-01715,PROD-0274,Clothing,Wrong Item,1981.2630040178854,37.55949759539302,11,0,4.0
RET-007710,ORD-007582,2023-11-07,CUST-00596,PROD-0380,Electronics,Not as Described,659.9110915513303,16.84171162487371,9,0,5.0
RET-007711,ORD-007489,,CUST-01888,PROD-0107,Clothing,Changed Mind,1746.4559161516122,61.64473163617459,24,0,5.0
RET-007712,ORD-008006,2024-03-22,CUST-01959,PROD-0357,Home,Changed Mind,343.0375692029004,89.83428128973033,6,1,4.0
RET-007713,ORD-001427,2022-07-06,CUST-01152,PROD-0321,Electronics,Wrong Item,929.8644941706422,74.84356123613132,17,0,5.0
RET-007714,ORD-009426,2024-03-04,CUST-01180,PROD-0363,Electronics,Changed Mind,1885.9751179300306,55.194483821835405,12,0,5.0
RET-007715,ORD-001122,2022-10-21,CUST-00536,PROD-0030,Electronics,Changed Mind,462.5295892290834,78.65600121024374,11,0,1.0
RET-007716,ORD-009826,2024-02-10,CUST-01732,PROD-0088,Beauty,Defective,814.4622789022279,73.21546618971755,4,0,4.0
RET-007717,ORD-008716,2023-08-03,CUST-00984,PROD-0279,Home,Size Issue,1368.8900061676813,87.77341951747978,15,0,2.0
RET-007718,ORD-003451,2023-10-26,CUST-00151,PROD-0103,Beauty,Changed Mind,276.4109298959178,59.32657337247367,27,1,5.0
RET-007719,ORD-006187,2022-09-15,CUST-00266,PROD-0084,Home,Wrong Item,854.3639919440476,40.16513162249677,9,0,3.0
RET-007720,ORD-003156,2022-08-02,CUST-00400,PROD-0001,Home,Changed Mind,339.9186286712931,37.54648902496286,6,0,3.0
RET-007721,ORD-009260,2024-02-21,CUST-00288,PROD-0226,Beauty,Size Issue,1083.5217241354894,83.05974089902037,21,0,1.0
RET-007722,ORD-002442,2023-03-27,CUST-01917,PROD-0080,Clothing,Changed Mind,1479.6895593282777,79.05013751767459,19,1,5.0
RET-007723,ORD-007587,2023-03-01,CUST-00899,PROD-0421,Beauty,Wrong Item,1877.7738392889955,51.08237980127854,19,1,2.0
RET-007724,ORD-004544,2023-01-27,CUST-01154,PROD-0257,Clothing,Wrong Item,1414.3894072893356,97.22586096697505,24,0,5.0
RET-007725,ORD-006450,2023-07-20,CUST-01174,PROD-0150,Clothing,Changed Mind,1604.2472390823923,58.623002482279674,6,1,1.0
RET-007726,ORD-003866,2022-12-31,CUST-01159,PROD-0002,Home,Not as Described,1962.7606417839731,44.468596024022546,16,0,2.0
RET-007727,ORD-002941,2023-01-06,CUST-00391,PROD-0068,Beauty,Size Issue,1783.2159028759734,72.36759927008153,10,0,3.0
RET-007728,ORD-008226,2023-12-30,CUST-01339,PROD-0221,Electronics,Changed Mind,19.402272846310858,57.050260559191756,7,1,2.0
RET-007729,ORD-003010,2024-04-01,CUST-00637,PROD-0336,Clothing,Changed Mind,1263.3033111351763,5.984653316089572,16,0,1.0
RET-007730,ORD-006322,2023-10-11,CUST-00792,PROD-0154,Beauty,Wrong Item,412.2427144140225,41.70467562838909,26,1,4.0
RET-007731,ORD-005572,2022-12-05,CUST-01695,PROD-0313,Home,Wrong Item,1058.073373939802,14.643400612706225,2,1,3.0
RET-007732,ORD-009665,2024-04-19,CUST-00154,PROD-0402,Clothing,Not as Described,299.67974090527144,42.47528348598374,26,0,2.0
RET-007733,ORD-009416,2023-04-11,CUST-00633,PROD-0328,Home,Defective,1369.6463330517709,89.52224183885211,16,1,5.0
RET-007734,ORD-008382,2023-04-03,CUST-01736,PROD-0214,Home,Wrong Item,213.00307378544457,5.241333145326155,19,0,5.0
RET-007735,ORD-003877,2022-10-11,CUST-00372,PROD-0188,Electronics,Defective,1332.9695046618447,84.45655551997969,10,0,5.0
RET-007736,ORD-009136,2024-05-01,CUST-00886,PROD-0323,Clothing,Wrong Item,840.8355496361594,54.703180968820384,4,1,1.0
RET-007737,ORD-007145,2022-12-12,CUST-00798,PROD-0131,Electronics,Wrong Item,522.373520665382,27.806500907457988,11,0,2.0
RET-007738,ORD-007967,2023-09-26,CUST-00717,PROD-0256,Beauty,Defective,232.233832289662,69.88968521863019,21,0,2.0
RET-007739,ORD-003777,2022-10-12,CUST-01388,PROD-0480,Electronics,Size Issue,1241.0479420322986,67.2362065326096,2,0,5.0
RET-007740,ORD-007816,2022-11-17,CUST-00755,PROD-0220,Beauty,Not as Described,1532.1244905430233,76.33081262158274,0,0,2.0
RET-007741,ORD-009089,2023-06-24,CUST-01520,PROD-0189,Beauty,Changed Mind,47.616034749956306,4.547242327650636,2,0,1.0
RET-007742,ORD-002233,2023-12-05,CUST-01798,PROD-0269,beauty,Size Issue,132.0992470463225,42.315471626547264,17,0,
RET-007743,ORD-004970,2022-11-24,CUST-00080,PROD-0099,Home,Not as Described,1618.8376197167631,420.95199448087095,15,0,1.0
RET-007744,ORD-003452,2024-02-12,CUST-01438,PROD-0428,Clothing,Wrong Item,1811.3170254582833,73.052162641242,8,0,1.0
RET-007745,ORD-004819,2022-07-16,CUST-00944,PROD-0472,Home,Wrong Item,665.1427584351618,45.79627095891531,11,0,3.0
RET-007746,ORD-008346,2023-03-05,CUST-01529,PROD-0356,Clothing,Not as Described,1178.606717441788,23.526347513628785,1,0,3.0
RET-007747,ORD-004262,2022-06-30,CUST-00172,,Home,Wrong Item,1252.2192158689754,62.62559624022135,23,0,1.0
RET-007748,ORD-003940,2023-12-31,CUST-00005,PROD-0160,Clothing,Size Issue,520.7129627306024,59.98004487350783,14,0,
RET-007749,ORD-005043,2023-01-19,CUST-00403,PROD-0032,Electronics,Defective,1439.9146779998905,30.86921842351783,11,0,2.0
RET-007750,ORD-008110,2023-07-17,CUST-00626,PROD-0402,Beauty,Wrong Item,1562.8691857178455,57.79205933071789,10,1,3.0
RET-007751,,2023-12-20,CUST-00039,PROD-0233,Home,Defective,769.040349994121,84.64452431748423,6,1,3.0
RET-007752,ORD-005700,2023-01-04,CUST-01343,PROD-0441,Clothing,Wrong Item,1420.5218370214197,60.216660826154566,22,0,1.0
RET-007753,ORD-001157,2023-07-15,CUST-00867,PROD-0012,Beauty,Size Issue,1847.660227090258,19.03339141499697,15,0,3.0
RET-007754,ORD-008223,2023-03-29,CUST-00386,PROD-0384,Beauty,Not as Described,1207.0305612411737,98.40195861887476,23,1,4.0
RET-007755,ORD-006518,2024-03-29,CUST-01399,PROD-0359,Clothing,Size Issue,1344.7537032795187,28.938489658629464,22,0,5.0
RET-007756,ORD-000317,2022-12-03,CUST-00308,PROD-0179,Home,Wrong Item,1834.2318332050627,58.342458790205285,1,0,2.0
RET-007757,ORD-004067,2022-07-09,CUST-01124,PROD-0365,Electronics,Size Issue,94.72040586848738,40.125649149759745,7,1,5.0
RET-007758,ORD-007091,2022-07-13,CUST-01761,PROD-0077,Home,Defective,1932.3472671490722,79.64893863037676,28,0,5.0
RET-007759,ORD-002726,2024-02-11,CUST-01063,PROD-0357,Home,Changed Mind,411.65731387698435,84.31645460826608,4,0,1.0
RET-007760,ORD-002570,2024-01-13,CUST-00670,PROD-0266,Electronics,Wrong Item,1991.9330688194661,96.1608923225629,10,1,1.0
RET-007761,ORD-008828,2022-12-01,CUST-00061,PROD-0436,Beauty,Changed Mind,1347.6132933693573,68.18596470385036,3,0,2.0
RET-007762,ORD-000053,2023-06-27,CUST-01055,PROD-0036,Beauty,Not as Described,839.7620167246095,33.89631752640213,2,0,4.0
RET-007763,ORD-009831,2022-11-19,CUST-01163,PROD-0140,Beauty,Defective,1353.5084392170643,64.38320289275696,15,1,2.0
RET-007764,ORD-003257,2023-07-12,CUST-01516,PROD-0427,Home,Defective,149.8550403350681,29.006505085305932,7,0,1.0
RET-007765,ORD-006644,2022-09-26,CUST-01615,PROD-0368,Beauty,Wrong Item,274.68120286871647,10.920474579882544,6,0,4.0
RET-007766,ORD-002291,2023-02-16,CUST-01145,PROD-0155,Clothing,Wrong Item,1720.436962089899,48.05098344370135,25,1,1.0
RET-007767,ORD-003490,2022-11-07,CUST-00548,PROD-0105,Beauty,Not as Described,1145.5528257458034,64.79224547448209,29,1,3.0
RET-007768,ORD-001070,2023-09-10,CUST-00004,PROD-0487,Electronics,Changed Mind,236.79409959644127,34.31677482856587,0,0,1.0
RET-007769,ORD-000624,,CUST-00668,PROD-0262,Home,Defective,900.1866576375553,79.73004537938068,8,0,5.0
RET-007770,ORD-007438,2024-04-19,CUST-00302,PROD-0278,Electronics,Changed Mind,220.48508251407293,69.69104036176435,18,0,5.0
RET-007771,ORD-005203,2024-05-01,CUST-00944,PROD-0072,Electronics,Not as Described,1517.6065352593391,21.342366801683532,5,1,1.0
RET-007772,ORD-002847,2023-08-30,CUST-00084,PROD-0429,Clothing,Defective,161.38173030955895,17.537053756015652,24,1,2.0
RET-007773,ORD-006870,2024-02-13,CUST-01622,PROD-0008,Clothing,Wrong Item,1834.8001933215796,63.210954119039584,27,0,4.0
RET-007774,ORD-005669,2024-04-13,CUST-00888,PROD-0055,Home,Size Issue,1247.1670788612503,91.71280457041951,9,0,5.0
RET-007775,ORD-005963,2024-04-15,CUST-00093,PROD-0228,Beauty,Size Issue,1766.03148177744,42.747508643028354,0,1,3.0
RET-007776,ORD-003701,2024-01-17,CUST-01173,PROD-0106,Electronics,Defective,966.2192129253916,70.3046856122671,20,0,1.0
RET-007777,ORD-004037,2022-10-29,CUST-00356,PROD-0261,Beauty,Size Issue,752.2402750662097,25.959322492332447,25,0,3.0
RET-007778,ORD-007839,2022-10-09,CUST-01566,PROD-0222,Electronics,Changed Mind,728.8164245440886,15.097747571991027,26,0,3.0
RET-007779,ORD-001269,2022-10-17,CUST-00699,PROD-0151,Beauty,Size Issue,897.7370695565678,65.45084047667027,3,0,1.0
RET-007780,ORD-001025,2024-03-18,CUST-00755,PROD-0270,Beauty,Defective,1370.9226883211813,13.814426726671325,26,0,1.0
RET-007781,ORD-005675,2024-02-28,CUST-00886,PROD-0152,Electronics,Wrong Item,1680.6926086360781,68.35597488523088,9,1,2.0
RET-007782,ORD-003217,2023-09-06,CUST-00674,PROD-0454,Clothing,Defective,966.0550672400886,16.84699631802141,8,1,3.0
RET-007783,ORD-004278,2022-11-10,CUST-01676,PROD-0023,Home,Not as Described,295.1071213174774,67.86189244458392,13,1,4.0
RET-007784,,2022-07-01,CUST-00255,PROD-0031,Clothing,Wrong Item,1236.889687001015,49.0423032700343,29,0,2.0
RET-007785,ORD-006803,2023-11-18,CUST-01962,PROD-0247,Electronics,Changed Mind,920.4955513003695,80.42360551019362,25,1,5.0
RET-007786,ORD-007950,2023-09-28,CUST-00531,PROD-0117,Home,Defective,1081.0088520567083,29.151776058552038,10,1,5.0
RET-007787,ORD-002255,2023-12-12,CUST-00193,PROD-0112,Clothing,Not as Described,480.9830484740058,61.38271897811709,19,0,3.0
RET-007788,ORD-009318,2024-03-19,CUST-00702,PROD-0021,Home,Not as Described,466.54273600316543,27.078864238711265,23,0,4.0
RET-007789,ORD-004895,2023-06-06,CUST-00016,PROD-0372,Home,Size Issue,1680.649801799042,7.659947973224912,28,0,2.0
RET-007790,ORD-006739,2023-10-02,CUST-01979,PROD-0030,Beauty,Not as Described,1006.8861846849125,62.006462585632725,24,0,4.0
RET-007791,ORD-000271,2024-02-26,CUST-01610,PROD-0103,Home,Defective,1464.541964057406,99.99064363805155,21,1,1.0
RET-007792,ORD-007476,2024-03-27,CUST-01271,PROD-0108,Beauty,Changed Mind,779.2497571694438,54.16269282656122,17,1,3.0
RET-007793,ORD-006707,2023-09-27,CUST-01125,PROD-0010,Beauty,Size Issue,1939.526029836421,16.14489892255808,14,0,1.0
RET-007794,ORD-006943,2024-01-26,CUST-01844,PROD-0478,Clothing,Size Issue,1453.9906950805134,89.58573660192825,9,1,1.0
RET-007795,ORD-000376,2022-10-11,CUST-00474,PROD-0040,beauty,Defective,1004.5896296129474,10.922885111812286,0,0,2.0
RET-007796,ORD-007346,2023-06-09,CUST-01261,PROD-0165,Beauty,Changed Mind,1761.2993470797483,28.165599291589828,22,0,5.0
RET-007797,ORD-006347,2023-06-29,CUST-00625,PROD-0385,Beauty,Changed Mind,934.7871077780613,85.50929844637919,2,0,3.0
RET-007798,ORD-004860,2023-04-14,CUST-01720,PROD-0384,Beauty,Not as Described,1367.6501375102014,85.5018573213657,3,1,2.0
RET-007799,ORD-005084,2024-04-13,CUST-01247,PROD-0263,Clothing,Wrong Item,119.40897852671883,48.56593700121105,15,1,1.0
RET-007800,ORD-001463,2023-08-01,CUST-01333,PROD-0217,Electronics,Defective,872.5760826715846,58.26311498673628,14,0,5.0
RET-007801,ORD-006217,2023-10-31,CUST-00957,PROD-0076,Electronics,Defective,212.57755214388862,68.14765608458647,4,0,4.0
RET-007802,ORD-007630,2023-04-26,CUST-00806,PROD-0472,Clothing,Not as Described,389.98159276534284,29.47267125546107,28,0,3.0
RET-007803,ORD-002842,2023-01-27,CUST-01874,PROD-0495,Electronics,Wrong Item,144.34283528478906,76.19928174660838,10,0,1.0
RET-007804,ORD-007342,2024-01-14,CUST-01073,PROD-0313,Clothing,Changed Mind,267.92777831585533,21.98138330164704,5,0,
RET-007805,ORD-007409,2023-03-28,CUST-00004,PROD-0143,Clothing,Wrong Item,1099.6718224708875,66.98616862159717,17,0,4.0
RET-007806,ORD-000670,2022-11-08,CUST-01302,PROD-0419,Electronics,Wrong Item,461.4924261609626,51.95552576780516,15,0,3.0
RET-007807,ORD-009990,2022-07-09,CUST-00737,PROD-0376,Beauty,Defective,195.56981214736857,61.46639934277468,1,0,5.0
RET-007808,ORD-006995,2023-12-31,CUST-01828,PROD-0070,Home,Changed Mind,129.6728589065998,26.650708908981045,22,0,4.0
RET-007809,ORD-002873,2023-11-12,CUST-01551,PROD-0480,Beauty,Not as Described,1332.9475263961235,54.08238974573436,6,1,1.0
RET-007810,ORD-005181,2022-11-27,CUST-00684,PROD-0216,Beauty,Defective,784.752677510632,32.81318501496165,26,1,2.0
RET-007811,ORD-000456,2024-03-03,CUST-00922,PROD-0179,Clothing,Size Issue,126.4188698133987,3.5096431131526495,5,1,1.0
RET-007812,ORD-005343,2022-08-23,CUST-01403,PROD-0446,Clothing,Size Issue,36.59855106003164,91.37014622840024,2,1,5.0
RET-007813,ORD-007136,2023-03-21,CUST-00066,PROD-0469,Electronics,Size Issue,659.2995951614149,158.6202230673347,0,1,5.0
RET-007814,,2022-08-14,CUST-01825,PROD-0430,Beauty,Size Issue,780.9140615608476,49.61557833316116,10,1,3.0
RET-007815,ORD-001359,2022-06-25,CUST-00308,PROD-0010,Beauty,Wrong Item,1241.6840525673863,36.91647093253345,27,1,4.0
RET-007816,ORD-006700,2024-01-21,CUST-00142,PROD-0300,Clothing,Size Issue,1012.353054165363,87.24718299537342,20,0,3.0
RET-007817,ORD-009338,2022-08-04,CUST-01588,PROD-0208,Electronics,Wrong Item,1857.5014303437483,13.828109092489749,24,0,3.0
RET-007818,ORD-002679,2023-08-07,CUST-00104,PROD-0480,Home,Size Issue,1313.0725703881776,83.14565389439731,13,0,4.0
RET-007819,ORD-005554,2022-12-23,CUST-01827,PROD-0416,Home,Size Issue,1030.1708457291872,14.284427786530607,26,1,4.0
RET-007820,,2024-04-07,CUST-01646,PROD-0349,Electronics,Defective,127.0505117126373,43.00506374560313,22,1,3.0
RET-007821,,2023-10-04,CUST-00845,PROD-0084,Beauty,Defective,1511.1191485484317,63.88369485092388,29,0,2.0
RET-007822,ORD-009833,,CUST-00798,PROD-0389,Home,Not as Described,331.789912594622,19.237256021890026,23,1,4.0
RET-007823,ORD-006179,2023-11-16,CUST-01522,PROD-0085,Clothing,Not as Described,939.1997314319051,2.4309921046460348,16,0,4.0
RET-007824,ORD-001716,2024-04-27,CUST-01260,PROD-0371,Home,Not as Described,202.20508998714647,66.07849655521811,6,0,3.0
RET-007825,ORD-005290,2022-09-28,CUST-01614,PROD-0485,Clothing,Not as Described,1399.4717402390413,9.372581561716597,16,0,4.0
RET-007826,ORD-009676,2023-10-03,CUST-01287,PROD-0491,Electronics,Not as Described,1352.8029488007355,74.55996239990955,5,0,2.0
RET-007827,ORD-000857,2022-11-06,CUST-01502,PROD-0393,Electronics,Changed Mind,789.4135555949284,80.18159903141455,19,0,1.0
RET-007828,ORD-002214,2023-08-18,CUST-00450,,Home,Size Issue,27.19315439362913,14.482657596126414,6,0,2.0
RET-007829,ORD-004501,2023-12-17,CUST-00215,PROD-0487,Home,Defective,1461.7528212214293,94.10610815658148,16,0,2.0
RET-007830,ORD-002380,2022-10-13,CUST-01872,PROD-0423,Clothing,Size Issue,807.551522144621,41.829680309034,22,1,4.0
RET-007831,ORD-009472,2023-10-01,CUST-00303,PROD-0135,Beauty,Wrong Item,133.01456608153268,38.123322652271554,29,0,4.0
RET-007832,ORD-009375,2024-02-23,CUST-00950,PROD-0133,Clothing,Size Issue,479.33544236656815,98.12689421304454,3,1,3.0
RET-007833,ORD-005221,2023-06-01,CUST-01808,PROD-0450, Beauty ,Size Issue,1202.7667678168696,96.04887185658909,1,0,3.0
RET-007834,ORD-008168,2023-06-07,CUST-01819,,Home,Wrong Item,1261.385301233751,96.04576422733851,14,0,2.0
RET-007835,ORD-005947,2023-07-06,CUST-01776,PROD-0292,Clothing,Size Issue,1920.7485228874411,43.998628696967124,24,0,3.0
RET-007836,ORD-008401,2022-07-31,CUST-00251,PROD-0062,Clothing,Changed Mind,602.5670971254006,2.9173597595339884,27,0,2.0
RET-007837,ORD-007768,2023-07-08,CUST-01242,PROD-0187,Beauty,Wrong Item,813.7047111747427,0.07540136750702198,21,1,4.0
RET-007838,ORD-004163,2023-10-13,CUST-01032,PROD-0355,Beauty,Changed Mind,1183.715789185468,91.26653659068593,2,0,2.0
RET-007839,ORD-001501,2024-01-15,CUST-01060,PROD-0313,Electronics,Not as Described,843.104457929743,60.57807993951726,20,0,2.0
RET-007840,ORD-005180,,CUST-00662,PROD-0092,Clothing,Wrong Item,1678.5570569974084,5.524157634748949,15,0,3.0
RET-007841,ORD-006154,2022-12-14,CUST-01311,PROD-0009,Electronics,Changed Mind,679.8048879115685,16.994355440938524,22,0,5.0
RET-007842,ORD-000360,2024-01-15,CUST-01208,PROD-0052,Clothing,Changed Mind,1607.1957422339085,51.86004876481694,4,1,4.0
RET-007843,ORD-006437,2022-12-11,CUST-01861,PROD-0126,Clothing,Wrong Item,1896.9932707323146,33.9394712215067,7,0,3.0
RET-007844,ORD-009476,2022-07-17,CUST-01239,PROD-0282,Beauty,Changed Mind,387.7553250440504,47.38053360295047,13,0,4.0
RET-007845,ORD-002805,2024-03-20,CUST-00432,PROD-0462,Electronics,Changed Mind,709.8579018600374,91.26968057839038,9,0,1.0
RET-007846,ORD-000133,2023-01-20,CUST-00472,PROD-0151,Clothing,Size Issue,1861.6545226688206,54.613499135002165,25,0,5.0
RET-007847,ORD-009426,2023-12-18,CUST-01870,PROD-0166,Clothing,Wrong Item,889.2496368005724,18.162825085567313,10,0,5.0
RET-007848,ORD-000499,2023-02-27,CUST-00870,,Beauty,Changed Mind,1646.7569003505798,90.08030747626972,0,0,2.0
RET-007849,ORD-001262,2024-01-23,CUST-00070,PROD-0315,Electronics,Defective,19.224471275863102,38.74951192282252,13,0,5.0
RET-007850,ORD-004852,2023-06-13,CUST-01494,PROD-0047,Beauty,Size Issue,581.4542678447435,34.17809616634083,28,0,2.0
RET-007851,ORD-001757,2023-11-14,CUST-00293,PROD-0260,Beauty,Changed Mind,1887.4506529594407,64.55294996733898,11,0,2.0
RET-007852,ORD-003292,2023-08-24,CUST-00169,PROD-0322,Clothing,Wrong Item,80.08613155595756,24.510400728354565,4,0,1.0
RET-007853,ORD-004510,2022-10-16,CUST-01130,PROD-0309,Electronics,Not as Described,330.59014423274317,92.56657329647443,17,0,2.0
RET-007854,ORD-003495,2023-12-25,CUST-01445,PROD-0242,Electronics,Size Issue,1364.4448877224581,38.70436623796591,7,0,3.0
RET-007855,ORD-009271,2023-04-12,CUST-00712,PROD-0092,Home,Size Issue,1997.1354426131873,34.076221830706146,17,0,3.0
RET-007856,ORD-001165,2023-11-14,CUST-01004,PROD-0191,Beauty,Defective,1343.0027741685794,40.88150525641353,15,0,3.0
RET-007857,ORD-007430,2022-09-30,CUST-01200,PROD-0072,Electronics,Defective,1341.9054501037162,79.24766595994541,21,0,3.0
RET-007858,ORD-000124,2023-04-26,CUST-01112,PROD-0126,Home,Defective,1276.0041127960708,43.236842595777524,9,1,2.0
RET-007859,ORD-003905,2023-06-08,CUST-01758,PROD-0349,Clothing,Wrong Item,18.772737185562875,49.20983775250591,24,0,4.0
RET-007860,ORD-005926,2023-06-25,CUST-01160,PROD-0088,Home,Size Issue,1887.1263350661927,9.353016014447102,1,0,2.0
RET-007861,ORD-003542,2022-10-11,CUST-01401,PROD-0281,Home,Defective,1898.038197419754,93.43119424306366,9,0,5.0
RET-007862,ORD-007066,2022-12-07,CUST-00510,PROD-0325,Beauty,Not as Described,156.87300038175667,8.005440286592513,24,0,2.0
RET-007863,ORD-000702,2023-06-15,CUST-00895,PROD-0488,Home,Wrong Item,99.22896153337177,33.04904568803413,20,0,3.0
RET-007864,ORD-008421,2024-03-19,CUST-01682,PROD-0420,Home,Changed Mind,1516.4942115624408,53.873778244834256,29,0,
RET-007865,ORD-008974,2023-09-24,CUST-00663,PROD-0104,Electronics,Wrong Item,1229.0265355921874,27.294652760497197,27,0,1.0
RET-007866,ORD-002102,2022-10-12,CUST-00857,PROD-0401,Home,Changed Mind,1712.9974876214392,99.82705287933553,24,0,2.0
RET-007867,ORD-003388,,CUST-00683,PROD-0318,Home,Not as Described,1469.6556604528785,60.183047239035695,14,0,4.0
RET-007868,ORD-001646,2022-12-14,CUST-00944,PROD-0332,Electronics,Size Issue,964.5889025142129,2.716837819529283,23,0,5.0
RET-007869,ORD-007361,2023-06-02,CUST-00108,PROD-0440,Electronics,Defective,1849.7744147748251,26.467982271797354,12,0,
RET-007870,ORD-004545,,CUST-01793,PROD-0329,Beauty,Not as Described,1130.5048342405673,42.44726378950377,19,0,3.0
RET-007871,ORD-007930,2022-07-22,CUST-00929,PROD-0450,Clothing,Defective,87.43372295020768,48.58881326706268,17,0,1.0
RET-007872,ORD-007097,2023-09-28,CUST-00142,PROD-0090,Beauty,Size Issue,146.06524876433983,10.842376052731916,25,0,2.0
RET-007873,ORD-007447,2022-12-16,CUST-00582,PROD-0491,Clothing,Defective,1674.741233368137,77.44139606664237,11,1,1.0
RET-007874,ORD-008581,2022-11-08,CUST-01476,PROD-0315,Home,Wrong Item,1090.8687245051954,11.061894365840796,10,0,4.0
RET-007875,ORD-001903,2022-08-21,CUST-01720,PROD-0168,Beauty,Size Issue,304.94092831492026,2.7525088379124485,8,0,1.0
RET-007876,ORD-008352,2023-01-13,CUST-00996,PROD-0500,Beauty,Wrong Item,1107.7519083391217,67.9592035203953,29,0,4.0
RET-007877,ORD-002498,2023-02-08,CUST-01129,PROD-0212,Clothing,Wrong Item,1910.1505016447918,7.0306492076428135,16,0,5.0
RET-007878,ORD-001843,2023-08-25,CUST-00470,PROD-0288,Beauty,Not as Described,1239.1308174158662,93.15685400916249,24,0,4.0
RET-007879,ORD-001366,2023-01-17,CUST-00415,PROD-0495,Beauty,Size Issue,1064.0077115756467,79.52398343157738,1,1,1.0
RET-007880,ORD-004635,2024-01-05,CUST-01330,PROD-0464,Electronics,Changed Mind,1944.94416079134,44.63549752001838,15,0,3.0
RET-007881,ORD-002294,2023-11-17,CUST-01399,PROD-0486,Home,Changed Mind,854.3291031313314,44.140682045254074,16,0,4.0
RET-007882,ORD-001942,2023-12-08,CUST-00744,PROD-0260,Home,Defective,1573.4989647519028,81.12826368036107,9,0,3.0
RET-007883,,2022-06-08,CUST-00643,PROD-0366,Clothing,Defective,1930.6592390665157,11.293409841436953,17,0,4.0
RET-007884,ORD-001824,2022-06-12,CUST-00532,PROD-0252,Home,Changed Mind,1681.2851308010981,72.02588278756596,8,0,2.0
RET-007885,ORD-009277,2024-03-15,CUST-00629,PROD-0084,Beauty,Not as Described,370.6229132880164,40.807046419676375,11,0,4.0
RET-007886,ORD-007397,2023-07-20,CUST-00999,PROD-0174,Clothing,Size Issue,232.8005415515937,64.77753993822186,12,0,5.0
RET-007887,ORD-009159,2022-07-02,CUST-00311,PROD-0237,Clothing,Wrong Item,829.3545706163092,88.41027724222128,24,0,2.0
RET-007888,ORD-009899,2022-12-01,CUST-00704,PROD-0445,Clothing,Not as Described,263.7811595338649,61.395585843212174,28,1,5.0
RET-007889,ORD-009520,2022-07-23,CUST-00990,PROD-0164,Beauty,Wrong Item,521.2905081836336,41.10523573795667,16,0,5.0
RET-007890,ORD-009299,2023-11-14,CUST-01664,PROD-0066,Clothing,Size Issue,762.3352729782706,94.29528435336998,16,0,2.0
RET-007891,ORD-000837,2022-09-11,CUST-01741,PROD-0141,Clothing,Changed Mind,1960.2240206884753,90.98355537048408,13,0,2.0
RET-007892,,2022-08-10,CUST-01610,PROD-0494,Clothing,Changed Mind,453.9254733581287,9.11846103056856,18,1,4.0
RET-007893,ORD-006151,2023-09-03,CUST-01424,PROD-0280,Electronics,Defective,980.9033981374475,23.012198262001327,28,1,2.0
RET-007894,ORD-004799,2023-03-06,CUST-00720,PROD-0326,Beauty,Wrong Item,1042.724887060552,50.19751069583799,28,1,3.0
RET-007895,ORD-001278,2023-09-09,CUST-00416,PROD-0402,Clothing,Size Issue,1255.276446618159,70.17701685442267,8,1,5.0
RET-007896,ORD-007789,2022-08-14,CUST-01668,PROD-0111,Beauty,Not as Described,326.4994912459998,17.77767304986083,7,0,1.0
RET-007897,ORD-002015,2024-03-24,CUST-01303,PROD-0219,Home,Not as Described,606.711367481425,51.01693796585138,27,0,5.0
RET-007898,ORD-006394,2023-10-06,CUST-01912,PROD-0116,Clothing,Wrong Item,1854.9245466839193,87.87145189210821,10,0,1.0
RET-007899,ORD-001455,2023-03-19,CUST-01656,PROD-0122,Beauty,Wrong Item,344.1853068138935,86.06368342002838,2,1,2.0
RET-007900,,2022-06-17,CUST-00887,PROD-0054,Beauty,Size Issue,348.88737532598003,22.863742789359133,0,1,2.0
RET-007901,ORD-009776,2024-03-03,CUST-01411,PROD-0200,Electronics,Wrong Item,395.9926001578889,16.642022714593384,20,0,3.0
RET-007902,ORD-005702,,CUST-00493,PROD-0298,Beauty,Defective,821.7555515350919,86.82249879242575,15,0,3.0
RET-007903,ORD-008058,2023-11-30,CUST-00030,PROD-0406,Beauty,Not as Described,1326.6023821079068,32.3470645982866,23,0,4.0
RET-007904,ORD-002051,2023-11-29,CUST-01506,PROD-0057,Electronics,Defective,1176.5720098710567,5.623957770040599,14,0,5.0
RET-007905,ORD-002763,2023-01-08,CUST-00364,PROD-0037,Beauty,Not as Described,652.1236571624648,64.76777823372613,0,0,1.0
RET-007906,ORD-002224,2023-05-27,CUST-00543,,Home,Defective,1525.7892996911257,44.98513216322251,24,1,5.0
RET-007907,ORD-003148,2024-04-25,CUST-00569,PROD-0412,Home,Wrong Item,474.89688246065026,78.72887305315064,14,1,5.0
RET-007908,ORD-007312,2023-11-06,CUST-00060,PROD-0449,Clothing,Size Issue,1396.4668789471139,81.2684695578976,0,0,3.0
RET-007909,ORD-008803,2022-11-05,CUST-00753,PROD-0072,Home,Changed Mind,1822.0764400310761,55.92110333380575,16,0,5.0
RET-007910,ORD-007618,2023-10-26,CUST-01475,PROD-0223,Beauty,Changed Mind,999.1193973878093,74.0051717589297,20,0,4.0
RET-007911,ORD-008167,2023-05-01,CUST-00685,PROD-0293,Home,Not as Described,1331.9052812781524,39.090703740705976,9,0,1.0
RET-007912,ORD-001032,2023-03-21,CUST-00041,,Electronics,Changed Mind,625.6734318923642,67.39851228974672,27,0,2.0
RET-007913,ORD-001108,2022-11-07,CUST-01427,PROD-0471,Beauty,Defective,870.9754997899897,56.484047052673816,17,0,5.0
RET-007914,ORD-006065,2024-03-05,CUST-00500,PROD-0378,Clothing,Wrong Item,445.8141247635854,86.24013917316525,26,0,2.0
RET-007915,ORD-007549,2022-08-04,CUST-00539,PROD-0337,Beauty,Wrong Item,1977.1063855396173,23.545160980878954,17,1,5.0
RET-007916,ORD-003564,2022-12-16,CUST-01587,PROD-0479,Clothing,Wrong Item,381.1886321170609,12.050895310487487,1,1,5.0
RET-007917,ORD-007548,2023-12-01,CUST-01442,PROD-0479,Electronics,Defective,200.64716227737142,61.72244710447165,20,0,4.0
RET-007918,ORD-000047,2023-02-26,CUST-00288,PROD-0321,Home,Wrong Item,1677.9009618308928,10.788367946702394,25,0,1.0
RET-007919,ORD-007641,2023-02-12,CUST-00400,PROD-0432,Electronics,Defective,609.4741782827612,42.01068929530752,13,1,1.0
RET-007920,ORD-004519,2023-11-29,CUST-00979,PROD-0119,Beauty,Changed Mind,1524.6421333442993,97.77897267499198,22,0,1.0
RET-007921,ORD-003786,2024-01-23,CUST-01662,PROD-0268,Electronics,Defective,358.0890810691577,53.0194155826484,5,0,5.0
RET-007922,ORD-003203,2022-10-08,CUST-01420,PROD-0160,Electronics,Size Issue,1544.3332929416072,4.65883748413527,8,0,3.0
RET-007923,ORD-005246,2024-01-24,CUST-01255,PROD-0131,Beauty,Defective,851.0688010091416,21.05054309808042,2,0,2.0
RET-007924,ORD-007792,2024-04-08,CUST-00968,PROD-0294,Electronics,Size Issue,1303.5905633737016,74.99126934134101,27,1,2.0
RET-007925,ORD-008513,2024-04-21,CUST-01259,PROD-0230,Clothing,Changed Mind,909.8401410817631,90.84923769400129,10,1,
RET-007926,ORD-001716,2023-03-14,CUST-00790,PROD-0206,Beauty,Changed Mind,1992.4659750178268,81.45592196203478,0,0,
RET-007927,ORD-002034,2023-09-29,CUST-00149,PROD-0436,Home,Wrong Item,1209.4767400117867,61.22415574187864,9,0,1.0
RET-007928,ORD-000187,2022-11-19,CUST-00151,PROD-0464,Beauty,Defective,1768.180487928062,63.63770121663025,26,1,4.0
RET-007929,ORD-003115,2022-12-10,CUST-01048,PROD-0046,Home,Changed Mind,1092.6106978140306,66.49314939741264,1,0,4.0
RET-007930,ORD-004896,2023-10-19,CUST-01120,PROD-0174,Clothing,Wrong Item,313.2647081937869,55.01666856065442,17,0,
RET-007931,ORD-000174,2024-02-06,CUST-01571,PROD-0491,Clothing,Defective,959.5601048591014,85.69510541714486,8,1,2.0
RET-007932,ORD-000339,2023-06-25,CUST-01474,PROD-0075,Home,Defective,793.4611163719895,41.71091504834765,17,0,1.0
RET-007933,ORD-007947,2023-06-12,CUST-00534,PROD-0144,Electronics,Wrong Item,690.6798352342839,31.997088187164557,28,0,
RET-007934,ORD-003164,2023-01-24,CUST-01480,PROD-0233,Electronics,Not as Described,1331.3209774153593,15.720826116879227,16,0,2.0
RET-007935,ORD-001638,2022-11-16,CUST-01539,PROD-0175,Home,Not as Described,1487.4115301838058,87.75306142542364,25,0,2.0
RET-007936,ORD-005369,2022-07-21,CUST-00401,PROD-0029,Clothing,Size Issue,914.3437135627183,80.41328502508607,23,0,1.0
RET-007937,ORD-006006,2022-09-11,CUST-00887,PROD-0182,Electronics,Not as Described,349.4280241108159,80.68471306506494,25,0,3.0
RET-007938,ORD-001859,2022-06-03,CUST-00024,PROD-0082,Home,Changed Mind,1673.512424760805,85.03345326303659,8,1,3.0
RET-007939,ORD-007212,2022-07-16,CUST-00118,PROD-0474,Clothing,Changed Mind,1258.7520293307264,29.026667387746883,24,1,4.0
RET-007940,ORD-004133,2022-11-28,CUST-01375,PROD-0111,Clothing,Defective,1712.0509661511223,17.984358098554274,29,0,2.0
RET-007941,ORD-006532,2023-11-13,CUST-00083,PROD-0373,Beauty,Defective,299.0561735573348,28.280576012081205,26,0,2.0
RET-007942,ORD-006375,2022-08-14,CUST-00157,PROD-0249,Home,Changed Mind,313.5800102556473,97.10359962622822,15,0,1.0
RET-007943,ORD-006330,2022-10-15,CUST-01366,PROD-0181,Electronics,Wrong Item,1494.0970400899623,85.00856885685677,26,0,4.0
RET-007944,ORD-009188,2023-12-15,CUST-00473,PROD-0067,Home,Changed Mind,419.3411826217516,45.05239140738959,22,1,2.0
RET-007945,ORD-005724,2022-06-17,CUST-00165,PROD-0410,Beauty,Size Issue,897.3896808190585,40.215066469647766,3,0,2.0
RET-007946,ORD-008366,2023-12-16,CUST-01910,PROD-0419,Home,Changed Mind,1485.9006383816006,79.6522563208413,21,1,1.0
RET-007947,ORD-008673,2023-05-11,CUST-00282,PROD-0378,Home,Wrong Item,1773.9055423195068,84.51636093827697,26,1,3.0
RET-007948,ORD-006972,2022-11-28,CUST-01913,PROD-0304,Beauty,Size Issue,961.7766769572592,36.128629746393734,6,0,
RET-007949,ORD-004660,2023-05-17,CUST-01119,PROD-0413,Home,Not as Described,789.4104344658688,11.193053944206211,11,1,5.0
RET-007950,ORD-001504,2022-07-06,CUST-00770,PROD-0248,Home,Wrong Item,86.55840905622317,22.70359030763631,29,0,3.0
RET-007951,ORD-002790,2024-02-24,CUST-01638,PROD-0434,Home,Size Issue,401.75852251156317,93.62094348866813,27,0,4.0
RET-007952,ORD-007330,2023-09-17,CUST-00768,,Electronics,Not as Described,1184.917987403464,98.25040890371749,16,0,1.0
RET-007953,,2023-01-06,CUST-01258,PROD-0450,Clothing,Wrong Item,1113.9993100231825,5.184069993672303,5,0,3.0
RET-007954,ORD-002887,2024-02-02,CUST-01843,PROD-0101,Home,Size Issue,1310.9746776826232,94.18522761763427,15,1,5.0
RET-007955,ORD-005432,2022-07-24,CUST-01455,PROD-0322,Home,Wrong Item,957.4146469892876,26.29274928749412,20,0,1.0
RET-007956,ORD-002020,2023-09-26,CUST-00502,PROD-0495,Electronics,Size Issue,208.6549631684983,5.113348707484667,29,0,1.0
RET-007957,ORD-001817,2024-02-09,CUST-00161,PROD-0261,Clothing,Defective ,1563.6950489800288,43.01177654751298,13,0,1.0
RET-007958,ORD-005317,,CUST-01696,PROD-0223,Beauty,Changed Mind,169.8752813621535,15.678015872016104,5,0,4.0
RET-007959,ORD-004150,2023-11-30,CUST-00069,PROD-0096,Electronics,Wrong Item,558.1884871593785,59.12793308303739,29,0,5.0
RET-007960,ORD-006243,2024-03-23,CUST-00539,PROD-0228,Beauty,Changed Mind,1694.5415633554076,99.55133678480384,8,0,3.0
RET-007961,ORD-005477,2023-01-05,CUST-00685,PROD-0127,Beauty,Wrong Item,1308.973677160038,97.6054624362438,3,0,1.0
RET-007962,ORD-002947,2023-03-28,CUST-00852,PROD-0185,Home,Defective,1364.8757861028257,34.043082536970104,6,1,
RET-007963,ORD-003802,2024-03-12,CUST-00980,PROD-0496,Electronics,Changed Mind,997.4017752233636,71.77789586031332,4,0,2.0
RET-007964,ORD-003988,2024-02-13,CUST-01683,PROD-0278,Electronics,Size Issue,1542.5731215891362,69.20631192857988,9,0,2.0
RET-007965,ORD-009767,2023-07-31,CUST-00665,PROD-0282,Electronics,Changed Mind,1148.5450771470705,21.906560145133934,10,1,4.0
RET-007966,ORD-003163,2024-02-09,CUST-00194,PROD-0082,Electronics,Size Issue,1122.305629854141,79.90332713233369,6,0,5.0
RET-007967,ORD-004369,2022-11-10,CUST-00861,PROD-0107,Clothing,Wrong Item,541.7391250006821,59.408670891267924,0,0,3.0
RET-007968,ORD-001542,2023-11-16,CUST-00228,PROD-0246,Electronics,Defective,281.6130641718504,98.3062608750491,9,0,1.0
RET-007969,ORD-003877,,CUST-01138,PROD-0456,Clothing,Wrong Item,417.7677575772697,81.73773720138519,14,0,
RET-007970,ORD-005467,,CUST-01735,PROD-0462,Beauty,Not as Described,1756.0542832066171,4.786502571609319,21,1,4.0
RET-007971,ORD-007483,2022-11-06,CUST-01854,PROD-0497,Beauty,Defective,789.2738052234697,90.7193890295537,25,0,2.0
RET-007972,ORD-008703,2024-03-31,CUST-01478,PROD-0312,Beauty,Changed Mind,31.043034223350087,97.50132963230502,14,1,3.0
RET-007973,ORD-003977,2023-11-06,CUST-00181,PROD-0170,Beauty,Size Issue,1633.5932389941797,60.2874064603094,0,0,3.0
RET-007974,ORD-006139,2023-02-16,CUST-00318,PROD-0299,Electronics,Defective,1312.0876603292047,78.55761040656297,19,1,5.0
RET-007975,ORD-008458,2023-01-21,CUST-01664,PROD-0493,Beauty,Defective,11.998437250971158,50.74275405562542,18,0,4.0
RET-007976,ORD-009454,2023-11-13,CUST-00614,PROD-0097,Beauty,Size Issue,70.0731378075569,97.05852971475773,7,0,1.0
RET-007977,ORD-003887,2023-08-12,CUST-01706,PROD-0015,Electronics,Not as Described,1606.9899676006262,66.45643338022947,3,1,3.0
RET-007978,ORD-005243,2022-06-27,CUST-01108,PROD-0140,Home,Changed Mind,1943.6547652614686,98.90266943164535,3,0,2.0
RET-007979,ORD-000318,2023-09-13,CUST-01354,PROD-0088,Electronics,Wrong Item,1328.5715037093978,38.111425686512256,15,0,5.0
RET-007980,ORD-002125,2023-06-19,CUST-00447,PROD-0020,Clothing,Size Issue,1411.976123468101,35.26961448815384,8,1,1.0
RET-007981,ORD-006593,2023-12-11,CUST-00244,PROD-0437,Electronics,Size Issue,25.94887081605154,15.080624078936477,28,1,1.0
RET-007982,ORD-004678,2024-04-12,CUST-01634,PROD-0143,Electronics,Wrong Item,509.1585555586687,70.36238890529553,21,1,2.0
RET-007983,ORD-003147,2023-10-12,CUST-01931,PROD-0420,Home,Changed Mind,1334.5759414935483,87.94953147020283,26,0,5.0
RET-007984,ORD-007062,2023-07-26,CUST-01228,PROD-0247,Home,Defective,745.0956065608342,48.46595622511883,16,0,5.0
RET-007985,ORD-006408,2023-12-19,CUST-00334,PROD-0462,Home,Changed Mind,1097.5550027227716,94.10488686182616,13,0,
RET-007986,ORD-004863,2023-12-24,CUST-01221,PROD-0463,Home,Wrong Item,1808.3733119376793,51.578992450037866,10,0,4.0
RET-007987,ORD-004618,2022-10-28,CUST-01406,PROD-0007,Electronics,Changed Mind,842.2322081783852,32.101577414917394,6,0,1.0
RET-007988,ORD-004975,2023-12-26,CUST-01523,PROD-0005,Clothing,Defective,41.824080863852785,60.45140557344626,22,0,4.0
RET-007989,ORD-006785,2023-10-28,CUST-00498,PROD-0437,Clothing,Wrong Item,1084.3960359513294,3.8480602954554133,23,0,2.0
RET-007990,ORD-004972,2023-02-08,CUST-00463,PROD-0359,Electronics,Wrong Item,734.0418715098104,89.72609740380571,18,0,5.0
RET-007991,ORD-003501,2022-09-01,CUST-00150,PROD-0375,Home,Wrong Item,100.89144243218891,30.464176784816555,13,1,5.0
RET-007992,ORD-008896,2024-02-26,CUST-01355,PROD-0465,Beauty,Defective,565.8442729011392,34.559044674297155,12,1,2.0
RET-007993,,2023-02-26,CUST-00210,PROD-0026,Home,Wrong Item,1308.4117668316185,37.789576660168365,24,0,5.0
RET-007994,ORD-001518,2023-04-20,CUST-00518,PROD-0489,Electronics,Defective,805.6159296963375,2.0271174930212243,25,0,3.0
RET-007995,ORD-001973,2023-06-26,CUST-00571,PROD-0002,Electronics,Defective,210.8305057187465,65.30224620877958,13,0,2.0
RET-007996,ORD-001465,2023-07-02,CUST-01901,PROD-0484,Beauty,Defective,690.3973471256039,28.276857901518003,5,0,4.0
RET-007997,ORD-004560,2023-06-02,CUST-01637,PROD-0178,Home,Wrong Item,1590.9714010895043,81.59778701598175,22,0,3.0
RET-007998,ORD-002295,2023-01-20,CUST-01841,PROD-0467,Beauty,Wrong Item,1886.4737124836442,4.706927666102889,20,0,4.0
RET-007999,ORD-007942,2022-08-02,CUST-01767,PROD-0178,Clothing,Defective,343.4922542849011,81.73769445776516,8,0,1.0
RET-006598,ORD-006952,,CUST-00277,,Clothing,Size Issue,295.3459422335828,79.38517345877052,26,0,4.0
RET-004932,ORD-003553,2023-06-08,CUST-01951,PROD-0138,Electronics,Size Issue,1058.652738238793,48.90111730638525,24,0,2.0
RET-005610,ORD-002032,2023-07-19,CUST-01063,PROD-0069,Clothing,Changed Mind,454.7773509223243,78.11765564756463,26,1,4.0
RET-004900,ORD-001040,2023-01-18,CUST-01441,PROD-0168,Clothing,Defective,1498.2135535529858,6.341549190023343,25,1,1.0
RET-006010,ORD-000906,2024-02-18,CUST-01322,PROD-0429,Clothing,Wrong Item,1142.5218585835496,45.21874365535595,27,0,2.0
RET-003179,ORD-006621,2022-08-03,CUST-01687,PROD-0342,Home,Not as Described,791.6580835548896,52.83118539863495,15,1,4.0
RET-003171,ORD-001152,2023-12-07,CUST-00635,PROD-0446,Electronics,Wrong Item,1270.1133367789462,84.3541627095555,2,1,3.0
RET-006464,,2024-02-02,CUST-01533,PROD-0123,Clothing,Changed Mind,720.3112639545232,93.74040123959969,7,0,3.0
RET-007158,ORD-009206,2022-09-12,CUST-00763,PROD-0239,Home,Wrong Item,976.1710786445127,74.94287280863541,11,0,2.0
RET-004918,ORD-001999,2023-03-22,CUST-00175,PROD-0047,Electronics,Defective,1901.745513410765,29.78186256580928,16,0,1.0
RET-007715,ORD-001122,2022-10-21,CUST-00536,PROD-0030,Electronics,Changed Mind,462.5295892290834,78.65600121024374,11,0,1.0
RET-005502,ORD-009990,2022-12-26,CUST-01360,PROD-0402,Electronics,Wrong Item,1305.3998859002181,95.33349250642063,24,0,5.0
RET-007107,ORD-003028,2024-04-10,CUST-00453,,Beauty,Changed Mind,1371.7960023948908,86.15172609008468,10,1,3.0
RET-002699,ORD-009437,2022-12-17,CUST-01678,PROD-0451,Beauty,Not as Described,1368.8908454275736,74.17306149696152,20,0,3.0
RET-002477,ORD-004278,2022-07-29,CUST-01319,,Clothing,Wrong Item,1174.7776188523512,82.35972724551534,24,0,1.0
RET-003695,ORD-002521,2022-06-02,CUST-01479,PROD-0009,Electronics,Changed Mind,356.68290577273757,13.315385493007525,0,0,4.0
RET-005708,ORD-003625,2022-12-27,CUST-00504,PROD-0437,Clothing,Defective,529.8775163023666,90.44627893727854,26,1,1.0
RET-003564,ORD-008581,2023-05-17,CUST-01369,PROD-0150,Beauty,Not as Described,962.9408934329527,57.036715667954475,22,1,1.0
RET-000118,ORD-002425,2022-10-02,CUST-01571,PROD-0267,Home,Wrong Item,1617.960112842557,55.78061051808846,2,0,4.0
RET-007135,ORD-009727,2023-03-13,CUST-00073,PROD-0263,Clothing,Not as Described,226.18036941874195,38.08354408410499,5,1,4.0
RET-005342,ORD-006667,2022-09-13,CUST-00038,PROD-0188,Electronics,Defective,197.47818262335838,16.259278115102006,13,0,2.0
RET-000668,ORD-000009,2022-10-21,CUST-00527,PROD-0240,Beauty,Wrong Item,1833.818244024508,61.33401335895999,23,0,5.0
RET-004810,ORD-003153,2023-04-11,CUST-01735,PROD-0229,Electronics,Not as Described,837.1803404889913,24.78773476908145,17,0,4.0
RET-000799,ORD-005030,2023-11-18,CUST-01185,PROD-0445,Beauty,Not as Described,876.7173728467801,9.357500666352003,29,0,3.0
RET-002358,ORD-000276,2022-07-02,CUST-00364,PROD-0092,Electronics,Size Issue,1644.8861030834673,33.77843424445962,7,0,4.0
RET-007908,ORD-007312,2023-11-06,CUST-00060,PROD-0449,Clothing,Size Issue,1396.4668789471139,81.2684695578976,0,0,3.0
RET-007438,ORD-006509,2023-06-17,CUST-01454,PROD-0433,Home,Wrong Item,1430.463728552557,58.981642575554204,28,0,3.0
RET-000122,ORD-002478,2024-02-09,CUST-01753,PROD-0101,Home,Wrong Item,1527.5988417906221,20.034956784811943,26,0,2.0
RET-007783,ORD-004278,2022-11-10,CUST-01676,PROD-0023,Home,Not as Described,295.1071213174774,67.86189244458392,13,1,4.0
RET-001409,ORD-002040,2023-02-03,CUST-00570,PROD-0023,Home,Wrong Item,1441.9046134007835,31.809509761432743,16,0,3.0
RET-006343,ORD-006570,2023-01-25,CUST-01760,PROD-0326,Beauty,Defective,1833.3306939983268,38.228097859810326,24,1,3.0
RET-003172,ORD-002806,2023-12-10,CUST-00731,PROD-0189,Clothing,Wrong Item,1214.8410087020516,55.75007630483583,24,1,4.0
RET-003415,ORD-003645,2022-06-07,CUST-01021,PROD-0233,Clothing,Size Issue,40.36520312671557,14.160716179331324,13,0,1.0
RET-002334,ORD-001224,2023-05-11,CUST-00301,PROD-0316,Electronics,Not as Described,1201.392811505768,3.3594390194350288,8,0,3.0
RET-007055,ORD-006816,2022-12-14,CUST-00165,PROD-0405,Electronics,Size Issue,332.6339977155111,7.010277117065289,8,1,4.0
RET-001226,ORD-008500,2023-03-05,CUST-00151,PROD-0237,Beauty,Changed Mind,1543.4800936435101,86.11748619368905,21,0,
RET-001757,ORD-003225,2023-02-15,CUST-00602,PROD-0347,Beauty,Not as Described,917.5805411353875,97.34485479950456,20,0,1.0
RET-004009,ORD-000994,2023-06-20,CUST-01558,PROD-0167,Home,Defective,901.3062890717553,41.18884689871827,11,0,5.0
RET-000721,,2022-11-13,CUST-00771,PROD-0485,Electronics,Changed Mind,1004.4708714329965,75.42432630285946,15,1,2.0
RET-001324,ORD-003121,2022-10-09,CUST-00038,PROD-0038,Clothing,Wrong Item,1331.1390623737227,74.98714178058673,17,0,5.0
RET-004253,ORD-004372,2022-09-13,CUST-00111,PROD-0025,Home,Size Issue,534.6998121813904,33.00021923527686,0,1,5.0
RET-000915,ORD-005602,2023-08-18,CUST-01195,PROD-0392,Electronics,Not as Described,784.2724960011845,32.60575432995857,3,0,5.0
RET-000243,ORD-007944,2022-10-27,CUST-01602,PROD-0337,Electronics,Not as Described,196.7430880821281,56.07405259401153,22,0,3.0
RET-002528,ORD-009111,2023-05-01,CUST-00581,PROD-0434,Beauty,Defective,1344.4124636206027,49.899732990981946,11,0,3.0
RET-000056,ORD-008525,2023-12-11,CUST-00036,PROD-0371,Clothing,Not as Described,50.44679874565947,75.21955535721526,11,0,5.0
RET-005666,ORD-005709,2023-03-01,CUST-00407,PROD-0061,Home,Changed Mind,716.1587116174239,48.747285247340024,20,0,5.0
RET-007871,ORD-007930,2022-07-22,CUST-00929,PROD-0450,Clothing,Defective,87.43372295020768,48.58881326706268,17,0,1.0
RET-003837,ORD-007037,2023-06-15,CUST-01754,PROD-0438,Home,Not as Described,1714.3754931934884,45.979438621126924,12,0,1.0
RET-007860,ORD-005926,2023-06-25,CUST-01160,PROD-0088,Home,Size Issue,1887.1263350661927,9.353016014447102,1,0,2.0
RET-001454,ORD-003472,2023-07-08,CUST-00552,PROD-0495,Electronics,Size Issue,445.3219411722396,53.36878693191429,20,0,1.0
RET-006264,ORD-002919,2023-06-11,CUST-00819,PROD-0276,Electronics,Changed Mind,1154.4880661384357,92.49308761628954,9,0,3.0
RET-007387,ORD-001720,2023-04-17,CUST-00404,PROD-0385,Clothing,Not as Described,1346.5991368915857,7.447567501578655,4,1,2.0
RET-001567,ORD-003917,2024-01-01,CUST-01092,PROD-0194,Beauty,Defective,633.5157533109755,83.6661952340499,10,1,5.0
RET-002814,ORD-005188,2023-09-17,CUST-01722,,Clothing,Changed Mind,1448.8804387587124,1.191850306911868,8,0,1.0
RET-005591,ORD-008171,2023-12-22,CUST-01038,PROD-0336,Home,Not as Described,199.5362142592442,33.318940685951006,9,0,4.0
RET-006584,ORD-009099,,CUST-01187,PROD-0421,Electronics,Changed Mind,809.4287009351183,6.840957498318289,0,0,2.0
RET-005171,ORD-004110,2023-08-02,CUST-01797,PROD-0366,Electronics,Defective,835.9334650365198,26.49959533446806,13,0,2.0
RET-002394,ORD-005723,2023-07-20,CUST-01557,PROD-0390,Beauty,Changed Mind,1040.7082279635881,13.700012954424823,28,0,2.0
RET-005717,ORD-009878,2024-04-10,CUST-01548,,Home,Defective,647.8842539987668,19.838413879469265,1,0,5.0
RET-006196,ORD-007455,2022-08-26,CUST-01436,PROD-0333,Home,Not as Described,1329.1527770612252,43.313203704800785,8,0,1.0
RET-006026,ORD-009639,2023-10-21,CUST-00901,PROD-0281,Clothing,Size Issue,262.7933738477036,57.466556673884206,20,0,4.0
RET-003004,ORD-006493,2023-12-25,CUST-00696,PROD-0302,Beauty,Changed Mind,934.7755246136319,58.25577771729555,0,1,1.0
RET-005944,ORD-004676,2023-04-25,CUST-00553,PROD-0007,Electronics,Wrong Item,1367.8411837960361,21.11147594479639,17,1,2.0
RET-007966,ORD-003163,2024-02-09,CUST-00194,PROD-0082,Electronics,Size Issue,1122.305629854141,79.90332713233369,6,0,5.0
RET-001441,ORD-004472,2022-10-01,CUST-01733,PROD-0359,Electronics,Wrong Item,1127.3682068982241,47.20013452549098,8,0,1.0
RET-001679,ORD-009377,2022-12-15,CUST-01173,PROD-0256,Home,Defective,904.1053743428572,20.507783553655035,16,0,5.0
RET-007902,ORD-005702,,CUST-00493,PROD-0298,Beauty,Defective,821.7555515350919,86.82249879242575,15,0,3.0
RET-001942,,2024-03-25,CUST-00358,PROD-0087,Electronics,Not as Described,227.66986579964612,12.434013830076962,3,1,3.0
RET-003338,ORD-003167,2022-09-26,CUST-01926,PROD-0499,Home,Defective,1809.2211765335067,66.9731939210228,5,0,3.0
RET-006568,ORD-009043,2022-09-21,CUST-00857,PROD-0145,Clothing,Changed Mind,667.8088688747852,97.49009897197472,23,0,5.0
RET-005862,ORD-001931,2022-12-26,CUST-01321,PROD-0061,Home,Not as Described,1418.1301789183497,51.64924661435393,28,0,2.0
RET-004826,ORD-009955,2024-02-21,CUST-00465,PROD-0291,Electronics,Wrong Item,1301.4244165391042,12.154116791684045,29,1,4.0
RET-001072,ORD-008429,2022-10-14,CUST-01541,PROD-0029,Electronics,Size Issue,657.5607819373469,48.03063895880505,14,0,3.0
RET-001824,ORD-005486,2023-07-31,CUST-01041,PROD-0225,Clothing,Size Issue,931.6902599255833,55.93086666281778,29,0,5.0
RET-006898,ORD-002237,2022-07-17,CUST-00160,PROD-0472,Clothing,Wrong Item,1500.0761366061454,14.744146775202992,10,0,5.0
RET-004688,ORD-002785,2023-08-21,CUST-01963,PROD-0174,Beauty,Defective,378.451326290083,65.12049391640046,19,0,1.0
RET-001673,ORD-005053,2024-03-13,CUST-01058,PROD-0415,beauty,Defective,1754.1500804109155,52.02326641384488,12,1,3.0
RET-000696,ORD-003604,2023-11-18,CUST-01828,PROD-0239,Clothing,Not as Described,545.8964539469921,77.58297218139924,29,1,3.0
RET-001723,ORD-003104,2022-11-10,CUST-00837,PROD-0205,Clothing,Not as Described,558.0706476445218,71.77583071852843,26,0,3.0
RET-000939,ORD-004306,2023-01-30,CUST-00262,PROD-0200,Electronics,Changed Mind,238.88188632499407,99.25662425741201,19,0,2.0
