campaign_id,channel,date,impressions,clicks,conversions,spend,revenue,ctr,cpa,roas
CMP-0013,Instagram,2024-03-30,61009,925,47,4635.854089258442,21298.713905206143,1.516169745447393,98.6351933884775,4.5943451832439175
CMP-0044,Facebook,2023-09-07,23153,598,31,,11149.079433687022,2.582818641212802,95.72607258530697,3.757050863512871
CMP-0016,Google Ads,2023-05-19,33772,2306,161,2144.26662973772,15963.664943440437,6.828141655809547,13.318426271662856,7.444813402423309
CMP-0011,LinkedIn,2024-07-15,90620,5830,343,4156.572713174088,117511.96583662575,6.433458397704701,12.11828779351046,28.27136055245139
CMP-0004,Email,2023-03-25,21096,1650,111,4029.176812470677,30778.45826184847,7.821387940841866,36.29889020243853,7.638894914362229
CMP-0001,Email,2024-07-29,23532,475,55,4134.142668887573,13414.2167656539,2.0185279619241885,75.16623034341042,3.244739681241682
CMP-0033,YouTube,2024-04-17,49556,2233,247,4742.36636255835,64749.79578179227,4.506013398982969,19.19986381602571,13.653478207209172
CMP-0046,Google Ads,2023-07-24,27678,1978,111,4590.179627798173,23765.109717346924,7.1464701206734595,41.35296961980336,5.177381201690928
CMP-0020,Instagram,2023-11-15,45687,689,56,2055.2694597467967,9119.631283732906,1.5080876398100116,36.70124035262137,4.437194957811721
CMP-0034,Organic,2023-02-10,26484,372,50,4158.7194101298155,19663.52274287864,1.4046216583597644,83.1743882025963,4.728263872523402
CMP-0047,LinkedIn,2024-04-30,32840,2248,123,4033.353505899461,7073.4734353949025,6.84531059683313,32.7914919178818,1.7537449730227594
CMP-0013,YouTube,2024-05-28,19714,278,29,,12105.588876012715,1.4101653647154306,90.27246803036921,4.624157379107218
CMP-0045,Facebook,2023-10-25,13109,935,106,2220.638721950844,15532.807299305643,7.132504386299489,20.94942190519664,6.994747567789858
CMP-0023,Facebook,2024-02-06,75590,985,68,1231.0506962898492,14135.596549960901,1.3030824183093002,18.103686710144842,11.482546244897046
CMP-0021,Facebook,2023-11-20,50774,812,80,1804.654990588694,31386.82130041325,1.599243707409304,22.558187382358675,17.392145016136627
CMP-0038,LinkedIn,2024-07-18,99691,7683,374,4371.231494446618,171994.5405783835,7.706814055431282,11.687784744509674,39.346930217924175
CMP-0047,Instagram,2024-12-24,37039,2141,112,2357.131572617359,46230.1713456921,5.780393639137126,21.04581761265499,19.612893859106098
CMP-0026,Organic,2024-05-28,64620,3187,384,826.942045196127,166595.31198733277,4.93190962550294,2.153494909364914,201.4594770638626
CMP-0044,Facebook,2024-07-10,54871,2513,365,747.8567242055169,23541.33500748786,4.579832698511053,2.048922532069909,31.47840254093713
CMP-0037,Google Ads,2023-12-23,28492,861,124,3995.1692669866716,54460.29953617652,3.0219008844587956,32.219106991828,13.631537463556036
CMP-0003,Instagram,2023-06-10,40977,2820,133,4496.236768356788,66130.80748750888,6.881909363789443,33.80629149140442,14.708034940001012
CMP-0026,YouTube,2024-06-04,84348,3964,392,3284.8554080216945,139684.60636443825,4.699577939014558,8.379733183728813,42.523821908058764
CMP-0027,LinkedIn,2024-05-13,39745,1174,71,4721.096815548362,33967.143167256,2.953830670524594,66.49432134575159,7.194756747073967
CMP-0025,Instagram,2024-02-24,16358,750,41,3249.372045757116,11323.704962664011,4.584912581000122,79.25297672578333,3.4848902505485624
CMP-0018,Google Ads,2024-02-13,77401,2656,136,2282.854839974336,27654.171859874412,3.431480213433935,16.785697352752468,12.113854711929605
CMP-0001,Google Ads,2024-08-03,67030,4556,433,2475.7293130578905,153332.12553440922,6.796956586603013,5.7176196606417795,61.93412370475246
CMP-0014,Google Ads,2023-09-09,12406,421,48,2455.255938384534,10498.61317370099,3.393519264871836,51.151165383011126,4.275975066211908
CMP-0030,Instagram,2023-02-14,16640,424,49,2314.0314803601154,7971.2864740163795,2.548076923076923,47.225132252247256,3.4447614657238232
CMP-0048,Google Ads,2024-10-07,37378,984,49,1580.907742795884,23295.136327436834,2.6325646101985125,32.26342332236498,14.735291438473613
CMP-0047,YouTube,2024-03-20,93983,1848,128,982.145461939752,9924.86479282553,1.9663130566166223,7.673011421404312,10.105290079153626
CMP-0042,Facebook,2024-09-20,40282,2451,152,1306.1368134213442,21575.619125602105,6.084603545007695,8.593005351456211,16.518651724612305
CMP-0009,Instagram,2024-09-06,49050,1433,67,1140.6891470007474,27428.153911832236,2.9215086646279307,17.025211149264887,24.045248421929855
CMP-0018,YouTube,2024-07-17,74516,5497,431,2714.001028076764,140048.53587913353,7.376939180847067,6.296986144029615,51.60224127784388
CMP-0045,Instagram,2023-02-26,12023,614,86,4329.375381824089,25778.45400080294,5.10687848290776,50.341574207256855,5.9543125109982356
CMP-0015,Google Ads,2023-08-23,67364,857,20,1607.689438506083,8625.938620462382,1.272192862656612,80.38447192530415,5.365425942262757
CMP-0042,Facebook,2024-06-17,73277,3217,148,3775.2689424941036,52005.316709340106,4.3901906464511375,25.508573935770972,13.775261445343064
CMP-0013,LinkedIn,2024-11-08,15528,1134,52,786.3644927782807,12865.883213978555,7.302936630602782,15.122394091890014,16.361220950506667
CMP-0030,Instagram,2023-06-20,31846,2236,168,3958.8041604199793,35621.36469708536,7.0212899579225025,23.564310478690352,8.9980113321156
CMP-0036,Instagram,2023-06-25,32335,1628,149,4324.028327014741,39129.36779089024,5.034792021029844,29.020324342380814,9.049285719620782
CMP-0034,YouTube,2023-11-29,66920,4981,375,2574.629042975856,50884.55562060496,7.443215780035864,6.865677447935616,19.763839672138015
CMP-0006,LinkedIn,2024-10-04,10707,530,70,1233.1434500952498,25597.218298317857,4.950032688895115,17.61633500136071,20.757697165192493
CMP-0032,Instagram,2024-03-14,94217,4290,382,829.2306096066242,156115.9676513172,4.553318403260558,2.170760758132524,188.26604546758892
CMP-0022,LinkedIn,2023-12-06,11639,847,120,3762.423601153897,51454.05975089834,7.277257496348484,31.353530009615806,13.675775299495227
CMP-0035,Email,2024-12-18,73518,2201,271,1611.8863012013705,74653.00475165625,2.993824641584374,5.947919930632364,46.314063650777285
CMP-0017,LinkedIn,2024-08-24,64075,961,91,2316.0116712295558,9216.77514624295,1.499804916113929,25.450677705819295,3.9795892485074664
CMP-0045,Google Ads,2024-07-12,95409,5772,140,2248.7304993993844,52985.08795984746,6.049743734867779,16.062360709995602,23.56222231788082
CMP-0006,LinkedIn,2023-12-04,48329,954,32,1309.091884734179,6124.439347021215,1.9739700800761448,40.909121397943096,4.678387681140372
CMP-0017,YouTube,2024-03-20,45485,2697,249,2349.3745218481695,59343.358619563725,5.929427283719908,9.435239043566945,25.259216045673472
CMP-0016,LinkedIn,2024-06-09,38495,1043,148,3388.452859781822,42928.249112410245,2.7094427847772438,22.89495175528258,12.668982243174645
CMP-0047,Google Ads,2024-01-01,59034,1251,99,2463.8379410868492,37563.17382419766,2.119117796524037,24.887251930170194,15.245797297702048
CMP-0011,Instagram,2023-12-02,50709,679,51,483.68572225201564,3968.378046495592,1.3390127985170286,9.484033769647365,8.20445562878935
CMP-0029,YouTube,2024-09-15,76838,5039,529,4603.827401973903,185651.10498708626,6.557953096124313,8.702887338324958,40.325383377206514
CMP-0022,Google Ads,2024-03-25,62329,2306,65,2166.1991589845065,8584.091153091349,3.699722440597475,33.32614090745395,3.962743276622584
CMP-0003,LinkedIn,2024-10-19,19804,637,13,3813.0681952331433,1575.3747108783396,3.216521914764694,293.3129380948572,0.4131514649666569
CMP-0019,Email,2024-01-07,55776,3676,225,4993.356614799174,40701.489912820885,6.590648307515777,22.192696065774108,8.151128199454234
CMP-0010,YouTube,2024-10-28,12470,521,43,2779.1837299860176,15117.151643069697,4.1780272654370485,64.63217976711668,5.43942146752052
CMP-0032,LinkedIn,2023-03-29,35570,1776,247,4379.81161978287,20792.54267516053,4.992971605285352,17.732030849323362,4.747360041980829
CMP-0025,Instagram,2023-12-25,67001,4189,486,4315.946285236169,167725.68408324214,6.252145490365815,8.880547912008579,38.86185624158299
CMP-0016,Facebook,2023-07-05,43495,1344,104,226.9651874194289,46088.91245585626,3.0900103460167836,2.1823575713406624,203.0659987105622
CMP-0041,Organic,2024-02-18,66272,5239,312,4731.757215189865,109712.55334953853,7.90529937228392,15.165888510223926,23.18642913405189
CMP-0028,Instagram,2023-06-29,64527,3937,151,2103.77528148045,15463.837588527811,6.101321927255258,13.93228663232086,7.350517769010832
CMP-0028,Organic,2023-12-06,37438,1991,83,3493.4590722733556,6245.024868383513,5.318125968267536,42.08986834064284,1.787633614473573
CMP-0005,Email,2024-11-27,21942,1122,136,429.4979190862255,32103.650459419085,5.113480995351381,3.1580729344575404,74.74692899029853
CMP-0030,LinkedIn,2023-05-23,11847,541,64,1418.0910231692733,22410.17726553969,4.566556934244956,22.157672237019895,15.803059817313754
CMP-0007,YouTube,2024-12-27,54144,921,75,3280.107244631081,23766.17199411604,1.7010195035460993,43.734763261747744,7.245547240266854
CMP-0048,Facebook,2024-02-07,3527,127,14,1633.8676953670988,5205.048974550033,3.6007938758151408,116.7048353833642,3.1857224359776315
CMP-0027,Facebook,2023-11-18,33551,2325,343,3323.149406208697,100196.93865440405,6.9297487407230784,9.688482233844598,30.151198879955377
CMP-0001,Instagram,2024-05-04,22857,1715,131,4069.453770552139,6778.131976325423,7.503171894824343,31.06453259963465,1.6656122316400646
CMP-0001,Instagram,2024-08-14,40349,2870,92,3611.8559020705434,15629.006679063597,7.112939601972787,39.25930328337547,4.327140147009759
CMP-0049,Google Ads,2024-05-01,53895,3867,244,4865.039779183727,58419.410582329496,7.175062621764543,19.93868761960544,12.008002654426663
CMP-0033,Organic,2024-05-14,65599,3678,147,1599.2907511996136,69594.72011634572,5.6067927864754035,10.879528919725264,43.51598986247082
CMP-0027,LinkedIn,2024-10-02,76009,1058,67,4393.589884282509,33426.43528570056,1.3919404281071979,65.575968422127,7.60800078434249
CMP-0014,Instagram,2023-07-05,69095,2771,271,1800.9468958505186,22483.32069984933,4.010420435632101,6.645560501293426,12.484166385834111
CMP-0036,YouTube,2023-08-19,53468,4029,400,4469.94747477819,190841.1885012081,7.535348245679659,11.174868686945475,42.694279871975034
CMP-0013,Facebook,2023-08-01,62355,3352,333,3131.890309023692,150363.11389799454,5.375671558014594,9.40507600307415,48.010338505395296
CMP-0048,Organic,2024-11-26,50258,3787,164,937.9954235616145,19390.194537195795,7.535118787058777,5.719484290009845,20.671950043818207
CMP-0043,Email,2023-09-03,74475,4802,532,1776.260446895775,60380.792820998824,6.447801275595838,3.3388354264958178,33.99320911892251
CMP-0023,LinkedIn,2023-06-15,78918,1782,53,2071.979645696372,8499.505188572142,2.258039990876606,39.09395557917683,4.102118090892511
CMP-0032,Organic,2024-12-27,60515,1156,77,3197.7383495378544,17989.844263821335,1.9102701809468727,41.52906947451759,5.625802457046329
CMP-0014,LinkedIn,2023-04-07,56657,604,65,3590.7472967309286,8349.783592527278,1.0660642109536334,55.24226610355275,2.32536096319812
CMP-0006,Email,2023-03-26,3506,134,9,2421.47971905025,1799.0880310102862,3.8220193953223047,269.05330211669445,0.7429705137963833
CMP-0033,Organic,2023-06-07,3458,84,10,2094.5951424105915,4567.265724325188,2.42914979757085,209.45951424105914,2.180500485200635
CMP-0001,Organic,2024-02-15,95213,5833,474,886.6573895222726,209786.91632278368,6.126264270635312,1.8705852099626006,236.6042609037703
CMP-0001,Instagram,2023-12-28,71149,4390,331,3327.770282948832,62338.147577494645,6.170149966970723,10.053686655434538,18.732707572066854
CMP-0020,YouTube,2023-01-31,77524,2691,317,2327.5670905312218,28084.929661919858,3.4711831174861976,7.342482935429722,12.066217028145909
CMP-0039,LinkedIn,2024-10-05,62356,4213,120,2539.6851049954753,16492.334618552268,6.756366668804927,21.164042541628962,6.493850196669028
CMP-0033,Facebook,2023-07-29,29687,803,38,4859.53083196941,4788.6074249534895,2.704887661265874,127.88239031498449,0.9854052974518986
CMP-0042,Organic,2023-03-05,34259,1860,186,3489.1488961406817,49804.241750232766,5.4292302752561366,18.758865033014416,14.274037374937143
CMP-0005,YouTube,2023-03-22,40025,622,44,1909.1563341898654,20484.528073383586,1.5540287320424735,43.389916686133304,10.729623188284382
CMP-0014,Instagram,2024-07-10,26785,806,61,4320.485293030205,17776.995209041783,3.0091469105842825,70.82762775459352,4.114582970047273
CMP-0011,LinkedIn,2024-01-13,56454,3050,263,2993.8629593828914,103292.70446511163,5.402628688844015,11.383509351265747,34.50148048406424
CMP-0047,Instagram,2023-03-28,61351,2001,186,2005.3502964191691,43023.91399233287,3.2615605287607377,10.781453206554673,21.4545628607421
CMP-0009,Email,2024-10-21,79683,4635,493,3554.557184796115,78877.34716124671,5.816799066300215,7.21005514157427,22.19048479473851
CMP-0029,Email,2023-07-17,95293,6350,198,3569.9632147164034,65217.64782690558,6.663658400931863,18.03011724604244,18.268436929002487
CMP-0018,Email,2023-03-14,69440,924,26,350.77630687790196,4288.662472357074,1.3306451612903225,13.491396418380845,12.22620339021321
CMP-0042,Email,2023-12-13,50258,1989,248,1943.9020567518482,105306.78079804558,3.9575788929125713,7.83831474496713,54.172884087589956
CMP-0031,Google Ads,2023-11-16,74858,3390,78,2733.2926515023573,10377.00741798335,4.528574100296562,35.042213480799454,3.796522634442242
CMP-0046,LinkedIn,2023-08-28,68179,1266,163,2626.4180827774644,25959.76374282989,1.856876750905704,16.11299437286788,9.884094201551175
CMP-0039,LinkedIn,2023-01-29,68895,1824,62,2100.458885271917,4550.756425618711,2.647507075985195,33.87836911728898,2.1665534410256204
CMP-0039,Google Ads,2023-07-20,83204,1475,43,629.3119184732079,8840.495837358945,1.7727513100331715,14.635160894725766,14.047876065667294
CMP-0022,YouTube,2024-11-21,44873,2007,133,1644.0463878077676,31605.69350304679,4.47262273527511,12.361251036148628,19.224331951600828
CMP-0023,YouTube,2023-06-21,13598,274,39,4073.990551993437,5825.981574612849,2.015002206206795,104.46129620495992,1.4300429763545104
CMP-0041,Email,2024-04-09,56526,571,83,2609.123879051379,7128.2607900375115,1.0101546191133284,31.43522745845035,2.7320514933270217
CMP-0004,Email,2024-02-17,95388,4403,281,2500.206052091308,17928.148110645132,4.615884597643309,8.89753043448864,7.170668231783959
CMP-0022,Google Ads,2023-03-27,6994,231,5,,2183.7496598366765,3.302830997998284,28.125340764072767,15.528698323372438
CMP-0030,LinkedIn,2023-06-04,73467,1825,164,4016.4734042712025,10302.938186051162,2.4841085113043953,24.490691489458552,2.56517027477259
CMP-0032,Facebook,2023-08-06,70949,4690,702,2481.4680581877074,101682.49225197133,6.610382105456032,3.5348547837431727,40.97674838749816
CMP-0034,Organic,2023-07-29,4144,88,11,2483.0629572498883,902.4861971750959,2.1235521235521233,225.7329961136262,0.36345683243353716
CMP-0011,Email,2024-12-25,33644,885,66,2276.794067040507,28033.097865625736,2.630483890143859,34.49687980364404,12.312531146949354
CMP-0031,Organic,2024-03-04,45291,1236,133,3339.1534880110016,31926.898676340967,2.729019010399417,25.10641720309024,9.561374998475594
CMP-0040,YouTube,2023-04-07,70195,4794,474,3535.74092745435,189806.94501410302,6.829546263978916,7.459369045262342,53.68236782856133
CMP-0008,Facebook,2023-04-07,2638,165,8,4964.843484807613,861.8951880442758,6.254738438210766,620.6054356009516,0.173599669492436
CMP-0034,YouTube,2024-07-05,88903,6065,670,1627.463774810015,132091.18327173984,6.822042000832368,2.4290504101642014,81.16382393037274
CMP-0016,Facebook,2024-01-26,51114,3500,227,3853.101106494415,42576.498130414395,6.847439057792386,16.974013684997423,11.049930161098436
CMP-0023,Organic,2024-07-21,64127,4018,434,1120.3190673832416,183217.246541274,6.265691518393189,2.5813803395927226,163.54023766570296
CMP-0039,Instagram,2023-06-07,15936,469,30,2994.608574437604,8825.936410367893,2.943022088353414,99.82028581458681,2.9472754755687656
CMP-0029,Email,2023-08-29,74712,5342,542,3458.365999762493,229177.3643239683,7.1501231395224325,6.38074907705257,66.26752759531735
CMP-0036,Google Ads,2024-03-07,49791,2150,67,459.4701885774712,25095.068889645725,4.318049446687152,6.8577640086189735,54.61740394374781
CMP-0020,Instagram,2023-08-21,59719,2125,86,3594.892865258184,39065.02645421989,3.558331519281971,41.80107982858353,10.86681242485769
CMP-0031,LinkedIn,2024-03-21,37336,2165,239,2939.630171756415,24128.920654665126,5.798692950503535,12.2997078316168,8.208148387675655
CMP-0008,Instagram,2023-04-22,25575,1081,159,1546.5052234464235,13190.844296299943,4.226783968719452,9.72644794620392,8.529453438834066
CMP-0036,YouTube,2024-12-29,70089,5550,114,,49058.120184926025,7.91850361683003,34.260833342280854,12.560534744961977
CMP-0004,Google Ads,2023-09-02,48557,3799,240,531.0218232178116,37994.61972615965,7.823794715489013,2.212590930074215,71.5500155830229
CMP-0032,Instagram,2023-07-09,99585,2422,306,1400.6053927250023,106273.55414258751,2.432093186724908,4.577141806290857,75.87687059795113
CMP-0024,Email,2024-05-26,97102,1749,185,3014.952156166394,42673.505553797906,1.8011987394698357,16.29703868198051,14.153957788855463
CMP-0006,Google Ads,2024-02-27,2144,125,10,1521.832241575502,4736.029447152398,5.830223880597015,152.1832241575502,3.1120575039528307
CMP-0032,Google Ads,2023-11-09,65292,4946,427,1054.4368338268962,203167.38456939335,7.575200637137781,2.4694071049810216,192.67857310336217
CMP-0046,Facebook,2023-06-23,3275,155,18,2456.5966048225737,8914.061439655034,4.732824427480916,136.47758915680964,3.6286223884522735
CMP-0047,LinkedIn,2024-01-11,49786,1992,239,4499.311034419184,31583.622608862337,4.001124814204796,18.825569181670225,7.0196575358430335
CMP-0020,Google Ads,2023-02-21,94626,5441,398,4552.557854870585,188819.68517581976,5.750005283960011,11.438587575051722,41.47551578588062
CMP-0038,Instagram,2024-09-23,87335,3495,256,2025.0892048079995,67620.75640234904,4.0018320261063725,7.910504706281248,33.39149517058446
CMP-0029,Instagram,2024-02-24,24697,417,51,4711.180007816653,13810.153587117225,1.6884641859335143,92.37607858464027,2.931357656511494
CMP-0033,Instagram,2023-11-01,39891,1300,46,4903.998654080609,5134.108124802511,3.2588804492241357,106.60866639305672,1.046922825015547
CMP-0010,Google Ads,2024-02-24,3006,103,12,1822.3332152277592,3446.2513438827796,3.4264803725881574,151.86110126897992,1.8911203039516895
CMP-0025,LinkedIn,2023-04-21,77173,2124,298,3265.851641955985,36693.01534492464,2.7522579140372927,10.959233697838876,11.235358910225465
CMP-0012,Instagram,2024-09-21,75771,3492,309,1742.247430073232,15673.525406794764,4.608623351942036,5.638341197648,8.996153552159901
CMP-0018,Instagram,2023-08-28,52470,3580,396,1074.041028867046,52354.33733906306,6.822946445587955,2.712224820371328,48.74519309033205
CMP-0020,Email,2023-11-27,6477,366,14,3393.239859075451,5618.714997903759,5.650764242704956,242.3742756482465,1.6558555337242438
CMP-0017,Facebook,2023-01-29,47568,3044,349,4888.241469190123,46455.7627890944,6.399260006727212,14.006422547822702,9.503573643384504
CMP-0046,YouTube,2024-08-01,84037,5312,627,1800.1250242359692,192405.1576537649,6.321025262681913,2.8710127978245126,106.88433029001851
CMP-0036,Organic,2024-11-09,87297,2589,370,1637.978143889406,115775.5290773366,2.965737654214921,4.426967956457855,70.68197430426373
CMP-0028,Google Ads,2024-08-08,11719,181,25,1147.2536758493934,4261.563426496638,1.5445003839918081,45.89014703397574,3.7145781410039937
CMP-0032,Email,2023-09-21,81616,4358,352,4966.96659316636,138294.6947092479,5.339639286414428,14.110700548768069,27.84288803140254
CMP-0045,Organic,2024-06-04,67150,2095,230,2618.9926962536006,98510.96333399547,3.1198808637379,11.386924766320002,37.614065695911556
CMP-0013,Email,2024-07-31,53608,4213,121,2085.375338134131,33357.70814251888,7.858901656469183,17.234506926728358,15.99602121139754
CMP-0013,Email,2023-07-09,64125,5033,369,2852.6814103102674,95418.47076863733,7.848732943469786,7.730843930380129,33.44869512023752
CMP-0045,Instagram,2023-06-10,57655,3329,371,4375.318675818521,86827.63585470992,5.774000520336484,11.793311794659086,19.84487126265528
CMP-0043,Organic,2024-06-11,69548,3371,423,518.3570570207245,109367.26082316262,4.847012135503538,1.2254303948480485,210.98827408997732
CMP-0005,Google Ads,2023-05-19,75633,4050,316,2426.6826699636563,103479.70722003486,5.354805442068939,7.679375537859672,42.642455274790684
CMP-0042,Facebook,2024-10-04,7648,335,49,2319.686448368753,15476.977638808316,4.3802301255230125,47.340539762627614,6.6720127841812475
CMP-0027,Facebook,2024-08-20,18831,776,115,126.9047725165976,13794.788386136604,4.120864531888906,1.1035197610138923,108.70188813688952
CMP-0046,Facebook,2024-07-12,87355,5929,153,2769.3735248018706,20439.293346187438,6.787247438612558,18.100480554260592,7.380475462460315
CMP-0010,Email,2024-06-27,34804,2497,138,2065.385428523753,7185.128319968868,7.174462705436156,14.96656107625908,3.4788317089583045
CMP-0030,LinkedIn,2024-05-14,13422,843,82,691.4662563540221,40142.005312454065,6.280733124720609,8.432515321390513,58.053455166584236
CMP-0035,Organic,2024-05-23,63306,3549,206,2622.203829123492,87084.51237587848,5.606103686854326,12.72914480157035,33.210428346063274
CMP-0013,Google Ads,2023-08-19,77553,4944,167,309.36071766120256,54621.051020350984,6.374995164597114,1.8524593871928297,176.56104315147542
CMP-0021,Google Ads,2023-08-25,5593,381,39,2589.2076925779184,16195.391076655655,6.812086536742356,66.38994083533125,6.254960203880314
CMP-0023,LinkedIn,2023-09-22,89545,4538,658,3221.7542499068063,210206.64488509932,5.067842983974538,4.896283054569614,65.24602082582179
CMP-0016,Facebook,2024-08-15,30161,652,32,4046.1859199632195,15276.40855429709,2.1617320380623988,126.44330999885061,3.7755083074472156
CMP-0045,Instagram,2023-01-28,88604,3117,341,2373.1971475818314,90251.18471841385,3.5178998690804026,6.959522426926192,38.02936675967914
CMP-0042,Facebook,2024-08-23,15428,616,37,2639.7601142293897,4029.8213216046247,3.9927404718693285,71.34486795214566,1.5265861848136257
CMP-0029,Email,2024-06-06,72885,2910,98,3188.7755068475826,25554.28950766595,3.9925910681210124,32.538525580077376,8.01382519803938
CMP-0026,Facebook,2023-01-03,74955,2818,212,1852.3552454948442,38240.39789238357,3.7595890867854047,8.73752474290021,20.644203095161643
CMP-0017,Google Ads,2024-04-18,83543,6408,954,4062.4082823122103,458780.1154116102,7.670301521372227,4.25828960410085,112.93303959849287
CMP-0019,Google Ads,2024-08-31,76238,5772,402,878.2337375641988,111501.5456586082,7.571027571552244,2.1846610387169125,126.96112764679283
CMP-0033,Email,2024-06-01,22469,1663,212,3835.5539724775667,39619.84172883001,7.401308469446794,18.092235719233805,10.329626962135452
CMP-0034,LinkedIn,2024-02-19,14236,767,15,1356.4598368706777,1899.2159280437086,5.387749367799944,90.43065579137851,1.4001269159764855
CMP-0016,Google Ads,2024-06-24,24272,1656,189,4875.852680919641,16019.902395148503,6.822676334871456,25.798162332908152,3.2855591510871833
CMP-0014,LinkedIn,2024-05-01,9757,636,48,1816.2284525584712,9266.249550384271,6.518397048273035,37.83809276163482,5.101918504432171
CMP-0019,LinkedIn,2024-11-19,2152,168,11,2144.119564656875,1360.8421714737246,7.806691449814126,194.91996042335225,0.6346857674849402
CMP-0013,Facebook,2024-11-17,12497,822,28,2081.2861333808387,3481.7745095370574,6.577578618868528,74.33164762074423,1.672895645483049
CMP-0044,Google Ads,2023-09-10,18038,733,105,4697.051025723861,37385.58980296753,4.063643419447832,44.7338192926082,7.959374849926406
CMP-0019,YouTube,2024-08-30,13396,136,2,430.92059543405105,949.1678457340779,1.015228426395939,215.46029771702553,2.202651383552496
CMP-0018,LinkedIn,2024-04-18,29630,943,101,4641.175783847983,9947.94501470162,3.1825852176847786,45.9522354836434,2.1434105231096874
CMP-0050,YouTube,2023-02-12,78170,3522,318,1053.5477360728244,19777.966380137175,4.505564794678266,3.3130431951975607,18.772729229964444
CMP-0009,YouTube,2024-11-05,52244,2455,266,1743.7139425696187,126877.02196204476,4.699104203353495,6.555315573569995,72.76252076936015
CMP-0032,LinkedIn,2024-07-23,84676,5236,343,4599.447886777178,139189.78454805084,6.183570315083377,13.40946905765941,30.262281033383072
CMP-0001,Organic,2024-03-01,12156,845,48,597.607802584586,4703.147091159536,6.951299769661072,12.450162553845542,7.869955965800577
CMP-0031,Google Ads,2023-09-27,26739,631,20,181.22421803219254,7415.363311066212,2.3598489098320803,9.061210901609627,40.91816972138322
CMP-0036,Google Ads,2023-07-20,47319,1826,166,3043.6618696151927,50024.56215781039,3.8589150235634735,18.3353124675614,16.435650312278266
CMP-0035,Facebook,2023-10-26,50725,893,27,3973.8918431875227,12338.441213942673,1.7604731394775752,147.18117937731566,3.1048759505356367
CMP-0046,Facebook,2023-01-14,2249,35,2,1308.7046803661913,694.725968738252,1.5562472209871054,654.3523401830956,0.5308500681329109
CMP-0028,Email,2023-02-01,9264,541,38,2253.0871370153677,15888.018825686338,5.839810017271157,59.29176676356231,7.051666384609061
CMP-0016,Instagram,2023-12-30,97590,7713,1069,489.3068325404489,275345.2704034296,7.90347371656932,0.45772388450930673,562.7251697546405
CMP-0025,Instagram,2023-03-20,99689,4475,291,2800.9240442649198,32712.21714552632,4.488960667676474,9.62516853699285,11.679080413660907
CMP-0025,LinkedIn,2023-07-09,62721,833,81,3542.0734353423795,5560.648910891054,1.328103824875241,43.72930167089358,1.569885269855665
CMP-0004,Email,2023-01-09,53094,1642,184,2600.2907122541937,10591.005434542883,3.0926281689079747,14.132014740511922,4.073008215824274
CMP-0028,Email,2023-05-02,68146,5396,647,4873.213507528938,38808.55015952432,7.91829307662959,7.532014694789703,7.9636465957353435
CMP-0010,Facebook,2023-04-16,42809,765,103,,45272.08634218935,1.787007404984933,28.20809653511495,15.581867365954693
CMP-0036,Email,2024-06-21,1946,43,2,507.9484067192051,231.8445665521539,2.2096608427543676,253.97420335960254,0.4564332981170626
CMP-0002,Facebook,2024-11-08,79654,2056,273,1546.6597435766869,47294.69076617255,2.5811635322770985,5.66542030614171,30.57860073140746
CMP-0010,LinkedIn,2023-08-11,51816,2480,336,4766.4758804631165,110264.28383768171,4.786166435077968,14.185940120425942,23.133293150529546
CMP-0005,Google Ads,2023-03-28,82707,5133,672,3955.0537364057723,123126.20266808056,6.206246146033589,5.885496631556209,31.131360247958035
CMP-0016,YouTube,2024-06-05,31979,1472,29,3430.3211122001794,7213.927739299305,4.603020732355608,118.28693490345447,2.102989050687547
CMP-0036,Google Ads,2024-07-27,23425,753,50,2953.973842343711,2675.0431594772417,3.214514407684098,59.07947684687422,0.9055744235550972
CMP-0044,LinkedIn,2023-06-14,75816,3074,258,4135.1753216971665,78581.33719131855,4.054553128627203,16.027811324407622,19.003145230385794
CMP-0039,Organic,2024-12-10,86361,1776,253,2717.7211210349196,75934.88858354831,2.0564838295063743,10.741980715553042,27.940647771332763
CMP-0025,Organic,2024-02-23,38628,1401,106,667.8740005934131,6551.54220044965,3.626902764833799,6.3006981188057845,9.809548200152328
CMP-0011,Email,2023-06-02,11469,730,38,1040.849136899531,9410.53620907478,6.364983869561426,27.390766760513973,9.041210561125864
CMP-0013,Google Ads,2024-08-07,77764,2375,177,2935.623774210077,52116.1538590936,3.0541124427755775,16.585445052034334,17.753008514559095
CMP-0007,Organic,2023-06-18,4239,73,7,3985.8839475918744,3381.716066438795,1.7221042698749707,569.4119925131249,0.848423112891158
CMP-0012,LinkedIn,2024-03-06,56432,1978,44,4788.531422705238,11992.536364744694,3.5051034873830456,108.83025960693722,2.504428875183118
CMP-0029,Instagram,2024-01-18,78670,2439,154,3707.7026206324836,16620.120832143533,3.1002923604931993,24.075991043068075,4.4825927353656985
CMP-0023,Facebook,2024-07-08,14050,744,60,4182.772107822539,4089.5660366986444,5.295373665480427,69.71286846370897,0.9777166747981364
CMP-0013,LinkedIn,2024-11-01,39932,1899,135,2060.693605862327,49378.451680028964,4.755584493639187,15.26439708046168,23.962054106226937
CMP-0014,Organic,2023-11-26,11496,280,27,552.8623877053301,12668.296078122323,2.4356297842727903,20.47638472982704,22.914013251475506
CMP-0031,Email,2024-12-24,55576,3697,354,3191.645540249872,52914.51403542735,6.652152008061034,9.015947853813197,16.579069751989035
CMP-0040,Email,2024-05-20,31589,2258,54,761.259179712777,13784.559284827643,7.148057868245275,14.097392216903279,18.107577093557747
CMP-0044,YouTube,2023-08-31,25000,250,35,1880.7932511266256,8398.813472657237,1.0,53.736950032189306,4.46556976298496
CMP-0020,YouTube,2024-02-12,73258,5322,779,746.0386219468011,353065.8373722057,7.264735592017255,0.957687576311683,473.25410104221424
CMP-0035,Organic,2024-09-29,1853,135,19,4440.931378123035,2744.091641321953,7.285483000539665,233.73323042752816,0.6179090392704394
CMP-0016,Email,2023-04-11,59630,4391,389,1008.5852982790946,143613.6972919272,7.363743082341104,2.5927642629282635,142.39122614316216
CMP-0036,YouTube,2023-12-16,50503,933,47,3163.603030792877,17689.204924139773,1.8474150050492049,67.31070278282716,5.591474262719498
CMP-0050,Facebook,2023-04-27,59194,4547,172,1993.957690620748,25533.273405053158,7.6815217758556615,11.592777271050862,12.805323565869784
CMP-0050,Organic,2023-09-19,57399,1734,108,2354.330049884327,27280.54537113328,3.0209585532849004,21.799352313743768,11.587392078894643
CMP-0030,Email,2023-11-18,15102,1009,141,1813.351616440121,18341.278743069473,6.681234273606145,12.860649761986673,10.114573796270209
CMP-0039,Email,2023-07-22,88251,5570,567,1898.5340270943316,94029.5019469743,6.311543211974935,3.3483845275032302,49.52742516334278
CMP-0036,LinkedIn,2024-08-25,16451,1232,97,2727.6631761252625,10884.772170924014,7.4889064494559605,28.120238929126415,3.9905118293917066
CMP-0014,Email,2023-07-30,62853,4194,184,4673.443588558578,61201.11969284336,6.6727125196887975,25.399149937818358,13.0955083832989
CMP-0044,Google Ads,2023-09-08,87603,1959,75,709.0424121312503,29504.452708676516,2.2362247868223695,9.453898828416671,41.61168951796775
CMP-0036,Instagram,2023-09-25,65595,4683,673,453.484811396616,273220.9552326748,7.139263663388978,0.6738258713174087,602.4919652572814
CMP-0030,Organic,2023-06-08,16687,332,8,1987.2776267763907,716.9832229332301,1.9895727212800383,248.40970334704883,0.3607866426274145
CMP-0034,Email,2024-01-19,33725,1731,61,1802.474484937636,18373.44056727036,5.132690882134915,29.548762048157965,10.193453899518621
CMP-0040,Organic,2023-09-15,90899,5408,367,2336.984387003679,136330.24668468675,5.949460390103301,6.3678048692198335,58.33596811465225
CMP-0009,Google Ads,2023-05-08,34486,1271,132,2111.7510010361275,49936.87293849412,3.685553557965551,15.998113644213086,23.647140649628042
CMP-0018,Organic,2023-12-18,13827,700,79,1334.9249152104303,24731.47372808116,5.062558761842771,16.89778373684089,18.52649047619478
CMP-0049,Email,2023-12-21,76912,2693,253,3158.0147665144623,113668.91937964539,3.5014042022051175,12.48227180440499,35.9937897013392
CMP-0025,Google Ads,2024-07-31,42115,1221,176,4863.059063352591,54017.22501256619,2.899204558945744,27.631017405412447,11.107663778882163
CMP-0032,Email,2023-01-28,23154,309,38,935.7037373213656,4338.176319828444,1.3345426276237367,24.623782561088568,4.636271232866206
CMP-0019,YouTube,2024-07-26,78851,2706,88,824.8780381747523,43696.54996185351,3.4317890705254213,9.37361407016764,52.97334628831068
CMP-0048,Google Ads,2024-05-29,6546,339,20,2199.356559277197,6651.852358452115,5.178735105407883,109.96782796385985,3.024453825094281
CMP-0038,Organic,2023-01-11,36810,1234,101,3854.707329266103,23992.9872218231,3.3523499049171424,38.16541910164458,6.224334345609352
CMP-0010,Email,2023-02-10,15924,1205,94,3206.337693994512,17124.587551705175,7.567194172318513,34.109975468026725,5.340855887943314
CMP-0007,Email,2023-03-24,8356,268,13,3236.87310784194,2712.955249207687,3.207276208712303,248.9902390647646,0.8381407484386821
CMP-0035,Google Ads,2023-09-18,51221,3261,260,4880.274711584908,53307.06203749234,6.366529353194979,18.770287352249646,10.922963396087276
CMP-0003,LinkedIn,2024-10-24,48237,672,44,2736.3313070498275,8712.165369631646,1.393121462777536,62.189347887496076,3.1838854261491667
CMP-0009,Email,2023-10-02,11483,250,16,2490.9587172623237,2255.585453569202,2.1771314116520073,155.68491982889523,0.9055089664625965
CMP-0036,Email,2023-07-29,90118,1916,80,4188.036792437479,29308.992547520895,2.126101333806787,52.35045990546848,6.998265297106612
CMP-0005,Email,2023-03-08,17192,637,88,4363.543392427971,30317.882795508885,3.705211726384365,49.58572036849967,6.9479961739624985
CMP-0001,Google Ads,2024-05-15,75454,1498,99,4137.128270762529,15236.429425149763,1.9853155564979987,41.78917445214675,3.682851588824797
CMP-0043,Google Ads,2024-01-04,99786,3955,125,695.5831287296573,53236.83047696629,3.9634818511614855,5.564665029837259,76.53554015059659
CMP-0044,YouTube,2024-05-16,14044,1019,83,4684.018997834236,35438.75394179436,7.255767587581885,56.43396382932814,7.565886038929451
CMP-0016,LinkedIn,2024-05-06,23006,670,21,3910.759595438764,3429.0425599529713,2.912283752064679,186.2266474018459,0.8768226418091172
CMP-0016,YouTube,2023-07-26,17083,231,15,270.8481234945231,2169.9863585546696,1.3522215067611076,18.05654156630154,8.011819799809501
CMP-0037,YouTube,2024-11-01,38852,2811,313,1678.4323811092902,68416.1055150403,7.235148769690106,5.362403773512109,40.7619075305396
CMP-0033,YouTube,2024-04-01,79950,5286,185,3136.1392848864625,87547.71539452454,6.611632270168856,16.952104242629527,27.91576120883101
CMP-0007,Instagram,2023-02-11,14399,1097,142,4602.381161343345,25352.677601658448,7.618584623932217,32.411134939037645,5.5086001599786005
CMP-0038,Organic,2024-02-09,59398,2547,125,2380.570686193056,6767.5948136459465,4.288023165763157,19.04456548954445,2.8428455634176104
CMP-0005,Email,2024-06-22,16503,1085,69,3382.1429845038783,20844.034318935184,6.5745622008119735,49.01656499280983,6.162966620405247
CMP-0019,Facebook,2024-12-19,35945,2312,228,2237.7400808331813,57163.43426856382,6.432048963694534,9.814649477338515,25.545162621067263
CMP-0012,Facebook,2023-01-30,91297,5063,578,3638.489297050202,221455.09190596323,5.545636767911322,6.294964181747754,60.86457148176894
CMP-0013,Facebook,2024-01-09,76885,4446,220,2112.525989966435,67768.98278519968,5.782662417896859,9.602390863483796,32.07959717753646
CMP-0020,Instagram,2023-02-09,50523,2312,155,437.2182971878877,9304.28216270502,4.5761336421035965,2.8207632076637914,21.280633090034314
CMP-0035,YouTube,2023-05-04,5490,240,25,2913.5226543101917,2289.758373699831,4.371584699453552,116.54090617240767,0.7859071802007169
CMP-0016,LinkedIn,2023-06-19,35600,1369,86,981.0590328634047,6627.537385905735,3.845505617977528,11.407663172830286,6.755492955976385
CMP-0046,LinkedIn,2024-12-25,29662,2286,107,1330.6929137491309,29911.15171490747,7.706830287910457,12.436382371487204,22.477877056273613
CMP-0031,LinkedIn,2023-09-10,4808,378,54,3001.9283888684577,8148.060079016226,7.86189683860233,55.591266460526995,2.7142753002471
CMP-0007,YouTube,2023-04-09,8196,372,9,1083.3065678660437,2033.3406089524676,4.538799414348463,120.36739642956042,1.8769761665507603
CMP-0044,Instagram,2023-03-06,96955,6281,362,2408.79489511804,173520.04811467262,6.478263111752875,6.654129544524973,72.03604112012596
CMP-0050,Facebook,2024-02-22,73818,3341,104,4449.973561270159,35891.769782166,4.525996369449186,42.788207319905375,8.065614163316823
CMP-0026,Instagram,2023-04-17,34997,2589,367,1579.9628967611595,51525.488614201284,7.397776952310197,4.305076012973187,32.611834568916656
CMP-0045,Organic,2023-08-31,56420,1888,98,2583.604121787427,8562.073914485643,3.346331088266572,26.36330736517783,3.314003814393245
CMP-0002,LinkedIn,2024-04-29,70252,2573,338,3796.691585568447,19693.495304808894,3.6625291806638955,11.232815341918482,5.187014762975632
CMP-0039,YouTube,2023-03-24,62740,2709,286,,119350.50794404869,4.3178195728402935,12.601808227345005,33.115046730381394
CMP-0014,Facebook,2024-07-24,22244,251,24,3646.7520412528274,9696.31812236433,1.1283941737097645,151.9480017188678,2.6588915321572557
CMP-0017,Facebook,2024-12-26,64971,5086,271,4777.517989476165,116765.7007568743,7.828107925074264,17.62921767334378,24.440661660318977
CMP-0019,Organic,2024-02-09,18606,242,30,127.65333090137273,7761.028136221452,1.3006557024615717,4.255111030045757,60.79769389032052
CMP-0015,Organic,2023-03-14,77111,3288,373,2140.562687400424,134357.8947281836,4.263983089312809,5.738773960859045,62.76755897831362
CMP-0034,Organic,2023-10-20,76884,3236,429,4004.5009080188156,154966.27654709897,4.208938140575412,9.33450095109281,38.69802507393285
CMP-0029,LinkedIn,2023-04-24,23852,609,57,2398.183314410414,22828.44868930614,2.5532450109005533,42.07339148088445,9.519059094495637
CMP-0011,Instagram,2023-02-03,39096,2757,133,1308.4459983412473,19274.61351012711,7.051872314303253,9.837939837152236,14.730920140809834
CMP-0025,Organic,2023-05-31,23211,1491,59,4105.739195027288,20831.150400085888,6.423678428331395,69.58879991571673,5.073666253647034
CMP-0039,Organic,2023-07-28,12715,628,92,3005.3929276121958,20975.5523528265,4.93904836806921,32.667314430567345,6.97930448964346
CMP-0029,Email,2024-08-23,56563,4229,197,1817.7159219772498,48363.99739810285,7.476618991213338,9.226984375519034,26.60701642833944
CMP-0022,Organic,2023-10-29,64902,1067,78,4071.8414989999023,23947.59247753991,1.6440171335243905,52.20309614102439,5.881268336064101
CMP-0004,YouTube,2023-10-04,26092,2002,203,3609.4545293022056,20054.267540627163,7.672849915682968,17.78056418375471,5.556038281635906
CMP-0032,Organic,2024-05-18,45293,992,92,4786.464996048029,26354.780653258622,2.190183913629038,52.02679343530467,5.506105377354392
CMP-0031,Email,2023-09-11,57372,1602,44,1806.453198579746,13583.46034934157,2.7923028655093076,41.05575451317605,7.519408950102356
CMP-0011,YouTube,2023-02-27,10094,537,71,2180.8646889659944,19905.872415734055,5.3199920744997025,30.716404069943582,9.12751374097031
CMP-0033,YouTube,2023-05-16,71399,3444,324,2811.3610382730058,87833.79971615794,4.823596969145226,8.67704024158335,31.242447526452693
CMP-0035,Organic,2023-11-08,11350,594,23,1805.5780922041947,1698.5335060712287,5.233480176211454,78.50339531322585,0.9407145076720058
CMP-0007,Email,2024-10-10,95119,6934,622,4127.020575246768,98786.26888595075,7.289815914801459,6.635081310686123,23.936461445929183
CMP-0036,Email,2023-10-11,35816,1487,180,1210.39875827404,43026.172155655484,4.151775742684833,6.724437545966889,35.547105333293935
CMP-0027,Email,2023-11-28,82576,6349,552,146.67864877975964,145857.49752938346,7.6886746754504935,0.2657221898184051,994.401698834783
CMP-0036,Organic,2023-10-02,76029,3164,383,3408.3444164476455,30907.951352211745,4.161569927264597,8.899071583414218,9.068318096920976
CMP-0032,Google Ads,2023-07-30,12632,993,28,482.5322525074521,8526.490381331063,7.860987967067764,17.233294732409004,17.670301491814545
CMP-0026,Organic,2024-06-13,56540,2895,177,346.6810588061992,55074.96856811986,5.120268836222143,1.9586500497525379,158.8635062952999
CMP-0027,Instagram,2024-10-15,75505,2378,295,1342.6173792897473,118559.43007589823,3.149460300642341,4.551245353524567,88.30470386031863
CMP-0013,LinkedIn,2024-07-27,67310,4040,115,3135.414439061992,32113.225413222015,6.002079928688159,27.26447338314776,10.242099102799687
CMP-0008,Facebook,2024-06-12,4253,241,27,2981.382507035544,10706.502353264636,5.666588290618387,110.42157433464979,3.591120001542624
CMP-0005,Organic,2023-03-25,18677,900,85,931.2923733480764,40076.35414708932,4.818761042994057,10.956380862918545,43.03305309267311
CMP-0031,Facebook,2024-11-18,46608,1134,90,3360.712041796754,21827.44574789941,2.433058702368692,37.34124490885282,6.494887237119458
CMP-0005,Google Ads,2023-11-22,48633,3165,228,2131.5933186706734,112655.09056161909,6.507926716427118,9.34909350294155,52.850179992060696
CMP-0011,Organic,2023-03-23,29605,1106,105,2526.993971205187,40525.791042326986,3.735855429826043,24.066609249573208,16.037153829456592
CMP-0022,LinkedIn,2023-07-06,78038,3436,209,562.6742999116616,46800.52680149297,4.402983162049258,2.6922215306778066,83.17516333843669
CMP-0032,Email,2023-08-01,23782,1272,152,1685.865361518882,32860.4507607233,5.348582961903961,11.091219483676856,19.491740865425722
CMP-0005,YouTube,2023-05-09,64272,2495,217,4845.711283797438,52720.74728592646,3.8819392581528507,22.330466745610316,10.879877937055053
CMP-0015,YouTube,2023-10-10,76933,5410,598,3075.976405203431,238879.7862098644,7.032092860021057,5.143773252848547,77.65982398491967
CMP-0010,Email,2024-11-30,49929,3517,123,3554.0318575851916,41596.37865096456,7.044002483526608,28.894567947847086,11.703997127146595
CMP-0041,Email,2023-06-18,75079,1497,110,3126.6651464118245,39034.88451693229,1.9938997589206036,28.42422860374386,12.484510713188747
CMP-0025,Instagram,2024-05-05,31923,915,63,,9544.555094974236,2.866271966920402,21.598778221886075,7.0143261330349
CMP-0025,Organic,2024-09-13,67332,1005,58,2855.3112177500616,25723.93564513296,1.4926038139369098,49.22950375431141,9.009153007637114
CMP-0027,Instagram,2023-02-22,57565,1911,190,1682.1890445451181,63617.01727515348,3.3197255276643793,8.853626550237463,37.817995237483075
CMP-0016,Google Ads,2023-03-08,59089,2473,232,2848.316734896588,24055.564294125666,4.185212137622908,12.277227305588742,8.445536972558298
CMP-0034,Instagram,2023-01-19,91571,2464,268,4674.869500664595,39017.810308281674,2.690808225311507,17.443542912927594,8.346288661690936
CMP-0029,Organic,2024-05-12,57147,2587,231,1989.8508636282145,72488.39957119948,4.526921798169633,8.614073002719543,36.42906154234445
CMP-0013,Google Ads,2024-09-27,5650,428,55,1474.5460846062933,5780.0916555335625,7.575221238938052,26.809928811023514,3.919912518079663
CMP-0024,Instagram,2024-11-14,85499,2539,117,3242.3933905232634,45357.42183114938,2.9696253757353888,27.712764021566354,13.988870679208212
CMP-0040,Organic,2024-05-19,97139,3147,272,3038.7062692726613,19951.13222785145,3.2396874581784862,11.171714225267138,6.565666589626286
CMP-0029,Organic,2023-04-28,14000,906,43,,9477.767765101582,6.471428571428571,57.81357246758112,3.812481990507819
CMP-0017,Facebook,2024-10-05,16104,712,53,1295.0197021197448,25485.68161810815,4.4212617983109785,24.434334002259337,19.6797636177983
CMP-0042,Organic,2024-03-19,43232,1560,77,1484.6139269407445,34197.21572818818,3.6084381939304215,19.280700349879798,23.03441663022544
CMP-0037,Organic,2023-04-09,4546,74,1,2618.9803539083314,84.158677959238,1.627804663440387,2618.9803539083314,0.03213413870541149
CMP-0029,Google Ads,2023-11-25,31221,2005,243,2246.7463825184323,43591.53188481091,6.421959578488838,9.245869886907128,19.402070578143363
CMP-0039,Organic,2023-03-29,57977,896,126,3101.8310064578877,15175.379881639883,1.5454404332752643,24.617706400459426,4.892394153661289
CMP-0009,Google Ads,2023-10-16,6469,501,42,3072.2867816439566,13128.822196838893,7.744628226928428,73.14968527723707,4.273306214536966
CMP-0025,Instagram,2023-10-29,94997,4578,286,103.32136657928548,75049.61442288986,4.819099550512122,0.3612635195079912,726.3707102179994
CMP-0019,LinkedIn,2023-05-12,73897,3249,359,2340.59476549582,39009.11022282429,4.396660216246938,6.519762577982785,16.666323789953786
CMP-0031,Instagram,2023-03-11,17648,495,70,2515.106175709131,30486.83620395653,2.804850407978241,35.93008822441616,12.121490734028676
CMP-0014,Organic,2024-09-12,9586,662,14,1013.7261108731809,2929.600606976993,6.9059044439808055,72.40900791951292,2.889933065306524
CMP-0032,Instagram,2024-03-04,94538,4719,523,361.6902028273985,52979.813480871606,4.991643571897015,0.6915682654443566,146.47843117319383
CMP-0026,Email,2024-08-04,45244,2396,335,2480.6786138358893,164831.9860730549,5.295729820528689,7.405010787569819,66.44632849806132
CMP-0015,Instagram,2024-03-19,14648,1142,40,3881.5956670027344,8563.02505911611,7.796286182413982,97.03989167506836,2.206057970414072
CMP-0050,Instagram,2024-09-02,73286,5196,259,3852.206954488039,98524.49053734123,7.090030838086402,14.873385924664245,25.576115640037102
CMP-0004,YouTube,2023-12-31,71601,860,48,4049.8846596555377,9295.669310935806,1.2011005432885016,84.37259707615704,2.2952923582091467
CMP-0045,LinkedIn,2023-11-18,12943,233,21,4541.4475213561445,2724.305651927835,1.8002008807849805,216.25940577886402,0.5998760613475759
CMP-0011,Google Ads,2024-04-09,3471,213,27,1343.9025229199235,7882.744969959562,6.1365600691443385,49.774167515552726,5.865563041605552
CMP-0012,YouTube,2023-11-14,90335,2167,308,1266.8971875493485,96728.48474347258,2.3988487297282335,4.113302556978404,76.35069814195542
CMP-0036,Organic,2024-03-01,19618,1269,123,1613.6370159528863,51204.03242501774,6.46854929146702,13.119000129698263,31.732063604639542
CMP-0013,Google Ads,2024-11-09,89166,3577,201,2527.4150656369493,45091.584678566585,4.011618778458156,12.574204306651488,17.840989116365332
CMP-0005,Facebook,2023-10-07,90335,2579,98,3559.697450501185,27776.395748420786,2.854928875850999,36.32344337246107,7.803021502434155
CMP-0013,Facebook,2024-10-15,33518,1469,198,2201.1664789868355,96390.20094029052,4.382719732680948,11.117002419125432,43.79050919613201
CMP-0036,Google Ads,2023-07-13,4169,273,13,,1388.7586860524234,6.548332933557208,312.2304509432558,0.3421434101384828
CMP-0010,Google Ads,2024-10-26,30289,1597,155,832.0723050623504,69119.18890603256,5.272541186569382,5.368208419757099,83.06872910624419
CMP-0007,LinkedIn,2023-01-24,37265,879,68,4824.984283454229,30702.26574957466,2.358781698644841,70.95565122726806,6.363184612820079
CMP-0031,LinkedIn,2023-05-31,22581,1721,185,1577.766276420201,65722.76967459859,7.62145166290244,8.528466359028114,41.65558020654187
CMP-0025,Instagram,2023-01-31,4601,72,10,2809.579900049531,2932.0753484002466,1.5648772006085634,280.9579900049531,1.0435992044036748
CMP-0028,Instagram,2023-01-29,68855,4135,103,209.77833622983184,12789.256563174082,6.005373611211967,2.036682876017785,60.96557343825175
CMP-0014,LinkedIn,2024-07-07,84094,2120,235,4901.517220370672,110866.85016023072,2.520988417723024,20.85752008668371,22.61888414866092
CMP-0020,Google Ads,2024-02-19,20534,1184,140,2792.654779032588,39950.873757062574,5.76604655692997,19.94753413594706,14.305697237272584
CMP-0038,LinkedIn,2023-06-14,92495,4283,427,3072.126666547115,45222.7485537936,4.630520568679388,7.194676034068185,14.720339836970734
CMP-0011,Instagram,2024-11-25,83954,1226,158,4329.013308398477,59358.974188756074,1.460323510493842,27.3988184075853,13.711894595841745
CMP-0030,Facebook,2023-09-09,29625,1916,213,2303.766045344069,66613.55912230002,6.467510548523207,10.81580302978436,28.915071153569002
CMP-0042,Google Ads,2023-05-10,52841,920,60,4145.36855384897,18228.709170619637,1.7410722734240456,69.08947589748283,4.397367552203362
CMP-0007,Google Ads,2024-04-06,31008,2471,173,1259.3613177513967,40137.17189963559,7.96891124871001,7.279545189314431,31.871053472803936
CMP-0012,YouTube,2024-01-23,83798,2184,50,348.29979773994864,15600.341938365,2.6062674526838348,6.965995954798973,44.78998276654957
CMP-0050,YouTube,2023-11-10,15429,239,19,133.50520527091663,6687.859478875486,1.5490310454339231,7.026589751100875,50.09437246513413
CMP-0010,LinkedIn,2023-07-10,66888,4780,487,4647.8477382349565,229949.3134391749,7.146274369094606,9.543835191447549,49.47436456395177
CMP-0021,Google Ads,2024-02-13,19917,1282,110,1945.0965689150971,21991.01291060199,6.436712356278557,17.682696081046338,11.305872038460159
CMP-0003,YouTube,2024-11-27,81617,5019,737,3181.944878713327,307487.61402851983,6.149454157834764,4.317428600696509,96.6351164929223
CMP-0039,YouTube,2024-03-06,23933,353,47,1440.4025355672302,23258.18346575979,1.4749509046086993,30.646862458877237,16.147002585357658
CMP-0017,LinkedIn,2024-05-15,16440,466,15,4984.419082551771,3549.4572599839794,2.834549878345499,332.2946055034514,0.7121105190390284
CMP-0006,LinkedIn,2023-12-02,67107,3141,236,4852.59854940424,75249.5297292918,4.680584737806786,20.561858260187456,15.507058530224036
CMP-0014,Instagram,2023-10-11,69881,4889,724,3232.7967701556277,114682.71720062659,6.996179218957943,4.465188909054734,35.47476855314531
CMP-0016,YouTube,2023-09-15,81417,5593,463,1153.9023022584001,115595.2673782403,6.8695726936634856,2.4922295945105835,100.17769021865975
CMP-0028,Email,2024-09-11,29438,1211,120,2069.7724065747943,52778.569908444646,4.113730552347306,17.248103388123287,25.499697329421043
CMP-0044,Instagram,2024-06-19,23149,855,36,1462.8113245525344,12718.130994643634,3.693464080521837,40.633647904237066,8.694307174942084
CMP-0001,Instagram,2024-05-12,2664,179,26,3244.5930020677915,1668.8579760892128,6.7192192192192195,124.7920385410689,0.5143504824875241
CMP-0005,Email,2023-03-30,67130,1754,64,4710.422774929047,11581.679585157588,2.612840756740652,73.60035585826635,2.45873462713377
CMP-0036,LinkedIn,2024-06-18,35029,994,37,4393.531621015549,16548.378717433385,2.8376488052756286,118.7440978652851,3.7665322899413405
CMP-0006,YouTube,2024-05-10,80072,3966,489,4485.463294119029,154606.46346855533,4.9530422619642325,9.172726572840551,34.468337679022504
CMP-0030,Google Ads,2024-09-11,81086,1224,180,4290.263911205708,14604.221559272382,1.509508423155662,23.834799506698378,3.4040380409064643
CMP-0031,LinkedIn,2023-07-17,29221,828,99,3599.080035312121,33038.813875459215,2.8335785907395366,36.354343791031525,9.179794156090226
CMP-0012,Email,2023-06-02,11023,138,5,1030.1013292032442,384.20728183465417,1.251927787353715,206.02026584064885,0.3729800854949175
CMP-0014,LinkedIn,2023-07-16,7473,499,28,1700.921048660768,9598.495370911256,6.677371872072796,60.747180309313144,5.6431163447996
CMP-0009,YouTube,2023-07-30,5490,166,12,1765.1355619278359,5203.300178480747,3.02367941712204,147.094630160653,2.9478190178197052
CMP-0023,Google Ads,2023-10-22,45675,3126,357,,132351.68684572767,6.844006568144499,3.099527845876898,119.60951306430414
CMP-0050,Facebook,2023-08-23,85274,2808,82,4759.638275872818,24286.691214847575,3.292914604686071,58.04436921796119,5.102633815254355
CMP-0048,Organic,2023-11-25,1805,43,4,2953.9820657306145,1584.7660646238535,2.3822714681440442,738.4955164326536,0.536484660150396
CMP-0050,Instagram,2023-10-29,21219,508,45,4083.651101934465,6755.453524307209,2.3940807766624252,90.74780226521032,1.6542680448648235
CMP-0045,Facebook,2023-07-07,44678,3467,430,3005.7848852027146,166453.46940482067,7.759971350552846,6.990197407448173,55.37770524572812
CMP-0019,Google Ads,2024-06-18,49690,3928,164,3625.939294036536,8639.423373079098,7.905011068625479,22.109385939247172,2.3826718189375304
CMP-0045,LinkedIn,2023-09-07,1594,96,11,293.0489790470831,2202.5986517821725,6.022584692597239,26.640816277007556,7.516145113163111
CMP-0009,Email,2023-07-25,99133,7168,566,2268.420778472654,238139.2107831268,7.230690083019782,4.0078105626725335,104.98017521399528
CMP-0007,LinkedIn,2024-07-14,65663,4895,695,1634.6510153872616,237530.35554102666,7.454730974826005,2.3520158494780743,145.30952068980537
CMP-0049,Facebook,2024-11-24,47685,2556,59,3643.73473148118,11304.449021548022,5.360176156023907,61.75821578781661,3.102434687102691
CMP-0025,Email,2024-06-27,77449,1534,115,1531.1872782409898,34406.46620361306,1.980658239615747,13.31467198470426,22.470449364717037
CMP-0048,Facebook,2024-04-29,8401,465,52,3527.7836284905957,20715.747283657136,5.535055350553505,67.84199285558837,5.872170593557807
CMP-0050,Google Ads,2024-06-09,12443,922,130,2777.5053305802817,51462.4881480298,7.409788636180985,21.36542561984832,18.528313008593997
CMP-0027,Organic,2024-10-26,58362,3806,443,3584.92783171199,44176.282698254465,6.521366642678456,8.092387881968374,12.322781593390678
CMP-0024,Google Ads,2023-06-16,56206,3629,435,204.0448031668646,57744.88564176312,6.456606056292922,0.4690685130272749,283.0010112756475
CMP-0005,Organic,2023-08-13,61580,3515,249,4062.859319691136,32794.71861408764,5.708022085092562,16.316704095145123,8.071832183591514
CMP-0028,Google Ads,2024-05-28,62472,4063,431,2904.8977562143104,156655.16944954894,6.5037136637213475,6.739901986576126,53.92794604024322
CMP-0003,LinkedIn,2023-02-16,5445,199,15,1251.001201631104,6720.837427102426,3.654729109274564,83.40008010874027,5.372366883692466
CMP-0036,Facebook,2024-10-12,47656,2215,70,2995.8612611524777,17777.623874149067,4.647893234849756,42.79801801646397,5.93406113449666
CMP-0006,Organic,2024-12-22,91673,4082,510,3452.3166834070694,213352.74814161393,4.452783262247335,6.769248398837391,61.79987750459134
CMP-0031,Instagram,2024-10-13,84655,6341,536,375.790013968984,57153.51076644446,7.490402220778454,0.7011007723301941,152.08895564521745
CMP-0044,Facebook,2024-05-11,90096,1000,138,4001.6992349557986,38232.66561904045,1.1099271887764164,28.99782054315796,9.554107736300864
CMP-0017,Instagram,2024-06-26,28798,289,27,1477.88907919165,10363.856622719071,1.0035419126328218,54.7366325626537,7.0126078936774565
CMP-0038,Email,2024-07-17,37465,1210,112,4790.372318585508,9862.532690950542,3.2296810356332575,42.77118141594203,2.058823831435034
CMP-0035,Google Ads,2024-01-26,82324,3106,343,2516.7036466740565,135826.87076629198,3.772897332491133,7.337328415959348,53.97014898666899
CMP-0048,Organic,2024-07-26,64421,4831,146,4873.82474951328,25775.648702558807,7.499107433911302,33.382361298036166,5.288587511303698
CMP-0045,Email,2023-08-30,94184,4345,632,610.8162677162552,232154.71071141984,4.613310116367961,0.9664814362598975,380.0729007749079
CMP-0042,Instagram,2024-05-27,23763,1197,66,191.33602281232416,32618.20304802884,5.037242772377224,2.899030648671578,170.4760168451033
CMP-0046,Instagram,2023-06-22,89205,2896,204,1436.7950581335908,85446.5452892672,3.246454795134802,7.043113030066622,59.470238852479774
CMP-0027,Facebook,2024-01-17,35829,1325,197,3395.613238211307,49067.00743683858,3.698121633313796,17.236615422392422,14.450116663664973
CMP-0047,Google Ads,2023-10-27,69322,1094,116,1390.508739443728,34493.13757091478,1.5781425809988172,11.98714430554938,24.806127852683428
CMP-0005,Google Ads,2024-07-27,68307,4880,319,3464.8315879863767,86795.90839725832,7.144216551744331,10.86154102817046,25.050541763185862
CMP-0021,YouTube,2024-01-07,26652,691,99,3786.462602522815,36181.750651094655,2.5926759717844816,38.24709699517995,9.555554735173605
CMP-0026,Instagram,2024-05-04,35004,2517,196,289.6289640834791,40294.258904508075,7.190606787795681,1.4776987963442811,139.1237200050688
CMP-0028,Google Ads,2023-01-24,37545,2857,214,1276.6124835272647,47727.1574590432,7.609535224397391,5.965478894987218,37.385783136926285
CMP-0036,Facebook,2024-06-17,93133,1281,114,983.5181407985409,37692.907331176386,1.3754523101371157,8.627352112267904,38.324567455942045
CMP-0034,Facebook,2023-09-23,95815,1990,116,2505.821727033058,47148.5133954269,2.0769190627772267,21.601911439940153,18.815589667366986
CMP-0028,Email,2023-02-21,57103,4396,346,4607.9476114791205,87727.80793257845,7.698369612804931,13.317767663234452,19.038369211063667
CMP-0039,Google Ads,2024-01-21,24410,369,39,4281.332089244751,10369.794722680861,1.5116755428103237,109.77774587807053,2.4220953914626477
CMP-0039,Instagram,2023-12-01,9211,284,37,3880.359876472582,11626.582697231557,3.0832700032569753,104.87459125601573,2.9962640237896268
CMP-0017,Instagram,2024-11-03,86613,894,79,1325.8391120617787,4956.498946024531,1.0321776176786395,16.782773570402263,3.7383864308519343
CMP-0025,Organic,2023-07-24,80454,1399,67,4529.586461083146,17381.885313041224,1.7388818455266364,67.60576807586784,3.837411088712224
CMP-0013,Instagram,2023-06-06,58075,3934,317,1450.378493386666,88198.65205024696,6.773999139044339,4.57532647756046,60.810783152404
CMP-0021,Facebook,2024-03-06,20612,221,22,3579.624613355438,9186.275816468797,1.0721909567242383,162.71020969797448,2.5662679215566806
CMP-0005,Instagram,2024-08-14,4811,70,1,3104.992036998393,327.63910340845183,1.454998960715028,3104.992036998393,0.10552011068124405
CMP-0036,Organic,2023-07-10,66074,4197,622,4736.800392233327,145828.6849050491,6.351969004449557,7.615434714201491,30.786326809159284
CMP-0025,Email,2023-04-09,24261,1241,88,1544.4886963679705,37247.76870926962,5.1152054738056965,17.551007913272393,24.116569319582403
CMP-0045,Google Ads,2023-11-21,41231,1662,176,1327.7200927249987,19457.4193221925,4.030947587979918,7.54386416321022,14.65476001214857
CMP-0042,LinkedIn,2023-05-18,42674,2217,222,4893.25161628066,43367.53408636236,5.195200824858228,22.041673947210178,8.862723090321245
CMP-0022,Google Ads,2024-03-14,47207,1575,133,4358.643938656171,17207.178406937244,3.3363696062024704,32.77175893726444,3.9478284184512793
CMP-0025,Email,2023-02-12,87383,3128,386,3049.209900955039,157407.69876682787,3.5796436377785152,7.899507515427562,51.62245430120321
CMP-0013,Organic,2024-01-31,82198,5009,248,4252.600213381907,41662.414142109585,6.093822234117619,17.14758150557221,9.7969270685281
CMP-0004,Facebook,2024-02-24,25923,514,17,2489.3674360436667,6156.71503192931,1.982795201172704,146.43337859080393,2.473204615271312
CMP-0021,Google Ads,2024-01-27,96843,3186,353,1137.139973868431,100469.80021863655,3.2898609088937762,3.2213596993439975,88.35306341122528
CMP-0015,Instagram,2024-10-21,76316,3238,405,3996.2420749044445,146573.50243771233,4.242884847214214,9.86726438248011,36.67783374740058
CMP-0014,LinkedIn,2023-07-16,12370,333,37,4311.076689580374,4650.6634593934905,2.6919967663702504,116.51558620487496,1.078770755953815
CMP-0043,Facebook,2023-08-04,67231,3638,300,4648.553608723175,125351.61237773315,5.411194240752034,15.495178695743917,26.965723734476555
CMP-0019,Facebook,2024-09-14,33283,1131,90,1374.3086178143506,32136.903307962988,3.398131178078899,15.270095753492784,23.38405136327554
CMP-0004,Google Ads,2023-01-03,27292,1496,86,941.0707090026758,4655.618105345154,5.48145976843031,10.942682662821811,4.947150156526566
CMP-0045,Instagram,2024-05-19,67650,1715,219,4128.210148925922,34204.09998577877,2.5351071692535108,18.850274652629782,8.285455137180454
CMP-0027,YouTube,2024-02-14,70975,2065,307,1169.5534066289858,61078.954100784766,2.909475167312434,3.8096202170325273,52.22416843437118
CMP-0040,Organic,2023-09-19,50191,1704,81,818.9317828386529,29613.06092832007,3.395030981650097,10.110268923933987,36.16059548412285
CMP-0021,Email,2023-06-10,57714,1932,112,580.0001204911937,25908.55844924076,3.3475413244620023,5.178572504385658,44.6699190808774
CMP-0028,Email,2023-01-27,47342,3171,228,2813.740951766429,81086.91386548344,6.698069367580583,12.340969086694864,28.818187336889757
CMP-0035,YouTube,2024-04-20,34915,2123,56,3007.763428412814,10404.756469948641,6.080481168552198,53.71006122165739,3.4593001469664104
CMP-0015,Google Ads,2024-08-07,55627,1600,85,785.1281065540292,35859.774222499276,2.8763010768152153,9.236801253576814,45.67378740252953
CMP-0003,Email,2024-10-04,94974,2084,147,2550.2373055596313,43957.17315616344,2.194284751616232,17.348553099045112,17.23650307378644
CMP-0021,Facebook,2023-08-09,5978,440,26,4418.97544746335,5718.581735859923,7.360321177651389,169.96059413320577,1.2940967434301074
CMP-0015,LinkedIn,2023-07-13,56455,2208,173,3498.4945389052205,61689.742186418196,3.9110796209370293,20.222511785579307,17.63322523456695
CMP-0008,Instagram,2023-12-10,20659,1259,42,2666.673239620969,6905.648465653882,6.094196234086838,63.49221999097546,2.5896117915952184
CMP-0018,Organic,2024-02-27,53010,2426,339,2967.3064689038124,93831.67828946917,4.576495000943218,8.753116427444875,31.621835921832716
CMP-0006,Instagram,2023-07-04,23524,267,6,4230.349198736364,1331.8759039062015,1.1350110525420847,705.058199789394,0.3148382890717491
CMP-0012,Organic,2023-12-21,12931,170,3,3989.8680602553923,417.4021157515926,1.3146701724537933,1329.9560200851308,0.10461551847027106
CMP-0024,YouTube,2023-11-27,89212,4928,452,4728.990623065112,25912.717813382955,5.523920548805093,10.462368635099805,5.479545188141552
CMP-0007,YouTube,2024-08-18,7193,224,21,4303.224350113084,10286.994558915687,3.1141387460030585,204.9154452434802,2.3905317784896236
CMP-0042,LinkedIn,2024-05-24,60284,1217,32,1035.8281796333688,5577.258913975054,2.018777785150289,32.369630613542775,5.384347542996102
CMP-0021,LinkedIn,2024-05-20,38828,1251,145,1644.8225321288564,8361.362269385263,3.221901720407953,11.343603669854183,5.083443414751463
CMP-0028,Google Ads,2024-03-23,80050,1867,89,3286.659782095405,28711.11151177321,2.3322923173016865,36.92876159657758,8.735650604355675
CMP-0018,Organic,2024-05-27,71223,5173,387,4598.846293391162,172053.7811085554,7.263103211041377,11.88332375553272,37.41237913426412
CMP-0004,YouTube,2023-10-09,94416,4090,305,415.6251954325596,64417.535672614766,4.331892899508557,1.3627055587952774,154.98948663488164
CMP-0011,YouTube,2024-10-15,98822,1426,178,1533.0861418337188,30540.510345823015,1.442998522596183,8.612843493447858,19.920935629418462
CMP-0008,YouTube,2023-01-11,23871,676,74,3076.165643078923,10964.433243158144,2.831888065016128,41.56980598755301,3.564318217982528
CMP-0002,Organic,2023-01-09,3497,89,12,3089.865531794981,1862.0252345209287,2.545038604518158,257.4887943162484,0.6026233877689917
CMP-0028,YouTube,2023-05-09,73487,5850,717,1982.6573906034287,81728.71528480528,7.960591669274837,2.765212539195856,41.22180446916795
CMP-0008,Organic,2024-07-15,38844,2785,333,2434.8723909922805,147584.82006881703,7.169704458861085,7.3119291020789206,60.612958861746336
CMP-0012,Facebook,2024-01-13,7775,277,15,1496.3043792913586,6081.332357550438,3.562700964630225,99.75362528609057,4.064234818607243
CMP-0034,LinkedIn,2023-07-28,95148,2586,237,2847.8447266434882,74463.63246481284,2.717871106066339,12.01622247528898,26.147363923375405
CMP-0026,Facebook,2024-07-11,75665,5463,636,1405.349842763392,286483.1478649086,7.219982819004824,2.2096695640933834,203.8518375620878
CMP-0029,Email,2024-08-10,58078,1699,45,1107.2896146462328,13403.326483256686,2.9253762181893315,24.606435881027398,12.10462584130612
CMP-0014,Google Ads,2024-10-21,23382,1059,97,2098.0680523140927,34093.83777702383,4.529124967924044,21.629567549629822,16.250110543087278
CMP-0018,Organic,2024-06-17,21146,967,141,2077.491400512979,14752.550029560307,4.5729688830038775,14.733981563921837,7.101136508154774
CMP-0039,Google Ads,2023-11-06,51630,2273,95,4681.524977515877,24832.978330175607,4.402479178772032,49.279210289640815,5.304463492012072
CMP-0018,Email,2023-12-14,27155,1271,60,3423.4743136539882,27108.84341082109,4.6805376542073285,57.05790522756647,7.918518127243349
CMP-0012,LinkedIn,2024-01-23,75837,5827,270,3133.7589155869346,76271.04205399416,7.683584529978771,11.606514502173832,24.33851617449935
CMP-0025,YouTube,2023-10-11,39517,2725,233,4988.850636430029,42599.37665575388,6.895766379026748,21.41137612201729,8.538916027006485
CMP-0024,LinkedIn,2023-02-28,50067,3568,344,3608.0215051809328,117155.50029491661,7.1264505562546185,10.488434608084107,32.47084312737254
CMP-0043,YouTube,2023-06-05,70482,3351,351,213.39350052876827,156716.8957861339,4.754405380097046,0.6079586909651518,734.4033224901635
CMP-0045,YouTube,2024-02-23,2402,153,7,2841.6461162005808,983.6441561297645,6.36969192339717,405.9494451715115,0.34615293949583864
CMP-0043,YouTube,2024-09-09,16545,266,37,4709.391356747154,2058.7744687341647,1.6077364762768207,127.2808474796528,0.4371635977512369
CMP-0008,Instagram,2024-06-05,93313,6695,515,3143.1759829196635,231029.13089857018,7.174777362211053,6.103254335766337,73.50181222877939
CMP-0044,Google Ads,2023-09-21,17448,439,20,3786.764641612588,7384.244588568055,2.516047684548372,189.3382320806294,1.9500141380382927
CMP-0003,Instagram,2023-09-27,71825,5191,517,518.3256084883859,253777.54394879277,7.227288548555517,1.0025640396293731,489.61027545772737
CMP-0007,Facebook,2024-05-11,72723,2563,98,916.4053309751757,39993.819989160824,3.524332054508202,9.35107480586914,43.642063874292546
CMP-0015,Facebook,2023-10-21,11016,680,47,1020.7855814241934,5278.140956108364,6.172839506172839,21.71884215796156,5.170665663933395
CMP-0024,Google Ads,2024-12-31,74997,4129,471,3661.3782001308164,24185.999584906825,5.505553555475553,7.773626751870099,6.6057091791398905
CMP-0050,Organic,2024-01-07,1069,21,2,350.85600534747476,346.39999174164575,1.9644527595884003,175.42800267373738,0.9872995943124419
CMP-0025,Organic,2023-07-12,62280,1454,121,158.85911560037647,11222.747558298039,2.3346178548490686,1.3128852528956734,70.64591487799673
CMP-0024,Facebook,2024-10-24,92526,2404,249,4846.858703338931,94626.9001928103,2.5981886172535287,19.465295997345105,19.523346147397113
CMP-0034,Instagram,2024-05-03,71576,5037,680,3486.065563858591,53876.54180323477,7.0372750642673525,5.126567005674398,15.454827459871671
CMP-0027,Facebook,2023-08-07,10362,193,24,4184.68120706093,4911.416549565552,1.8625747925110983,174.3617169608721,1.173665640593692
CMP-0026,Facebook,2023-06-07,68247,3100,361,595.4896489386194,45594.006684855325,4.542324204726947,1.649555814234403,76.56557383679218
CMP-0034,Email,2023-06-05,26038,1560,78,2911.5528893904625,10498.367559747196,5.991243567094247,37.32760114603157,3.6057622713991098
CMP-0044,Email,2024-01-21,64307,3282,412,3688.8230849980423,122112.1371019945,5.103643460276486,8.953454089801074,33.10327827826943
CMP-0042,Google Ads,2024-04-20,29305,575,82,1424.417725790381,17370.062688264956,1.962122504692032,17.37094787549245,12.194500513272295
CMP-0008,Facebook,2023-11-22,19338,949,92,2587.941244300387,33504.74534165239,4.907436136105078,28.12979613369986,12.946486097952322
CMP-0031,Email,2024-11-04,22438,448,10,2893.0837018065945,2737.5560403137697,1.9966128888492733,289.30837018065944,0.946241561764803
CMP-0025,LinkedIn,2024-09-06,5642,419,11,3806.3680188636317,1579.3176701119642,7.426444523218717,346.0334562603302,0.4149146016058268
CMP-0048,Email,2023-10-31,39422,2743,172,4508.455110579015,43482.892492215666,6.958043731926336,26.211948317319855,9.644743360133226
CMP-0016,Instagram,2024-02-06,9193,556,29,4513.222181733058,3076.175636248052,6.048080060915914,155.62835109424338,0.6815918898694266
CMP-0039,YouTube,2024-01-02,60045,1606,190,1589.457335346417,93397.59843476443,2.674660671163294,8.36556492287588,58.76068288074478
CMP-0045,Organic,2023-04-14,56399,4023,175,510.92439580729393,84678.08675823199,7.1331051969006545,2.9195679760416797,165.7350626689788
CMP-0015,Email,2023-11-02,5430,406,25,3644.9862054057367,7293.191066000662,7.476979742173112,145.79944821622948,2.0008830363155874
CMP-0030,Instagram,2024-08-31,92239,2101,227,4538.525281780892,21657.45324200885,2.2777783800778413,19.993503443968688,4.771914200621261
CMP-0020,Facebook,2023-10-06,99825,3308,268,2412.2456445681178,18591.462375522453,3.3137991485098923,9.000916584209394,7.707118227111991
CMP-0040,LinkedIn,2024-04-07,80367,2352,198,1417.254346267402,34928.44826187528,2.926574340214267,7.157850233673748,24.64515162988614
CMP-0030,YouTube,2024-07-29,21305,316,18,2101.9860713925136,5777.436004984016,1.4832199014315888,116.77700396625076,2.748560555949169
CMP-0031,Organic,2023-08-21,7164,548,80,4702.079326192552,26611.13555324813,7.649357900614182,58.7759915774069,5.659439942880792
CMP-0030,Google Ads,2024-11-12,30554,820,103,1018.0778800331507,20747.448169213923,2.683772992079597,9.884251262457774,20.3790383585766
CMP-0024,Facebook,2024-12-25,36278,1882,180,1870.5254991260808,21209.745988626844,5.187717073708583,10.391808328478227,11.338923740166145
CMP-0032,Facebook,2023-08-16,83259,4811,319,1125.7367653238948,67712.60288772992,5.77835429202849,3.528955377190893,60.14958822833488
CMP-0004,Organic,2023-02-22,91148,2937,419,290.78355930183733,120001.44165247721,3.222231974371352,0.6939941749447192,412.6830345587526
CMP-0028,Facebook,2024-05-04,92896,2843,86,3438.3133334458853,19491.638043623832,3.060411643127799,39.98038759820797,5.6689533946835695
CMP-0029,Facebook,2024-10-11,75828,4662,698,4184.562843097442,184184.93385710544,6.148124703275835,5.995075706443327,44.01533463905886
CMP-0030,Google Ads,2023-03-07,83942,4301,458,620.2055700577118,163548.8129478353,5.123775940530366,1.3541606333137812,263.700974069963
CMP-0041,Facebook,2023-11-30,36957,1606,48,403.5861119929979,14973.139967485527,4.345590821765835,8.408043999854124,37.10023591630751
CMP-0041,LinkedIn,2024-08-30,22745,1302,188,1843.6684438589573,71747.11524735703,5.724335018685426,9.806747041802964,38.91541100371828
CMP-0018,YouTube,2024-05-12,27260,1659,107,1191.4358185173496,44090.320257979845,6.085840058694057,11.134914191750932,37.00603890929422
CMP-0045,Organic,2023-03-10,23128,1692,71,1190.032664097781,19266.305407932334,7.315807679003806,16.761023437996915,16.189728222745057
CMP-0011,LinkedIn,2024-05-11,6962,244,18,804.3923051226304,1676.9732652047146,3.504740017236426,44.688461395701694,2.08477039688869
CMP-0015,LinkedIn,2023-12-09,81101,5329,190,3365.4335532598675,41857.168292705384,6.570819102107249,17.712808175051933,12.437377719777347
CMP-0004,LinkedIn,2023-08-01,33711,2345,104,2445.3771893568764,33018.09542953583,6.956186407997389,23.51324220535458,13.502250521204644
CMP-0016,Google Ads,2024-11-24,38682,1061,157,4937.70202253117,69936.28128253124,2.742877824311049,31.45033135370172,14.163730610596959
CMP-0017,Google Ads,2024-05-01,60099,1704,83,1916.2733867247716,29775.9260093212,2.8353217191633804,23.087631165358694,15.538454072157828
CMP-0017,Email,2023-01-09,15838,647,67,1894.7975335984463,10544.383993150412,4.085111756534916,28.280560202961887,5.564913298744574
CMP-0001,LinkedIn,2024-06-01,56007,983,58,4155.011154448424,17039.50709638299,1.755137750638313,71.63812335255903,4.100953394105864
CMP-0016,Organic,2023-06-16,15848,1156,143,2850.3083616357058,10989.986686983862,7.29429581019687,19.932226305144795,3.855718502217438
CMP-0028,Facebook,2023-02-14,54505,3191,420,2267.8089869340056,170523.97867757737,5.854508760664159,5.399545206985728,75.1932722994098
CMP-0012,Organic,2023-04-21,60512,1537,32,1889.1546650438706,4639.000248020441,2.5399920676890533,59.03608328262096,2.455595793112425
CMP-0047,Facebook,2023-08-15,91145,5826,634,4210.236582047576,205031.30431047195,6.392012726973503,6.640751706699647,48.698285788671406
CMP-0002,Email,2023-01-13,76237,1026,132,4558.679291505852,33309.4039645662,1.3458032189094533,34.535449178074636,7.306810116392992
CMP-0034,LinkedIn,2023-04-24,13899,246,23,3867.65264049284,4369.558895398657,1.7699115044247788,168.15881045621043,1.1297702512503454
CMP-0011,Google Ads,2024-05-30,74868,4311,542,868.5886801173978,257865.7843066073,5.758134316396858,1.6025621404380033,296.87905243222184
CMP-0035,Instagram,2024-07-28,58722,1477,201,2817.655273855332,26556.074429800297,2.5152413064950103,14.018185442066327,9.424884114182017
CMP-0014,Google Ads,2024-01-28,10060,390,54,4262.117927483413,22000.944412329532,3.876739562624255,78.92810976821136,5.161974583213865
CMP-0049,YouTube,2023-12-04,93854,966,75,4201.455613136801,4938.479369565053,1.0292582095595286,56.019408175157345,1.1754210502959452
CMP-0026,Organic,2023-08-31,81756,3685,452,1377.874345751746,202037.5737801439,4.507314447869269,3.0483945702472255,146.62989727841654
CMP-0015,Organic,2024-01-10,68514,5247,541,1065.2241894656354,215952.82887261498,7.65828881688414,1.9689911080695663,202.72993329314713
CMP-0013,LinkedIn,2024-06-24,66433,2859,205,3566.580789126558,34129.486429560326,4.3035840621377925,17.39795506891004,9.56924529331032
CMP-0024,Organic,2023-07-23,99515,3052,275,2861.3403724878463,58242.71568219931,3.0668743405516756,10.404874081773986,20.35504627209348
CMP-0003,Organic,2023-05-20,75483,3776,277,1687.3420633770486,58448.60948676027,5.002450882980273,6.091487593418948,34.639455007588175
CMP-0043,Instagram,2023-03-20,78779,6290,193,3292.75572024643,57947.98719422153,7.984361314563526,17.060910467598084,17.598629269068493
CMP-0045,Organic,2024-07-05,74385,1899,141,1190.037509936508,14598.671180450945,2.5529340592861463,8.439982339975234,12.267404227644747
CMP-0028,YouTube,2023-11-19,14076,434,50,3387.5914061331378,3888.819740665653,3.0832622904234155,67.75182812266276,1.1479600915343733
CMP-0032,Facebook,2023-08-13,87440,1983,277,2303.093754896912,14898.184116735043,2.2678408051235133,8.314417887714484,6.4687701423609205
CMP-0028,Instagram,2023-01-04,25002,1169,80,2929.049941915982,26607.083336456977,4.675625949924006,36.61312427394977,9.08386127382057
CMP-0013,Google Ads,2024-01-29,64652,4116,97,2638.605262558134,32702.097724604628,6.366392377652663,27.202116108846745,12.39370594330577
CMP-0032,Instagram,2023-03-03,23433,911,22,3291.7159171896383,8855.925870347985,3.8876797678487605,149.6234507813472,2.690367605570559
CMP-0040,Organic,2024-09-05,72799,3118,115,511.2205142678064,14196.23008107262,4.283025865739914,4.445395776241795,27.769288760653737
CMP-0048,Google Ads,2024-07-30,8800,224,28,1882.3277969475641,9017.41739811711,2.5454545454545454,67.2259927481273,4.790566984528416
CMP-0045,LinkedIn,2023-12-06,39665,1105,23,816.5791672546543,8050.505822514857,2.7858313374511536,35.503442054550185,9.85881852653763
CMP-0021,Instagram,2024-10-31,81652,3157,75,3860.394096274522,34100.507727991106,3.8664086611473083,51.47192128366029,8.833426556345593
CMP-0020,Organic,2024-11-14,25747,894,31,4774.452921498187,8682.303306326476,3.472249194080864,154.01461037090925,1.81849176211
CMP-0049,Email,2023-01-16,28834,1287,78,4244.1714806179125,22179.34712304969,4.4634806131650135,54.412454879716826,5.225836709081458
CMP-0019,LinkedIn,2024-01-28,89401,5132,573,4517.126674733729,56494.25673836358,5.740427959418799,7.883292626062354,12.50667975604066
CMP-0050,Organic,2024-03-18,64725,2805,224,4223.292464235535,92984.34861173265,4.333719582850522,18.85398421533721,22.017028041311345
CMP-0015,Email,2023-02-14,55847,3601,99,2707.4527815425254,9177.938769513665,6.447973928769675,27.348007894368944,3.389879532556313
CMP-0023,Organic,2024-03-21,92619,5239,733,1890.3943493463084,268408.6704880236,5.65650676427083,2.5789827412637223,141.98554422300214
CMP-0023,Facebook,2024-08-17,22412,435,24,2296.6123538586244,5677.91519975062,1.9409245047296093,95.69218141077602,2.4723002078304344
CMP-0022,Facebook,2024-02-07,48589,3770,475,1762.6839625747416,29971.376706294825,7.758957788799934,3.7109136054205085,17.00326169786887
CMP-0013,Instagram,2024-08-31,43920,2552,273,2937.23122480258,13774.85981006209,5.81056466302368,10.759088735540587,4.689743079722278
CMP-0004,Instagram,2023-07-25,45008,1859,89,3145.037574197585,22687.719260714293,4.130376821898329,35.33750083368073,7.213815010303261
CMP-0018,Facebook,2023-01-30,48734,1782,263,576.5480997917812,80019.30618076382,3.6565847252431567,2.192198098067609,138.79033893210746
CMP-0030,Instagram,2024-03-31,60526,1181,27,1908.1490016163634,2013.617576991727,1.9512275716221126,70.6721852450505,1.0552727147020609
CMP-0031,LinkedIn,2024-02-03,2787,151,8,2297.2420668280256,2673.30208105657,5.418012199497667,287.1552583535032,1.1637006476848122
CMP-0005,Facebook,2023-01-02,15383,1194,122,2865.5088470037654,49363.72689581342,7.761814990574011,23.487777434457094,17.22686249858525
CMP-0015,Google Ads,2024-02-21,56589,2855,122,269.4698097916945,24838.57073750846,5.045150117514004,2.2087689327188076,92.17570887332116
CMP-0042,Google Ads,2023-04-19,98859,3247,250,4679.461426564819,78446.04476708689,3.2844758696729683,18.717845706259276,16.763904564263914
CMP-0038,Instagram,2024-01-30,70322,4556,263,4860.321143713869,46093.085373370115,6.478769090753961,18.48030853123144,9.48354728225828
CMP-0029,LinkedIn,2023-07-18,93752,3948,422,3821.7991625038953,153153.9697425477,4.21111016298319,9.056396119677476,40.07378808524494
CMP-0006,YouTube,2024-06-29,93086,4959,205,1746.6367025040881,57513.35697621622,5.327331714758396,8.520179036605308,32.9280593346982
CMP-0036,Instagram,2023-05-28,22150,478,18,4571.235202495647,2362.187133383326,2.1580135440180586,253.95751124975817,0.5167502936829196
CMP-0050,Facebook,2023-09-30,49618,1711,97,4502.911305723963,39249.398419403675,3.44834535853924,46.42176603839137,8.716449371212585
CMP-0032,Email,2024-09-05,67475,5017,120,1117.8124803108658,50508.25870046267,7.435346424601705,9.315104002590548,45.18491212982004
CMP-0013,Google Ads,2024-01-29,37709,1541,50,3996.35376894924,19070.373118720858,4.086557585722241,79.9270753789848,4.771943181530454
CMP-0037,Organic,2023-05-29,52203,1552,187,4440.119406662682,27103.65571769856,2.9730092140298447,23.743954046324504,6.104262799110266
CMP-0040,Google Ads,2023-12-18,55865,2588,303,1265.2085599858062,18049.336708465264,4.632596437841224,4.175605808534014,14.26589835012478
CMP-0048,Instagram,2023-10-28,20511,1027,83,3382.1460874808067,31202.79360475797,5.0070693774072454,40.74874804193743,9.225737977509832
CMP-0043,Facebook,2024-06-13,68959,2350,202,2053.7720123275594,73731.698602323,3.4078220391827028,10.167188179839403,35.90062487937118
CMP-0005,Facebook,2024-07-28,39303,2218,256,1171.4098179040209,30201.09835737516,5.64333511436786,4.575819601187582,25.781838171216076
CMP-0047,Instagram,2024-12-13,38545,866,98,1278.0648481780847,45479.796692841766,2.2467246076015046,13.041478042633518,35.584889732062045
CMP-0035,Facebook,2024-08-29,26940,400,55,3807.508226954095,5540.725397231639,1.4847809948032664,69.22742230825627,1.4552103546376502
CMP-0018,Facebook,2024-07-06,14355,734,105,248.78899972411494,29476.711805940988,5.113200975269941,2.369419044991571,118.48076819565198
CMP-0003,Google Ads,2023-07-08,45697,2657,214,2240.7710526764154,87917.9548575901,5.814386064730726,10.47089276951596,39.23558132035818
CMP-0020,Google Ads,2024-12-27,39052,2318,186,2404.5215752855684,88975.73094705837,5.935675509576974,12.92753535099768,37.00350700179987
CMP-0011,LinkedIn,2023-02-03,41131,2670,354,2945.575983062399,142969.4122813119,6.49145413435122,8.320836110345759,48.53699687375651
CMP-0014,Instagram,2023-11-12,12926,132,16,2522.691326129021,2212.781664028592,1.0211975862602507,157.66820788306381,0.8771511762495436
CMP-0012,Instagram,2024-10-16,76067,2764,263,3366.7897737472617,20485.575064774643,3.633638765824865,12.801482029457269,6.084601784320513
CMP-0041,YouTube,2024-12-15,47422,1094,160,2894.5486416686617,17204.804988915246,2.3069461431403147,18.090929010429136,5.943864525626679
CMP-0036,Instagram,2024-12-02,82546,2231,200,3784.7552331059164,98286.37273933807,2.702735444479442,18.92377616552958,25.969016933938015
CMP-0040,Instagram,2024-06-07,89915,4750,506,2658.141869955477,124252.46240007566,5.282767057776789,5.253244802283551,46.744104896913136
CMP-0003,YouTube,2023-03-14,12732,285,18,4895.548063275205,5531.01614178239,2.2384542884071634,271.97489240417804,1.129805298670083
CMP-0013,Facebook,2024-02-04,23837,680,79,1898.2647023916593,11749.057916946229,2.8527079749968536,24.028667118881764,6.1893675324328425
CMP-0018,Instagram,2024-05-11,25053,575,15,4950.256380515329,5726.181689601259,2.2951343152516666,330.01709203435524,1.1567444692642677
CMP-0014,YouTube,2024-08-22,42800,2580,184,3316.57963857845,73110.39804174536,6.02803738317757,18.024889340100273,22.043914517029926
CMP-0036,Instagram,2024-05-07,66288,2006,120,4322.341975173161,36458.70949636108,3.026188752111996,36.01951645977634,8.434943302907095
CMP-0002,Email,2024-04-26,38975,1532,83,3080.227480232288,37391.93378244579,3.9307248236048746,37.111174460629975,12.1393416630469
CMP-0042,Instagram,2024-06-25,55035,1456,210,3911.5308500905353,86601.2509706198,2.645589170527846,18.6263373813835,22.139989249634922
CMP-0049,Organic,2024-02-25,38638,1159,106,947.9496246977176,40743.982618937516,2.9996376624048864,8.942920987714317,42.98116857415284
CMP-0041,Organic,2024-01-04,98553,5208,194,4089.728097374791,58420.81484295303,5.284466226294481,21.081072666880367,14.284767459346142
CMP-0014,Google Ads,2023-06-28,20883,854,82,1354.2659185050254,6177.167798292447,4.089450749413399,16.51543803054909,4.561266523720411
CMP-0045,Organic,2024-07-19,45449,2359,174,3197.457166424211,47611.92517715675,5.190433232854408,18.376190611633398,14.89055918469183
CMP-0042,Instagram,2024-01-18,65621,5059,674,4713.770851858021,40765.3570427898,7.709422288596639,6.993725299492613,8.648141440036563
CMP-0011,LinkedIn,2024-09-06,95529,6922,960,790.3006289783119,244043.769249042,7.245967193208346,0.8232298218524082,308.79865243753875
CMP-0039,YouTube,2023-07-23,87613,3648,97,1490.662649826345,42204.56187101517,4.163765651216144,15.367656183776752,28.312617798488343
CMP-0025,LinkedIn,2023-07-05,97502,6371,833,2399.30413352225,294921.1538840871,6.534224938975611,2.880317087061525,122.91945392147265
CMP-0023,Instagram,2024-05-30,8235,254,11,3373.305303519684,4342.59842475346,3.0843958712811173,306.66411850178946,1.2873422456670085
CMP-0042,Organic,2024-10-22,3081,171,10,376.5739189317034,1519.1677805087468,5.550146056475171,37.65739189317034,4.034182146279407
CMP-0001,Google Ads,2024-10-07,17873,1422,75,4896.034229789395,16042.39603689941,7.95613495216248,65.28045639719193,3.2766102694485206
CMP-0045,Google Ads,2023-08-21,84834,4222,194,2893.111344134243,27517.53013328722,4.976778178560483,14.912945072856923,9.511396852761564
CMP-0048,Google Ads,2024-04-12,65951,3827,462,710.217695308663,189206.38165356568,5.802792982668952,1.5372677387633398,266.40617785696816
CMP-0044,Instagram,2024-11-01,72395,4435,419,3454.858786194943,138393.738993019,6.1261136818841075,8.245486363233754,40.05771221273009
CMP-0033,LinkedIn,2023-01-30,1459,105,8,2021.6376666435217,1271.8851528353005,7.196710075394106,252.7047083304402,0.6291360582665547
CMP-0019,Google Ads,2024-06-23,2228,173,7,2343.427670557621,2776.563139875973,7.764811490125672,334.77538150823153,1.1848298860511821
CMP-0044,LinkedIn,2024-03-26,53203,3567,78,4565.602535399859,6053.446992504956,6.70450914422119,58.53336583845974,1.3258812929003225
CMP-0035,YouTube,2024-01-26,57116,733,15,4352.433348806212,2516.013372838678,1.2833531759927166,290.16222325374747,0.578070511643509
CMP-0016,YouTube,2023-01-19,15790,1139,102,4501.188360262502,35438.48190746243,7.213426219126029,44.12929764963237,7.873139062635388
CMP-0030,Email,2023-03-08,26903,1087,46,419.1531030042769,10038.051873860404,4.040441586440173,9.112023978353845,23.94841360331759
CMP-0034,Google Ads,2024-01-27,53998,1724,97,4352.495874329929,18875.67756987441,3.1927108411422647,44.87109148793741,4.336747952180503
CMP-0022,Email,2024-04-11,74254,2953,261,4451.962479586772,65629.34595789356,3.9768901338648424,17.057327507995296,14.741666458066202
CMP-0015,Facebook,2024-10-05,14412,761,83,2847.4446737901326,17424.089300846783,5.280321953927283,34.306562334820875,6.119202055523767
CMP-0034,YouTube,2023-04-04,57824,3397,506,3584.0798000007253,211954.69491543056,5.87472329828445,7.083161660080485,59.13782804595692
CMP-0020,Organic,2023-09-02,72586,4198,563,3294.05601845679,71444.03942262237,5.783484418482903,5.850898789443677,21.6887748788476
CMP-0021,Organic,2024-09-01,9357,398,33,1608.1100343280111,7287.365292026195,4.25350005343593,48.73060710084882,4.531633493022387
CMP-0029,Facebook,2024-12-14,49196,978,95,2741.193793893004,46741.43991002902,1.9879665013415724,28.854671514663202,17.051490490808202
CMP-0046,Facebook,2023-12-21,66715,5035,727,714.639237616284,240592.26446435665,7.547028404406805,0.9829975758133206,336.6625449602579
CMP-0047,Google Ads,2023-03-24,93857,3126,76,569.025794029242,14389.965146991219,3.3305986767103146,7.487181500384763,25.288774776089895
CMP-0022,Instagram,2023-06-01,27921,1678,243,1896.0407204420135,49642.44063488658,6.009813402098779,7.802636709637915,26.18215953891207
CMP-0017,Google Ads,2023-12-23,67013,1594,198,1900.5194132889892,77014.1924249895,2.378642949875397,9.598582895398936,40.52270757482595
CMP-0047,LinkedIn,2024-04-01,95139,5261,413,1198.3748967256147,105397.27809167371,5.5298037608131265,2.9016341325075414,87.95017183659009
CMP-0039,Facebook,2024-10-16,6342,341,31,505.2354197723734,2556.3861650252134,5.376852727846106,16.297916766850754,5.059792059268047
CMP-0022,Email,2024-10-05,62744,1951,61,991.0089482708302,7290.549546716906,3.1094606655616475,16.246048332308693,7.356693962691133
CMP-0046,Instagram,2023-08-10,6351,442,24,1670.014611725684,1880.3293271222108,6.959533931664305,69.58394215523684,1.1259358534469355
CMP-0002,Email,2023-05-26,21920,718,88,4489.652728280379,7200.996641331825,3.2755474452554743,51.01878100318613,1.603909495265114
CMP-0011,LinkedIn,2024-01-24,43379,532,74,4213.110154443864,36564.69016845198,1.2263998709052768,56.933921005998165,8.678788075333047
CMP-0024,Organic,2024-06-14,95960,1511,197,1267.943292214176,19000.497888873968,1.5746144226761152,6.436260366569421,14.985289961741033
CMP-0009,Organic,2024-10-09,5629,349,46,3287.460537149701,9712.530554272798,6.200035530289572,71.46653341629785,2.9544173822064406
CMP-0042,Facebook,2024-11-04,20220,1287,180,681.2605931143482,20359.619885682987,6.364985163204747,3.7847810728574904,29.88521586520955
CMP-0033,Google Ads,2023-10-02,40352,2065,67,2719.42232786075,11959.645706437617,5.117466296590008,40.58839295314552,4.397862584237052
CMP-0019,YouTube,2024-09-02,74113,5484,303,2649.664626492114,57240.751388919016,7.399511556676966,8.744767744198397,21.603017535355008
CMP-0013,Facebook,2024-07-20,54853,3056,329,3224.484630665409,72601.85963095495,5.571254079084097,9.800865138800635,22.51580266207463
CMP-0039,YouTube,2023-12-22,27671,1570,146,4537.129229793981,30971.123018210936,5.673810126124824,31.076227601328636,6.826149631099939
CMP-0022,LinkedIn,2024-09-08,99193,1902,198,1259.135208550773,39505.20621296596,1.9174740153034993,6.35926873005441,31.374872169951683
CMP-0008,Email,2024-11-21,7286,445,63,3434.127691766931,30456.613361806354,6.107603623387318,54.50996336137986,8.868806315741796
CMP-0004,Instagram,2023-07-13,45316,2261,138,4712.909256685558,39080.1378173876,4.989407714714449,34.1515163527939,8.29214731048555
CMP-0048,Facebook,2024-04-28,29882,1275,50,278.61924782328447,12512.907496196447,4.266782678535573,5.572384956465689,44.91042020231429
CMP-0047,YouTube,2024-07-28,42442,3203,402,4785.238565294867,179557.00221898357,7.546769709250271,11.903578520633998,37.52310355459138
CMP-0049,Instagram,2024-10-25,89481,1054,88,281.03817777674954,4922.232205758577,1.1779036890513068,3.193615656553972,17.514461005610023
CMP-0008,YouTube,2023-06-21,20740,789,49,609.4438567482433,3997.559619179108,3.804243008678881,12.437629729555987,6.559356657573907
CMP-0010,Facebook,2024-08-08,30429,2081,220,1770.6384878036133,17041.818130890104,6.838870814026094,8.048356762743698,9.62467395138892
CMP-0024,Organic,2024-09-25,78500,1584,195,2849.9443563576197,61630.92183659021,2.0178343949044586,14.615099263372409,21.625307069278296
CMP-0014,YouTube,2023-12-09,49071,960,109,2609.9717732294084,52654.814736922934,1.9563489637464082,23.94469516724228,20.17447670392669
CMP-0042,LinkedIn,2023-10-06,3575,117,16,2637.4066872646604,4886.0600950875705,3.272727272727273,164.83791795404127,1.8526001767876994
CMP-0027,Google Ads,2023-01-14,31110,1528,144,2919.54987376886,25100.077308800952,4.911603985856638,20.27465190117264,8.597242175691676
CMP-0024,LinkedIn,2023-04-27,77631,3955,360,743.0584696283454,152560.97704933913,5.094614264919942,2.064051304523182,205.31490223864262
CMP-0019,Google Ads,2023-02-17,99323,2651,168,4519.74798207085,55737.67044981917,2.6690696012001247,26.903261798040777,12.332030606777632
CMP-0018,YouTube,2024-07-26,92767,7075,869,178.64781711822712,92071.05119686169,7.626634471309841,0.20557861578622225,515.3774206820009
CMP-0033,LinkedIn,2024-06-02,52728,2926,266,1848.3724770885117,95968.78972359042,5.549233803671673,6.948768710859066,51.920698297107805
CMP-0038,LinkedIn,2023-12-18,20342,963,32,947.1322771727453,5087.502674397996,4.734047782912201,29.59788366164829,5.37148062315492
CMP-0029,Google Ads,2024-12-02,93788,7452,687,1196.5538559751933,132437.65561192375,7.945579391819849,1.741708669541766,110.68256974023693
CMP-0017,LinkedIn,2024-05-30,27444,458,57,1337.6593496048608,28087.840567706844,1.6688529368896663,23.467707887804576,20.997752960052107
CMP-0018,Organic,2024-11-12,49747,3968,562,,266253.3996974259,7.976360383540716,3.3143652455104657,142.94154765350422
CMP-0032,Facebook,2024-05-30,96267,5405,683,1971.6516476302309,96808.60152917965,5.61459274725503,2.8867520463107335,49.10025645023852
CMP-0038,LinkedIn,2023-08-17,86893,6517,395,1128.5041015506233,125812.62709419618,7.500028771017228,2.85697240898892,111.48619391043691
CMP-0001,Email,2023-05-08,32704,2316,200,2909.644084781656,86844.30400764078,7.0817025440313115,14.548220423908282,29.847053961638643
CMP-0009,Organic,2024-11-30,8372,381,26,1601.8947702682142,2849.6210212357732,4.550883898709985,61.61133731800824,1.7789065013044805
CMP-0044,Google Ads,2024-08-26,70390,4288,223,3317.283426273463,57313.577856324155,6.091774399772695,14.875710431719567,17.277262896016246
CMP-0028,LinkedIn,2024-10-10,56234,2973,104,4636.16198012378,28614.104532303845,5.286837144787851,44.57848057811327,6.171938050261971
CMP-0016,Organic,2024-09-13,1379,40,3,2495.1006321048135,1036.1770344821066,2.9006526468455403,831.7002107016045,0.4152846667382749
CMP-0031,Google Ads,2023-05-29,89572,4866,248,1639.3727755800298,79739.96455976395,5.432501228062341,6.610374095080766,48.6405323716267
CMP-0041,LinkedIn,2023-08-05,6089,89,4,3479.174254030928,732.3907383005437,1.4616521596321235,869.793563507732,0.21050705852171817
CMP-0031,Organic,2024-03-25,33521,1378,159,2381.768961400556,46067.84267014884,4.110855881387787,14.97967900251922,19.341860363760677
CMP-0012,LinkedIn,2023-07-26,41681,1402,129,1846.282626419939,62012.9653557353,3.3636429068400466,14.312268421859994,33.58801326965982
CMP-0001,YouTube,2024-10-23,48550,3363,187,3686.3583258684907,58315.76582788209,6.926879505664265,19.71314612763899,15.819342742310091
CMP-0007,Instagram,2023-02-01,58043,2475,327,3301.9041181954526,117303.87494453731,4.264080078562445,10.097566110689458,35.526129998179925
CMP-0034,Instagram,2023-01-30,81845,4867,316,3487.9875265181427,107214.22569218045,5.94660639012768,11.037935210500452,30.738133343959014
CMP-0042,LinkedIn,2023-02-11,38475,1704,85,2875.8208789769933,25813.66990493662,4.428849902534114,33.83318681149404,8.976104907520957
CMP-0033,Instagram,2023-03-26,78953,1361,67,143.9545531141319,18770.01886958134,1.7238103681937356,2.148575419613909,130.38850431288446
CMP-0030,LinkedIn,2024-03-30,74343,838,31,1579.7751374979712,12855.264767717845,1.127207672544826,50.96048830638617,8.137401622915688
CMP-0022,Organic,2023-03-23,80423,4687,694,4087.242668376931,300319.32018169033,5.82793479477264,5.889398657603647,73.47724237302235
CMP-0043,Organic,2024-02-14,9969,726,83,1688.0078456262297,23336.2108410205,7.282575985555222,20.337443923207587,13.824705199970833
CMP-0005,Google Ads,2023-05-11,90360,1118,164,2227.7945802657555,29221.994482770235,1.2372731297034085,13.584113294303387,13.117005823438317
CMP-0032,Organic,2024-03-27,76168,1653,195,1030.8139239916509,90894.3273749747,2.1702027097993906,5.286225251239236,88.17724058577123
CMP-0038,Email,2024-06-04,80804,2279,208,3929.768417310487,51835.4843941319,2.8204049304489875,18.893117390915805,13.19046795882385
CMP-0022,Facebook,2023-08-14,75957,2511,158,3350.8609584220176,46340.08307536313,3.3058177653145857,21.20798074950644,13.829306452985604
CMP-0041,Email,2024-03-19,90223,2458,335,468.08701795785095,74382.57357271237,2.7243607505846623,1.3972746804711969,158.90757641009856
CMP-0006,Email,2023-07-25,23974,1585,124,4863.748658836696,40720.35715337585,6.611328939684659,39.223779506747555,8.372216578131173
CMP-0044,YouTube,2024-06-10,20274,237,34,1794.4840456972527,13148.235172313933,1.168984906777153,52.77894252050743,7.327028180518118
CMP-0006,YouTube,2023-02-14,71363,2184,295,981.802178890425,34922.91050003359,3.060409455880498,3.3281429792895763,35.57021083361356
CMP-0031,Email,2023-05-27,50822,2461,133,2483.02948375893,11961.299744037824,4.84239109047263,18.669394614728798,4.817220182955794
CMP-0050,Email,2023-09-06,86038,1302,61,2575.293337134944,9934.806094289741,1.5132848276343012,42.217923559589245,3.8577376608065843
CMP-0027,LinkedIn,2024-09-11,48566,3062,360,4447.72790448497,41569.899746038114,6.3048223036692335,12.354799734680473,9.346322580596745
CMP-0027,Organic,2024-12-20,62978,3578,155,2127.7927949542654,45373.308332898814,5.681349042522785,13.727695451317842,21.324119735951104
CMP-0008,YouTube,2023-05-23,43292,648,23,3729.5485366857397,2488.025514735949,1.4968123440820476,162.15428420372783,0.667111713458737
CMP-0047,Google Ads,2024-11-11,20082,1201,67,2662.479005687892,26157.3721469434,5.980480031869336,39.73849262220734,9.82444259318591
CMP-0032,Email,2024-01-06,89153,6820,161,3389.7626851227697,45913.68104197867,7.649770619048153,21.054426615669378,13.544806910373957
CMP-0037,LinkedIn,2023-01-17,14214,615,74,4353.094918845598,20524.160562335404,4.326720135078093,58.825607011426996,4.71484333444726
CMP-0040,Facebook,2023-06-12,69957,1802,58,1762.2718803762514,13129.135199622791,2.5758680332204067,30.383997937521574,7.450118988915419
CMP-0007,Instagram,2023-04-26,93934,1939,138,4533.031394993619,31031.46321189883,2.064215300104329,32.84805358691028,6.845631655269512
CMP-0036,YouTube,2023-03-28,50783,1939,184,2644.4027085514085,86354.44121686996,3.818206880255204,14.371753850822872,32.655556181975975
CMP-0044,Email,2023-10-30,37310,1019,83,426.9809160250057,36354.528557657904,2.7311712677566335,5.144348385843442,85.14321646058964
CMP-0015,YouTube,2024-09-10,52873,4002,243,3928.333283341475,94002.7826667898,7.569080627163202,16.165980589882615,23.929431615545155
CMP-0031,Organic,2024-09-28,49641,854,62,535.1639672075585,14998.143605929816,1.7203521282810579,8.631676890444492,28.02532405944461
CMP-0004,Google Ads,2024-05-20,15122,964,86,4421.058396858722,27225.834549982123,6.374818145747916,51.407655777426996,6.15821645091293
CMP-0046,Instagram,2023-01-23,1937,108,10,3099.37785314663,2523.6949180919128,5.575632421270005,309.937785314663,0.8142585504796527
CMP-0016,Email,2024-03-29,3310,233,30,4414.297416702956,13363.062860992026,7.039274924471299,147.14324722343187,3.027223043564861
CMP-0012,Organic,2023-07-10,20035,1575,120,1140.8266586854475,7242.355665392211,7.861242825056151,9.506888822378729,6.348340135860288
CMP-0016,Instagram,2023-06-27,72592,3853,90,3953.1618787247558,39768.82028177504,5.307747410182941,43.92402087471951,10.060002980349493
CMP-0043,Organic,2023-04-04,71968,5554,445,4193.611425327439,208881.83285403694,7.717318808359271,9.423845899612223,49.80953447248093
CMP-0021,Instagram,2023-08-11,36392,2335,135,1381.3363710323579,55907.65022935962,6.416245328643658,10.232121266906354,40.47359600585655
CMP-0035,Google Ads,2023-01-19,16115,1134,166,,77612.16710310108,7.036922122246354,10.044463906778203,46.5473498296289
CMP-0030,Facebook,2024-11-15,37273,2229,236,166.44324824412917,95028.59678117091,5.980200144876989,0.7052680010344456,570.936927653494
CMP-0037,Facebook,2023-08-03,91151,4068,217,3656.3922316441317,41445.48946148718,4.462924158813397,16.849733786378486,11.335077539766793
CMP-0027,Instagram,2024-12-13,70444,3956,299,348.7910033060924,114806.61517345079,5.615808301629664,1.1665250946692054,329.1558958953384
CMP-0029,YouTube,2024-09-08,91010,2554,303,2445.712765397035,96276.24418061294,2.8062850236237775,8.07165929173939,39.365311226555065
CMP-0034,Email,2023-04-17,91014,2212,144,246.09059145219484,50547.36400707212,2.4303953237963394,1.708962440640242,205.4014487461272
CMP-0019,LinkedIn,2024-07-27,54552,3958,412,3553.0821601662537,145162.78484434815,7.2554626778119955,8.623985825646248,40.85545402573966
CMP-0022,LinkedIn,2023-09-20,37022,1300,70,4835.871042045397,27646.302089461202,3.5114256388093565,69.08387202921996,5.71692293882341
CMP-0039,Facebook,2023-06-07,18419,1454,91,3161.781901161376,27873.25101633874,7.89402247679027,34.74485605671842,8.815677958717021
CMP-0028,YouTube,2023-03-04,9545,249,21,484.9607864787594,9457.605887162126,2.608695652173913,23.09337078470283,19.501795095295517
CMP-0017,Facebook,2023-04-22,54063,1706,183,3924.004249799756,79498.64369547594,3.1555777518820634,21.44264617376916,20.259571252893725
CMP-0031,Facebook,2024-01-06,67382,2668,122,1095.7613048551088,49811.882796443344,3.9595144103766584,8.981650039795975,45.45869851010107
CMP-0047,Instagram,2023-02-07,62093,4692,419,3319.4086440910114,162298.0797658281,7.556407324497124,7.922216334346089,48.893672689182225
CMP-0007,Instagram,2024-07-26,97944,6694,990,2020.4046510034013,336261.3616508037,6.834517683574287,2.0408127787913144,166.43268044537757
CMP-0028,Google Ads,2023-06-01,43046,587,74,4733.251934793638,29426.158736684236,1.363657482692933,63.96286398369781,6.216901010566464
CMP-0029,Google Ads,2023-08-29,25201,1526,122,2746.4819601845475,10590.06414357288,6.055315265267251,22.51214721462744,3.855865174829435
CMP-0048,Organic,2024-09-01,7535,304,16,3147.6445048270452,4483.886813260127,4.034505640345056,196.72778155169033,1.4245213544235693
CMP-0002,Instagram,2023-07-18,99663,5912,566,342.76292728914143,277320.9533676114,5.931990809026419,0.6055882107582004,809.0751107796272
CMP-0027,Facebook,2024-03-17,1830,49,7,4931.045560097165,554.6395442488238,2.677595628415301,704.4350800138808,0.1124790954553449
CMP-0005,LinkedIn,2024-05-25,67800,5348,161,876.3325248617624,79796.79154049998,7.887905604719764,5.443059160632065,91.05766278968999
CMP-0006,Organic,2023-08-26,33606,1033,28,2039.6447419297733,1855.6539881048866,3.073855859072785,72.84445506892048,0.9097927447645577
CMP-0021,Facebook,2024-06-15,97632,6981,830,4979.000631028553,375566.87200022594,7.150319567354965,5.9987959409982565,75.4301716010512
CMP-0042,Email,2024-09-12,20212,1009,76,1476.1314380364022,26407.734645847206,4.992083910548189,19.422782079426344,17.889826044878244
CMP-0004,Email,2024-02-03,40644,2628,317,1691.2156509245774,33597.74575518069,6.465899025686449,5.335065144872484,19.86603289581255
CMP-0050,Organic,2024-08-23,29242,1976,190,1961.6120610434846,57203.8260911322,6.757403734354696,10.324274005492024,29.161640686845328
CMP-0023,Email,2023-10-26,57429,3219,93,4597.393843918725,28852.401744378345,5.6051820508802175,49.434342407728224,6.275816848396253
CMP-0042,YouTube,2024-02-05,89462,2730,208,533.789509587911,22639.16130161127,3.0515749703784847,2.5662957191726488,42.41215103513153
CMP-0039,LinkedIn,2023-06-04,89612,1522,220,1128.7130791798272,42373.957919901775,1.6984332455474715,5.130513996271942,37.54183299682552
CMP-0037,Facebook,2023-11-05,4631,349,8,427.8000596089298,3143.5523266861005,7.536169293889008,53.47500745111623,7.34818113293335
CMP-0001,Instagram,2024-07-26,91529,4727,406,4043.215151982924,31781.387731171984,5.164483387778737,9.958658009810158,7.860424572158956
CMP-0043,Google Ads,2024-03-29,30889,1819,265,2326.151097102996,69360.43378133696,5.888827738029719,8.777928668313193,29.8176820360977
CMP-0016,LinkedIn,2023-12-30,30129,1032,38,1225.5869221511882,13090.857499888973,3.425271333266952,32.25228742503127,10.681296661448943
CMP-0026,Google Ads,2023-03-26,29815,711,53,4446.00561600246,10125.682154347,2.384705685057857,83.88689841514075,2.2774784894336935
CMP-0033,Organic,2024-04-08,14997,1194,93,4742.524420171317,16118.199437067273,7.961592318463692,50.99488623840126,3.3986539676025593
CMP-0048,YouTube,2023-09-22,12647,227,5,3736.5180991753605,1773.4183611681883,1.7948920692654386,747.3036198350721,0.4746178966882502
CMP-0004,Organic,2024-05-05,97124,2161,57,881.6715719531754,21996.68092509482,2.2249907334953254,15.46792231496799,24.948837667937237
CMP-0045,Instagram,2024-09-18,71920,4127,513,221.5006162482818,174147.02518170606,5.738320355951057,0.4317750804060074,786.2146306017645
CMP-0038,Organic,2023-03-16,29650,1183,102,4134.107288928556,34433.12896426509,3.989881956155143,40.530463616946626,8.329036127455991
CMP-0049,YouTube,2023-05-02,31958,1114,155,4259.546877641055,25676.212770253525,3.485825145503473,27.480947597684228,6.027921163406249
CMP-0024,YouTube,2024-01-03,7766,329,10,,3115.922385362,4.236415142930724,430.0012842153134,0.7246309487303235
CMP-0013,Email,2023-01-30,82385,3808,411,4487.381422894373,146344.64665150314,4.622200643320993,10.9182029754121,32.61248217164265
CMP-0008,Instagram,2024-08-13,40111,486,26,970.3572100744354,11719.657523486649,1.2116377053676048,37.32143115670905,12.077673460670882
CMP-0040,YouTube,2024-03-25,97510,1954,249,3932.878362603051,32072.333807371946,2.003897036201415,15.794692219289361,8.154926455987379
CMP-0013,LinkedIn,2023-10-25,16437,490,68,2434.1141355944437,7627.688126410398,2.981079272373304,35.795796111682996,3.133660831622266
CMP-0015,YouTube,2023-12-01,77682,1272,137,834.2837528447875,7323.308118353251,1.6374449679462424,6.0896624295239965,8.777958450445457
CMP-0048,Google Ads,2024-10-23,28010,374,46,2186.378346802852,21062.83900227851,1.335237415208854,47.52996406093156,9.633666118711233
CMP-0031,Google Ads,2023-04-27,18568,400,57,858.1018281896246,11475.922488946038,2.1542438604049976,15.054418038414466,13.37361384389228
CMP-0041,YouTube,2024-09-27,64682,660,32,3136.240746004867,15660.837962630694,1.020376611731239,98.0075233126521,4.993506312479492
CMP-0011,YouTube,2024-08-18,20944,1181,119,2821.7361100640364,56777.20340110993,5.638846447669977,23.712068151798626,20.121372511982145
CMP-0024,Google Ads,2024-10-17,93338,5267,611,2685.779738445553,274628.78492827347,5.64293213910733,4.395711519550823,102.25290666881722
CMP-0023,YouTube,2023-02-11,6561,466,66,917.3952787590299,17619.611895277056,7.102575826855661,13.899928466045907,19.20612881190242
CMP-0034,LinkedIn,2024-02-04,10783,731,35,1725.6871359177676,12415.116199648422,6.779189464898451,49.305346740507645,7.194303035147634
CMP-0006,Google Ads,2024-09-14,59145,1406,88,3671.635039967438,40108.57456027101,2.377208555245583,41.72312545417543,10.923900149026444
CMP-0007,Organic,2024-12-07,94452,3942,165,4918.519050851569,33853.70038696899,4.173548469063651,29.809206368797387,6.8829052072305625
CMP-0028,Instagram,2023-02-08,4408,293,16,1928.2822084283077,3798.3163303032343,6.647005444646098,120.51763802676923,1.9697927583946035
CMP-0019,Organic,2024-10-15,31143,2279,193,312.2222763859743,32610.570223110877,7.317856340108532,1.6177320019998667,104.44664807579956
CMP-0040,Facebook,2024-08-10,43911,528,36,3565.6419688371966,3965.948054384311,1.2024321923891508,99.04561024547769,1.1122676053977623
CMP-0044,Organic,2024-06-22,82188,3624,263,4642.6877163136505,75974.65199590455,4.409402832530296,17.652805004994867,16.364368365535757
CMP-0004,YouTube,2023-12-22,86914,5488,182,1249.4952579576639,24818.183590320547,6.314287686678786,6.8653585602069445,19.86256725046447
CMP-0001,Instagram,2023-11-11,39292,2954,291,2573.57365234102,24524.870500474826,7.518069836098952,8.843895712512097,9.52950014784542
CMP-0011,Google Ads,2024-06-20,64616,1998,220,2804.1893292109885,74215.36086782877,3.092113408443729,12.746315132777221,26.46588805353976
CMP-0021,Google Ads,2023-05-09,41191,3178,198,1911.495212022082,58059.144963573235,7.715277609186473,9.654016222333746,30.37368056086061
CMP-0004,Facebook,2024-10-18,40997,3052,343,4549.711429998177,95321.89701229431,7.444447154669855,13.264464810490312,20.95119624154548
CMP-0025,YouTube,2023-05-30,97330,4990,142,465.64723346774014,58194.61038996228,5.126887907120107,3.2792058694911277,124.97574603112935
CMP-0028,Instagram,2023-08-13,45455,777,102,1219.846921817242,28161.00062220783,1.7093829061709382,11.959283547227862,23.085684046532293
CMP-0014,LinkedIn,2023-12-07,32438,1584,224,471.6940673365714,64570.67159156903,4.883161723904063,2.1057770863239793,136.89099792195486
CMP-0028,Instagram,2023-09-06,35152,1718,169,4056.7299514427705,69151.66629867202,4.8873463814292215,24.004319239306334,17.046159622746966
CMP-0028,Email,2023-09-14,97381,4604,612,863.9747790697984,147656.78016280822,4.727821648986969,1.411723495212089,170.90403995563787
CMP-0042,Facebook,2023-01-03,78364,2054,263,3436.4382626450006,64695.9693303286,2.6211015262110156,13.066305181159699,18.826460534324454
CMP-0029,Instagram,2023-10-16,10188,526,39,973.0442441004827,14878.257624247794,5.1629367883784845,24.94985241283289,15.290422521333337
CMP-0010,YouTube,2023-11-26,79133,1553,41,2517.2666304686104,4970.629159674647,1.9625187974675546,61.39674708460026,1.9746136938816539
CMP-0023,Facebook,2023-09-08,41656,3223,129,3952.183775870556,12098.261106336753,7.737180718263875,30.63708353388028,3.0611585372625654
CMP-0020,Organic,2024-12-11,38766,2927,313,4636.742918514395,34220.52450843949,7.55043078986741,14.813875139023626,7.38029369102993
CMP-0037,YouTube,2023-09-07,35268,1337,38,3111.6405681444085,15568.564921614909,3.7909719859362596,81.88527810906338,5.003330102132923
CMP-0046,Organic,2023-05-16,16460,629,56,2567.478026707033,24212.17306207125,3.8213851761846898,45.84782190548274,9.430333116862162
CMP-0050,YouTube,2023-10-15,3936,40,1,3209.724169740906,194.24300476607766,1.0162601626016259,3209.724169740906,0.06051703962517043
CMP-0006,Instagram,2024-11-21,9116,618,58,2054.9252192024805,15056.41116609127,6.77928916191312,35.42974515866346,7.326987388832905
CMP-0026,Email,2024-07-18,51695,3118,440,1938.580458691617,197194.4727725084,6.031531095850663,4.405864678844584,101.72106702530083
CMP-0003,YouTube,2024-11-06,38244,1370,132,2920.001665329117,40535.778680046664,3.5822612697416587,22.121224737341795,13.882108069098594
CMP-0047,LinkedIn,2023-05-28,10026,154,7,3673.35037747749,3467.481377474623,1.5360063834031519,524.7643396396414,0.943956067663701
CMP-0036,Instagram,2024-03-19,81469,2019,127,1320.014807545302,44624.446065687756,2.47824325817182,10.393817382246471,33.80601930418593
CMP-0001,Google Ads,2024-05-14,8556,280,41,275.72650605966544,9265.42445520953,3.272557269752221,6.725036733162572,33.603677019011556
CMP-0015,Email,2024-06-28,70450,2147,158,3357.1211095298754,47550.096816959165,3.0475514549325764,21.247601959049845,14.163950380574143
CMP-0040,YouTube,2023-11-28,30512,436,21,2170.5477154211508,2224.4863434248036,1.4289459884635554,103.3594150200548,1.024850238315626
CMP-0002,Organic,2024-10-25,94812,4753,195,1317.6227883282227,44518.29065535117,5.013078513268362,6.757039940144732,33.78682506837577
CMP-0008,Email,2023-01-07,78735,2463,144,3166.8735370970626,10168.732935140879,3.128214898075824,21.992177340951823,3.210969057028441
CMP-0043,YouTube,2023-12-06,74315,3592,274,2025.5987718246802,40958.6750153362,4.833479109197335,7.392696247535329,20.220527176978987
CMP-0006,Google Ads,2024-01-15,12068,509,72,1349.0837714202135,11734.452595189985,4.217765992707988,18.73727460305852,8.698090395703774
CMP-0008,Organic,2023-03-23,94347,1923,197,4212.352877728026,27094.68313478749,2.038220611148208,21.382501917401147,6.432196903076476
CMP-0037,YouTube,2023-07-28,49217,1760,42,2238.0882010544065,10889.750253247877,3.576000162545462,53.2878143108192,4.865648390495739
CMP-0006,YouTube,2024-12-25,54973,3086,356,3796.1381509031576,167481.11418622735,5.613664890036927,10.663309412649319,44.11881431300942
CMP-0019,Instagram,2023-01-16,39876,2917,350,2712.5716721680474,137604.59806039475,7.3151770488514405,7.750204777622993,50.72846534241546
CMP-0020,Google Ads,2023-04-05,79188,4768,107,414.1547687914764,21438.21745025516,6.021114310249027,3.8706053158081906,51.76378268639261
CMP-0041,Instagram,2024-06-01,17033,370,25,2642.0890271331386,8947.842439126383,2.172253860153819,105.68356108532555,3.386654403858394
CMP-0046,Facebook,2023-05-21,31144,1117,126,2261.49579944876,47689.78798630415,3.5865656306190594,17.948379360704443,21.08771902115783
CMP-0034,Facebook,2023-11-17,78961,1619,129,1666.025618920674,41579.127177933166,2.0503793011739972,12.914927278454838,24.95707551296239
CMP-0033,Instagram,2024-04-22,22180,1695,224,379.5008240235712,76862.92748241476,7.642019837691614,1.694200107248086,202.53691854339877
CMP-0046,LinkedIn,2023-01-09,41777,1020,142,1113.9422031951165,47438.5838269465,2.4415348158077412,7.84466340278251,42.58621649388862
CMP-0011,Email,2024-07-24,64757,3132,177,2096.3834845163365,48949.67215882539,4.83654276757725,11.843974488792862,23.349579177837654
CMP-0041,Google Ads,2024-04-07,71134,5661,742,821.3918631888996,357843.01339713426,7.958219698034695,1.1069971202006734,435.6544414840877
CMP-0046,YouTube,2023-04-30,41024,1390,36,4770.992688720769,7099.941577270206,3.3882605304212166,132.52757468668804,1.4881476540627208
CMP-0039,YouTube,2024-10-17,72143,4831,307,3501.323337682305,80781.34512893972,6.696422383322013,11.40496201199448,23.071661008723858
CMP-0024,LinkedIn,2023-01-29,39828,2178,190,3226.052592901008,28331.35002832227,5.468514612835191,16.9792241731632,8.782048405120847
CMP-0023,Facebook,2024-06-06,51385,3077,95,1582.6889837392646,31236.484980690348,5.988128831371023,16.65988403936068,19.7363381571602
CMP-0024,Organic,2024-12-23,12598,942,120,2554.0224743615086,49456.1873951674,7.47737736148595,21.283520619679237,19.364037666712846
CMP-0044,LinkedIn,2023-05-31,20595,866,42,4759.558527007384,13406.01461124774,4.204904102937606,113.32282207160439,2.8166508585150005
CMP-0022,Instagram,2024-10-19,19587,955,78,4230.794236263989,37640.28759743423,4.875682850870476,54.24095174697421,8.896742667086679
CMP-0034,Google Ads,2024-12-15,8568,115,9,3263.019909875449,3761.0102055428733,1.342203548085901,362.5577677639387,1.152616382805471
CMP-0049,Facebook,2024-03-02,27752,1591,41,1822.0839507474677,7565.719204722494,5.7329201498991065,44.441071969450434,4.152234150143759
CMP-0025,LinkedIn,2023-03-28,20870,1234,83,1167.6581705013925,9645.127283458805,5.912793483469094,14.06817072893244,8.260231913006857
CMP-0050,Email,2024-07-22,19315,505,51,1743.2438935826428,21509.174699445673,2.6145482785399947,34.181252815345935,12.338591736145942
CMP-0003,Google Ads,2024-09-23,1991,153,14,1656.3117962681895,2389.8275978597208,7.684580612757408,118.30798544772782,1.4428609415474818
CMP-0042,YouTube,2024-12-04,33080,1064,65,2303.2429110345483,11284.185407507734,3.216444981862152,35.43450632360844,4.899259801667733
CMP-0030,Facebook,2023-10-09,6145,191,7,200.8462571354699,1522.1594907728902,3.1082180634662326,28.692322447924273,7.578729683502145
CMP-0024,YouTube,2024-09-10,91459,3020,145,4566.948008489817,50464.54645000002,3.3020260444570795,31.496193161998736,11.04994984751041
CMP-0024,Instagram,2023-05-29,61203,3997,102,4374.135827739683,7274.834560077321,6.53072561802526,42.88368458568317,1.6631478414415317
CMP-0007,Facebook,2023-05-19,49876,2265,87,1358.228000737737,31368.83242861422,4.541262330579838,15.611816100433758,23.095409910247678
CMP-0007,YouTube,2023-12-03,19721,1148,46,4350.6549494563005,17563.831749697303,5.8212058212058215,94.57945542296305,4.037054639759986
CMP-0024,LinkedIn,2024-11-29,50168,931,136,4167.245935084609,26228.862104128246,1.8557646308403766,30.641514228563302,6.294051878077052
CMP-0013,Google Ads,2024-11-18,9253,384,22,1352.691143357016,2654.617828554266,4.1500054036528695,61.485961061682545,1.9624715084377782
CMP-0018,Organic,2023-09-25,62923,2096,299,2801.4851787711696,23951.935617248797,3.3310554169381628,9.369515648064112,8.54972776538299
CMP-0043,Google Ads,2023-10-02,57931,1768,158,323.53263084819343,48756.5589331448,3.0519065785158204,2.0476748787860344,150.70059179292534
CMP-0021,Organic,2024-03-22,29789,1324,95,294.61704311697656,28164.58793165685,4.44459364194837,3.1012320328102794,95.59727989149022
CMP-0033,YouTube,2023-09-26,51811,1006,25,687.7444779733727,10440.69488176814,1.9416726177838683,27.509779118934908,15.18106682955057
CMP-0032,LinkedIn,2023-11-30,16313,1062,37,1649.6444929418137,13560.957274313738,6.510145282903205,44.5849862957247,8.220533170835166
CMP-0028,Facebook,2024-01-25,50285,2900,216,195.22725844191447,104729.79329079232,5.76712737396838,0.9038299001940485,536.4506684498278
CMP-0040,Google Ads,2023-10-22,75180,3979,587,4184.172614098188,125148.03832849991,5.292631018888002,7.128062374954324,29.909865072684862
CMP-0012,Organic,2023-06-15,79868,1307,169,1288.6039041373274,49773.41656970489,1.6364501427355138,7.6248751724102215,38.62584647609488
CMP-0042,Email,2023-05-29,95117,1094,162,1359.8862577743364,64624.62863469929,1.1501624315316925,8.394359615890965,47.5220837516716
CMP-0030,Google Ads,2023-01-05,82535,3520,73,4307.619145122904,5816.518488126624,4.264857333252559,59.00848144003979,1.3502861539447142
CMP-0025,YouTube,2024-08-30,77292,5859,210,3620.974004832639,22965.52135238428,7.580344666977178,17.242733356345898,6.342360183125851
CMP-0031,LinkedIn,2024-04-02,27567,2099,248,1676.3474072981435,16993.027558328817,7.6141763702978205,6.759465352008643,10.136936701991484
CMP-0021,Organic,2023-12-11,59539,1886,280,2263.36634368761,107360.45482743067,3.1676716102050757,8.08345122745575,47.433971582573186
CMP-0041,Email,2023-09-11,9700,234,19,479.35175353925695,7009.771832294071,2.4123711340206184,25.229039659960893,14.62344047046445
CMP-0007,Google Ads,2023-02-27,89588,2440,190,3833.4754842695024,29440.411420482676,2.7235790507657276,20.176186759313172,7.679822537352882
CMP-0035,YouTube,2023-04-18,48829,1613,183,2930.7742877198084,53938.47673559446,3.303364803702718,16.015160042184746,18.40417290461474
CMP-0011,Facebook,2023-10-02,2171,170,14,603.6088536033365,982.3754889931363,7.83049286043298,43.11491811452403,1.6275034455321418
CMP-0035,Email,2023-09-11,93914,3843,307,243.4697644153871,37441.02376116515,4.092041655131291,0.7930611218742251,153.78099966978448
CMP-0012,Facebook,2024-02-04,85711,3736,485,377.93941269494957,94873.12218934059,4.358833755293953,0.7792565210205146,251.0273313725991
CMP-0019,Organic,2023-12-09,8644,649,20,4801.798566693704,7577.389313625167,7.508098102730218,240.0899283346852,1.5780314830746027
CMP-0006,Organic,2023-04-30,8063,173,14,3034.2783387690533,6561.958001048917,2.1456033734342057,216.73416705493239,2.162609117695832
CMP-0035,LinkedIn,2023-11-30,21951,1629,62,729.1574057853637,24848.57674278363,7.421074210742107,11.76060331911877,34.078480922812034
CMP-0040,Email,2024-10-11,97399,5084,302,3751.055597524493,54412.4606103355,5.219766116695243,12.420713899087724,14.505906189778946
CMP-0006,LinkedIn,2024-03-17,99959,4978,135,2542.3940270178373,7947.876513709401,4.98004181714503,18.832548348280277,3.1261387610448623
CMP-0001,Email,2024-11-11,64745,1422,180,1800.334540744279,84838.81663958561,2.196308595258321,10.001858559690438,47.123917649501
CMP-0004,LinkedIn,2024-09-07,25188,1750,44,4409.533437874674,17537.381007674445,6.947752898205495,100.21666904260623,3.9771511555034693
CMP-0019,YouTube,2024-02-18,69752,2533,299,3769.60776180417,119379.30110218773,3.6314370914095653,12.607383818743044,31.66889200298433
CMP-0027,Organic,2023-04-23,83402,5961,162,3658.273329392094,14307.689605575088,7.147310616052373,22.581934132049962,3.911049918173456
CMP-0015,Google Ads,2023-07-26,8902,213,22,4271.909552270583,2503.584881689708,2.3927207369130534,194.17770692139013,0.5860575583485881
CMP-0002,Organic,2023-08-31,50609,2754,218,3204.031492489682,26430.287106279226,5.441719852200202,14.697392167383862,8.249072198020643
CMP-0023,LinkedIn,2023-05-30,30832,632,54,1988.909116775967,4553.072775012931,2.0498183705241306,36.831650310666056,2.2892311853814054
CMP-0041,Facebook,2023-03-29,92633,5249,561,1395.490286684932,173754.97902652796,5.6664471624583035,2.48750496735282,124.51177961209102
CMP-0013,Instagram,2023-01-14,2339,111,6,1611.9336588533242,2544.37090165076,4.745617785378367,268.6556098088874,1.5784588203591086
CMP-0026,Instagram,2024-04-26,28608,584,78,1926.8840978838168,15879.086874678256,2.041387024608501,24.703642280561755,8.240810587475044
CMP-0009,Organic,2023-01-26,46280,742,47,4082.285014485242,11196.121388892456,1.6032843560933447,86.8571279677711,2.7426113926796063
CMP-0043,Organic,2024-08-29,5035,110,13,4768.894260013755,5737.116791871148,2.1847070506454815,366.8380200010581,1.2030287272200075
CMP-0024,Email,2024-04-25,43123,2700,125,290.28852727248125,33501.53405947868,6.26115993785219,2.32230821817985,115.40770961310588
CMP-0026,Google Ads,2024-11-24,5191,362,19,3173.5861855288067,3173.012608565682,6.9736081679830475,167.0308518699372,0.9998192653579915
CMP-0005,Organic,2024-10-12,7122,284,24,4172.937580618871,9530.867427428668,3.9876439202471214,173.87239919245295,2.2839707623940027
CMP-0011,Organic,2023-04-03,43990,2770,132,3260.3349826749327,25212.67458465209,6.296885655830871,24.699507444507066,7.733154635529636
CMP-0016,Organic,2023-08-16,84964,3902,511,2895.883824815662,252190.06701630604,4.5925333082246595,5.667091633690141,87.08569896872822
CMP-0004,Organic,2023-12-14,70137,2633,314,4037.1830365731535,35743.651424301446,3.7540812980309965,12.857270817111953,8.853611813112495
CMP-0030,Organic,2023-03-31,28455,1894,232,4630.00744411478,48440.95828293891,6.656123704094184,19.956928638425776,10.46239317487759
CMP-0024,Google Ads,2024-09-06,41234,3292,164,695.0298789477258,16229.337903183587,7.983702769559102,4.2379870667544255,23.350561457522918
CMP-0024,Email,2023-08-16,59757,4208,402,766.3107817388525,179122.96291539475,7.041852837324497,1.9062457257185386,233.74715217883653
CMP-0013,LinkedIn,2023-05-24,68106,2404,308,4040.4500269747027,127684.97801452532,3.5297917951428657,13.11834424342436,31.601672378591395
CMP-0024,Google Ads,2023-08-02,74581,4961,572,2671.3276993078316,227507.53694298962,6.651828213620091,4.670153320468237,85.16646497617614
CMP-0015,Email,2024-03-19,72180,4661,470,4323.204561435142,212228.48794820806,6.45746744250485,9.198307577521579,49.090549598642205
CMP-0049,Facebook,2024-08-12,2512,124,14,4263.381188347768,989.6585063595085,4.936305732484077,304.5272277391263,0.23212996038551292
CMP-0040,LinkedIn,2023-12-23,3405,256,9,4401.974555646773,2424.6509599738133,7.518355359765051,489.1082839607526,0.5508098534698513
CMP-0019,LinkedIn,2024-07-13,92610,2414,161,2129.4771380284637,50530.87591292841,2.606629953568729,13.226566074710956,23.729240859430625
CMP-0010,Organic,2023-07-16,52252,4057,258,2114.6997730339663,46667.736108701574,7.76429610349843,8.196510748193667,22.068256072939956
CMP-0033,Instagram,2024-04-30,91035,3100,67,2146.164317254612,14167.779462409031,3.4052836821002908,32.03230324260615,6.601442092995262
CMP-0013,Google Ads,2023-05-13,98933,1485,101,1137.8841447732952,17851.937841886753,1.501015839002153,11.266179651220744,15.68871305913438
CMP-0024,LinkedIn,2023-08-09,40417,1549,109,283.6130386548508,9503.7189799669,3.832545710963209,2.6019544830720256,33.509457199295625
CMP-0015,Instagram,2023-02-08,2827,148,19,1081.287167408503,2618.7403608014256,5.235231694375663,56.909850916237,2.421873152418615
CMP-0021,Facebook,2023-09-13,87759,5803,495,838.0692547716031,104247.35913371896,6.61242721544229,1.6930692015587943,124.38990995097323
CMP-0037,YouTube,2024-08-15,73465,2419,304,3399.244895079131,53468.385365645365,3.2927244265977,11.181726628549773,15.729489053009427
CMP-0042,Google Ads,2024-11-09,95363,5384,314,4940.228378837084,39467.47071237689,5.645795539150404,15.733211397570331,7.9889972053614695
CMP-0011,LinkedIn,2023-12-14,2166,62,6,2030.3805848154905,2712.652347748074,2.862419205909511,338.3967641359151,1.336031465250927
CMP-0039,Facebook,2024-03-21,36782,688,74,1098.811341319583,36099.62076562061,1.8704801261486597,14.848801909724097,32.85333833765121
CMP-0026,Instagram,2023-01-22,66980,686,32,1225.0669300105242,5158.212799922213,1.0241863242759033,38.28334156282888,4.210555908057938
CMP-0037,Facebook,2024-05-09,50355,1228,90,949.2923411479283,31509.549204947998,2.4386853341276935,10.547692679421425,33.19267188740319
CMP-0013,YouTube,2023-02-15,50806,1403,34,2636.7142875237723,10737.127067869387,2.761484863992442,77.55042022128742,4.072161750203503
CMP-0004,Google Ads,2024-02-27,71450,5709,157,4070.711920181074,19307.77726043442,7.990202939118264,25.928101402427224,4.74309595938579
CMP-0013,Email,2024-07-10,90443,5466,306,4295.686739551622,82121.16121151038,6.043585462667094,14.038191959319025,19.117120542193465
CMP-0005,LinkedIn,2024-05-15,32020,1811,87,929.4250894562571,7643.143199384872,5.655840099937539,10.683047005244335,8.22351718938032
CMP-0009,Organic,2023-06-05,37812,2360,213,1700.0474155797242,90660.51417109801,6.2414048450227435,7.981443265632508,53.328226813122356
CMP-0001,YouTube,2023-03-31,80226,5197,704,1411.875724984292,226720.07286036105,6.477949791838057,2.0055052911708695,160.58075710798374
CMP-0001,Organic,2023-07-13,12848,199,4,2809.3303034647865,1543.9070802729152,1.548879202988792,702.3325758661966,0.5495641001589571
CMP-0012,Email,2023-08-14,27274,809,68,1757.6481322135642,12465.138009699538,2.9661949109041577,25.847766650199475,7.091941658425722
CMP-0006,Google Ads,2023-03-09,70321,2420,214,4684.924341964101,14776.867462093613,3.441361755378905,21.892169822262154,3.1541315042664233
CMP-0001,YouTube,2023-07-12,5368,218,26,2129.834388087232,12992.195174237659,4.061102831594635,81.91670723412432,6.100096442665539
CMP-0040,YouTube,2024-04-18,8373,109,4,4846.887326533572,776.2321312348759,1.3018034157410725,1211.721831633393,0.16015064492741704
CMP-0019,LinkedIn,2023-06-07,93764,1510,139,4551.395447630196,47657.38609811639,1.6104261763576637,32.74385214122443,10.470939439667996
CMP-0046,YouTube,2024-09-04,96089,7514,428,1419.0566313710206,143585.975550083,7.819833695844477,3.3155528770350946,101.18410525403593
CMP-0024,LinkedIn,2024-12-19,64367,3813,128,1999.6204048563654,56771.813839773495,5.923842963008996,15.622034412940355,28.39129551883697
CMP-0049,Instagram,2024-03-09,54754,4138,404,1215.6010422129027,141890.2715049862,7.55743872593783,3.008913470824017,116.72437467368941
CMP-0042,Email,2024-10-12,79831,2986,226,4379.621145662087,32167.128267339598,3.740401598376571,19.378854626823394,7.344728504473587
CMP-0019,LinkedIn,2024-12-18,9832,738,81,418.0040972327493,8482.794670586372,7.506102522375915,5.160544410280855,20.293568237114812
CMP-0005,Facebook,2024-12-15,84413,5862,215,1045.6497258107174,26676.958238786265,6.944427990949261,4.863487096794034,25.512327484333223
CMP-0003,YouTube,2024-04-12,6293,409,58,2276.2404771535134,6482.912468639534,6.499284919752106,39.245525468164026,2.848078897510228
CMP-0010,Google Ads,2024-03-07,81121,4306,564,2183.715995009501,219130.1164370439,5.308119968935294,3.8718368705842217,100.34735145862706
CMP-0007,Google Ads,2023-07-05,26399,1941,153,1563.3861648743855,26197.720749110038,7.35255123300125,10.21821022793716,16.757037600633343
CMP-0033,YouTube,2023-09-05,30920,1080,82,764.1919070803227,31248.95282280309,3.4928848641655885,9.319413500979545,40.89149928607995
CMP-0018,Email,2024-03-15,23226,1017,106,4640.925171731426,34555.659787392586,4.378713510720744,43.78231294086251,7.445855838804794
CMP-0041,Google Ads,2024-02-18,36416,2138,70,4469.749068621495,9785.42947757337,5.871045694200352,63.85355812316421,2.1892570091392787
CMP-0041,Organic,2023-04-21,38871,1255,164,1476.095175161941,72127.20592380944,3.2286280260348335,9.000580336353298,48.863519871539744
CMP-0025,Organic,2023-10-11,78035,4576,578,4353.669159143282,279927.1390487881,5.864035368744794,7.532299583292875,64.29683304274603
CMP-0045,Email,2023-08-07,55081,3651,215,1854.9381662192916,70547.0942596349,6.628419963326737,8.627619377764146,38.03204632067223
CMP-0008,Facebook,2023-07-26,99755,2041,157,511.87110910614564,31617.280505445357,2.046012731191419,3.260325535707934,61.768050477896665
CMP-0003,LinkedIn,2024-06-04,60735,1324,126,2389.752846489996,29202.479300066578,2.1799621305672185,18.966292432460286,12.219874261456948
CMP-0005,Facebook,2023-11-23,7129,279,20,3290.4966554783227,1515.5765570464132,3.9135923691962407,164.52483277391613,0.46059203692644435
CMP-0047,Email,2024-04-30,77322,2317,158,997.4865911151861,74315.08552817874,2.9965598406663045,6.313206272880925,74.50234037241017
CMP-0034,YouTube,2023-04-26,89197,3601,337,3999.906502159159,109006.52388730318,4.037131293653374,11.8691587601162,27.252267978879306
CMP-0042,Organic,2023-03-28,25127,374,37,4783.55224126672,13446.748534992828,1.488438731245274,129.28519570991133,2.8110382947196646
CMP-0044,Google Ads,2023-05-14,44079,1496,173,4939.584320044623,58413.803097775846,3.3939063953356476,28.552510520489154,11.825651575727761
CMP-0022,Facebook,2024-05-15,83078,5058,115,273.0924321757529,50785.870869199294,6.088254411516888,2.374716801528286,185.96586681140712
CMP-0003,LinkedIn,2024-10-15,40128,858,84,1912.2548451561358,14401.004015649267,2.138157894736842,22.76493863281114,7.530902092954783
CMP-0007,Facebook,2023-05-24,64945,4420,262,2270.078214437538,71662.8367651736,6.805758718916007,8.66442066579213,31.568443901801707
CMP-0025,YouTube,2023-02-06,33471,667,21,709.7282217164246,3438.820003385621,1.9927698604762332,33.79658198649641,4.845263155900849
CMP-0044,LinkedIn,2024-12-10,77506,2724,142,2406.7043566725993,49221.597976817386,3.5145666141976104,16.948622230088727,20.451867235105247
CMP-0007,Instagram,2023-06-27,56922,2290,306,1783.1745446551556,138062.55049147125,4.023049084712413,5.827367792990705,77.42514657653487
CMP-0017,Instagram,2024-07-17,45541,956,50,2545.2276687982594,23332.47291117349,2.099207307700753,50.904553375965186,9.16714571242659
CMP-0028,Instagram,2023-03-25,11644,686,52,1887.8073351119556,18599.771957709043,5.891446238406046,36.30398721369146,9.852579557122015
CMP-0019,Instagram,2024-06-07,54389,3336,437,1740.2446229855373,206344.81907150536,6.133593189799408,3.982253141843335,118.5723066435932
CMP-0012,Facebook,2023-03-06,34936,568,24,3316.610014406742,11258.09843840816,1.6258300893061597,138.19208393361424,3.3944595202646854
CMP-0013,Organic,2024-07-04,79785,1473,48,1350.9914120428866,19519.673522188255,1.8462116939274302,28.145654417560138,14.448406813091283
CMP-0020,Facebook,2024-07-27,87759,4641,518,2747.2088601320147,223679.72188287004,5.288346494376645,5.303492007976862,81.42071945418861
CMP-0030,YouTube,2023-07-23,39767,2304,120,2771.0932626790054,33795.68669711353,5.793748585510599,23.092443855658377,12.195795483419035
CMP-0015,Facebook,2023-01-23,2675,140,4,3865.8042609366653,1908.6479908926037,5.233644859813085,966.4510652341663,0.4937259783634642
CMP-0029,LinkedIn,2023-07-28,76424,2556,89,970.1891794421141,44109.89310327505,3.344499110227154,10.90100201620353,45.46524949766959
CMP-0030,YouTube,2024-01-14,61698,4082,596,3336.416952852629,230126.67203929293,6.616097766540244,5.598015021564814,68.97419455998602
CMP-0014,Instagram,2024-05-26,25027,292,27,3465.081332324921,2330.7254933411014,1.1667399208854436,128.33634564166374,0.6726322616437072
CMP-0018,LinkedIn,2023-10-12,10926,606,18,2767.448613434433,1006.778229663883,5.546403075233388,153.74714519080183,0.3637929263714352
CMP-0025,Instagram,2023-01-12,46909,2888,127,1801.402790834002,38808.69434555765,6.156601078684261,14.18427394357482,21.54359621458688
CMP-0010,Facebook,2023-01-16,59052,4338,533,1747.5091199324838,52373.16176836444,7.346067872383662,3.2786287428376806,29.970179366152845
CMP-0023,YouTube,2023-12-30,88931,3370,138,728.8605783678689,24275.589628822803,3.7894547458141705,5.281598393970064,33.30621843094178
CMP-0042,Instagram,2024-12-11,69521,1466,155,1921.8226923263599,33500.85259780012,2.1087153521957394,12.398856079524903,17.431812378720252
CMP-0006,Facebook,2023-04-28,88222,3939,186,1880.0627955762668,33438.21853341689,4.464872707487928,10.10786449234552,17.785692377986546
CMP-0011,Instagram,2023-05-29,18164,649,52,4947.94745234057,23549.97348297515,3.573001541510681,95.15283562193403,4.7595439745090875
CMP-0034,Facebook,2023-12-08,26419,1324,96,998.6112849526742,32951.15912723687,5.011544721601878,10.402200884923689,32.99698253339734
CMP-0049,Organic,2024-09-03,50732,1093,57,2013.4390805145033,14580.011325871148,2.1544587242765907,35.32349264060532,7.241347139316205
CMP-0041,Instagram,2024-02-08,8870,666,24,3485.7174761617503,2467.1401732900167,7.508455467869222,145.23822817340627,0.7077854674575274
CMP-0005,Google Ads,2024-11-05,95635,5926,536,239.56195231446443,43269.163929568975,6.196476185496942,0.44694394088519485,180.61784649663852
CMP-0027,Google Ads,2024-10-02,47416,2473,149,507.9982200446167,59805.43113071024,5.215539058545639,3.4093840271450784,117.7276391351482
CMP-0008,Instagram,2023-02-20,9711,413,55,1200.994609369253,26433.10729327017,4.25290907218618,21.83626562489551,22.009347158645866
CMP-0016,Facebook,2024-01-30,78405,4436,609,3842.6350824159044,52178.982764282664,5.657802436069128,6.309745619730549,13.578958616980408
CMP-0032,LinkedIn,2024-08-29,10373,115,11,1678.9900120689335,3129.8739246108616,1.1086474501108647,152.63545564263032,1.864140883574452
CMP-0046,Google Ads,2023-05-20,3844,212,5,4300.5071022196225,1774.6909600836864,5.515088449531738,860.1014204439246,0.41267016142531526
CMP-0015,Instagram,2024-11-22,98308,3990,241,4929.7346709252615,117713.55803783871,4.058672742808317,20.455330584752122,23.878274571670826
CMP-0029,Email,2023-04-18,59832,1760,132,2897.2753201021005,47146.439651244014,2.9415697285733384,21.949055455318945,16.2726818967217
CMP-0002,Google Ads,2024-10-12,64049,2169,271,3177.5772590371116,62976.09320565928,3.3864697341098218,11.725377339620339,19.818902286814158
CMP-0013,Facebook,2023-04-10,33072,1233,91,2894.8907966768716,8458.575103596786,3.7282293178519597,31.811986776668917,2.921897818496859
CMP-0026,LinkedIn,2024-12-29,91092,3354,239,1291.12615084792,95916.11285649819,3.681991832433144,5.402201467982929,74.28872290558697
CMP-0050,Instagram,2024-12-27,43819,610,88,303.7437099565919,40806.290920147854,1.392090189187339,3.4516330676885443,134.3444805029197
CMP-0049,Organic,2024-09-16,27376,392,44,3703.6835019238474,19959.347567787638,1.4319111630625365,84.17462504372381,5.389053237788791
CMP-0001,LinkedIn,2023-07-02,62787,2401,188,2214.424312086861,91761.2014920868,3.824040008281969,11.778852723866281,41.437948902219
CMP-0003,LinkedIn,2023-01-09,94554,2655,244,3599.739123913893,104489.13583175439,2.8079192842185416,14.753029196368413,29.026863401741835
CMP-0037,Organic,2024-06-21,33983,1091,65,144.41655766367555,21768.696090597656,3.2104287437836567,2.2217931948257776,150.73545888895703
CMP-0025,LinkedIn,2024-11-28,60474,2098,280,3740.164673218735,89709.56644797735,3.469259516486424,13.357730975781196,23.98545900674863
CMP-0037,Instagram,2023-03-29,88417,5244,587,4582.686213770691,231940.1094414838,5.930986122578237,7.806961181892149,50.612260718291814
CMP-0019,Facebook,2024-12-30,30861,2113,122,2657.162505082676,8040.303129382709,6.846829331518746,21.78002053346456,3.02589815790455
CMP-0005,LinkedIn,2024-01-18,25456,683,98,3014.5577467208764,23985.729955534087,2.683060967944689,30.760793333886493,7.956633102027941
CMP-0045,Email,2024-01-05,4102,99,11,3216.2440221979473,4956.268455832923,2.4134568503169187,292.3858201998134,1.5410113230294824
CMP-0021,Organic,2024-05-20,77363,5038,368,1991.8537512875253,21975.63002720898,6.512156974264183,5.4126460632813185,11.032752787700417
CMP-0044,LinkedIn,2023-12-26,23943,1387,79,2870.370831771458,22257.679096721356,5.792924863216807,36.333807997107066,7.75428695496636
CMP-0020,YouTube,2023-10-09,68577,3477,469,2667.452948303288,38535.86752419384,5.070213045190078,5.68753293881298,14.446690633739468
CMP-0036,Google Ads,2024-10-09,19878,451,18,3823.290928735154,6493.487540997144,2.268839923533555,212.40505159639744,1.6984026750863455
CMP-0048,LinkedIn,2023-02-13,4149,312,39,4844.0324566571035,3790.1758479804353,7.519884309472162,124.20596042710521,0.7824422899503153
CMP-0043,LinkedIn,2023-03-31,96262,1654,207,2673.2444520516956,72040.16883125134,1.718227337890341,12.914224406046838,26.948590046062208
CMP-0032,Facebook,2023-03-23,29112,2272,269,,26635.768337467583,7.804341852157186,17.63714678002634,5.6141578565147965
CMP-0023,LinkedIn,2024-02-23,81173,6225,194,1279.116994727745,37462.920909659544,7.668806130117158,6.593386570761572,29.288111301838644
CMP-0013,Email,2024-03-14,32689,439,49,,3688.4344556062833,1.3429594053045366,98.88398038888089,0.7612372829993584
CMP-0012,LinkedIn,2024-09-01,99641,2497,213,130.52498851586162,68353.48252313088,2.5059965275338465,0.6127933733139044,523.6811992887051
CMP-0024,Instagram,2024-11-02,99548,2730,348,2316.56070228996,65650.78662815817,2.742395628239643,6.656783627269999,28.33976530952167
CMP-0040,Facebook,2023-03-01,83598,876,80,4052.091952441737,34835.57495448826,1.047871958659298,50.65114940552171,8.59693594403671
CMP-0019,Google Ads,2024-11-17,94708,2350,81,1948.132704042696,11629.838411146096,2.481310976897411,24.051021037564148,5.969736243846359
CMP-0028,Organic,2023-10-20,72711,2720,196,,91642.42801673882,3.7408370122814976,17.462080892775102,26.77592728608426
CMP-0036,YouTube,2024-04-03,85931,5465,466,1134.3898145926626,94494.16367910923,6.3597537559204484,2.4343129068512073,83.29955229106166
CMP-0005,Google Ads,2023-05-27,7378,227,25,2758.995163631544,5825.729093144954,3.076714556790458,110.35980654526176,2.1115401614103604
CMP-0031,Organic,2023-01-01,35561,1862,200,3942.4363266970786,99176.17896079253,5.236073226287225,19.712181633485393,25.156063596816804
CMP-0018,Email,2023-08-01,23790,1694,226,3349.2483208151452,39627.67355441319,7.120638923917612,14.819682835465244,11.831811128524667
CMP-0043,Organic,2024-08-08,68820,2362,225,2260.656817584144,100952.14053376061,3.432141819238593,10.047363633707306,44.656110449193854
CMP-0025,YouTube,2024-11-20,33284,2022,184,3843.1363015506377,35477.86522765629,6.074990986660257,20.886610334514334,9.23148762986668
CMP-0018,Google Ads,2023-04-13,12609,380,46,1999.6167122362071,16063.66838345983,3.0137203584741057,43.46992852687407,8.033373738657916
CMP-0031,LinkedIn,2024-10-28,48215,1674,80,358.12701945083603,23902.4657939232,3.4719485637249816,4.47658774313545,66.74298362233613
CMP-0017,Instagram,2024-09-19,84747,6296,928,4025.55604932487,58895.157593288845,7.429171534095602,4.337883673841454,14.630316128169724
CMP-0018,Google Ads,2023-05-06,35138,1159,148,4806.824070300145,56665.70021718592,3.298423359326086,32.478541015541516,11.788594587287992
CMP-0016,LinkedIn,2023-03-29,78116,4892,289,2400.150481480967,27010.412688636425,6.262481437861641,8.30501896706217,11.253633010531143
CMP-0027,YouTube,2023-02-11,21382,1012,21,3546.866189861169,2391.146506157906,4.732952951080348,168.898389993389,0.674157517696347
CMP-0030,Instagram,2024-07-31,45316,3150,155,1251.7792373193777,10311.77582513606,6.951187218642422,8.075995079479856,8.23769520831661
CMP-0040,Google Ads,2023-04-13,20491,1438,183,2155.0122377367748,78308.86214259383,7.017715094431702,11.776023157031556,36.33801273668633
CMP-0002,YouTube,2023-02-27,61498,3934,165,1592.6324807819067,27229.55279927156,6.39695599856906,9.65231806534489,17.097197958629568
CMP-0046,Organic,2023-01-24,27419,978,106,1937.983659072111,31254.655429987844,3.5668696889018565,18.282864708227464,16.127409167604792
CMP-0005,YouTube,2023-05-28,84567,2390,81,1924.618551206662,14112.955367810295,2.826161505078813,23.760722854403234,7.332858430031246
CMP-0048,YouTube,2024-07-05,96285,3357,399,3285.31246342059,101821.39489189751,3.486524380744664,8.233865823109248,30.99291042346805
CMP-0014,Organic,2024-03-26,9385,517,76,3335.393075595328,14019.14636950223,5.508790623335109,43.88675099467537,4.203146691188708
CMP-0003,Facebook,2023-12-24,6120,201,28,378.05501843278756,12670.526776439392,3.2843137254901964,13.501964944028128,33.515033946552464
CMP-0047,LinkedIn,2023-06-29,64481,4941,138,2449.254352469948,22484.304695171366,7.662722352320839,17.748219945434407,9.180061136768867
CMP-0003,Facebook,2024-12-16,93755,7200,184,1995.4675043160437,36913.23328349714,7.679590421844168,10.84493208867415,18.498538915645902
CMP-0035,YouTube,2023-08-26,31893,1438,60,2594.1625534536724,9372.44458106936,4.508826388235663,43.236042557561206,3.6128979537506596
CMP-0024,LinkedIn,2023-05-12,11218,539,36,1270.555228041554,4590.25652894492,4.80477803530041,35.29320077893206,3.6127957507367747
CMP-0041,Google Ads,2023-11-02,83529,1362,104,2148.7882034680747,10460.725908114213,1.6305714183098083,20.661425033346873,4.868197755009517
CMP-0015,Organic,2024-06-01,67532,1019,92,3922.2273394509602,23366.26977501261,1.5089142924835632,42.632905863597394,5.957398119172628
CMP-0038,Organic,2023-12-21,74090,4920,165,2746.0520961826746,61380.2588702878,6.640572276960453,16.642739976864696,22.35218295953429
CMP-0004,Google Ads,2023-12-09,84140,6061,414,2746.9652170126296,51326.964370054615,7.2034704064654145,6.635181683605386,18.68497061854811
CMP-0018,Google Ads,2023-08-13,10001,382,29,1504.6034140772679,12716.228738601756,3.8196180381961806,51.882876347491994,8.451548507485125
CMP-0005,LinkedIn,2023-11-22,98113,3005,410,1099.1337941844058,186066.84451526008,3.0627949405277586,2.6808141321570873,169.28498195556614
CMP-0034,Organic,2024-04-20,24904,810,104,4263.441868120984,36995.03082273631,3.2524895599100545,40.99463334731715,8.67726873429637
CMP-0008,Facebook,2023-02-17,86799,5328,313,403.09904783244605,50440.90622045476,6.1383195658936165,1.2878563828512652,125.13278434093759
CMP-0023,Google Ads,2023-04-23,67825,1674,204,4653.061580708795,31280.191084960665,2.4681164762255805,22.809125395631348,6.722496692209217
CMP-0009,Facebook,2024-11-10,24260,1661,115,4891.6411063990645,55472.52550730533,6.846661170651277,42.53600962086143,11.340268899682401
CMP-0014,Facebook,2024-05-09,90956,2504,104,4874.279016523673,36011.74054481763,2.7529794625973,46.86806746657378,7.388116359924988
CMP-0006,Organic,2023-08-21,61062,3713,354,2650.9410101894623,41333.88600387929,6.080704857358095,7.488533927088876,15.59215608533106
CMP-0010,Google Ads,2024-09-05,65307,2613,187,2301.200461059201,12366.918943446894,4.001102485185355,12.305884818498402,5.374116315687953
CMP-0004,YouTube,2023-11-14,62795,3662,429,324.7705818780951,51327.58253875888,5.831674496377101,0.757040983398823,158.04258575989203
CMP-0025,LinkedIn,2024-12-05,25058,1315,178,436.1708953480603,79168.0762959754,5.247825045893527,2.450398288472249,181.50701282532853
CMP-0008,Facebook,2024-09-25,74318,5298,787,447.88118677613204,263253.63411011995,7.128824779999461,0.569099347873103,587.775601839923
CMP-0026,YouTube,2023-09-06,75030,1048,138,411.6742587263469,56121.79718248334,1.3967746234839398,2.983146802364833,136.32573811176593
CMP-0005,YouTube,2023-03-15,90093,1779,199,4904.078264387735,31475.74917329925,1.9746262195731077,24.643609368782585,6.418280352878695
CMP-0024,LinkedIn,2024-08-12,40820,3255,73,915.9195873762483,6309.151402928623,7.974032337089662,12.546843662688332,6.888324575525103
CMP-0031,Google Ads,2024-04-27,32177,849,77,3945.650176156869,4490.859912755201,2.638530627466824,51.242210079959335,1.1381799481091797
CMP-0045,Google Ads,2024-03-01,69502,3232,207,2971.1021478843136,60510.896001670895,4.650225892780064,14.35315047287108,20.366481187716815
CMP-0009,LinkedIn,2024-05-26,23419,910,52,1659.336075652078,15168.918479736287,3.885733805884111,31.91030914715535,9.141558905585342
CMP-0036,Facebook,2023-03-22,1294,61,7,2567.182613984608,2825.157352223477,4.714064914992272,366.74037342637257,1.1004894380452577
CMP-0018,Instagram,2024-10-27,95555,6468,896,421.2387800341865,187328.65110430948,6.768876563235833,0.47013256700244027,444.7089394027455
CMP-0025,LinkedIn,2023-10-16,93385,4794,636,4548.192890443758,184752.61552211925,5.133586764469668,7.15124668308767,40.62110380373364
CMP-0046,LinkedIn,2023-12-02,64303,3771,214,133.92041805051525,75274.41971090864,5.864423121782809,0.6257963460304451,562.0832193229479
CMP-0003,Facebook,2024-02-20,43054,2181,308,2606.324615652701,28346.674697494134,5.065731407070191,8.462092907963315,10.876110568596722
CMP-0008,Organic,2024-01-02,85828,4372,127,151.58967161926097,21282.31434776744,5.093908747728014,1.193619461568984,140.3942242267072
CMP-0034,LinkedIn,2023-04-21,82074,6290,514,3190.248183312393,93696.16231873984,7.663815581060994,6.206708527845122,29.369552754186145
CMP-0036,Organic,2024-01-22,40968,1135,30,151.4732711933405,13998.007170485891,2.77045498925991,5.049109039778017,92.41239104567057
CMP-0005,Organic,2023-09-02,51574,2089,98,1995.1492797605842,8980.391244551392,4.0504905572575325,20.35866612000596,4.501112440884137
CMP-0020,LinkedIn,2023-03-12,18889,495,21,878.7616394730868,5349.326621747599,2.6205728201598815,41.84579235586128,6.087346535694369
CMP-0032,LinkedIn,2024-10-04,45911,3395,352,1752.0507943382515,75638.38367741702,7.394742000827688,4.977417029370033,43.171341790912855
CMP-0006,Organic,2023-07-19,68680,4957,659,2766.0194033417433,105121.47119877422,7.2175305765870705,4.197298032385043,38.00460368129471
CMP-0029,Email,2024-07-14,24671,1646,36,2401.241827925781,3453.6673655353675,6.671800899841919,66.70116188682725,1.4382838601969063
CMP-0035,YouTube,2024-02-29,36298,2018,212,2832.4015880923735,94948.92151416832,5.55953496060389,13.360384849492327,33.52240794996749
CMP-0030,YouTube,2023-10-29,3313,44,0,3984.3417949136924,0.0,1.328101418653788,0.0,0.0
CMP-0017,YouTube,2024-08-22,9741,145,17,4639.142502044385,4884.849187774118,1.4885535365978853,272.89073541437557,1.0529638151062302
CMP-0050,Instagram,2024-09-05,3873,208,15,,3180.683077703749,5.370513813581203,56.77492062801516,3.7348451775545235
CMP-0031,Facebook,2024-03-28,17942,492,69,4063.467294878251,12043.611240382264,2.7421692119050274,58.89083036055436,2.963875519697794
CMP-0036,LinkedIn,2024-11-06,80803,3087,175,2291.2499030207314,16683.647417686156,3.8204027078202545,13.092856588689894,7.281461265177062
CMP-0011,LinkedIn,2023-12-27,28509,771,107,1401.8183581717765,37362.087282893175,2.704409133957698,13.101106151138097,26.65258809395253
CMP-0045,Email,2023-05-04,60161,1322,192,359.51615115444764,34055.89218867963,2.1974368777114743,1.8724799539294148,94.7270159610973
CMP-0008,LinkedIn,2024-09-10,24436,1575,186,2111.9631853846354,35536.40720582757,6.445408413815682,11.354640781637825,16.82624368253635
CMP-0040,LinkedIn,2023-07-19,52240,2543,329,4542.058221801057,119272.88321078393,4.86791730474732,13.80564809058072,26.259655289818983
CMP-0037,Google Ads,2023-03-12,66525,3484,145,4427.875717688891,30753.964001157532,5.237128898910185,30.537073915095803,6.945534599875676
CMP-0032,Email,2023-06-26,19332,789,108,2096.965899612934,32615.430173647906,4.081315952824332,19.416350922341984,15.553629260098214
CMP-0042,Facebook,2024-12-25,18297,611,62,1610.7611327850623,21414.780351132675,3.33934524785484,25.98001827072681,13.294820638058091
CMP-0035,Email,2024-06-04,71191,2826,291,521.1890244043502,55771.37310087897,3.969602899242882,1.7910275752726812,107.0079577454998
CMP-0015,Instagram,2023-01-19,70409,4134,519,4741.534297264301,49891.51551227236,5.871408484710761,9.135904233649907,10.522230228527086
CMP-0043,Facebook,2024-11-06,73485,2286,149,4891.991210115107,16738.678167953112,3.1108389467238213,32.832155772584606,3.4216492730695762
CMP-0041,Instagram,2024-05-31,13883,483,24,1376.6292998139788,4259.609704896402,3.4790751278542102,57.359554158915785,3.0942314720978223
CMP-0025,Facebook,2024-02-23,27132,1779,245,1389.060288758435,66995.20266069385,6.556833259619638,5.669633831667082,48.23059387910028
CMP-0014,Email,2023-01-30,22690,1766,99,2868.9696340575692,25271.406604672335,7.783164389598943,28.97949125310676,8.808530527711133
CMP-0034,YouTube,2024-01-25,68084,3555,151,2590.7572659152033,54978.215291874556,5.221491099230362,17.157332886855652,21.220905568879342
CMP-0039,Facebook,2024-04-12,97437,4907,137,2984.06736640649,57863.810306520936,5.036074591787514,21.781513623405036,19.390919574380256
CMP-0016,Facebook,2023-04-27,72435,4528,431,4540.769286656873,107617.44033179143,6.251121695313039,10.535427579250285,23.70026608663582
CMP-0001,Organic,2024-06-22,32594,2045,168,3486.883389533362,79133.08468008318,6.274160888507087,20.755258271031916,22.694502752119078
CMP-0030,Facebook,2024-04-30,74410,3819,200,1159.9729416154407,65999.61985586051,5.13237468082247,5.7998647080772034,56.89755121696709
CMP-0029,YouTube,2023-11-02,2709,65,2,2644.816428293632,207.49432664996687,2.399409376153562,1322.408214146816,0.0784532054588896
CMP-0012,Organic,2023-10-28,89692,5884,199,4913.764078617105,13447.248921770342,6.560228336975427,24.692281802096005,2.7366492787653005
CMP-0020,YouTube,2023-09-08,94868,2708,254,3580.3764497401653,89095.26940534849,2.8544925580807017,14.09597027456758,24.88433008540605
CMP-0021,LinkedIn,2023-11-03,28771,771,110,821.2533989957968,8890.200921089008,2.6797817246532967,7.46593999087088,10.825161797758975
CMP-0033,Google Ads,2024-05-08,3075,185,4,2220.7919871068934,364.47656628638657,6.016260162601626,555.1979967767234,0.16412008346680118
CMP-0033,Email,2023-09-18,71749,2318,139,2792.8547178120966,59907.62427884743,3.2307070481818565,20.092479984259686,21.450318878662852
CMP-0004,LinkedIn,2023-05-16,97470,7288,509,658.6819535511349,110188.8194400131,7.477172463322048,1.294070635660383,167.2868352411281
CMP-0029,Email,2023-08-13,89431,3214,455,177.2173822744955,115049.06006720048,3.593832116380226,0.3894887522516384,649.1973788948012
CMP-0003,YouTube,2023-12-11,62698,3681,410,866.7052392197421,127889.26967978298,5.871000669877827,2.113915217609127,147.5579746061259
CMP-0030,Email,2024-02-04,42919,1064,66,2004.2492218217708,13988.667874749985,2.479088515575852,30.367412451845013,6.9795052044650046
CMP-0020,Facebook,2024-07-16,22525,1540,34,3461.897200056699,16981.446429048126,6.83684794672586,101.82050588402056,4.905242832967427
CMP-0036,LinkedIn,2023-07-16,84114,4097,476,3495.4794544667293,202502.6764258105,4.8707706208241195,7.343444232072961,57.9327325660692
CMP-0014,Instagram,2024-12-27,62424,1178,41,2581.6911830439767,20019.320238782355,1.8870947071639115,62.96807763521895,7.754343497884326
CMP-0025,Facebook,2023-06-17,62456,1795,224,4113.286108569406,16015.083391245202,2.874023312411938,18.362884413256275,3.8935009548400275
CMP-0019,Organic,2024-02-16,21243,377,42,2251.250515767532,13868.076091640742,1.7747022548604248,53.60120275636981,6.16016564771896
CMP-0018,Instagram,2023-05-09,6214,379,11,3029.7804855688355,5092.253184927426,6.099130994528484,275.43458959716685,1.6807333762899215
CMP-0035,LinkedIn,2023-06-18,54447,1316,186,2126.724943151109,38778.873787674864,2.4170294047422263,11.434005070704888,18.234080487257224
CMP-0011,YouTube,2023-08-16,32697,759,43,4366.7958469404375,15435.539985938542,2.3213138820075234,101.5533917893125,3.5347519158133616
CMP-0007,Organic,2024-10-05,6496,376,53,1290.8213908599907,8248.727519773638,5.788177339901478,24.355120582263975,6.390293481484719
CMP-0013,Google Ads,2023-10-10,81815,5663,352,3307.3605460851127,117636.49286364007,6.921713622196418,9.395910642287252,35.568088578333295
CMP-0001,Google Ads,2024-10-15,99218,1369,53,2872.6590242607294,25280.2629523428,1.3797899574673949,54.20111366529678,8.800300606107822
CMP-0022,Google Ads,2023-06-16,75528,2442,71,3527.7883048777753,4471.725472587218,3.233238004448681,49.68715922363064,1.2675719420023834
CMP-0048,Email,2023-09-22,56013,3534,512,2264.4694557857197,194157.26071004698,6.309249638476783,4.422791905831484,85.7407284580391
CMP-0034,LinkedIn,2024-09-22,64988,1151,23,2209.1652147020795,7847.613871897123,1.7710962023758232,96.05066150878606,3.5522983159751704
CMP-0013,Instagram,2023-01-21,71608,4786,479,470.37410962778574,79855.65640561066,6.683610769746397,0.9819918781373398,169.77051834081954
CMP-0020,Email,2024-01-03,18652,1025,109,3134.623354258072,11322.111961789175,5.495389234398456,28.75801242438598,3.6119529149839384
CMP-0013,LinkedIn,2024-10-26,42378,2180,206,3032.0578532159952,101801.79117921968,5.144178583227147,14.718727442796093,33.57514800426455
CMP-0019,Google Ads,2023-08-29,22124,385,33,834.7301329023846,13624.382656790543,1.740191647080094,25.294852512193472,16.321901078876966
CMP-0049,Instagram,2023-06-13,94993,3564,268,2408.488779904932,75083.80837013652,3.7518553998715696,8.98689843248109,31.174655658184232
CMP-0029,Google Ads,2023-08-07,60810,3067,88,656.2022381039504,32576.524927763912,5.043578358822562,7.456843614817618,49.64403203178864
CMP-0044,Organic,2023-06-22,85496,2470,242,1458.2532343608468,65116.96583417579,2.889024047908674,6.025839811408458,44.654086340989046
CMP-0001,Facebook,2024-03-05,59253,2703,370,112.05379432035382,86075.89562231723,4.561794339527112,0.302848092757713,768.1658273546041
CMP-0041,Organic,2023-03-20,4160,297,43,4154.390841158616,6109.724677981108,7.139423076923077,96.61374049206084,1.4706667984751212
CMP-0015,LinkedIn,2023-05-24,27683,1463,192,1418.2105947660377,31313.310701761682,5.284831846259437,7.386513514406446,22.079450553623484
CMP-0026,Facebook,2024-08-12,80076,2017,270,1421.1484309213388,67808.06023310957,2.51885708576852,5.263512707116069,47.71356654783006
CMP-0035,Facebook,2024-05-29,72007,2543,337,3401.249907878544,100743.66215386103,3.531601094338051,10.092729696968973,29.6196001124474
CMP-0018,Organic,2023-07-10,64976,2163,86,4454.232768547011,27890.281007521975,3.3289214479192317,51.79340428543036,6.261523017940506
CMP-0019,Email,2023-03-26,13587,312,25,4915.625487408671,5943.640610688633,2.2963126517995143,196.62501949634682,1.2091321086020923
CMP-0010,Google Ads,2023-01-02,76103,936,92,346.13521257091907,4950.925483941848,1.2299120928215708,3.762339267075207,14.30344357966025
CMP-0036,Email,2023-12-25,55677,4107,237,4338.118863476155,19840.18167732506,7.3764750255940505,18.304299002009092,4.573452757222754
CMP-0018,Google Ads,2023-08-18,85925,3724,272,1807.0492476040372,88425.56915604339,4.334012219959267,6.6435634103089605,48.93367973965661
CMP-0024,YouTube,2023-05-25,45584,614,26,2906.9496453696756,11451.239919135627,1.346963846963847,111.80575559114138,3.939263253966471
CMP-0027,Facebook,2023-06-15,83608,5182,598,2522.3951926547584,180811.9129385178,6.197971485982203,4.21805216163003,71.68262668159376
CMP-0033,Email,2024-12-27,99835,4980,369,3458.2195003109787,135988.00441113953,4.988230580457755,9.371868564528398,39.32312694405629
CMP-0033,Google Ads,2023-01-18,56367,582,31,1651.4448092454966,11079.795658962212,1.0325190270903188,53.27241320146763,6.709152856294538
CMP-0036,Instagram,2023-02-13,15513,774,80,4910.752765569141,19299.05545336149,4.989363759427577,61.38440956961426,3.929958679384827
CMP-0003,Google Ads,2024-09-06,7008,291,15,562.3006944755313,5074.026481833526,4.152397260273973,37.486712965035416,9.02368880509061
CMP-0007,Organic,2024-09-06,94786,1383,122,3234.5798820894743,7059.43758778093,1.4590762348870085,26.512949853192413,2.1824897962392176
CMP-0032,LinkedIn,2023-12-10,19667,503,28,1678.9948940760214,7940.383050841718,2.557583769766614,59.96410335985791,4.729247884468071
CMP-0030,Email,2023-10-31,32521,1817,235,1591.1143367344714,17080.479501889015,5.587159066449371,6.7706993052530695,10.734916471775492
CMP-0008,Google Ads,2024-01-08,13689,613,86,3247.905871978879,19826.218423201204,4.478048067791658,37.766347348591616,6.1043081926267515
CMP-0003,Facebook,2023-04-14,99314,6556,677,2825.1079780056475,196290.28627788258,6.601284813822825,4.172980765148667,69.48063146827097
CMP-0038,LinkedIn,2023-03-26,75267,5445,523,1378.2842977454548,117694.42600599394,7.234246083941169,2.635342825517122,85.39198059392683
CMP-0050,Google Ads,2023-04-30,17566,1357,77,4653.323708532611,29117.036419471908,7.725150859615165,60.43277543548845,6.257255725854872
CMP-0048,LinkedIn,2024-11-01,54951,3233,428,1896.4619364912535,205278.14032523346,5.88342341358665,4.430985832923489,108.24268938665314
CMP-0001,Email,2024-05-14,78146,1986,146,2179.8142682584835,59426.292524018994,2.5413968725206666,14.930234714099202,27.26208988965669
CMP-0036,Organic,2023-05-25,36504,2156,133,879.9911126715849,32410.47008949405,5.906202060048214,6.6164745313653,36.830451606605855
CMP-0010,YouTube,2023-08-28,97971,3215,72,1588.6425918544892,7017.466087287295,3.2815833256780067,22.06448044242346,4.417271778604093
CMP-0033,Instagram,2023-12-08,21713,1470,156,3513.466232008055,61272.63353994432,6.770137705522037,22.522219435949072,17.43936884372021
CMP-0019,YouTube,2024-05-22,28370,681,91,1121.1343080484162,15482.710214524906,2.400422982023264,12.320157231301277,13.809862122118098
CMP-0027,Organic,2024-06-02,23389,1711,83,1601.6507646722755,12214.47614307344,7.315404677412459,19.29699716472621,7.626179447161021
CMP-0017,LinkedIn,2024-01-24,91344,6016,428,1722.0244431935232,85100.67871664725,6.5860921352250825,4.02342159624655,49.4189725662817
CMP-0031,Instagram,2023-02-03,42697,2768,210,3596.55148423998,80411.49929251798,6.482891069630186,17.126435639238,22.35794472701966
CMP-0045,Organic,2024-02-02,32391,833,30,1703.7033469221974,10424.347240070714,2.5717020159920967,56.79011156407325,6.1186398787692
CMP-0013,Instagram,2023-09-16,11814,359,32,3324.313538319706,9441.561499545329,3.038767563907229,103.88479807249081,2.8401537312023892
CMP-0030,Google Ads,2024-08-21,31742,2170,167,926.3229153535941,71987.5948553009,6.836368218763783,5.546843804512539,77.71328298385227
CMP-0018,Instagram,2023-11-02,30123,1920,188,3160.5844367891073,23041.848573288888,6.373867144706702,16.811619344622912,7.290375889054716
CMP-0012,LinkedIn,2023-09-26,26529,1780,253,1785.8924477739702,80683.70278398231,6.70963850880169,7.058863429936641,45.17836607940792
CMP-0004,LinkedIn,2024-02-20,27558,1054,146,174.657762088499,52189.09962228212,3.824660715581682,1.196286041702048,298.80778843277477
CMP-0027,Instagram,2023-11-01,56017,965,100,2603.2026121402437,22032.478816356324,1.7226913258475105,26.03202612140244,8.463605066162001
CMP-0019,Google Ads,2023-02-20,75970,786,30,3955.154488780295,10072.531370962146,1.0346189285244176,131.83848295934317,2.546684686915567
CMP-0025,Google Ads,2024-08-10,33276,2130,268,4704.305207422334,69272.90516084686,6.401009736747206,17.553377639635574,14.725427476846063
CMP-0011,Google Ads,2024-06-09,1492,85,4,554.3601541950495,1740.378695994411,5.697050938337802,138.59003854876238,3.1394368495360245
CMP-0041,Instagram,2023-03-12,49100,2231,273,1075.5601840864178,123801.66396039042,4.543788187372709,3.9397808940894428,115.10435751723898
CMP-0046,Facebook,2023-05-26,60260,2407,230,2404.069551511505,51230.97394231874,3.9943577829405905,10.452476310919586,21.310104738903423
CMP-0010,Google Ads,2024-12-29,25501,1993,220,3819.0601996293913,30709.371387323776,7.81537978902788,17.35936454376996,8.04108073245451
CMP-0016,Organic,2024-07-07,13434,677,66,324.6001603829204,22594.733340016428,5.039452136370404,4.918184248226067,69.60789333363897
CMP-0032,Organic,2024-03-19,37014,615,75,4605.4496504243525,14387.524378673466,1.6615334738207164,61.40599533899137,3.1240216419145477
CMP-0029,Facebook,2024-11-28,67732,2977,288,3420.6703342550345,31154.074055024877,4.3952636862930365,11.877327549496648,9.107593252423058
CMP-0035,Organic,2023-11-06,75833,5384,518,2163.5202178196587,222994.00242345984,7.099811427742539,4.176679957180808,103.06998778508647
CMP-0009,Email,2023-03-09,80953,6068,822,248.5705175632158,115620.27126819041,7.495707385767051,0.3023972233129146,465.1407270726955
CMP-0033,Instagram,2024-01-25,39976,2418,279,326.07964236280503,100419.91264180427,6.048629177506504,1.1687442378595163,307.96130636721676
CMP-0049,Google Ads,2023-05-26,70011,1346,34,2448.871526334425,10395.197106665866,1.922555027067175,72.02563312748309,4.244892798531509
CMP-0009,Facebook,2024-08-15,93964,4966,480,2711.0869958053427,82872.08156716354,5.285002767017156,5.648097907927797,30.56784297050783
CMP-0007,Email,2023-05-19,6328,375,18,1111.0762511111704,1051.6237028938365,5.926042983565107,61.72645839506502,0.9464910278139089
CMP-0020,Organic,2024-01-09,56385,3262,184,1151.9639134566721,57513.54424789503,5.785226567349473,6.260673442699305,49.926515558387095
CMP-0043,Organic,2023-04-10,50054,2415,73,4191.215145856896,16197.239414296026,4.824789227634155,57.41390610762871,3.8645688304279338
CMP-0048,Instagram,2023-02-04,83079,6634,573,195.59107935275037,82216.16315471925,7.985170741101842,0.34134568822469524,420.34720308711843
CMP-0048,YouTube,2024-02-26,50474,2115,227,2993.905437920436,63371.41977398691,4.190276181796569,13.189010739737602,21.166807398567887
CMP-0050,Instagram,2023-08-29,17128,321,9,1364.3429652393024,4423.979907272496,1.8741242410088743,151.59366280436694,3.242571713994612
CMP-0019,Google Ads,2023-06-19,53311,2598,334,4734.489697490275,99665.70746580379,4.8732906904766375,14.175118854761303,21.05099257447661
CMP-0040,YouTube,2023-07-05,3901,245,24,1503.8727766551588,9431.660747765636,6.280440912586515,62.661365693964946,6.271581542118929
CMP-0026,LinkedIn,2024-05-23,19126,565,74,1246.523922683651,24666.664272563128,2.9540939035867404,16.844917874103395,19.788360113826034
CMP-0044,Facebook,2023-04-19,97708,1665,80,2178.606972745915,24926.727637080145,1.7040569861219144,27.232587159323934,11.441589946654084
CMP-0028,LinkedIn,2024-06-29,55315,2257,265,2189.272624708426,121142.3840977266,4.080267558528428,8.261406130975192,55.33453564919111
CMP-0041,Instagram,2023-01-29,32413,2311,285,3613.314441740442,86175.63091332611,7.129855304970229,12.678296286808568,23.849469040900157
CMP-0020,Facebook,2024-05-21,62376,3256,472,4458.401735343794,146033.75445466302,5.219956393484674,9.44576638844024,32.75473210432934
CMP-0049,Instagram,2023-10-20,73728,2162,132,667.9135976143065,61352.154069853335,2.932400173611111,5.059951497078079,91.85642317957684
CMP-0016,Google Ads,2024-09-04,9255,686,42,3539.3198853035346,4456.142888640229,7.412209616423556,84.26952107865559,1.259039316322793
CMP-0029,Organic,2024-01-08,98997,6340,362,4473.76581554632,154142.6502384642,6.404234471751669,12.358469103719115,34.454787441671414
CMP-0017,Facebook,2023-08-18,30152,1929,116,1350.8031685146761,16738.305306463455,6.397585566463253,11.644854900988587,12.391372552722583
CMP-0038,LinkedIn,2023-06-09,80205,6355,501,1326.2631502136667,39300.99352200917,7.923446169191446,2.647231836753826,29.632877544458363
CMP-0033,Google Ads,2023-04-18,40313,1356,83,3882.4748078277216,33376.66229340107,3.363679210180339,46.77680491358701,8.596749224517337
CMP-0046,Organic,2024-07-26,39223,1386,156,263.0940434357362,37078.081875943026,3.5336409759579834,1.6865002784342062,140.93090589107078
CMP-0032,Google Ads,2023-12-14,31337,2479,345,4222.609818856277,108500.77465363657,7.910776398506558,12.23944875030805,25.695193093408935
CMP-0048,Facebook,2024-06-07,58437,1198,32,1353.7964262937262,3774.104200330982,2.05007101665041,42.306138321678944,2.787792999766816
CMP-0017,Instagram,2023-08-28,58961,1962,138,229.31993724306656,40969.15716885719,3.3276233442445005,1.6617386756743955,178.655016486561
CMP-0043,Google Ads,2023-04-30,27580,1580,110,542.004008950775,12638.360175375836,5.728788977519942,4.927309172279772,23.3178352312218
CMP-0023,YouTube,2024-06-25,31261,2100,191,1263.4762644473174,86795.76081771374,6.717635392341896,6.615058976163965,68.69599632382554
CMP-0030,Google Ads,2024-04-11,78960,2632,210,2951.676981023,66640.98720712945,3.3333333333333335,14.055604671538095,22.577330661715173
CMP-0039,Google Ads,2024-11-09,50402,2953,408,3573.7784986283173,109341.47659818963,5.858894488313956,8.759261026049797,30.59548224383714
CMP-0044,Instagram,2024-07-19,88193,3066,402,4235.454723291918,129302.03587792811,3.476466386221129,10.535957023114223,30.528489696008563
CMP-0045,Google Ads,2024-12-11,81876,4669,648,4183.805269144801,145878.7774991076,5.70252577067761,6.456489612877779,34.867487398362165
CMP-0044,YouTube,2023-07-13,93848,2884,151,1615.2049661213705,57434.87962374667,3.0730543005711364,10.696721629942852,35.55888003592906
CMP-0039,Email,2023-06-17,47933,3345,115,2814.8298282759206,26626.287803747095,6.978490810089083,24.476781115442787,9.45928863488549
CMP-0038,Email,2023-03-18,38876,2001,120,834.7205120251028,48765.46859936361,5.1471344788558495,6.956004266875857,58.42131335799385
CMP-0041,Google Ads,2024-06-11,22641,352,14,659.2386754292595,5203.5466261627735,1.5547016474537343,47.08847681637568,7.89326661208782
CMP-0026,Google Ads,2023-11-07,2427,190,27,4521.126774760359,1767.0992594015606,7.828594973217965,167.4491398059392,0.39085372904528326
CMP-0018,Organic,2023-04-12,97383,6611,565,4065.470408607927,140407.2369624552,6.7886592115667,7.195522847093676,34.536529073036
CMP-0023,Email,2023-08-18,5087,88,9,3392.190363694496,2692.467784671231,1.7298997444466286,376.91004041049956,0.7937254387276825
CMP-0034,Instagram,2023-02-24,15576,1219,99,1920.5190607715067,21019.572761866468,7.826142783769903,19.39918243203542,10.94473530162337
CMP-0038,Email,2023-03-14,92597,3420,417,1321.0810924463403,101338.13839091262,3.6934241930084126,3.168060173732231,76.70849198458933
CMP-0034,Google Ads,2023-10-15,85105,4739,247,3397.6727942559473,33128.14617305323,5.56841548675166,13.755760300631366,9.75024617704776
CMP-0038,LinkedIn,2024-12-13,20809,475,45,1560.1975636741524,8335.810891313118,2.282666154067951,34.67105697053672,5.342791890844187
CMP-0037,LinkedIn,2023-10-05,15955,1175,33,284.88405135140346,12414.644300286174,7.3644625509244745,8.63285004095162,43.57788455125821
CMP-0042,Instagram,2023-08-05,49848,1048,46,248.33960600154293,21353.75547092346,2.1023912694591558,5.398687086990064,85.98610513536367
CMP-0016,Organic,2024-04-11,59025,894,72,4711.797663490929,34846.101222051984,1.5146124523506987,65.4416342151518,7.395500339934975
CMP-0007,Organic,2023-11-22,49204,2229,99,4854.660127622321,46120.34073277614,4.530119502479473,49.03697098608405,9.500220307979545
CMP-0038,LinkedIn,2023-09-26,2473,155,22,510.24160790213165,5029.651096916943,6.267691063485644,23.192800359187803,9.857391124170473
CMP-0015,Facebook,2023-07-14,16812,621,19,590.6995313062737,6749.409483953357,3.6937901498929335,31.08944901611967,11.426129743200752
CMP-0020,Facebook,2023-10-07,32155,1882,211,3190.99861454823,41482.235609529234,5.8529000155496815,15.123216182693033,12.999766098426257
CMP-0005,Google Ads,2024-10-03,67653,2460,101,2600.7459563221173,30173.271039427178,3.6362023857035166,25.74995996358532,11.601775623674197
CMP-0033,Facebook,2024-10-14,34837,2405,136,2406.937888907325,31971.624529837423,6.903579527513851,17.69807271255386,13.283111573914168
CMP-0048,Instagram,2024-10-21,36064,2145,287,1806.0317408757091,56738.413564152856,5.9477595385980475,6.292793522215015,31.416066661509237
CMP-0007,YouTube,2023-10-14,39898,478,21,2330.2070600014144,5049.506994437444,1.1980550403529,110.96224095244831,2.1669778111625746
CMP-0035,LinkedIn,2024-12-06,48879,1155,139,572.2037141318049,36577.47351612284,2.362977965997668,4.116573482962625,63.923865946276194
CMP-0017,Google Ads,2023-05-27,14117,202,16,3948.4870544977016,4998.147349416421,1.4308989162003258,246.78044090610635,1.2658386061372688
CMP-0011,Email,2023-09-26,85284,3896,295,514.9206247010176,30673.254994341845,4.568266028797899,1.7454936430542969,59.568899599140934
CMP-0042,Email,2023-09-03,78300,3317,200,1080.5091843228183,86429.50420084456,4.236270753512133,5.402545921614092,79.98960624755082
CMP-0004,Organic,2023-06-03,57767,1297,118,3577.5114912504596,36062.65135699851,2.2452265134073084,30.317893993647964,10.080373311224058
CMP-0042,Facebook,2023-01-09,88617,3657,342,,136440.87752046084,4.126747689495244,3.561714095961069,112.01065653269492
CMP-0048,Instagram,2024-06-14,54404,3828,399,2236.1932244600566,49411.77763002632,7.036247334754798,5.604494296892373,22.096381068302858
CMP-0029,Facebook,2024-06-22,52891,1825,268,4521.316045586856,31630.256464795966,3.4504925223573006,16.870582259652448,6.9958074476278815
CMP-0029,Instagram,2024-11-12,99348,5294,120,3811.408058018967,28293.162532162092,5.32874340701373,31.761733816824727,7.423283495619166
CMP-0015,Organic,2024-09-22,90291,4861,444,3792.1094275985,209558.4652692003,5.383703802150824,8.54078699909572,55.26171363728586
CMP-0019,Facebook,2024-12-07,8192,335,32,1269.0055806902858,1634.5603139700988,4.08935546875,39.65642439657143,1.2880639288291913
CMP-0023,Email,2024-02-04,31615,476,55,1019.4669059677125,5506.384199625775,1.505614423533133,18.53576192668568,5.401238791953652
CMP-0009,Google Ads,2023-09-02,20507,1634,115,1302.7321734930492,34094.75824898775,7.968010923099429,11.328105856461297,26.171732718912285
CMP-0041,Google Ads,2024-06-30,28174,1916,273,1875.9061107961395,73598.31402038992,6.800596294455881,6.871450955297214,39.23347421111316
CMP-0041,Instagram,2023-03-23,82144,3716,182,2769.659191717294,50771.16868720176,4.523763147643163,15.21790764679832,18.33119715199389
CMP-0046,Email,2023-02-10,65810,2653,278,4226.554214026807,53858.07339170439,4.031302233703085,15.20343242455686,12.742785414407745
CMP-0047,LinkedIn,2023-04-30,45996,2288,283,2991.4468727993253,47194.73785417231,4.9743455952691535,10.570483649467581,15.776558923143632
CMP-0041,LinkedIn,2024-07-29,86325,3075,211,1106.2052012925942,35988.55971040047,3.5621198957428324,5.242678679111821,32.53334884734591
CMP-0004,Email,2024-07-22,78548,806,18,4933.736278641268,2807.792936338943,1.0261241533839183,274.0964599245149,0.5691007337571352
CMP-0035,LinkedIn,2024-01-19,25485,1885,264,2298.6436604535893,84742.40821259122,7.396507749656661,8.706983562324202,36.86626582037039
CMP-0037,Email,2023-12-27,14025,882,115,1473.1210183245382,21358.624653622082,6.288770053475935,12.809747985430768,14.49889342962089
CMP-0020,Google Ads,2024-05-19,84346,5818,689,3170.125518616573,293310.9697000067,6.897778199321841,4.60105300234626,92.52345624093968
CMP-0050,Facebook,2023-07-02,83289,3325,248,2205.1216392483943,28664.924654922183,3.9921238098668494,8.891619513098364,12.999248723844772
CMP-0013,Instagram,2024-10-24,81634,3440,102,210.35052839931532,28399.708145941466,4.213930470147242,2.0622600823462287,135.01134683165316
CMP-0011,Instagram,2023-05-08,76052,1306,48,382.3433657680938,10222.578665534902,1.7172460947772576,7.965486786835288,26.73664454723479
CMP-0013,Email,2024-03-23,26879,875,27,3820.0501463637943,5913.971507369372,3.2553294393392616,141.4833387542146,1.5481397575366196
CMP-0008,LinkedIn,2023-11-23,83570,3270,316,4394.7238520574965,48438.42664280379,3.912887399784612,13.907353962207267,11.021950018571967
CMP-0042,Instagram,2024-03-04,78254,5132,400,1559.228078677465,72903.40487286619,6.558131213739873,3.8980701966936624,46.7560877525389
CMP-0021,Google Ads,2024-04-16,54139,2395,53,3773.3595791412286,16557.29155663098,4.423798001440736,71.19546375738167,4.387944273362684
CMP-0014,Organic,2024-11-26,44148,2791,385,894.3498120364593,189837.64320982463,6.32191718764157,2.322986524770024,212.26330084148958
CMP-0040,Instagram,2023-06-22,18920,1488,62,2585.4167811227203,6443.749631183123,7.864693446088795,41.700270663269684,2.4923446301701953
CMP-0026,Facebook,2023-02-02,43356,2944,264,3229.7678444545127,89931.99985831426,6.790294307592952,12.233969107782245,27.84472574792855
CMP-0042,Organic,2024-10-08,61770,4497,469,2990.20704135784,232944.92048107262,7.280233122875182,6.375707977308827,77.90260582601442
CMP-0028,YouTube,2023-04-15,63729,3117,382,4329.549503216615,128710.28654967628,4.891022925198889,11.333899223080145,29.72833234821583
CMP-0037,YouTube,2023-10-28,57067,3434,267,2001.3176287566773,89237.70681328872,6.017488215606217,7.495571643283435,44.589477217930586
CMP-0048,Facebook,2023-09-27,29485,1735,148,2502.183967060959,67342.25699499712,5.884347973545871,16.90664842608756,26.913391613685658
CMP-0034,Instagram,2023-06-18,16139,871,81,4143.106147305085,17221.781986515212,5.396864737592168,51.149458608704755,4.156732020423192
CMP-0002,YouTube,2024-01-01,2892,159,16,3402.1578649068783,6576.981312975705,5.4979253112033195,212.6348665566799,1.9331793450318702
CMP-0034,YouTube,2023-09-28,63913,2494,351,4647.926118745843,135651.46838284808,3.902179525292194,13.241954754261661,29.18537535176035
CMP-0030,Organic,2024-12-10,77872,1509,46,2247.5533686066988,14469.18534037815,1.9377953564824326,48.85985583927606,6.437749395622972
CMP-0041,YouTube,2023-01-01,62315,901,119,2337.771092021456,54086.18770436327,1.4458798042204928,19.64513522707106,23.135792845139207
CMP-0035,Instagram,2023-10-22,28604,2271,258,4613.850450941782,34125.765751157334,7.9394490281079575,17.883141282720086,7.396374484611126
CMP-0048,Google Ads,2024-12-03,16910,1249,94,3275.5668320554323,34629.92701375194,7.386162034299232,34.846455660164175,10.572193696326298
CMP-0009,Instagram,2023-10-07,5259,197,26,169.82226239934957,4262.85606105129,3.7459593078532043,6.531625476898061,25.101868275826348
CMP-0032,Email,2024-07-22,91861,6443,462,3902.5676603624156,78215.10892222205,7.013857893992009,8.447116147970597,20.041961018802304
CMP-0019,Facebook,2023-02-25,57232,2547,275,,66600.20101533007,4.450307520268381,13.364126143329894,18.121839508940088
CMP-0002,Organic,2024-11-12,33115,2430,135,1247.9105749979187,22977.69607000204,7.338064321304545,9.24378203702162,18.412934813089763
CMP-0022,Organic,2023-01-17,5242,166,16,4305.942808302067,3095.166575766095,3.166730255627623,269.12142551887916,0.7188127463742583
CMP-0030,Organic,2023-07-16,19069,280,26,3068.5552475143654,11491.230201347606,1.4683517751324138,118.02135567362944,3.744834058521806
CMP-0021,Facebook,2023-12-02,12557,695,24,730.6320443158405,2780.6575730888608,5.534761487616469,30.443001846493356,3.8058248262196765
CMP-0013,Facebook,2023-09-19,76416,2371,307,4433.104546872638,132559.87515511407,3.102753350083752,14.440079957239863,29.902266854642374
CMP-0020,Instagram,2024-09-18,88948,5335,299,3126.466541580882,48386.32225220128,5.997886405540315,10.456409838063152,15.47636016847792
CMP-0010,Email,2024-11-27,1083,12,0,2505.682146751384,0.0,1.10803324099723,0.0,0.0
CMP-0047,Instagram,2024-11-07,41619,457,30,3622.048392427999,9634.704941851514,1.098056176265648,120.73494641426663,2.6600155210496785
CMP-0031,YouTube,2024-08-31,78709,6192,162,177.3328482541092,49228.79237225732,7.866952953283614,1.0946472114451185,277.606731392003
CMP-0030,Email,2024-01-30,32051,589,80,1687.4871381973373,31790.585355321946,1.8376961717263112,21.093589227466715,18.83900898307428
CMP-0041,Google Ads,2023-05-17,41196,2547,95,4312.046690587966,42125.41600949579,6.1826390911739,45.38996516408385,9.769239303796086
CMP-0036,YouTube,2024-02-20,87296,3283,300,1457.3845919493913,63769.193423477314,3.760767961876833,4.857948639831304,43.75591300727279
CMP-0001,Google Ads,2023-08-08,37155,2432,330,1858.284279389587,110115.00983290744,6.545552415556452,5.631164482998749,59.25627798405432
CMP-0017,Facebook,2023-06-21,45683,480,36,2875.357425504562,1834.7048734699454,1.0507190858743953,79.87103959734894,0.6380788896698626
CMP-0042,Facebook,2024-01-13,70012,2764,356,1779.9877784393395,155802.44846217395,3.947894646632006,4.999965669773426,87.53006641359002
CMP-0025,Facebook,2023-10-09,97425,6842,822,4106.561800506789,188338.86034694355,7.022838080574802,4.995817275555704,45.862906610513136
CMP-0026,Organic,2024-05-21,19854,223,28,2552.697513449409,9861.507570003418,1.1231993552936435,91.1677683374789,3.863171221049908
CMP-0031,Instagram,2023-03-21,39374,1779,258,409.42681098733783,114311.79191420766,4.518209986285366,1.5869256239819296,279.19957571548224
CMP-0026,LinkedIn,2024-02-22,7718,378,17,1087.0672433877176,5643.033419851841,4.897641876133713,63.945131963983386,5.191061964360171
CMP-0015,Google Ads,2023-09-06,23776,575,40,2939.159462720304,12777.575476645916,2.4184051144010765,73.4789865680076,4.347357004175535
CMP-0005,LinkedIn,2024-11-07,73610,3635,241,3380.536659826293,109568.54819972617,4.938187746230132,14.027123069818643,32.41158408421351
CMP-0010,Google Ads,2023-04-14,99512,6339,285,1207.8777263849327,34539.77211227112,6.370086019776509,4.2381674609997635,28.59542100808953
CMP-0028,Facebook,2024-12-05,24261,934,57,2584.831633214232,23491.398788956478,3.8498000906805165,45.34792338972337,9.088173669456753
CMP-0020,Organic,2023-10-13,14264,789,45,668.488731154515,11133.8396296505,5.531407739764442,14.855305136766999,16.655239065020254
CMP-0011,Google Ads,2024-03-01,1294,87,11,2374.460131192796,2968.5166156231408,6.723338485316847,215.8600119266178,1.2501859166327312
CMP-0048,Organic,2024-08-09,42459,1049,65,2440.966760408185,5351.505168229058,2.4706187145246004,37.55333477551054,2.1923711764654117
CMP-0025,Google Ads,2024-11-24,6422,180,24,2707.5852696155425,2335.4887743947093,2.8028651510432887,112.8160529006476,0.8625725662654132
CMP-0029,LinkedIn,2023-02-11,94546,2329,258,381.49897436472475,125893.1068226523,2.463351172974002,1.4786781952121115,329.9959247132723
CMP-0001,Google Ads,2024-10-06,54065,1382,103,1155.1761020344372,21407.03774207989,2.5561823730694533,11.21530196149939,18.531406340885088
CMP-0020,Google Ads,2024-12-18,92436,6546,647,,36371.629176584516,7.081656497468519,5.630770753119871,9.983679433865907
CMP-0035,Organic,2023-07-12,91402,4183,417,1940.0419506585163,189631.36304138,4.576486291328417,4.652378778557593,97.74601161434302
CMP-0050,Email,2023-07-16,64147,3081,92,4008.8041755044615,43911.83803045617,4.803030539230205,43.57395842939632,10.953849604023219
CMP-0028,Organic,2024-02-09,14718,898,78,3620.680677920626,17824.997609580685,6.101372469085473,46.41898305026444,4.923106784389963
CMP-0044,LinkedIn,2024-01-30,80903,3718,105,2783.639125959479,7492.886931745939,4.595626861797461,26.510848818661703,2.691759453252854
CMP-0026,YouTube,2023-05-17,80264,5550,756,3676.7945489272593,252025.29423752287,6.914681550882089,4.863484853078385,68.5448400458094
CMP-0026,Google Ads,2024-06-03,57666,3313,278,3762.650837071997,60201.22089813232,5.745153123157493,13.534715241266177,15.999683070507663
CMP-0040,Instagram,2024-12-11,86863,1374,84,617.2036508438769,22405.968095412303,1.581801227219875,7.3476625100461535,36.30239073404306
CMP-0022,Email,2024-06-01,76129,2481,329,1862.2339045514373,82353.60120699683,3.258942058873754,5.660285424168502,44.22301677878302
CMP-0045,Facebook,2024-10-04,36725,991,63,2512.167406399929,26994.220339007625,2.698434309053778,39.875673117459186,10.745390721270361
CMP-0031,YouTube,2023-05-02,19568,1423,143,1229.083290856056,24932.13457409318,7.272076860179885,8.594988047944447,20.285146466134087
CMP-0003,Facebook,2023-12-05,98091,5389,621,2928.3895071960233,251826.82240510505,5.493878133569848,4.715603071169119,85.99498864009828
CMP-0041,Instagram,2024-07-27,93337,5565,206,3662.18186971156,25541.97319408763,5.962265768130537,17.77758189180369,6.974523413305894
CMP-0018,Instagram,2023-08-02,84236,3067,165,3063.382804154501,66333.56256049089,3.6409611092644476,18.56595638881516,21.653696844720347
CMP-0032,LinkedIn,2024-10-06,18342,667,29,478.1517224593559,2859.2189954730243,3.6364627630574637,16.487990429632962,5.979731665017823
CMP-0037,LinkedIn,2023-08-30,11768,658,64,2636.9307423249697,7813.675474560079,5.591434398368457,41.20204284882765,2.963170533508513
CMP-0019,Google Ads,2024-04-21,79618,2985,150,4265.123110062502,28224.527774590144,3.7491522017634207,28.434154067083345,6.617517723697438
CMP-0020,Google Ads,2023-09-16,90271,1838,196,392.4007774042955,51794.511144299686,2.0360913250102466,2.002044782674977,131.9939055343286
CMP-0032,Google Ads,2023-12-26,20353,1224,50,1208.9014834724242,10206.697568394651,6.013855451284822,24.178029669448485,8.442952306648793
CMP-0039,Facebook,2024-08-05,77934,1536,229,1727.6112276727902,88672.8982928456,1.9708984525367619,7.544153832632271,51.32688238678214
CMP-0008,Facebook,2024-12-13,84272,2090,160,3765.1767188626795,15152.563753818344,2.4800645528764003,23.53235449289175,4.0243964321534875
CMP-0008,Facebook,2024-12-20,88428,1255,49,3451.985403457867,7685.524957294991,1.4192337268738409,70.44868170322178,2.2264071422771288
CMP-0023,YouTube,2024-05-30,35658,2507,343,3819.738081757225,91407.51497930843,7.030680352235122,11.13626262902981,23.93030962407179
CMP-0035,LinkedIn,2023-01-29,43323,3275,321,2719.3978987882183,50643.702327647,7.559494956489625,8.471644544511584,18.62313063866607
CMP-0017,Facebook,2023-05-26,7688,483,44,1153.5798893715598,21325.765290589883,6.28251821019771,26.217724758444543,18.486595932430482
CMP-0003,Email,2023-01-20,83803,3699,176,2612.645049203747,45176.62062130346,4.413923129243583,14.844574143203108,17.291526315475533
CMP-0046,Instagram,2024-03-06,27034,2024,97,215.2690463369021,16567.279514927242,7.486868387955907,2.219268518937135,76.96080693830447
CMP-0034,YouTube,2024-08-05,36070,948,52,2141.739931363358,9215.097823127993,2.6282228999168282,41.18730637237228,4.302622222326488
CMP-0040,Google Ads,2023-02-22,34884,1544,171,2337.794227256518,10426.456115663173,4.426097924549937,13.671311270505953,4.4599545991261085
CMP-0038,YouTube,2024-05-28,2624,30,4,242.27194372371105,289.2627112095683,1.1432926829268293,60.56798593092776,1.1939587670103722
CMP-0035,Organic,2024-03-18,67056,3638,242,401.67278951376346,103167.7564584202,5.42531615366261,1.65980491534613,256.8452709562621
CMP-0021,LinkedIn,2024-05-05,39297,1483,160,1445.4759327302515,46006.48188572425,3.773824973916584,9.034224579564071,31.827912761457082
CMP-0049,YouTube,2023-07-21,66140,755,57,3202.8162625721616,7881.517076450864,1.1415179921378893,56.18975899249406,2.4608083731038843
CMP-0013,Organic,2023-10-05,58426,3630,163,3800.8290680875307,76568.53248832628,6.2129873686372505,23.317969742868286,20.145218613278338
CMP-0042,Instagram,2024-08-23,28919,1001,114,2911.36144648871,8919.191706703083,3.4613921643210346,25.538258302532544,3.0635810326677935
CMP-0033,Organic,2023-09-14,59627,2784,309,152.20971513665833,75019.45820460423,4.669025776913143,0.49258807487591694,492.8690533140383
CMP-0003,Organic,2024-12-18,85533,4031,320,3282.4082724272653,86874.24939720267,4.712800907252172,10.257525851335204,26.466619075682857
CMP-0031,Google Ads,2024-12-19,79845,5739,385,2772.7111148580993,34780.38219356037,7.187676122487319,7.201847051579478,12.543817495873654
CMP-0030,Instagram,2024-12-18,6140,122,11,2352.9543212455874,1859.6545991270768,1.986970684039088,213.9049382950534,0.7903487893222799
CMP-0011,Instagram,2024-04-02,86641,6528,199,2400.6139522435433,54338.977620261125,7.534539075033759,12.063386694691172,22.635450222838834
CMP-0047,YouTube,2024-03-12,53977,2342,298,3761.2277381398762,91690.26192808323,4.3388850806825126,12.62156959107341,24.377747988593974
CMP-0039,Facebook,2024-07-19,65954,5197,458,1564.230486498771,147855.30040937872,7.8797343603117325,3.4153504072025567,94.52270728997513
CMP-0039,Instagram,2023-01-17,35823,716,97,1409.786725937816,10241.689785443632,1.998715908773693,14.533883772554805,7.264708623661265
CMP-0010,Google Ads,2023-01-09,20239,1266,136,690.2461324117301,39244.708239913576,6.25524976530461,5.07533920890978,56.85610740445875
CMP-0021,Facebook,2024-08-27,70191,4343,305,4961.0500806301525,23324.033096834057,6.187402943397301,16.26573796927919,4.701430688615713
CMP-0022,LinkedIn,2023-10-11,10090,237,17,1284.2433656729286,6375.003066310571,2.3488602576808724,75.54372739252521,4.964014794010747
CMP-0011,LinkedIn,2024-10-28,70881,1902,104,2844.355688944621,40417.72383061619,2.683370719939053,27.349573932159817,14.209799424070242
CMP-0011,Instagram,2024-11-21,79946,6029,439,832.4643469648322,26640.352414260764,7.541340404773223,1.8962741388720552,32.001793844254806
CMP-0022,Email,2024-03-21,38969,2551,209,476.59412049153445,17137.52565286935,6.5462290538633265,2.2803546435001647,35.95832368891709
CMP-0008,Facebook,2023-10-13,33983,1447,178,1883.9564871790858,70406.52139763079,4.258011358620487,10.58402520887127,37.37162820732285
CMP-0030,LinkedIn,2023-03-18,15958,823,28,4894.65218150731,10131.441158767073,5.157287880686803,174.80900648240393,2.0699001242713617
CMP-0021,Instagram,2023-01-07,54056,1929,233,4630.964573365022,80901.6533123425,3.568521533224804,19.875384435043014,17.46971975938838
CMP-0001,Google Ads,2023-07-11,90330,2638,99,1706.7183235401465,35159.78040408594,2.9204029668991476,17.239579025658045,20.600810291387777
CMP-0033,YouTube,2024-06-09,95800,5378,598,3108.4251116920755,239488.58131219522,5.613778705636744,5.198035303832902,77.04498989259204
CMP-0001,Google Ads,2023-10-25,75883,4312,284,912.4366721725321,22687.845867406515,5.682432165307118,3.212805183706099,24.865118379543258
CMP-0016,Instagram,2023-05-05,23539,1137,125,1727.055699804015,51644.2304804906,4.830281660223458,13.81644559843212,29.903048573564334
CMP-0035,Organic,2023-06-27,29776,1768,178,4618.768211205281,49942.56505786379,5.9376679204728635,25.948136018007194,10.812961979062191
CMP-0019,Instagram,2023-07-12,55466,4183,355,4787.306921016995,97493.76709368681,7.541556989867666,13.485371608498578,20.365054654355784
CMP-0036,Email,2023-01-01,66744,4262,113,1707.7893462023158,8266.844107744124,6.385592712453554,15.11318005488775,4.8406696798568625
CMP-0026,LinkedIn,2024-05-06,82326,6095,438,1335.1819349058856,29899.071969163608,7.403493428564488,3.0483605819769077,22.393256819544323
CMP-0010,Facebook,2023-11-02,70835,3412,216,4824.113311879253,90256.31268378862,4.816827839344957,22.333857925366914,18.709409760656907
CMP-0013,Facebook,2024-08-11,44958,3366,289,2322.10492827737,22028.26601963265,7.486987855331644,8.034965149748686,9.48633532937467
CMP-0001,LinkedIn,2024-08-02,27722,1619,195,4348.331899162094,53871.567362293026,5.840126974965731,22.29913794442099,12.389019194388972
CMP-0021,Organic,2023-11-09,92731,1587,45,3864.246567859242,6671.46469288138,1.7114017965944508,85.8721459524276,1.7264593694333825
CMP-0041,Facebook,2023-06-19,73732,4053,84,4802.207597114525,40210.20602876781,5.4969348451147395,57.1691380608872,8.373275252183744
CMP-0015,Google Ads,2023-01-21,58065,1789,148,2072.6968648543134,31281.02246578348,3.081029880306553,14.004708546312928,15.091942770889545
CMP-0006,Facebook,2023-11-18,57426,3486,497,453.17092662940917,209866.95047140014,6.0704210636297145,0.9118127296366382,463.1077108859272
CMP-0005,Facebook,2024-07-17,37294,2059,243,2280.108496499253,119379.08064123538,5.52099533437014,9.383162537033963,52.356754437134526
CMP-0015,Facebook,2024-05-01,77518,2623,147,2410.548863996497,59141.35601590183,3.3837302303981014,16.398291591812903,24.534394178531688
CMP-0002,Organic,2024-03-26,9796,666,66,4172.433355880521,12953.164586134244,6.798693344222132,63.218687210310925,3.104462907209383
CMP-0040,YouTube,2023-03-02,17293,1285,173,2003.5325203950915,10934.648237964948,7.430752327531372,11.581112834653709,5.457684428206168
CMP-0003,Facebook,2023-03-04,54974,1320,111,4494.421895048153,23790.54114539137,2.401135082038782,40.49028734277615,5.29334844412431
CMP-0011,Facebook,2023-10-12,93194,4996,269,2705.6503677470405,116656.16011385227,5.360860141210807,10.05817980575108,43.1157556439897
CMP-0041,Facebook,2024-04-18,77290,1070,64,1925.9058769200608,5931.878816158522,1.3843964290335102,30.09227932687595,3.080046064164297
CMP-0037,Organic,2023-08-07,56252,1015,41,4076.068969836591,10086.562504822354,1.804380288700846,99.41631633747782,2.4745809208490215
CMP-0007,LinkedIn,2024-02-08,91402,1417,179,2841.9011442833544,69354.22661782522,1.5502943042821822,15.8765427054936,24.40416576675624
CMP-0016,Organic,2024-12-07,77729,1834,190,770.4911676762204,76283.67952274268,2.3594797308597824,4.055216671980107,99.0065593520197
CMP-0010,Instagram,2023-03-29,82439,1162,160,1732.74035345896,44197.66919733188,1.4095270442387704,10.8296272091185,25.507381477613116
CMP-0033,Google Ads,2024-06-10,41830,935,28,2931.9995009739296,13561.808921346856,2.2352378675591678,104.71426789192606,4.625447213357981
CMP-0006,YouTube,2023-10-09,83929,4736,575,1539.2191224980043,146131.6251841219,5.6428648023924985,2.6769028217356596,94.93880568931885
CMP-0031,YouTube,2024-11-22,98895,1613,189,2191.4894881207606,89854.20774431089,1.6310228019616766,11.595182476829422,41.00143223655724
CMP-0048,Email,2023-11-13,76203,3026,440,2266.6305110086514,114838.09611093948,3.9709722714328834,5.151432979565117,50.66467408480992
CMP-0048,Google Ads,2023-12-31,28840,844,17,2358.884953120378,5743.672795000557,2.926490984743412,138.75793841884578,2.4349100991138704
CMP-0009,Facebook,2024-01-02,49024,664,17,4689.901885125716,2389.9529902997792,1.3544386422976502,275.8765814779833,0.5095955200853237
CMP-0033,Email,2023-06-08,32401,867,66,3293.0480283896436,4730.446326862795,2.675843338168575,49.89466709681278,1.4364947872248506
CMP-0047,Email,2023-01-06,10295,299,43,4246.538296670464,3072.2567517110892,2.904322486644002,98.75670457373171,0.7234732238538669
CMP-0046,Organic,2023-07-22,13516,446,36,1451.9502646815029,15235.92497743028,3.2997928381177863,40.33195179670841,10.493420710090511
CMP-0005,Facebook,2023-09-21,75282,818,57,3005.537885158037,19759.834374403843,1.0865811216492656,52.72873482733399,6.574475228537946
CMP-0014,Email,2024-04-27,2759,204,9,4543.043724166484,3136.0154906651906,7.3939833272924975,504.78263601849824,0.6902895241759
CMP-0004,Google Ads,2024-04-01,11052,631,85,882.9261756443173,4486.356327042291,5.709373868982989,10.387366772286086,5.08123606570885
CMP-0026,Email,2023-07-30,43365,2842,217,2134.497297068125,97738.6426924936,6.553672316384181,9.83639307404666,45.790005368825796
CMP-0008,Instagram,2023-02-01,45762,3419,189,3344.61202690293,66582.82798798656,7.471264367816093,17.696359930703334,19.907489255081536
CMP-0010,LinkedIn,2024-07-03,81580,6424,271,,132758.3449071303,7.874479038980143,14.716128018789394,33.288864497084326
CMP-0017,Email,2023-03-24,47168,3411,195,1093.0312632530295,44224.35011660234,7.231597693351424,5.605288529502715,40.460279228412794
CMP-0039,Facebook,2024-08-29,42279,2117,241,710.151486154922,112581.40801757044,5.007213983301403,2.946686664543245,158.53153899196434
CMP-0013,Facebook,2024-05-09,75558,2193,194,1215.3093841999257,96317.79380084036,2.902406098626221,6.264481361855287,79.25372341648561
CMP-0011,YouTube,2024-08-19,29497,2274,87,467.22323827047853,37125.95647273007,7.709258568668,5.37038204908596,79.46085175506106
CMP-0029,Instagram,2023-12-30,81897,4762,671,2090.3144244373734,54188.7242973446,5.814620804180861,3.1152226891764134,25.923719256699847
CMP-0044,Email,2023-08-23,1997,72,10,3294.166511689603,1283.7537169625978,3.6054081121682526,329.4166511689603,0.3897051689424621
CMP-0023,Instagram,2023-01-17,81622,6061,528,2691.41714454579,163268.8259033072,7.425694053073927,5.097380955579148,60.66277248555643
CMP-0046,YouTube,2024-10-28,46418,1342,124,4290.905505861972,53866.100272653675,2.891119824206127,34.6040766601772,12.553550806249428
CMP-0028,Facebook,2024-08-28,87537,951,21,2201.3240319214256,2779.0830293799604,1.086397751807807,104.82495390102027,1.2624597692481638
CMP-0020,Facebook,2023-02-06,79426,1327,182,3929.148728251622,44424.62221909033,1.670737541862866,21.588729276107813,11.306424187933
CMP-0018,Organic,2024-05-17,53211,1620,218,581.6010286767262,68198.8390337467,3.0444832835316005,2.6678946269574597,117.26051996316869
CMP-0027,Facebook,2023-08-28,98333,6201,632,2000.4337081575768,59502.21262518954,6.306123071603633,3.16524320911009,29.744656062605436
CMP-0001,YouTube,2023-04-02,60059,1072,75,4487.746243498188,23229.81452215624,1.78491150368804,59.83661657997584,5.176276300339266
CMP-0005,Facebook,2023-01-26,75448,3467,195,2208.8382985276758,48041.17093275245,4.5952178984201035,11.327375889885516,21.74951917701481
CMP-0021,Google Ads,2023-10-13,53146,2968,216,1458.471825217558,85330.36896129293,5.5846159635720465,6.7521843760072136,58.50669686304316
CMP-0017,Organic,2024-11-18,57462,3383,349,3500.6768227851007,92039.7629915895,5.887369043889875,10.030592615430088,26.29199084946198
CMP-0041,Organic,2024-08-14,95379,5562,697,1992.6057019011535,80080.81166965995,5.831472336677885,2.8588317100446963,40.188990522939136
CMP-0034,Instagram,2023-05-15,50747,2609,140,757.6665716110414,39818.11897537404,5.141190612252941,5.41190408293601,52.5536172075112
CMP-0030,LinkedIn,2024-07-17,14121,1035,125,4989.803428772119,62116.64287821061,7.32950924155513,39.918427430176955,12.448715418333853
CMP-0036,Instagram,2024-03-30,55355,3254,193,433.0571708892504,16837.04380065377,5.878421100171619,2.243819538286272,38.879494284969724
CMP-0005,Google Ads,2023-05-01,2105,60,6,3681.296977129693,1823.5866125206057,2.8503562945368173,613.5494961882822,0.4953652541073869
CMP-0009,LinkedIn,2023-08-10,34451,1804,57,358.8225105657107,16626.190698629212,5.236422745348466,6.295131764310714,46.33541711866619
CMP-0037,LinkedIn,2024-06-30,56708,1047,105,1772.9232721013243,25052.737865500316,1.8463003456302463,16.884983543822138,14.130751318869555
CMP-0050,LinkedIn,2023-09-27,60410,3836,419,4046.8804840412417,37623.371570530515,6.349942062572422,9.658425976232081,9.296882306976253
CMP-0022,YouTube,2023-05-04,27458,682,94,3689.831459941289,34626.636744044416,2.483793429965766,39.25352616958818,9.384341024778237
CMP-0026,LinkedIn,2024-07-17,52908,1840,172,3511.154188382579,47717.1759642223,3.4777349361155214,20.41368714175918,13.590168190877234
CMP-0034,Instagram,2023-01-20,24113,538,11,3722.9867348428184,4975.226080510744,2.231161614067101,338.4533395311653,1.33635342665834
CMP-0024,YouTube,2024-11-19,41162,1399,40,2414.4767055658567,19438.703777576226,3.398765851999417,60.36191763914642,8.05089721212306
CMP-0008,Email,2023-01-01,75450,1288,29,4721.435247765037,3218.316119755096,1.7070907886017233,162.80811199189785,0.6816393640638267
CMP-0040,LinkedIn,2023-02-19,77750,3354,239,2189.9094991616116,56977.87459420579,4.313826366559486,9.162801251722223,26.018369533544323
CMP-0006,Facebook,2024-10-13,36609,2204,107,3183.2683826765456,21444.75211508228,6.020377502799858,29.75017180071538,6.736708796463832
CMP-0006,Instagram,2023-01-30,4527,281,20,3964.313325878971,2394.710965869035,6.207201237022311,198.21566629394857,0.6040670272544811
CMP-0043,Email,2023-02-05,15363,1062,126,3491.4068285730577,48081.303464512996,6.912712360867018,27.709578004548078,13.771326524031542
CMP-0028,Facebook,2024-04-05,16310,444,53,3372.7840997855633,22007.534371408732,2.722256284488044,63.63743584501063,6.525035021603648
CMP-0011,Email,2024-04-30,67216,1774,58,1689.2576366882727,10018.870287729067,2.639252558914544,29.125131667039184,5.930930883562968
CMP-0020,Google Ads,2023-06-14,91520,1350,62,843.5169376155598,16278.694388988632,1.4750874125874125,13.605111897025157,19.298598123002705
CMP-0031,YouTube,2024-12-13,14179,450,39,4093.855949112645,17237.749988198186,3.1737075957401792,104.97066536186269,4.210639114435504
CMP-0034,Facebook,2023-07-10,59574,1673,158,1165.9618031635196,32107.460724514698,2.8082720649947968,7.379505083313415,27.537317806981203
CMP-0011,Facebook,2023-10-21,19583,283,6,3127.780620817291,763.8598956593212,1.4451309809528672,521.2967701362152,0.2442178618843556
CMP-0012,Facebook,2023-06-19,28825,1020,52,2468.663542366271,13978.774148173632,3.5385949696444063,47.47429889165906,5.662486567438289
CMP-0010,Organic,2023-07-30,1655,128,9,230.00576640853473,3879.739433630275,7.734138972809667,25.55619626761497,16.868009416507878
CMP-0003,Email,2024-10-13,95927,4309,210,104.12763030688707,43981.525781622106,4.491957425959323,0.49584585860422414,422.38093435910196
CMP-0030,Organic,2023-02-27,1449,18,0,4412.290016394703,0.0,1.2422360248447204,0.0,0.0
CMP-0045,Google Ads,2024-12-26,21875,1035,120,3746.011278764423,41751.65074403382,4.731428571428571,31.21676065637019,11.145628679955577
CMP-0012,LinkedIn,2024-07-16,45369,1187,169,1358.6913940400027,8647.267613065975,2.61632392162049,8.039594047573981,6.364408909188528
CMP-0049,YouTube,2023-05-18,55552,1045,52,4998.180017450391,5415.681139970482,1.8811203917050692,96.11884648943058,1.0835306293615774
CMP-0049,Google Ads,2023-08-29,94588,1284,110,1345.1546988369732,23398.51740545207,1.3574660633484164,12.22867908033612,17.39466652101987
CMP-0013,Instagram,2023-05-12,40903,1170,59,4166.515351273119,5546.079888267535,2.8604258856318605,70.61890425886644,1.3311075132779426
CMP-0013,LinkedIn,2023-09-16,12927,764,109,4251.609258189221,11443.127618676028,5.910110621180475,39.00558952467175,2.691481489423068
CMP-0046,Facebook,2024-03-01,48460,3114,406,267.02282891271113,136451.65473715393,6.425918283120099,0.6576916968293378,511.0111944089976
CMP-0047,YouTube,2023-06-01,10251,268,11,4579.421003711273,4124.640646547831,2.6143790849673203,416.3110003373885,0.9006904242272381
CMP-0049,Facebook,2023-07-20,92098,6763,663,1809.2493134837648,143243.11525822786,7.343264783165758,2.728882825767368,79.17267907229926
CMP-0038,Email,2023-07-11,5738,294,43,2510.81622561633,2391.2748440811483,5.12373649355176,58.39107501433325,0.9523894340352058
CMP-0031,Google Ads,2023-01-19,54560,796,22,4620.303339440786,8470.600722302643,1.4589442815249267,210.01378815639936,1.8333429863780057
CMP-0025,LinkedIn,2023-05-27,5010,60,2,4934.56163197923,395.93369999724325,1.1976047904191618,2467.280815989615,0.0802368537523841
CMP-0040,Instagram,2023-07-12,35023,2201,323,3761.0549512683183,32445.164938993963,6.2844416526282725,11.644132976062904,8.626612841179753
CMP-0050,Email,2024-05-08,21022,372,55,3776.1625761692153,9165.607996005527,1.7695747312339454,68.65750138489483,2.4272281214395477
CMP-0041,Facebook,2023-09-29,2339,180,8,1215.1790355599492,1692.152623324944,7.695596408721676,151.89737944499365,1.3925130156193055
CMP-0009,Facebook,2024-03-25,46057,1845,111,1411.3585203110497,11798.542492432392,4.005905725514037,12.71494162442387,8.35970614315072
CMP-0037,Facebook,2023-10-30,93229,1862,50,2046.0749882325654,10372.579428947673,1.9972326207510538,40.92149976465131,5.0695011124238825
CMP-0047,LinkedIn,2023-06-11,90963,5344,751,1065.9222945846504,348248.54907559615,5.874916174708398,1.419337276410986,326.71100965319
CMP-0043,Email,2023-02-10,69994,1066,56,3156.7544304630624,7346.794067332035,1.5229876846586852,56.370614829697544,2.3273251781749584
CMP-0031,Instagram,2023-06-06,28174,795,61,2817.801635749414,22008.3110992853,2.821750550152623,46.19346943851498,7.810454369841416
CMP-0011,LinkedIn,2024-05-06,59009,3468,283,3215.416119415735,64208.79510933711,5.877069599552611,11.36189441489659,19.969046843306963
CMP-0022,Email,2024-06-04,26806,2100,252,3504.2021114099193,21386.75693809288,7.8340669999253905,13.905563934166347,6.103174491122002
CMP-0034,LinkedIn,2023-05-05,8236,172,8,1111.14994377918,3925.25729037507,2.0883924235065567,138.8937429723975,3.532608098799617
CMP-0019,Facebook,2024-12-05,95827,5983,421,133.12322244284047,204409.62249956248,6.243543051540797,0.31620717919914604,1535.4918454391418
CMP-0026,Instagram,2023-09-13,10348,627,51,4341.0434489373465,10390.392859028521,6.059141863161964,85.1184989987715,2.3935242715831393
CMP-0044,Email,2023-07-23,94467,4514,166,2625.0566353585696,32511.469507579568,4.778388220225052,15.813594188907045,12.385054504981628
CMP-0017,LinkedIn,2024-09-08,55634,2180,194,799.1677201687371,86551.6153983116,3.918467124420318,4.119421237983181,108.30219140987951
CMP-0031,Google Ads,2023-07-25,55603,3481,398,1081.1621736309014,99183.68114900636,6.260453572648958,2.7164878734444757,91.73802373784002
CMP-0009,Email,2024-07-06,94310,6996,345,4422.177535018274,94029.94869744404,7.41808928003393,12.817905898603694,21.263268593999463
CMP-0019,Organic,2023-02-19,23027,1818,126,3992.264807548987,13784.338514817524,7.895079689060667,31.684641329753866,3.4527615725171015
CMP-0018,YouTube,2023-10-24,51463,1021,132,623.7622155459732,12209.08447067395,1.983949633717428,4.725471329893736,19.573299193808097
CMP-0028,YouTube,2024-01-04,99927,7109,673,620.1541417533563,199001.8975689433,7.114193361153642,0.9214771794254922,320.89102397398653
CMP-0028,Instagram,2024-08-06,45782,2048,260,1405.8564762664632,16677.525030511482,4.473373815036477,5.407140293332551,11.8628930563396
CMP-0045,Instagram,2024-07-08,8920,430,56,376.17434449987195,14421.767251009493,4.820627802690583,6.717399008926285,38.33798732389205
CMP-0041,Facebook,2024-02-04,82851,5713,419,4848.472580763896,64909.14038685224,6.895511218935196,11.571533605641756,13.387544078185867
CMP-0048,LinkedIn,2024-08-22,86262,3948,545,3636.5587762517875,45546.920628262975,4.576754538498991,6.672584910553739,12.524731052252736
CMP-0009,YouTube,2023-03-05,60496,3432,468,2023.101155594452,108010.51844435658,5.673102353874636,4.322865717082162,53.38859015807325
CMP-0035,Email,2023-10-29,83176,5483,133,1393.0016622670769,43771.27321055756,6.592045782437242,10.473696708775014,31.422269187619534
CMP-0023,LinkedIn,2023-04-20,89435,6578,165,567.4751533495564,72273.9451890787,7.355062335774584,3.4392433536336755,127.36054567759905
CMP-0045,Facebook,2024-12-24,29516,900,46,2202.7269941326153,17996.195437444847,3.049193657677192,47.88536943766555,8.169961817956176
CMP-0008,Google Ads,2024-04-30,64645,3878,485,4327.566309087183,50298.5707283866,5.998917162966974,8.922817132138523,11.622830740402016
CMP-0022,LinkedIn,2024-08-07,95194,5471,192,3089.6158121044805,12359.47898101971,5.7472109586738656,16.091749021377503,4.00032875692758
CMP-0005,Organic,2024-07-23,78350,1909,72,1449.9717268076147,24758.886509897307,2.4365028717294193,20.138496205661315,17.075427094298348
CMP-0035,Facebook,2024-03-10,20630,381,45,584.6525491297298,11208.477884476668,1.8468250121182743,12.992278869549551,19.171177652711467
CMP-0028,Organic,2023-05-04,75793,4181,103,4472.249346015713,29159.43339211605,5.516340559154539,43.41989656325935,6.520082208317372
CMP-0031,Google Ads,2023-04-02,74540,746,61,4521.961467550835,21304.413870622746,1.0008049369466059,74.13051586148909,4.711321408530611
CMP-0041,Facebook,2024-03-06,37570,1968,294,3953.5976962114833,21301.305693274146,5.23822198562683,13.447611211603684,5.3878283351100755
CMP-0016,YouTube,2023-12-22,98190,4354,97,2318.9192830441225,19140.678650793558,4.434260107953967,23.906384361279613,8.254137516018648
CMP-0015,Google Ads,2023-01-02,31141,1207,53,4437.610590353151,4868.397015465231,3.8759192061911945,83.72850170477643,1.0970762117001793
CMP-0017,Organic,2024-03-18,42762,1411,158,,42587.06199457657,3.2996585753706564,4.625055878625879,58.27786174431322
CMP-0023,Organic,2023-06-10,6970,449,44,475.9575951061756,21723.501477475376,6.441893830703013,10.8172180705949,45.641674176098284
CMP-0011,YouTube,2024-09-13,53049,785,67,1028.7514642658161,5430.561806540916,1.4797639917811836,15.354499466653973,5.278788896224335
CMP-0029,Email,2023-06-26,84248,1515,127,1064.9003861026558,17649.77663740287,1.7982622732883868,8.385042410257132,16.57411046867762
CMP-0036,Google Ads,2024-04-17,63443,1858,208,3892.759284777711,57187.744810347445,2.9286130857620227,18.71518886912361,14.6907991547217
CMP-0021,Facebook,2023-12-30,63099,3647,222,4654.720106363454,45057.8102956341,5.7798063360750564,20.967207686321863,9.680025708535236
CMP-0050,YouTube,2024-11-16,22689,1326,49,2197.267370211015,15112.558644895544,5.844241703027899,44.842191228796224,6.877887893745132
CMP-0039,Instagram,2024-06-06,50647,2009,40,2812.5151273724027,2890.6272157783724,3.966671273718088,70.31287818431007,1.0277730376081375
CMP-0011,LinkedIn,2023-03-17,20207,1432,50,819.7930173910783,23952.56847826533,7.08665314000099,16.395860347821564,29.21782446317041
CMP-0049,YouTube,2024-10-21,65831,3523,304,3480.427914438325,48982.700563854894,5.351582081390227,11.448776034336595,14.073758103322124
CMP-0025,Email,2023-05-10,79172,6149,226,4112.584332713934,47872.63062228705,7.766634668822311,18.19727580846873,11.640522539922104
CMP-0005,Facebook,2023-08-23,25545,1076,89,144.50879888274014,23451.72266460095,4.212174593853983,1.6236943694689903,162.28577668568514
CMP-0036,Instagram,2023-04-08,74614,4339,505,4806.397908143962,63149.182901682354,5.815262551263838,9.517619620087054,13.138567407139213
CMP-0025,LinkedIn,2023-07-22,52149,2924,268,4412.042127246446,18060.61514650914,5.607010680933479,16.462843758382263,4.093482026152085
CMP-0008,Email,2023-09-28,17265,705,41,3160.7924674477986,2334.207814819364,4.083405734144222,77.09249920604387,0.7384881604403893
CMP-0037,Email,2023-08-24,93009,4278,150,464.3164561279444,9739.118907608005,4.599554881785633,3.0954430408529627,20.975174967575022
CMP-0019,Google Ads,2023-07-18,16946,494,44,2500.3946912522815,18362.114183025667,2.91514221645226,56.82715207391549,7.343686277716941
CMP-0020,Instagram,2024-05-07,19321,742,33,1591.5245240076295,15374.604896773038,3.840380932663941,48.228015879019075,9.660300337727838
CMP-0004,Email,2023-04-15,75746,1089,81,2388.214569525318,8899.314352078323,1.4376996805111821,29.48413048796689,3.726346227695593
CMP-0032,LinkedIn,2023-11-20,41612,1136,162,1723.8077998949161,73339.76838266589,2.7299817360376815,10.640788888240223,42.545212051562075
CMP-0044,Organic,2023-08-12,14507,261,25,3673.4093752893195,4286.266545436128,1.7991314537809333,146.93637501157278,1.1668360663174218
CMP-0019,Facebook,2023-08-14,99776,2568,123,1446.0213224368042,7183.981191007123,2.573765234124439,11.756270914120359,4.968101838844833
CMP-0031,Instagram,2024-05-01,84013,2983,208,4019.329475502419,60519.049679382166,3.5506409722304877,19.323699401453936,15.057001434752308
CMP-0050,Email,2024-11-11,90636,6708,836,,234449.9234781292,7.401032702237521,3.6360338322444115,77.12868062770765
CMP-0042,Organic,2024-08-15,69199,3938,524,2867.306073662959,122037.67363181112,5.690833682567667,5.471958155845342,42.56178813722144
CMP-0048,Instagram,2023-11-23,6456,343,34,449.73269129394663,12710.265546717643,5.3128872366790585,13.227432096880783,28.26182261767174
CMP-0024,YouTube,2023-08-17,19942,1202,67,1594.3736804955179,5201.134096805349,6.027479691104203,23.796622096948028,3.2621801027152433
CMP-0002,Email,2024-01-14,82164,4928,248,1935.0833559571815,13763.101356731262,5.997760576408159,7.8027554675692805,7.112407491057871
CMP-0010,Organic,2024-05-01,57618,1221,75,2946.1867652945884,15309.857015190326,2.1191294387170676,39.28249020392784,5.196499147826257
CMP-0027,Google Ads,2024-12-02,25505,1445,89,1911.7519468441021,10626.939189717232,5.665555773377769,21.480358953304517,5.558743751907803
CMP-0016,Email,2023-01-03,57654,2210,182,4758.419169965687,50494.52942001753,3.833211919381136,26.14516027453674,10.61161861038435
CMP-0004,Organic,2024-01-18,3441,118,11,1360.1611040692428,4393.227973055674,3.4292356873002037,123.65100946084026,3.2299320719525766
CMP-0027,Facebook,2023-09-22,30007,1337,192,1155.8714270971186,47144.38247226688,4.4556270203619155,6.0201636827974925,40.78687418605574
CMP-0029,Instagram,2024-12-07,93551,4222,222,1713.4871683473118,23211.29555827305,4.513046359739607,7.718410668231134,13.546232494206974
CMP-0045,Facebook,2024-07-02,21411,1025,81,2413.5507577907183,34513.86192508764,4.787258885619542,29.79692293568788,14.300035668891608
CMP-0010,Email,2024-05-27,95691,6358,713,2999.994794393657,74597.14941996761,6.644303017002644,4.2075663315479055,24.865759620441207
CMP-0009,Instagram,2024-08-05,35867,1242,41,4038.757012164721,12133.822170646059,3.462793096718432,98.50626858938344,3.0043456771722172
CMP-0039,LinkedIn,2024-07-05,92055,1411,64,1829.9891322142012,13571.623163760229,1.5327793167128347,28.593580190846893,7.416231563812185
CMP-0024,Instagram,2023-12-27,86127,5968,445,3571.5978125702723,87547.55688166624,6.929302077165117,8.026062500157915,24.512154356669665
CMP-0023,Instagram,2023-01-19,92019,2939,151,3606.04121130544,13342.299757700695,3.193905606450842,23.881067624539337,3.699985378944293
CMP-0020,YouTube,2023-04-22,57694,1884,244,3861.6611712350095,61948.67651926753,3.2655042118764515,15.826480209979547,16.04197617872713
CMP-0050,Instagram,2024-07-14,5743,124,3,1047.3215426407728,1020.6213058123592,2.1591502698937837,349.1071808802576,0.9745061705108345
CMP-0049,LinkedIn,2024-10-23,16028,416,39,1920.8223788620799,11454.725606387645,2.5954579485899676,49.25185586825846,5.96344864181225
CMP-0039,YouTube,2023-01-29,51709,563,60,2982.3738037596418,29674.821062574134,1.0887853178363536,49.706230062660694,9.950067635775717
CMP-0018,Email,2023-02-23,72877,4454,131,2043.9876158508773,12024.243153884947,6.111667604319607,15.602958899625017,5.8827377723027245
CMP-0025,Google Ads,2024-02-14,27255,500,42,4709.010303451509,18159.331229655672,1.83452577508714,112.11929293932164,3.856294647804367
CMP-0030,YouTube,2024-11-03,89826,3389,443,4510.056826435478,204474.92054793183,3.7728497317035155,10.180715183827264,45.33754859792721
CMP-0039,Organic,2023-07-03,59207,2431,206,1207.2812333715651,18175.71234324942,4.105933420034793,5.860588511512452,15.055077343072952
CMP-0018,Organic,2023-09-25,46813,1606,159,2395.4781963734204,71839.79971981603,3.430670967466302,15.06590060612214,29.98975312260252
CMP-0039,Organic,2023-08-21,8093,164,7,1706.0125109277903,1276.4526180809228,2.0264426047201285,243.71607298968433,0.7482082399189103
CMP-0040,Facebook,2023-07-17,83466,6406,583,2837.3938748063474,284076.1942825041,7.674981429564134,4.866884862446565,100.11870287197696
CMP-0006,Email,2023-05-18,78600,3330,159,4560.106119991543,46905.42411701591,4.236641221374046,28.679912704349327,10.286037842712068
CMP-0001,Instagram,2024-09-07,5550,274,31,560.5935532541571,8840.607028293469,4.936936936936937,18.083663008198616,15.770083292922546
CMP-0004,Instagram,2024-02-12,81124,5033,433,3677.973398662873,124444.96787364938,6.20408263892313,8.49416489298585,33.83520063491795
CMP-0035,Organic,2023-10-31,12484,385,36,198.4185585076304,14863.456357068251,3.0839474527395065,5.511626625211956,74.90960759346844
CMP-0003,YouTube,2024-06-02,93084,6075,620,841.3778137076409,82101.0071737612,6.526363284775042,1.3570609898510337,97.57923947622581
CMP-0045,Email,2023-10-29,2079,23,0,2105.8018585528016,0.0,1.1063011063011063,0.0,0.0
CMP-0001,Email,2023-09-22,20844,1513,39,3155.5241699180237,15104.296935744267,7.258683554020341,80.9108761517442,4.786620581054417
CMP-0013,YouTube,2023-09-29,62053,941,70,4064.5517770648785,17323.30540354329,1.5164456190675712,58.06502538664112,4.262045694999834
CMP-0032,YouTube,2023-10-01,3278,108,12,3907.6877036435335,2093.5560367897233,3.294691885295912,325.64064197029444,0.535753160324887
CMP-0032,Email,2024-05-11,23290,769,87,1030.3369823069324,7390.8480305755975,3.3018462859596394,11.842953819619913,7.173233764770272
CMP-0037,LinkedIn,2024-06-12,48060,2639,128,3538.637812999134,43827.89032285152,5.491052850603412,27.645607914055734,12.38552591108658
CMP-0010,LinkedIn,2024-06-06,93566,3118,306,1068.8865420285065,41421.13575162555,3.3324070709445737,3.493093274602962,38.75166738746429
CMP-0028,Facebook,2023-10-30,30317,1108,100,1534.4366797931968,15613.475869883667,3.6547151763037236,15.344366797931968,10.175379717844054
CMP-0021,YouTube,2024-06-15,89375,3448,428,4393.096172711116,112980.8461832383,3.857902097902098,10.26424339418485,25.71781762599436
CMP-0013,Google Ads,2024-12-01,56110,3738,242,357.33830281300595,87168.85693824934,6.661914097308857,1.476604557078537,243.93930416092155
CMP-0019,Google Ads,2024-08-14,66840,1063,84,2240.6799965987184,37843.63570845087,1.5903650508677438,26.674761864270458,16.8893531275757
CMP-0008,Organic,2024-10-16,94089,4979,195,3654.9556778622064,84148.26304202674,5.291798191074408,18.743362450575418,23.02305977380423
CMP-0029,Google Ads,2023-10-04,47263,1127,83,1900.3930468923804,21838.524203170688,2.384529124262108,22.896301769787716,11.491582880121644
CMP-0031,Facebook,2024-03-26,2196,27,2,499.31355946469625,810.6275767145446,1.2295081967213115,249.65677973234813,1.623484003886459
CMP-0003,Facebook,2024-09-27,67689,2347,151,1589.6355456320691,55149.53263407551,3.467328517188908,10.527387719417677,34.69319290551409
CMP-0013,Email,2024-01-04,47515,3050,426,1453.775142780006,156271.85886022676,6.419025570872357,3.412617706056352,107.49383055304774
CMP-0018,Organic,2024-08-26,26284,442,55,3590.9765103825303,6068.925648953805,1.681631410744179,65.2904820069551,1.6900488297282985
CMP-0047,Email,2024-10-29,35168,1938,289,1831.4554371841623,44202.19865180644,5.510691537761601,6.337216045619939,24.135011835050005
CMP-0016,Instagram,2023-07-26,4373,66,7,1947.657238057039,2794.3799965500284,1.5092613766293161,278.2367482938627,1.4347391019056672
CMP-0015,LinkedIn,2023-05-24,59138,2642,54,3075.1272406863895,12915.243057160507,4.467516655957252,56.94680075345166,4.199905254742479
CMP-0010,Email,2024-03-16,34606,2297,112,3554.0772866117613,18190.056089934857,6.637577298734324,31.73283291617644,5.118081184800609
CMP-0032,LinkedIn,2023-11-29,73789,1053,89,929.4823728916757,38263.812907452644,1.4270419710254916,10.443622167322198,41.16679780425702
CMP-0004,LinkedIn,2023-07-22,52293,825,122,2946.472812072953,32972.76964326963,1.5776490161207044,24.151416492401253,11.190590155173387
CMP-0047,Organic,2024-05-05,94444,3915,473,4591.917230508592,45987.585850241536,4.1453136250052935,9.708070254775036,10.014898688656903
CMP-0042,Organic,2024-09-17,34666,1839,249,1713.7473441613636,98976.23901418908,5.304909709802112,6.882519454463307,57.754277111731376
CMP-0014,YouTube,2023-06-28,1372,97,8,2494.9660796960384,2472.710529613191,7.069970845481049,311.8707599620048,0.9910798185739026
CMP-0046,Organic,2023-12-18,56781,1016,40,1954.3358745091944,12115.066696875965,1.7893309381659357,48.85839686272986,6.199070924755196
CMP-0024,Instagram,2024-08-11,54623,4027,378,3675.9729258007173,100840.8380345447,7.372352305805246,9.724796100001898,27.432421312673046
CMP-0003,Instagram,2023-04-23,73316,5381,586,3622.5270779148964,66510.27747183315,7.339462054667467,6.181786822380369,18.360187802962137
CMP-0046,YouTube,2024-07-11,99551,5307,344,4013.229563472135,42551.298499073295,5.330935902200882,11.666365010093415,10.602757162552917
CMP-0020,Instagram,2024-06-03,4350,263,31,2785.606949452519,12573.66017629965,6.045977011494253,89.85828869201674,4.5137955226493345
CMP-0048,Organic,2024-02-13,19344,1057,43,3582.697578643797,16805.355668812706,5.464226633581473,83.31854834055342,4.690698921669589
CMP-0011,Facebook,2024-08-03,71041,4553,491,1494.7897438222253,210585.06762827313,6.408975098886558,3.0443782969902755,140.87939022768538
CMP-0005,Facebook,2024-09-27,63695,3008,376,3585.039742659016,136950.66459129995,4.722505691184551,9.53468016664632,38.200598716298735
CMP-0025,LinkedIn,2024-03-29,74848,3611,538,3785.8572367543384,229009.62887091248,4.824444206926037,7.036909361996911,60.49082534006096
CMP-0020,Facebook,2023-09-20,75717,2518,338,2790.9122213502683,83075.62320346087,3.3255411598452134,8.257136749557008,29.76647655484777
CMP-0044,YouTube,2024-10-02,78906,1076,140,756.2382914777406,25949.790533135383,1.3636478848249816,5.401702081983862,34.31430387163779
CMP-0007,YouTube,2024-10-27,70414,1565,46,2458.6203586698407,15645.06884615685,2.2225693754082996,53.448268666735665,6.3633528417624925
CMP-0018,LinkedIn,2024-03-27,99062,6082,452,2859.377686262065,95222.60419207577,6.139589348085037,6.326056828013417,33.30186307656194
CMP-0005,LinkedIn,2024-11-01,2945,40,5,3816.700939019349,1057.2916852020332,1.3582342954159592,763.3401878038698,0.27701716799265136
CMP-0001,Google Ads,2024-03-23,92890,1958,49,4475.812170068191,19158.5470220909,2.107869523091829,91.34310551159574,4.280462694617279
CMP-0020,Instagram,2023-06-23,78744,4208,338,3320.578830278006,56783.892911035044,5.343899217718175,9.824197722715994,17.10060077275171
CMP-0048,LinkedIn,2023-08-04,82663,1100,66,2530.2809440033725,5183.885147314536,1.3307041844597947,38.337590060657156,2.0487389590472396
CMP-0023,Facebook,2024-10-09,65571,1631,35,2612.6413223484624,17385.097541435887,2.487380091808879,74.64689492424178,6.6542228329331845
CMP-0049,Email,2023-01-16,46955,3015,65,3051.8375363146565,20532.622102078283,6.421041422638697,46.95134671253318,6.727953850018211
CMP-0005,Facebook,2023-08-01,14548,789,82,1965.9449068986114,22564.01533640746,5.423425900467419,23.974937889007457,11.477440317492652
CMP-0019,Organic,2023-08-21,43059,511,51,2835.8159805607634,11257.073029348032,1.1867437701758052,55.604234912956144,3.969606316670104
CMP-0047,LinkedIn,2024-08-23,42862,3221,312,3886.682890967175,31182.46670813471,7.514814987634735,12.457316958228125,8.022899624922877
CMP-0020,LinkedIn,2023-10-23,42179,2381,154,1160.7047865269933,52802.03304114873,5.644989212641362,7.537044068357099,45.491354609763015
CMP-0023,Email,2023-10-20,22178,748,86,1432.2256370298346,41234.13551527313,3.3727116962755885,16.6537864770911,28.79025095569783
CMP-0017,Instagram,2023-02-22,40389,2693,143,2613.8341718953325,29354.24980108127,6.667657035331402,18.278560642624704,11.230341280524327
CMP-0001,Instagram,2023-01-31,35984,1071,116,2984.8676404965095,22940.970839851903,2.976322810137839,25.73161759048715,7.685758165154637
CMP-0007,LinkedIn,2024-04-07,90871,2264,168,1939.8804433358428,12836.349200709417,2.491443915000385,11.546907400808587,6.617082637647437
CMP-0045,LinkedIn,2024-04-14,40545,1535,193,3229.9381061463214,61198.4908936496,3.7859168824762612,16.735430601794413,18.94726427642487
CMP-0024,Facebook,2023-02-02,96660,7139,354,2418.6219745765297,137495.72062001613,7.385681771156631,6.8322654649054515,56.848784996295215
CMP-0001,Facebook,2023-11-11,65580,4087,543,3086.4450328080134,213974.743626044,6.232082952119549,5.684060833900577,69.32724910100606
CMP-0037,Email,2023-09-29,50436,3681,109,4505.863176442884,23301.223277286048,7.298358315488937,41.33819427929251,5.171311769764169
CMP-0044,Google Ads,2023-04-25,63003,3901,439,3466.042007707793,182438.56695163454,6.191768645937494,7.895312090450553,52.63599418181522
CMP-0021,Facebook,2024-09-14,66991,2907,276,3219.0683233600744,88664.35978342535,4.339388873132212,11.663291026666936,27.543484908352983
CMP-0037,Facebook,2024-02-17,6440,397,18,1353.3742384004615,8940.128703778124,6.1645962732919255,75.18745768891453,6.605806768085349
CMP-0019,Instagram,2023-02-21,45553,1887,188,1641.8606415249258,51671.68018388634,4.142427502030602,8.733301284707052,31.471416560600883
CMP-0036,Organic,2023-09-14,76784,4960,168,111.71029010765345,35421.353202426806,6.459679099812461,0.6649422030217467,317.08227745440286
CMP-0007,Google Ads,2024-07-06,86677,6089,242,4135.260667977722,23039.83054080534,7.0249316427656705,17.087853999907942,5.571554586442207
CMP-0025,YouTube,2024-04-28,26052,551,44,4759.6232925116365,6333.25565404445,2.115000767695378,108.17325664799174,1.3306211993727792
CMP-0010,Instagram,2023-01-30,3287,202,5,3011.5148828115452,1960.0261850757263,6.145421356860359,602.302976562309,0.6508439311599381
CMP-0043,Facebook,2023-01-19,94394,6290,900,1093.6990587709347,140294.52454011425,6.663559124520627,1.2152211764121497,128.27525397870681
CMP-0022,Organic,2024-11-07,81233,5024,573,4623.217736876559,60386.67534003317,6.184678640454003,8.068442821774099,13.061611798718861
CMP-0042,Instagram,2024-03-13,29488,778,20,4543.4548474011135,8087.784564885989,2.6383613673358655,227.1727423700557,1.7800957281466672
CMP-0024,Email,2024-11-09,69596,2209,215,4408.885686068244,49037.647152034755,3.174032990401747,20.506445051480203,11.122458290762706
CMP-0032,Email,2024-03-28,7457,329,46,4973.316564861387,15012.052344197544,4.411961914979214,108.11557749698667,3.018519361961418
CMP-0019,Organic,2024-03-28,13381,1034,110,1027.2410411439305,36806.280616227225,7.727374635677453,9.338554919490278,35.83022790370597
CMP-0028,Email,2023-11-17,72268,4682,169,957.0312982979012,55165.203844190786,6.478662755299718,5.662907090520125,57.642006005763
CMP-0006,Email,2023-09-04,25039,1118,27,3377.5144503549477,12386.736114862768,4.465034546108072,125.09312779092399,3.667411730410518
CMP-0047,Facebook,2024-08-30,86748,4206,114,3018.312379783523,27712.525362862605,4.848526767187717,26.47642438406599,9.18146363791881
CMP-0036,YouTube,2024-03-21,28203,1487,140,559.793376808231,29671.04845228738,5.272488742332376,3.9985241200587924,53.003571820485874
CMP-0013,Facebook,2024-04-14,9312,726,29,3791.3844588459697,4080.855341364373,7.796391752577319,130.73739513261964,1.0763496516010178
CMP-0014,Google Ads,2023-04-25,17650,584,13,3972.996706084714,4510.289791944211,3.3087818696883855,305.6151312372857,1.1352362273637489
CMP-0041,Facebook,2024-09-09,14162,386,50,1626.0596922536881,24006.219846388813,2.725603728286965,32.52119384507376,14.763430863424604
CMP-0036,Facebook,2024-10-20,45182,514,71,1919.0821486895516,13021.048501590694,1.1376211765747422,27.02932603788101,6.785039666218634
CMP-0037,YouTube,2024-07-17,78314,5530,559,4417.428179230745,185933.32606448352,7.061317261281507,7.902375991468237,42.09085434341168
CMP-0034,Facebook,2024-06-05,74641,5962,730,4526.309203355034,129385.63022564293,7.987567154780885,6.200423566239772,28.585238969034304
CMP-0001,YouTube,2024-12-14,75807,3392,161,661.085456589454,80243.98195429875,4.474520822615326,4.1061208483817015,121.38216194964899
CMP-0018,Google Ads,2024-02-21,58580,1458,199,4495.470551573293,97391.07874689893,2.488904062820075,22.590304279262778,21.664267984764063
CMP-0039,Email,2023-07-28,58064,3829,359,2145.5004796467665,41272.63149309677,6.594447506200055,5.976324455840575,19.23683163188659
CMP-0030,LinkedIn,2024-09-21,34393,1524,186,4249.132290092141,25858.81416152027,4.431134242433053,22.8447972585599,6.085669354615346
CMP-0029,Google Ads,2024-06-01,43147,922,36,1145.4936675101515,16531.176648482695,2.1368808955431433,31.819268541948652,14.431486718224214
CMP-0028,Facebook,2023-06-18,7983,292,33,4934.982111227235,14412.464724372177,3.657772767130152,149.54491246143135,2.920469497059246
CMP-0037,Instagram,2024-02-07,17842,1057,48,1947.5073147497274,13580.598537128126,5.924223741732989,40.573069057285984,6.973323506552969
CMP-0048,LinkedIn,2023-12-04,68138,5360,750,3344.78224633505,207303.04229847644,7.866388799201621,4.4597096617800664,61.97803833885535
CMP-0036,Instagram,2024-08-18,7071,534,71,2666.827104516545,22860.879477232567,7.5519728468392024,37.56094513403585,8.572314057598756
CMP-0015,Google Ads,2024-08-21,51262,1123,92,4469.0974065087585,44314.669131323426,2.190706566267411,48.57714572292129,9.915798448873343
CMP-0032,Organic,2023-10-17,28950,2196,311,4900.626103459678,73404.95477828642,7.585492227979275,15.757640204050412,14.978689095759618
CMP-0016,LinkedIn,2023-06-07,70960,5069,482,4298.02436701488,103103.73895501728,7.143461104847802,8.91706300210556,23.98863527770696
CMP-0032,YouTube,2023-04-11,98954,6575,440,3048.9460614593368,200848.4295320434,6.644501485538735,6.929422866953038,65.8747073524515
CMP-0017,YouTube,2023-05-04,42458,2123,259,1323.2494235775885,24997.85148260733,5.000235526873617,5.1090711335042025,18.891261947443112
CMP-0041,YouTube,2024-10-03,33234,2153,281,1163.726738523362,65562.7802232339,6.47830534994283,4.141376293677444,56.338638662222095
CMP-0032,Facebook,2023-05-30,39866,3060,103,1780.5877328883514,37267.89718852101,7.675713640696332,17.287259542605355,20.930110041849776
CMP-0010,Email,2023-09-05,93058,2908,275,3649.6581184315814,24898.551906722867,3.124932837585162,13.271484067023932,6.822160076030045
CMP-0002,Instagram,2024-06-10,32683,2460,98,1726.5420157029491,17313.505704473824,7.526848820487715,17.617775670438256,10.02785078324593
CMP-0027,YouTube,2024-04-15,45215,684,49,1035.8660509442252,9264.346054541873,1.5127723100740904,21.140123488657657,8.943575326266483
CMP-0050,Email,2023-05-29,18179,1148,42,3179.5058530005886,7595.80178841161,6.314978821717367,75.70252030953782,2.3889881445707166
CMP-0034,Email,2023-12-10,62840,4166,257,4973.820487392625,47056.136629653345,6.629535327816677,19.35338711047714,9.460762958560473
CMP-0014,LinkedIn,2024-10-04,77618,2887,123,4809.839209976182,53713.51214612546,3.7194980545749696,39.10438382094457,11.167423649987551
CMP-0036,Facebook,2024-06-25,20325,1053,90,2144.3403822760656,18521.95820084235,5.180811808118081,23.82600424751184,8.63760173241834
CMP-0041,YouTube,2023-04-19,87747,3288,95,3189.3859041000555,39788.859543504404,3.7471366542445894,33.57248320105322,12.475398318013063
CMP-0050,YouTube,2023-11-02,25507,1336,40,557.6253341803535,6246.205245508692,5.237777864899831,13.940633354508838,11.201437349846938
CMP-0038,Organic,2024-02-15,77252,3472,98,409.4546531317433,39153.23256450334,4.49438202247191,4.178108705425952,95.62287854109614
CMP-0012,Facebook,2024-10-02,42023,1183,143,232.5209708201832,21327.17852449379,2.8151250505675462,1.6260207749663163,91.72152709179448
CMP-0019,Organic,2023-01-10,7064,221,20,457.1660752905236,6016.304580675422,3.128539071347678,22.85830376452618,13.159997877909316
CMP-0042,Organic,2023-06-11,78504,3667,103,1454.8064796170481,29885.24110233413,4.671099561805768,14.124334753563573,20.542416823851987
CMP-0005,LinkedIn,2023-09-20,96429,7383,924,3114.2288787487055,184527.71074992552,7.656410415953707,3.370377574403361,59.25309857895499
CMP-0046,LinkedIn,2024-03-10,8028,316,44,1132.3578494008077,2982.3932736682723,3.9362232187344297,25.735405668200176,2.6337904358118056
CMP-0042,LinkedIn,2023-04-14,19665,1011,112,2123.9001784270267,11104.894618515114,5.141113653699466,18.96339445024131,5.228538860399487
CMP-0040,Facebook,2023-10-10,31595,1875,63,3841.9554720341403,25369.578629039344,5.934483304320304,60.9834201910181,6.603298454057123
CMP-0043,Facebook,2024-09-10,48286,1680,183,2433.359295581259,40128.585018774764,3.479269353435779,13.297045331045132,16.491023373179754
CMP-0035,LinkedIn,2023-05-10,79745,4641,499,2287.759941533132,87551.28548804599,5.819800614458587,4.584689261589443,38.26943723359973
CMP-0020,Email,2023-05-16,96331,6426,848,3841.390041441294,172946.4048697831,6.670749810549044,4.5299410866053,45.021828818219504
CMP-0040,Organic,2023-07-05,76818,5317,783,1048.805622394726,263410.28970036766,6.92155484391679,1.3394707821133154,251.152629310783
CMP-0012,Email,2023-09-20,29535,954,138,1439.0648382865043,47886.61873489235,3.2300660233621126,10.428006074539885,33.276206506380205
CMP-0015,Facebook,2023-06-16,32811,525,57,2664.1876746904845,13024.522051038814,1.6000731462009692,46.74013464369271,4.888740449770287
CMP-0045,YouTube,2024-04-17,33820,1387,126,4211.33094966808,18623.576069203053,4.101123595505618,33.42326150530223,4.422254221238748
CMP-0049,Google Ads,2023-03-21,85382,3469,147,2905.5720378667024,56265.46489101099,4.062917242510131,19.765796175963963,19.364677302002676
CMP-0021,Facebook,2023-08-01,24906,1572,87,1715.6213974913078,42137.25812177106,6.311732112743917,19.71978617806101,24.56093062454623
CMP-0047,Instagram,2024-05-17,90196,4987,623,466.25570076668583,257508.5980848131,5.5290700252782825,0.7484040140717269,552.2905085372249
CMP-0034,Google Ads,2023-10-19,79045,2315,198,2337.2188535519886,45656.82142892747,2.9287114934530964,11.804135623999942,19.534679587040173
CMP-0036,Google Ads,2024-07-15,77995,2257,220,4334.6534927197235,107921.15264869461,2.8937752420026923,19.70297042145329,24.897296365200543
CMP-0004,Facebook,2023-02-07,58879,2732,353,1023.3883734229473,117727.99852399155,4.640024456937109,2.8991172051641567,115.03745946441074
CMP-0024,Organic,2023-10-16,21663,1217,150,408.7541515272843,64768.3892689172,5.617873794026681,2.725027676848562,158.45316561780268
CMP-0050,Google Ads,2023-12-10,30933,1917,226,1427.1648720729345,69487.33266317155,6.197265056735525,6.314888814482011,48.68907161528036
CMP-0033,Facebook,2024-05-21,91949,2817,147,3285.757163607471,14412.283284599695,3.0636548521462985,22.352089548350143,4.386289846440229
CMP-0044,Email,2024-09-22,30739,1539,177,1329.3420916085327,40189.602944089915,5.006669052343928,7.510407297223348,30.232701723496643
CMP-0005,Instagram,2023-01-14,83893,1283,29,4827.0913354624145,12871.785208055584,1.5293290262596402,166.4514253607729,2.6665717123462143
CMP-0017,Google Ads,2024-07-21,91600,2405,56,2460.989635413099,22100.4871947376,2.625545851528384,43.94624348951963,8.980325181673443
CMP-0044,LinkedIn,2024-12-11,61446,878,71,2063.1594255126997,27096.31727827836,1.428896917618722,29.058583457925348,13.133409344527442
CMP-0038,Google Ads,2023-12-23,34487,2567,299,1927.4258539559758,58685.378556514144,7.443384463710964,6.446240314234033,30.447541437749425
CMP-0026,YouTube,2023-09-02,93199,5979,719,3906.6840287460323,170690.86425572488,6.41530488524555,5.433496562929113,43.69200657123869
CMP-0033,Google Ads,2023-10-31,10218,576,53,3718.9171350410124,5857.015610432937,5.637110980622431,70.1682478309625,1.574925011166818
CMP-0002,Google Ads,2023-11-09,14774,337,45,3144.4661448845313,13124.432084080436,2.281034249356978,69.87702544187847,4.173818854889398
CMP-0024,Instagram,2023-07-05,72441,5496,765,1084.419333913611,127763.98969055004,7.586863792603636,1.4175416129589684,117.81788252470258
CMP-0024,Facebook,2024-02-24,20190,1494,191,3434.643544829241,72570.3831178211,7.399702823179792,17.98242693627875,21.128941670547956
CMP-0021,Instagram,2024-02-04,31417,1081,30,1011.2785983450103,5494.768091748448,3.44081229907375,33.709286611500346,5.433485985702467
CMP-0004,LinkedIn,2024-05-16,3710,203,19,2620.9245458347973,5340.484467691327,5.471698113207547,137.94339714919985,2.037633809862434
CMP-0039,Facebook,2024-02-23,46653,476,68,2360.881264469394,4730.382728240057,1.0202988017919534,34.71884212454991,2.0036512633782144
CMP-0033,Email,2024-06-04,11970,655,56,1553.3578967842334,25897.989438160104,5.472013366750208,27.738533871147023,16.672261744556234
CMP-0015,Facebook,2023-10-30,13637,558,23,1500.7916924296474,9925.139127799572,4.091809048911051,65.25181271433249,6.613268968547967
CMP-0045,Instagram,2024-06-23,2152,36,4,574.2625089705768,1061.4943388596982,1.6728624535315983,143.5656272426442,1.8484479175952708
CMP-0001,Email,2024-03-19,48824,3658,124,672.8133288689403,45356.51290648775,7.492216942487301,5.425913942491454,67.41321992347584
CMP-0046,Email,2024-02-25,86496,4876,394,1107.7336588493886,38066.65069588697,5.637254901960785,2.811506748348702,34.36444346687731
CMP-0016,Google Ads,2024-08-10,25292,920,120,960.7949094747717,50618.97863720856,3.6375138383678634,8.006624245623097,52.684478381426835
CMP-0021,Organic,2024-02-15,46968,2558,101,521.5672374857564,48753.83193294273,5.446261284278657,5.16403205431442,93.47564116174793
CMP-0031,Instagram,2023-11-25,93554,1180,125,688.465763977162,22454.17179576191,1.2613036321269,5.507726111817297,32.61479796184428
CMP-0004,Organic,2023-07-25,2280,37,5,421.0146569600261,1714.5979814434374,1.6228070175438596,84.20293139200523,4.072537506945352
CMP-0029,YouTube,2024-02-15,40762,783,113,1338.2134185826383,47690.127846871044,1.920906726853442,11.842596624625118,35.63716159518248
CMP-0043,YouTube,2023-11-07,68919,3750,376,4267.080110192634,38121.89776946962,5.441170069211683,11.34861731434211,8.933954082185872
CMP-0048,LinkedIn,2024-06-09,15486,322,41,4071.3016676875477,10560.50790141832,2.079297429936717,99.30004067530604,2.5938898080761885
CMP-0038,Google Ads,2023-08-22,67739,1261,139,4107.902333623569,30096.242885263564,1.8615568579400346,29.55325419873071,7.3264261029097435
CMP-0015,Email,2023-01-16,7741,146,8,3674.241477803792,419.2454010841125,1.886061232398915,459.280184725474,0.11410393236720752
CMP-0001,LinkedIn,2023-11-04,73421,1437,205,1604.2533117842877,20802.93504427925,1.9572057040901105,7.8256259111428665,12.967363004001994
CMP-0028,Facebook,2024-06-13,49362,3543,474,,89639.29785156409,7.1775859973258775,5.550082464026382,34.073807722781936
CMP-0026,Email,2023-04-18,62477,990,130,3487.435478255354,13690.694956647381,1.5845831265905854,26.826426755810417,3.9257199285867137
CMP-0008,Google Ads,2023-12-06,68092,4468,560,2852.7739709362404,138275.06255827026,6.561710626799036,5.094239233814715,48.47038845944403
CMP-0001,LinkedIn,2024-10-21,29680,795,67,798.6845012907104,23752.186875585703,2.6785714285714284,11.920664198368812,29.73913583799497
CMP-0047,Email,2023-08-08,79417,5155,241,1051.833345764277,100039.69213537632,6.4910535527657816,4.364453716864221,95.10983136086645
CMP-0024,Email,2024-12-08,74477,3652,220,4407.489906190399,60118.378777228776,4.903527263450461,20.034045028138177,13.640049111125911
CMP-0031,LinkedIn,2024-01-29,36232,2626,356,422.14163821224906,24999.86445146305,7.247736807242217,1.1857911185737333,59.221508111202574
CMP-0026,Facebook,2023-04-19,61527,2381,286,4772.820903708945,22973.629480952946,3.869845758772571,16.688184978003303,4.813427937993694
CMP-0028,Google Ads,2024-11-03,15005,998,105,4343.3797332441145,49874.68843061906,6.651116294568476,41.365521268991564,11.482921479068363
CMP-0039,Email,2024-12-05,94822,7556,708,1118.6588940460074,288200.0057810539,7.968614878403746,1.5800266865056602,257.6299239339003
CMP-0028,Instagram,2024-10-24,65487,2521,257,4905.00823820192,114929.35380226375,3.849619008352803,19.085635168100858,23.431021564276637
CMP-0004,Instagram,2023-09-12,37352,1640,196,3743.4231975716652,71963.34592733248,4.390661811951167,19.09909794679421,19.22394079675914
CMP-0032,LinkedIn,2024-03-28,50679,3123,339,285.13275107755334,75724.25470034058,6.162315752086664,0.8410995607007473,265.57543605274697
CMP-0003,Organic,2023-09-18,40972,1388,167,4664.470586180825,31873.770361386218,3.3876793908034752,27.930961593897155,6.833309326854137
CMP-0006,Instagram,2023-04-28,26119,1917,159,4301.465486560678,35905.16971902888,7.339484666334852,27.053242053840744,8.34719465521914
CMP-0001,LinkedIn,2023-04-02,16083,765,46,4951.235741527356,10077.240908850215,4.756575265808618,107.63555959842078,2.035298142710044
CMP-0012,YouTube,2024-10-30,10398,448,28,1913.1395312871996,6068.7230560764765,4.308520869397961,68.3264118316857,3.1721277809744044
CMP-0044,Instagram,2023-05-27,25052,686,41,4054.687833661343,15688.27476524999,2.7383043269998404,98.89482521125227,3.869169565905554
CMP-0004,LinkedIn,2023-03-05,70696,1426,213,234.05320335833875,78630.06819013583,2.0170872468032135,1.0988413303208393,335.94954934136103
CMP-0021,LinkedIn,2024-09-02,96783,4499,400,1803.1770671839572,94640.40716622687,4.64854364919459,4.507942667959893,52.4853653524043
CMP-0039,Facebook,2023-10-05,94277,7540,169,3313.8313249372914,69628.32191499496,7.997708879153982,19.608469378327168,21.01142607682742
CMP-0046,Google Ads,2024-12-11,64150,3296,254,1113.1614615718659,119863.68012104335,5.137957911145752,4.3825254392593145,107.67861110803011
CMP-0012,Google Ads,2024-12-17,59577,1472,128,264.62058653125865,52680.64902780765,2.4707521358913676,2.0673483322754582,199.0799344766197
CMP-0019,Email,2024-07-07,8919,220,10,2536.124951493362,3762.3882659151495,2.4666442426280972,253.6124951493362,1.4835184929274559
CMP-0021,Google Ads,2023-10-04,11018,421,12,3916.0454225075855,1527.028795691862,3.8210201488473405,326.3371185422988,0.3899415433016224
CMP-0022,YouTube,2024-05-15,38478,854,99,3753.6587054719625,43337.894858958396,2.2194500753677424,37.915744499716794,11.545507532632579
CMP-0045,Email,2023-11-29,46620,2662,304,3934.8230517685356,106002.34586191211,5.7099957099957095,12.943496880817552,26.93954581115625
CMP-0026,Google Ads,2023-12-20,10449,827,48,2246.561096693127,11395.588307865315,7.914632979232462,46.803356181106814,5.07245866788991
CMP-0027,YouTube,2023-02-03,52350,3419,498,2650.629266186731,59257.17316603819,6.531041069723018,5.322548727282593,22.35588881552161
CMP-0031,Facebook,2024-04-22,21647,496,44,2659.2800660669536,13501.970433493718,2.291310574213517,60.43818331970349,5.077302915846312
CMP-0029,Google Ads,2023-05-03,12242,767,47,2218.40622955218,21491.79213050267,6.265316124816206,47.2001325436634,9.687942561737723
CMP-0033,Email,2023-07-04,21011,1323,67,1291.4159499256712,12523.61822217585,6.296701727666461,19.27486492426375,9.697586763503006
CMP-0042,Instagram,2023-06-16,10647,531,67,104.21620557787065,8226.56462092659,4.987320371935756,1.5554657548935917,78.93747978359927
CMP-0002,YouTube,2023-11-23,20627,698,31,3157.7073119359943,3375.6857751174057,3.383914287099433,101.86152619148369,1.0690306103917429
CMP-0008,Facebook,2024-01-19,27284,1555,162,637.1271712229772,65186.84498578953,5.699310951473391,3.9328837729813406,102.31371055901164
CMP-0046,Facebook,2023-06-16,46601,1700,178,1135.5995197285326,48448.97293377575,3.6479903864723933,6.3797725827445655,42.663784276130706
CMP-0009,Google Ads,2024-02-15,57085,1762,112,605.3463756709707,42149.97513087217,3.0866252080231233,5.4048783542050955,69.62951596786684
CMP-0041,Google Ads,2024-08-14,14553,702,66,153.97540494546047,22804.01636856137,4.823747680890538,2.332960680991825,148.10168141229286
CMP-0017,Organic,2023-04-19,81946,5248,671,1755.0979663793994,325520.8755519246,6.404217411466087,2.615645255408941,185.47162710435092
CMP-0029,YouTube,2023-08-26,46451,1455,169,4447.610924788382,31973.790291456982,3.1323329960603647,26.317224407031848,7.188980968018981
CMP-0031,YouTube,2023-04-17,80730,1551,154,1564.728529547608,50222.31249976892,1.921218877740617,10.16057486719226,32.0965020777688
CMP-0019,Organic,2023-09-19,25432,1696,205,1504.808510335709,57506.2070233417,6.668763762189369,7.340529318710775,38.214966640846946
CMP-0045,Facebook,2023-04-27,38531,780,80,3670.3282504776944,16403.409456443704,2.02434403467338,45.87910313097118,4.469194125704913
CMP-0019,YouTube,2023-01-24,27906,1471,124,926.0942243611423,6606.291107776727,5.271267827707303,7.468501809364051,7.1334977953609595
CMP-0011,Google Ads,2024-08-31,27489,1298,115,4327.969696149723,54774.19767291305,4.721888755502201,37.634519096954115,12.655864416435639
CMP-0011,Google Ads,2024-12-16,72692,1398,151,3097.58937804263,31041.84848682779,1.9231827436306608,20.513836940679667,10.02129226903637
CMP-0004,Organic,2023-05-13,82245,3946,167,2008.3646810479897,74320.11769387526,4.797860052282814,12.026135814658621,37.005290122456294
CMP-0042,Organic,2024-05-28,46357,2751,331,635.6974012789274,158514.23138096242,5.934378842461764,1.9205359555254604,249.3548519500877
CMP-0016,Organic,2023-09-24,65351,1411,35,3414.8954002085907,4442.5578726103995,2.1591100365717435,97.56844000595973,1.3009352709131403
CMP-0033,LinkedIn,2023-07-12,20928,1572,114,3499.371830382767,38378.87477403528,7.511467889908256,30.696244126164622,10.967361182031729
CMP-0044,YouTube,2024-12-02,83377,3400,272,4757.82062437889,102669.2107450535,4.077863199683366,17.491987589628273,21.579041929193465
CMP-0024,Instagram,2024-03-28,79853,5619,310,4690.451562279929,49327.01695884522,7.036679899314992,15.130488910580416,10.516475077906657
CMP-0044,YouTube,2024-10-25,91546,1476,81,4413.121222658358,29267.39843430045,1.6123041967972385,54.4829780575106,6.6319044861111855
CMP-0032,Organic,2023-11-18,30077,1758,179,1455.1264136603495,30834.741967964932,5.844997838880207,8.12919784167793,21.190421449639267
CMP-0017,Facebook,2024-10-03,63132,3061,431,4843.448769667954,156066.65420504095,4.848571247544826,11.237700161642586,32.2222163641756
CMP-0030,YouTube,2023-07-03,33022,1543,101,846.8777229901647,31932.359883254197,4.672642480770396,8.38492795039767,37.70598637369642
CMP-0039,Organic,2023-11-23,57092,1222,109,4804.863963676517,53632.46944795117,2.1404049604147692,44.08132076767447,11.162120270916773
CMP-0019,Google Ads,2024-11-07,36244,547,28,3548.388450765964,2277.880998980159,1.5092153183975279,126.72815895592728,0.6419480365765619
CMP-0011,YouTube,2023-11-28,51801,1389,110,1358.54567503873,19063.6373706698,2.6814154166907973,12.350415227624818,14.032386044088158
CMP-0047,Facebook,2023-04-10,70166,1566,137,2515.8233603826675,48379.86167773419,2.231850183849728,18.363674163377134,19.23022992773841
CMP-0048,Google Ads,2023-05-02,54027,2690,338,4873.274655683144,60033.112914679354,4.9789919854887374,14.417972354092143,12.318844546278463
CMP-0048,Organic,2024-02-10,75407,5953,524,4885.482514214607,224500.6410227567,7.894492553741696,9.323439912623297,45.95260352883435
CMP-0038,YouTube,2024-03-26,25602,1520,64,4794.305055543161,14726.161794596232,5.937036169049293,74.91101649286189,3.0715946574091877
CMP-0046,Facebook,2024-02-10,38529,812,16,3912.243029026962,4711.12291925922,2.10750343896805,244.51518931418514,1.2041999651619169
CMP-0026,Instagram,2023-10-06,34309,929,124,3537.486242462326,42397.500262104244,2.707744323646857,28.528114858567147,11.985205695836928
CMP-0001,Organic,2024-10-19,7918,136,4,3109.4254903220594,797.3890507989106,1.7176054559232128,777.3563725805149,0.2564425657668101
CMP-0034,Google Ads,2023-02-13,26899,744,69,2331.2840469340863,33909.55723629945,2.765902078144169,33.786725317885306,14.545442148456564
CMP-0018,Facebook,2024-06-08,82440,1191,33,4028.720040277975,11408.196006727314,1.4446870451237264,122.08242546296894,2.831717243360541
CMP-0026,YouTube,2023-12-05,63755,1781,39,3351.811990823135,3220.579686423166,2.7935063916555563,85.94389720059321,0.9608473551740767
CMP-0012,LinkedIn,2024-06-19,34952,2018,159,4041.7250261686613,19706.422000277093,5.7736324101625085,25.41965425263309,4.875745349494427
CMP-0019,Google Ads,2024-07-18,99235,1798,131,1846.2222130447044,44172.0946434527,1.8118607346198419,14.093299336219118,23.92566524839181
CMP-0048,Organic,2024-03-16,43893,1110,93,4789.762459795304,12156.364176467434,2.528877041897341,51.5028221483366,2.537988945904209
CMP-0047,Google Ads,2023-11-21,65626,3994,569,3126.860299507893,253592.1744061844,6.086002499009538,5.495360807570989,81.10121659291747
CMP-0013,Email,2023-02-10,34482,496,67,342.4267887024462,11528.82713690218,1.438431645496201,5.1108475925738235,33.668005884084685
CMP-0003,Email,2023-01-02,36322,1295,124,2827.785966425297,33050.52650940479,3.5653323054897856,22.80472553568788,11.687775136385277
CMP-0024,Email,2023-10-11,36718,1996,62,1920.7369997956032,3159.749357203935,5.436025927338091,30.97962902896134,1.645071322903751
CMP-0034,YouTube,2023-04-05,61836,3542,377,4927.091004293927,85318.65366557082,5.728054854777152,13.06920690794145,17.31623255815981
CMP-0016,LinkedIn,2024-11-28,39371,2972,366,4674.39855109829,27230.98084509163,7.548703360341367,12.77158074070571,5.825558207631542
CMP-0049,Organic,2024-08-29,57124,3794,307,3677.35335809928,126036.4141603047,6.641691758280233,11.97834970064912,34.27367508284528
CMP-0023,LinkedIn,2023-11-21,1379,43,1,684.2554945414215,483.54224177015715,3.118201595358956,684.2554945414215,0.7066691398572114
CMP-0027,Instagram,2024-02-24,5552,197,10,4266.118271607946,1760.5060226404144,3.5482708933717575,426.6118271607946,0.4126716397801275
CMP-0026,LinkedIn,2023-09-03,44937,1002,145,4256.958155197724,15534.350301467608,2.229788370385206,29.358332104811893,3.6491667841508484
CMP-0013,Google Ads,2024-12-07,71461,3909,240,545.2610434638284,64402.2305585756,5.470116567078547,2.2719210144326185,118.11265692016731
CMP-0036,Google Ads,2023-06-17,73449,5408,490,3527.66699603305,159157.44054667055,7.3629321025473455,7.199320400067449,45.116911750924075
CMP-0022,Instagram,2023-08-08,15152,756,67,4551.177638322827,22501.813099520376,4.989440337909187,67.9280244525795,4.9441737694537915
CMP-0030,Facebook,2023-04-15,59477,4050,151,1684.5395633383275,66454.27270046268,6.809354876675017,11.155891147935943,39.449517332063884
CMP-0026,LinkedIn,2024-03-05,18435,1236,25,4107.884061523368,7302.905214076307,6.704637917005696,164.3153624609347,1.7777778303139593
CMP-0040,Email,2024-04-17,8590,523,26,2448.0812001114496,2405.29586093525,6.0884749708963914,94.15696923505575,0.9825229084826713
CMP-0021,Google Ads,2024-11-24,14150,339,47,1392.3553705796958,12115.879351558784,2.395759717314488,29.624582352759486,8.701714811869069
CMP-0046,YouTube,2023-11-14,56706,2341,71,1023.2928562038187,7379.0375563721545,4.128310937114239,14.412575439490404,7.211071113841924
CMP-0047,LinkedIn,2023-09-26,67854,4776,469,937.1852392290837,56622.27913869219,7.0386417897249975,1.9982627702112659,60.41738257131422
CMP-0026,Google Ads,2024-12-16,89072,2099,136,3992.1438413377464,13272.45758270102,2.356520567630681,29.353998833365782,3.3246441286177424
CMP-0026,Facebook,2023-11-19,21095,1321,92,2203.3254367947175,8920.977284076422,6.262147428300545,23.949189530377364,4.048869556489209
CMP-0046,Organic,2023-03-14,81096,6184,396,4635.066819051886,121065.53799009004,7.625530235769952,11.704714189524966,26.119480628081707
CMP-0003,Instagram,2024-07-13,57174,1487,178,4539.008006154213,36201.98769781312,2.600832546262287,25.500044978394456,7.975748808710772
CMP-0012,YouTube,2024-05-31,96814,7334,957,1613.0465060691758,394584.23537012096,7.5753506724234105,1.685524039779703,244.62049537039147
CMP-0004,Google Ads,2024-11-16,11751,929,65,1074.743301942266,23295.92780786265,7.905710152327461,16.534512337573325,21.67580646072645
CMP-0030,Organic,2023-10-21,29497,1746,194,2353.6753706038944,92399.18917731747,5.919246025019493,12.132347271154094,39.25740581361912
CMP-0023,Instagram,2024-03-19,42856,1480,209,,48017.64442923314,3.4534254246779916,11.396094373800047,20.160371381700244
CMP-0039,LinkedIn,2024-02-17,91105,3860,230,1174.3009338791112,15258.736533416737,4.236869546128094,5.1056562342570055,12.993889464953412
CMP-0012,LinkedIn,2023-10-28,78473,5903,531,1282.9299016990465,259704.39837419076,7.522332522013942,2.4160638450076206,202.43070025123868
CMP-0035,Email,2024-10-13,81110,3739,339,1450.6132641962806,55002.114576622196,4.609789175194181,4.279095174620297,37.91645639411438
CMP-0031,Facebook,2024-10-22,67519,708,52,4018.382153908147,9266.694696647783,1.0485937291725291,77.27657988284898,2.306076013112715
CMP-0001,Google Ads,2023-07-09,9427,201,20,3364.036701955192,1580.6343557784116,2.1321735440755276,168.20183509775958,0.4698623992002645
CMP-0014,YouTube,2023-03-07,17273,1335,93,3753.2341956234122,13194.250508054552,7.728825334336826,40.35735694218723,3.515434907696451
CMP-0046,Email,2024-11-23,22735,1581,136,3149.190497272161,63152.90458630103,6.954035627886519,23.15581247994236,20.053694637083492
CMP-0037,Instagram,2024-10-02,62765,3505,515,2893.5122929248837,151907.33638602,5.5843224727156855,5.618470471698803,52.49928841064839
CMP-0026,LinkedIn,2023-06-15,1910,109,14,583.4821109408911,2220.529494457359,5.706806282722513,41.67729363863508,3.8056513692881784
CMP-0026,Email,2024-05-01,19445,492,61,3803.146653246901,22270.962777133216,2.5302134224736434,62.34666644667051,5.855930577412677
CMP-0039,Instagram,2024-01-02,49424,2316,160,822.2148686736422,22574.560850225724,4.685982518614439,5.138842929210264,27.45579253102286
CMP-0014,Organic,2024-02-04,33616,2229,160,1216.2550731891179,35286.66584591141,6.630771061399334,7.601594207431987,29.012553882621805
CMP-0050,Google Ads,2024-02-24,92763,4374,129,4264.669810399914,50756.64453696637,4.715242068497138,33.05945589457298,11.901658696574854
CMP-0018,Email,2024-02-07,29872,2274,308,113.35438352396716,123397.18498315557,7.612479914301018,0.3680337127401531,1088.5964984059483
CMP-0042,Facebook,2023-05-03,89235,6279,941,975.2220322275139,326347.6866247671,7.036476718776265,1.0363677281907693,334.6393701538441
CMP-0050,Email,2024-05-09,31666,1121,87,3593.7658667475184,35115.4660490592,3.540074527884798,41.307653640776074,9.771216977148237
CMP-0028,Instagram,2024-05-31,93442,3678,104,3097.291477533345,44805.74774762175,3.936131504034588,29.78164882243601,14.466106297268682
CMP-0034,LinkedIn,2024-11-04,11147,860,87,2785.998484846582,6755.633796559551,7.715080290661165,32.022971090190595,2.424851927703603
CMP-0002,Organic,2024-07-15,4894,172,20,4077.703587509624,2508.4220313003807,3.5145075602778917,203.8851793754812,0.6151555593653019
CMP-0008,Organic,2023-06-22,59813,4198,424,2456.758239220554,192550.14779307856,7.01854111982345,5.794241130237156,78.3757004328469
CMP-0023,Google Ads,2024-10-17,37969,1005,43,4337.665869307163,6851.072757384046,2.6468961521241012,100.8759504490038,1.5794376431484656
CMP-0046,Google Ads,2023-08-12,54837,1704,38,2167.501877712481,2590.2777723792024,3.107390995131025,57.03952309769687,1.195052146904208
CMP-0015,Email,2024-06-16,60608,4814,593,1629.0620130505577,127039.81288113522,7.942845828933474,2.7471534790059993,77.98341122892083
CMP-0038,LinkedIn,2024-05-02,67523,4403,477,2754.321287927072,119804.01962322569,6.520741080816907,5.774258465255916,43.496748236438066
CMP-0012,YouTube,2024-05-22,21282,302,7,1186.9968942829817,2506.9649472853616,1.4190395639507565,169.57098489756882,2.1120231732364565
CMP-0004,Email,2023-09-29,71812,2420,201,3823.6241509324304,93453.69562382287,3.3699103213947526,19.023005726031993,24.44113017777472
CMP-0005,LinkedIn,2024-07-21,16887,183,17,976.6977728764871,1356.5149301302472,1.0836738319417303,57.45281016920512,1.3888789017457825
CMP-0020,Google Ads,2024-02-12,49052,2493,153,3765.7893690390742,75402.45233568287,5.082361575470929,24.613002412020094,20.02301375526043
CMP-0044,Google Ads,2024-01-09,54916,1174,57,1360.232144007319,19165.474182680387,2.1378104741787456,23.863721824689808,14.089855372934977
CMP-0031,Organic,2023-07-15,8938,650,79,2820.816109561892,32048.867183497106,7.2723204296263155,35.706533032429014,11.361558477654432
CMP-0028,Facebook,2024-01-03,78245,1153,143,3580.2855188252615,48679.12842408649,1.4735765863633459,25.036961670106724,13.596437537768985
CMP-0027,Google Ads,2024-09-09,66300,2428,322,4906.164413341533,110261.1388883291,3.6621417797888385,15.23653544516004,22.47399997205383
CMP-0049,Organic,2023-02-12,83805,1745,164,1490.6777626230094,65081.884879129706,2.082214664996122,9.089498552579325,43.65925789663023
CMP-0028,Facebook,2024-10-18,68324,1406,85,3806.3025932073665,17433.13605293974,2.057842046718576,44.78003050832196,4.580070981232675
CMP-0035,Facebook,2024-01-31,35531,422,50,4018.7590723287494,16832.81593608421,1.1876952520334356,80.37518144657498,4.188560606179883
CMP-0001,Google Ads,2024-02-08,26848,714,78,2164.847874652451,33594.3414964605,2.6594159713945174,27.75445993144168,15.518107248923348
CMP-0021,Google Ads,2023-04-22,80517,6284,431,1482.311504317587,146561.06810847178,7.804563011537937,3.439237829043125,98.87332566844256
CMP-0028,Email,2023-01-12,91389,4808,672,252.93239121886612,230302.09967166308,5.261027038264999,0.37638748693283647,910.5282979449606
CMP-0047,Facebook,2023-04-07,5111,257,9,358.3199105248786,4012.394090916782,5.028370181960478,39.81332339165318,11.197798316703354
CMP-0017,Google Ads,2023-08-30,33428,1066,156,4789.241722307457,14602.682791569629,3.1889434007418926,30.700267450688827,3.0490594624933767
CMP-0042,YouTube,2024-04-22,6864,386,51,3780.8414345058573,10126.594531321469,5.623543123543123,74.13414577462466,2.678397046461955
CMP-0024,YouTube,2024-10-20,34121,1193,70,3413.7738902236106,32828.11364771878,3.496380528120512,48.76819843176587,9.61637024107899
CMP-0038,Facebook,2024-03-14,1957,86,2,678.6431510041567,218.70633321682044,4.394481349003577,339.32157550207836,0.32227000728322514
CMP-0008,Organic,2023-06-08,62385,2804,225,3934.980489454115,88685.16785156874,4.4946701931554065,17.488802175351623,22.53763851923741
CMP-0028,Instagram,2023-03-03,25725,845,18,4129.986654447437,8409.918951395319,3.2847424684159376,229.44370302485763,2.0363065682885377
CMP-0017,Google Ads,2024-03-25,70976,764,84,687.1647916598421,39611.943495709915,1.0764201983769162,8.18053323404574,57.64547889601201
CMP-0038,Email,2023-06-21,38059,1036,45,1531.2477793488113,8486.774567186569,2.7220893875298877,34.027728429973585,5.54239142850918
CMP-0043,YouTube,2023-01-26,37896,503,63,444.82291818063567,27296.672885692846,1.3273168672155373,7.060681240962471,61.365257431740716
CMP-0041,LinkedIn,2023-07-16,13419,347,43,4608.295213854929,3724.5654384367645,2.5858856844772338,107.16965613616114,0.8082306505101466
CMP-0016,Google Ads,2023-12-03,2835,127,5,2203.3046090075914,1388.8518365643636,4.479717813051146,440.66092180151827,0.6303494445962821
CMP-0043,Google Ads,2024-02-25,82230,4174,547,2082.393886837179,258639.33924504524,5.0760063237261335,3.8069358077462137,124.20289018321927
CMP-0041,YouTube,2024-05-09,87056,5923,379,4356.96041350064,175756.5068382188,6.803666605403419,11.495937766492455,40.339248044029304
CMP-0040,Facebook,2024-03-03,51350,2066,277,2126.0398899331058,16439.468614514488,4.0233690360272645,7.675234259686302,7.732436579556249
CMP-0018,Facebook,2023-01-12,9781,626,13,843.1432057615172,2776.7606498464793,6.400163582455781,64.85716967396286,3.293344037966292
CMP-0044,LinkedIn,2023-03-25,3794,184,23,621.1695459797384,11490.054022162398,4.849762783342119,27.00737156433645,18.49745226005846
CMP-0012,Google Ads,2023-04-12,19783,1446,180,1860.1656625057014,71206.69285535635,7.3093059697720255,10.33425368058723,38.2797587820424
CMP-0013,YouTube,2024-10-03,71398,4295,99,629.8807734329481,12655.35894757771,6.01557466595703,6.362432054878264,20.09167366484936
CMP-0034,LinkedIn,2023-05-02,47730,1227,149,304.5978272047689,7610.024479852637,2.5707102451288497,2.0442807194950934,24.983843613358157
CMP-0050,Facebook,2024-04-06,47255,3657,248,2678.623248290241,89894.49687878673,7.738863612316157,10.800900194718714,33.55996291608616
CMP-0002,Email,2023-08-28,67147,2292,290,1744.9787821940417,91795.62168378854,3.413406406838727,6.017168214462213,52.605580434834685
CMP-0038,LinkedIn,2023-04-24,14809,907,75,,34142.1527195724,6.124653926666217,9.54652893905261,47.685258781901155
CMP-0046,Organic,2023-12-07,88127,5654,674,4492.290878056698,43935.81952332379,6.415740919355022,6.665119997116762,9.780270404558001
CMP-0013,YouTube,2023-11-05,85462,2180,112,2946.478574502983,54422.535605540455,2.550841309587887,26.307844415205206,18.47036529519667
CMP-0033,LinkedIn,2023-04-08,94511,4253,402,2913.332308720661,147000.96363737955,4.5000052903894785,7.247095295325027,50.45801441783772
CMP-0013,Instagram,2024-10-08,33714,479,25,4910.2690036182485,10821.646093048186,1.4207747523284096,196.41076014472995,2.2038804971935346
CMP-0003,Organic,2024-06-29,68134,3356,98,3587.9148208340866,45801.035880725445,4.925587812252327,36.6113757227968,12.765363217312396
CMP-0050,Facebook,2024-08-04,75791,1680,123,1420.5598287182888,57645.28572399399,2.216622026361969,11.54926690014869,40.57927343757489
CMP-0030,Instagram,2024-11-02,53748,1078,88,251.34563000126633,7459.469952906383,2.005656024410211,2.856200340923481,29.678136647407797
CMP-0030,Organic,2023-03-29,74683,4427,168,1772.577770702605,69469.76209242533,5.927721168137327,10.551058158944077,39.191376108078614
CMP-0014,Organic,2023-10-22,96621,4687,563,1406.1199784826845,135481.63252108503,4.850912327547842,2.49754880725166,96.35140286341746
CMP-0040,YouTube,2024-01-19,73969,1058,71,564.5955146193653,6738.017145802101,1.4303289215752544,7.952049501681201,11.934237823948507
CMP-0023,Facebook,2023-06-06,53612,791,61,3804.6081530727497,10862.359460914147,1.475415951652615,62.37062546020901,2.8550534046827614
CMP-0049,Instagram,2024-05-24,55281,776,46,340.47829201844695,3576.534148259042,1.4037372695862955,7.401702000401021,10.50444105278015
CMP-0028,Organic,2023-12-01,63830,3460,70,3387.980385315835,28124.30215547468,5.420648597838007,48.399719790226214,8.301199817263072
CMP-0001,YouTube,2023-02-11,73314,4826,316,3333.124096588048,68792.77504199406,6.582644515372235,10.54786106515205,20.639128051791943
CMP-0048,LinkedIn,2023-10-12,6187,476,39,2343.947479809618,16807.952204884707,7.693550994019718,60.10121743101585,7.170788744059187
CMP-0018,Email,2023-04-11,11809,731,99,821.5678566597405,23247.169320471727,6.190193919891608,8.298665218785258,28.29610376310005
CMP-0019,Facebook,2023-07-09,39608,1615,228,3196.5846792738785,70694.45270238037,4.077459099171884,14.020108242429291,22.115620199505866
CMP-0015,Organic,2023-10-14,8239,171,22,3137.0554083444777,5265.204195243936,2.075494598859085,142.59342765202172,1.6783905637237528
CMP-0030,Google Ads,2024-08-19,36102,1334,32,3128.3015230178735,9797.999551119976,3.695086144811922,97.75942259430855,3.1320508841704755
CMP-0045,YouTube,2023-02-26,74984,2190,145,2223.623845256896,55411.04483969288,2.920623066254134,15.335336863840661,24.919252848402163
CMP-0022,LinkedIn,2023-09-17,89943,5640,212,628.5455185783142,71769.47829276488,6.270638070778159,2.964837351784501,114.18342215707438
CMP-0008,YouTube,2024-04-01,77566,4104,385,1737.6066206491028,187519.648653824,5.290978005827295,4.513263949737929,107.91835529711202
CMP-0040,YouTube,2023-08-01,13949,732,63,274.7467445037222,5713.224216931606,5.247688006308696,4.361059436567019,20.794511058725956
CMP-0043,Facebook,2023-03-29,94499,5382,796,1512.3150207329409,292666.03059455595,5.69529836294564,1.8998932421268102,193.52186983682532
CMP-0042,Instagram,2023-10-21,71548,4656,376,780.6438251650472,22365.93211606952,6.507519427517192,2.076180386077253,28.650623235687306
CMP-0020,Google Ads,2024-08-28,17735,316,21,2317.321968333301,9820.90386178721,1.7817874259937976,110.34866515872861,4.238040287880561
CMP-0036,LinkedIn,2023-09-22,77187,5359,465,1152.2548380077087,64286.32735287576,6.942878982212031,2.477967393564965,55.79176171134955
CMP-0050,Google Ads,2024-06-11,29469,509,31,3444.924431411474,14548.401318605915,1.7272387933082223,111.12659456166045,4.223140915937323
CMP-0009,LinkedIn,2023-04-28,58030,2811,396,3334.7193473472694,23368.767870565283,4.844046183008788,8.421008452897144,7.007716523177541
CMP-0039,Email,2024-06-05,15190,499,40,3819.103444065863,6280.015379523015,3.2850559578670175,95.47758610164658,1.6443690178858408
CMP-0039,Google Ads,2023-12-11,79798,1536,48,4347.92622712972,12114.784419963104,1.9248602721872727,90.58179639853584,2.7863362410269477
CMP-0010,LinkedIn,2024-08-10,94405,7253,263,2490.561072552675,32908.47599284834,7.6828557809438065,9.469813964078611,13.213278066343154
CMP-0036,Organic,2023-04-09,68271,1143,35,2573.045885242507,5501.324568659167,1.6742101331458454,73.5155967212145,2.1380592550686957
CMP-0019,Email,2024-06-12,12454,721,69,4189.708667131499,25102.75636226832,5.7893046410791715,60.7204154656739,5.991527897679583
CMP-0030,Google Ads,2023-01-12,73343,1983,127,1504.4932195999136,26884.194351330036,2.703734507723982,11.846403303936327,17.869269200481533
CMP-0027,Email,2023-12-15,85554,2067,101,2925.6890654934487,12122.898047812443,2.416017953573182,28.967218470232165,4.143604387354056
CMP-0046,YouTube,2024-02-04,53034,3366,444,3887.365597900083,38571.46316494867,6.346871818078968,8.755327923198385,9.922262826471634
CMP-0012,Instagram,2023-03-20,75296,1704,77,180.99517065230273,23878.810124978536,2.263068423289418,2.3505866318480875,131.93064786712162
CMP-0020,LinkedIn,2023-12-22,63176,4515,656,3850.293760784691,235278.72504172422,7.146701278966697,5.869350245098614,61.106694621081154
CMP-0049,Email,2024-08-20,30293,1061,22,315.2578908062728,9541.54813316733,3.502459314032945,14.329904127557855,30.26585031310334
CMP-0046,Facebook,2024-11-28,35431,1184,112,3046.6248719832397,8079.777003936687,3.341706415286049,27.20200778556464,2.6520419623165
CMP-0026,YouTube,2024-09-27,8337,571,43,2638.138715321368,5332.662056001817,6.848986445963775,61.352063147008565,2.0213728812028036
CMP-0026,Facebook,2023-03-19,64750,5140,103,1200.127078634231,28387.597358726696,7.938223938223938,11.65171921004108,23.65382621899704
CMP-0029,LinkedIn,2024-04-21,92507,5177,272,1067.8166859710745,15347.125479302213,5.596333250456722,3.9257966395995387,14.372434595686718
CMP-0045,Google Ads,2024-06-18,10591,386,51,1686.1591427665169,19900.998389966146,3.644603908979322,33.06194397581405,11.802562335435407
CMP-0006,Facebook,2023-01-29,86694,2349,89,1248.9148132347584,26275.91926888891,2.7095300712852097,14.032750710502903,21.03900041095103
CMP-0048,LinkedIn,2023-05-07,40981,972,129,1502.408132838146,19880.128641264913,2.371830848441961,11.646574673163922,13.232175869355864
CMP-0011,Google Ads,2023-06-30,6249,283,21,2299.288718108591,3518.6598508389975,4.5287245959353495,109.48993895755196,1.5303253667653658
CMP-0027,Email,2023-09-02,11115,782,75,3321.2433261970277,14755.134656796054,7.035537561853351,44.2832443492937,4.4426539122899324
CMP-0017,Facebook,2023-08-09,78905,1124,134,2327.946062148065,56562.70784775041,1.4244978138267537,17.37273180707511,24.297258758460377
CMP-0045,YouTube,2023-04-23,39963,1338,119,1104.0643674416187,52707.24287078676,3.348096989715487,9.277851827240493,47.7392844340426
CMP-0037,YouTube,2024-03-22,71629,1804,252,3360.4572936036357,72303.9329995298,2.518532996412068,13.335147990490618,21.516099352654955
CMP-0028,YouTube,2024-11-26,58952,3117,250,1611.3325069608668,56215.9689458556,5.2873524223096755,6.445330027843467,34.88787615405619
CMP-0003,Google Ads,2023-12-20,74875,3262,237,3662.58196755436,77406.76656106094,4.3565943238731215,15.45393235255004,21.13448033294072
CMP-0043,Email,2024-05-12,96854,2425,351,3876.740569397808,140107.44175932766,2.503768558861792,11.044844927059282,36.1405255913452
CMP-0049,Organic,2023-11-05,54711,1801,162,1425.0060897202004,27691.158709975578,3.2918425910694373,8.796333887161731,19.4323090334391
CMP-0048,Email,2024-10-06,97850,3547,448,1520.4738652848712,75962.82846552569,3.6249361267245783,3.393914877868016,49.959969848803375
CMP-0039,Organic,2023-11-11,81333,6315,402,2210.3837328523837,71876.91250362774,7.764376083508539,5.498466997145233,32.51784359219581
CMP-0023,Facebook,2023-04-11,7235,248,7,4306.153944811215,2604.1689604105854,3.427781617138908,615.164849258745,0.6047551930995244
CMP-0007,Google Ads,2023-06-08,66673,5276,237,1516.6116722699728,100310.4437906305,7.913248241417066,6.399205368227733,66.14115242861864
CMP-0038,Google Ads,2023-07-31,33345,400,48,4418.535672596247,4341.619856543579,1.199580146948568,92.05282651242182,0.9825924646190591
CMP-0026,LinkedIn,2024-05-29,42587,1318,176,4877.816878743432,62079.46269342014,3.094841148707352,27.714868629224046,12.726894886921697
CMP-0018,Google Ads,2024-05-07,14787,635,87,1283.916385357069,27939.588130574033,4.294312571853656,14.75765960180539,21.761220940259108
CMP-0020,Google Ads,2024-09-24,70324,1105,146,1780.7290010622505,16369.918600651212,1.5712985609464762,12.196773979878428,9.192818554022613
CMP-0048,Organic,2024-07-28,73498,5426,396,3061.046893153617,143486.81061629328,7.3825138098995895,7.729916396852568,46.87507758774229
CMP-0016,Email,2024-03-27,97568,1745,63,2663.697082789977,4731.935345394317,1.7884962282715644,42.28090607603138,1.7764540029596951
CMP-0029,YouTube,2023-09-08,8574,147,3,2795.4977430586755,1200.7036330506787,1.7144856543037088,931.8325810195585,0.4295133616301678
CMP-0008,Email,2024-05-08,69627,3756,133,2873.028337307106,60322.07964646435,5.394459046059718,21.60171682185794,20.995991881863695
CMP-0037,Email,2024-03-25,26535,1816,116,4382.129580435566,35967.381545528246,6.843791219144527,37.77697914168591,8.207740297344934
CMP-0035,YouTube,2023-03-12,45431,2389,210,2785.83853310799,34478.12645674016,5.258523915388171,13.265897776704714,12.376211344264458
CMP-0005,Google Ads,2023-08-10,46666,1856,189,1038.7117448769409,53046.226839547766,3.977199674281061,5.495829337973232,51.06924717196907
CMP-0012,YouTube,2024-03-25,21162,1285,123,1311.2491436645348,54547.214500385955,6.072204895567527,10.660562143614104,41.5994281208401
CMP-0036,YouTube,2024-11-04,83847,1563,133,1131.0629646561492,18268.587855436606,1.864109628251458,8.504232816963528,16.151698381345533
CMP-0023,Organic,2024-07-18,19769,753,22,3187.9096281831985,4172.218410023916,3.8089938793059845,144.9049830992363,1.3087630756966213
CMP-0044,Facebook,2023-03-18,27256,491,29,2004.2090701102463,12673.11876241886,1.8014382154388024,69.1106575900085,6.323251875974069
CMP-0003,LinkedIn,2023-06-13,1410,77,8,1811.63317206318,909.5842242089293,5.460992907801419,226.4541465078975,0.5020796915376906
CMP-0027,Google Ads,2023-05-12,36717,1620,241,2915.8231634978456,31751.61678593948,4.412125173625296,12.098851300820936,10.889417843793373
CMP-0025,Facebook,2023-10-17,9237,435,56,2456.6450342856965,22971.53959602618,4.709321208184476,43.868661326530294,9.350776882874117
CMP-0002,Email,2024-11-18,98927,1437,179,1696.5277799656715,67101.77980704894,1.4525862504675164,9.477808826623862,39.55242030189845
CMP-0040,YouTube,2023-06-23,45388,3098,192,4794.880069813189,72730.1578290538,6.825592667665462,24.973333696943694,15.168295508981814
CMP-0044,LinkedIn,2023-01-31,7205,382,56,2837.0397174120726,4661.157743694788,5.3018736988202635,50.66142352521558,1.642965276477223
CMP-0010,YouTube,2024-11-21,61894,2671,274,2940.4171681877892,76386.86006133653,4.315442530778427,10.731449518933537,25.978239036202666
CMP-0026,Organic,2023-06-16,85087,2795,183,2637.303111187927,17351.497070854974,3.2848731298553244,14.411492410862987,6.57925780212624
CMP-0019,Email,2024-10-20,45316,2385,146,3226.425702317483,13754.61605849087,5.263041751257834,22.09880618025673,4.26311259813334
CMP-0035,YouTube,2024-05-24,60284,885,55,4855.613275527039,12609.280818453222,1.4680512242054276,88.28387773685526,2.5968461866610624
CMP-0009,Instagram,2024-08-26,51549,3963,430,143.32105241748775,151042.7024967384,7.687830995751615,0.333304773063925,1053.876593487172
CMP-0021,YouTube,2024-05-30,6381,448,16,,7104.61250334271,7.020843128036358,253.44633353776618,1.752001203808115
CMP-0004,LinkedIn,2024-09-14,53146,2058,226,4105.56949771244,107576.20924525504,3.872351635118353,18.16623671554177,26.202505962983903
CMP-0049,Instagram,2023-08-06,86756,6329,226,792.6378628387827,12808.104658374557,7.295172668172807,3.5072471807025782,16.158835275043682
CMP-0001,Facebook,2023-02-18,55826,1429,100,4138.625648029857,27598.996861630843,2.559739189624906,41.38625648029857,6.668638144348478
CMP-0041,Facebook,2023-08-02,81555,3027,93,3051.523417283265,39790.43135923053,3.711605664888725,32.81207975573403,13.039530070083972
CMP-0005,Organic,2023-12-13,44733,464,61,4789.1024369381075,14324.066118476352,1.0372655533945856,78.50987601537881,2.990970919309545
CMP-0020,Google Ads,2023-08-26,6721,198,21,309.37395833287167,9121.826988476812,2.9459901800327333,14.73209325394627,29.48479257152653
CMP-0037,YouTube,2023-07-25,6325,268,32,933.2813903535388,15375.425251870827,4.237154150197629,29.165043448548087,16.474586776070208
CMP-0033,Instagram,2023-02-01,78027,3210,369,2795.2944470707084,66259.84290347189,4.113960552116575,7.5753237047986675,23.704065585258114
CMP-0014,LinkedIn,2024-08-04,96936,6337,733,769.8426600828485,171500.08856666475,6.537302962779566,1.0502628377665055,222.77290862032555
CMP-0032,YouTube,2023-01-11,41254,2391,123,127.1832822017909,27482.230362620532,5.795801619236922,1.034010424404804,216.0836698569928
CMP-0013,Instagram,2023-11-06,21330,331,37,4209.589724838262,2060.9831733056203,1.5518049695264884,113.77269526589896,0.4895924087672953
CMP-0038,Google Ads,2024-01-06,34472,567,27,3748.0041187509996,4961.34255208759,1.6448131817126943,138.81496736114812,1.3237292155753895
CMP-0046,LinkedIn,2023-11-26,59228,2257,71,3086.4888702794865,12467.497905177766,3.810697643006686,43.471674229288546,4.039378863546271
CMP-0008,Instagram,2024-12-31,63353,2029,193,4551.52026242356,28366.9696082899,3.202689691095923,23.583006541054715,6.232416417538976
CMP-0001,YouTube,2023-10-07,92235,2647,213,3288.5925473812094,62378.89395327832,2.8698433349596137,15.439401630897697,18.968264707329656
CMP-0017,Instagram,2023-12-08,34457,581,23,2098.2542312729993,4203.6218320638,1.6861595611922107,91.22844483795649,2.003390137101492
CMP-0041,Facebook,2024-05-18,28918,718,44,3996.4911977169804,6554.296286355212,2.4828826336537797,90.82934540265865,1.6400126916579707
CMP-0026,Google Ads,2024-11-09,93508,1555,115,4903.357725535053,55139.310985645396,1.6629593189887497,42.6378932655222,11.245214824628896
CMP-0004,LinkedIn,2024-04-30,1269,54,5,4713.029002690785,1560.1168830960983,4.25531914893617,942.605800538157,0.33102212657834035
CMP-0030,YouTube,2023-09-03,57617,969,40,2389.580761791079,2486.546323024768,1.6817953034694622,59.739519044776976,1.0405784825456201
CMP-0014,Google Ads,2024-02-02,77263,1004,107,4289.92202982358,29486.81197701551,1.2994576964394342,40.09272925068766,6.87350767030797
CMP-0026,Instagram,2023-12-19,61501,4211,150,2206.36615200727,55513.4302299145,6.847043137509959,14.709107680048467,25.16057009821803
CMP-0027,YouTube,2023-07-06,86854,2878,160,943.7879952330169,29580.70725642048,3.3136067423492297,5.898674970206356,31.342533922692184
CMP-0006,Facebook,2024-01-25,66103,4625,135,1663.120171381987,30384.55271375173,6.996656732674765,12.319408676903606,18.26960747430739
CMP-0007,Facebook,2024-04-22,15918,401,50,3215.9938664920887,18753.81406598089,2.5191606985802237,64.31987732984177,5.831420967987416
CMP-0006,LinkedIn,2023-11-06,28280,1500,67,4609.427453817896,28377.34634522708,5.3041018387553045,68.7974246838492,6.1563711826558185
CMP-0002,Facebook,2023-06-09,21596,1174,93,866.4950048526853,29501.437221882665,5.436191887386553,9.31715058981382,34.046863578744194
CMP-0018,Email,2024-04-10,83383,4861,694,4490.801904241097,339282.2863269036,5.829725483611767,6.470896115621177,75.55049043835281
CMP-0041,Organic,2024-12-08,95009,4752,345,591.48171531711,146730.05577275506,5.001631424391373,1.7144397545423478,248.0720062395994
CMP-0013,Instagram,2024-04-17,40373,2745,227,3979.3650832410403,92837.03272701171,6.7990984073514475,17.530242657449516,23.329609318328618
CMP-0002,Google Ads,2023-02-07,62589,2904,312,2053.9884966365607,38781.86613626154,4.6397929348607585,6.58329646357872,18.88124797182042
CMP-0030,Google Ads,2023-04-07,46856,2550,132,2072.7796763203723,25138.260027645134,5.442205907461157,15.702876335760397,12.127801287723415
CMP-0028,Organic,2024-08-14,45466,967,106,1753.1733334708056,25156.450705733907,2.1268640302643735,16.539371070479298,14.349094995604906
CMP-0006,LinkedIn,2023-10-13,70421,5413,720,2509.2748677119694,309515.1217287154,7.686627568480993,3.485103982933291,123.34843253379428
CMP-0007,Email,2024-03-25,86212,5130,732,3296.382506718735,250347.41941944585,5.950447733494177,4.503254790599365,75.94610725823962
CMP-0033,LinkedIn,2023-04-04,26807,1606,79,242.9447600024507,12192.032547327968,5.9909725071809605,3.0752501266133,50.18438161500162
CMP-0042,Organic,2023-10-14,96696,2004,184,1060.5200214940635,89228.2232659016,2.072474559444031,5.763695768989476,84.13629300481912
CMP-0036,LinkedIn,2023-07-28,61147,1324,125,987.7667934199184,43670.95432891091,2.16527384826729,7.902134347359347,44.21180649099384
CMP-0006,Instagram,2024-11-05,29302,1908,99,918.8996820072742,46220.8579752011,6.5115009214388095,9.281814969770446,50.30022197225573
CMP-0028,YouTube,2023-01-06,10819,337,42,3856.900780139411,11226.588476602623,3.11489047046862,91.83097095570027,2.9107796950371196
CMP-0008,Google Ads,2023-09-18,17586,1366,150,1257.9627526150928,18761.434886529736,7.767542363243489,8.386418350767284,14.914141811852435
CMP-0029,Instagram,2024-05-14,18605,823,21,,9751.701016774472,4.423542058586402,17.800968026253994,26.0865990208859
CMP-0024,Facebook,2023-03-18,10978,618,71,,14068.184557006563,5.6294406995809805,9.41749146538319,21.039938840742966
CMP-0020,Organic,2023-08-30,34105,1927,143,1937.490302846829,43417.46556898659,5.650197918193813,13.548883236691113,22.40912664450069
CMP-0001,Organic,2023-03-22,85574,4736,666,366.0802695020589,321248.03540550865,5.534391287073177,0.5496700743274158,877.5344157238222
CMP-0031,YouTube,2023-03-07,43589,2050,230,3088.3278789878864,48075.51702661224,4.703021404482782,13.427512517338636,15.566843583449971
CMP-0007,Google Ads,2024-02-06,95819,4580,577,,189454.10986630915,4.7798453333889945,5.999842603696285,54.72532636995645
CMP-0022,Email,2023-07-12,71118,3677,438,1582.4658409318902,77585.03870269944,5.170280379088276,3.61293570989016,49.027938989830446
CMP-0034,Instagram,2023-05-23,77852,5137,693,2754.020022406485,257640.09034128298,6.59841751014746,3.9740548663874247,93.55055092016178
CMP-0029,LinkedIn,2024-11-14,75552,3353,339,1887.7863110615447,150860.51788111308,4.4380029648454045,5.568691183072403,79.91398019846898
CMP-0010,Email,2023-07-08,21294,282,13,1048.2132932804986,2536.1380456102947,1.3243167089320935,80.63179179080758,2.4194866272618736
CMP-0033,Email,2024-05-15,66290,3581,447,2961.3248951061064,180520.2717112926,5.402021421028813,6.624887908514779,60.95929291974038
CMP-0049,Instagram,2024-05-28,92441,5177,674,3652.0288018165948,65069.04788861001,5.600328858406984,5.41844035877833,17.81723294631283
CMP-0041,Instagram,2023-12-06,27738,1618,104,3420.8818265756436,15858.11387697015,5.8331530752036915,32.893094486304264,4.6356801201883
CMP-0007,Organic,2023-05-18,51282,2229,80,4654.192860892064,32519.129221265124,4.346554346554346,58.1774107611508,6.987060956264759
CMP-0047,Organic,2023-06-17,35491,2510,214,3481.698839907715,44031.41249207786,7.0722154912513036,16.269620747232313,12.646531051848513
CMP-0047,Instagram,2023-10-17,94989,2391,239,4654.466051716521,92927.8160226073,2.5171335628335916,19.474753354462432,19.965301065701496
CMP-0039,Instagram,2024-06-19,5944,264,5,4405.493465070266,792.5512487812543,4.441453566621804,881.0986930140532,0.17990067516048702
CMP-0045,Email,2024-05-17,74446,1749,220,264.98729503520417,75980.42786790889,2.349353894097735,1.2044877047054734,286.73234261217965
CMP-0004,Organic,2024-12-18,75415,1686,100,334.00505974862676,15512.158247410438,2.235629516674402,3.3400505974862678,46.442884006263064
CMP-0038,Facebook,2023-10-15,4880,271,27,,6244.458648384165,5.553278688524591,158.2727349295087,1.4612513414863024
CMP-0026,LinkedIn,2023-10-29,86654,4732,113,2055.992501394495,33216.210193586165,5.460798116647818,18.19462390614597,16.15580318072998
CMP-0041,Organic,2023-10-03,75304,1656,76,2386.09547593929,6228.747943861505,2.1990863699139487,31.39599310446434,2.610435335329383
CMP-0033,Instagram,2024-12-14,11896,718,34,672.9810833679884,2981.5456054564575,6.035642232683255,19.793561275529072,4.430355739770679
CMP-0046,LinkedIn,2024-09-01,85800,5496,472,778.682352634174,213968.15611180608,6.405594405594406,1.6497507471063009,274.7823363249232
CMP-0001,Email,2023-07-23,77407,5602,285,515.0358107856747,70414.14920641974,7.237071582673401,1.8071431957392095,136.71699662787458
CMP-0042,YouTube,2024-01-23,89453,6349,707,4724.553642268849,216521.16802117,7.0975819704202205,6.6825369763350055,45.82891515592806
CMP-0043,Facebook,2024-02-01,63468,1098,94,3908.087540187016,39627.846524457156,1.7300056721497445,41.57539936369166,10.139958769337296
CMP-0026,Facebook,2023-03-05,28416,1657,46,3655.7702588428774,4383.676997811876,5.831221846846847,79.47326649658429,1.199111729520825
CMP-0024,LinkedIn,2024-12-09,85073,3174,285,1342.82774056824,64013.10574667439,3.7309134508010766,4.711676282695579,47.670377824922035
CMP-0002,YouTube,2023-10-01,47556,3372,132,2725.3476352954053,22953.704488496835,7.090587938430481,20.64657299466216,8.422303338931235
CMP-0011,LinkedIn,2024-07-13,87360,1897,224,3251.246045568633,15577.365187108488,2.171474358974359,14.514491274859967,4.791198503213883
CMP-0029,LinkedIn,2023-05-01,77027,2333,337,1112.838916731503,163985.14002588094,3.028808080283537,3.302192631250751,147.35748144710684
CMP-0047,Google Ads,2023-07-11,44185,2901,87,2049.3965183378405,26109.927358541026,6.565576553128889,23.556281819975176,12.740300437183059
CMP-0030,Email,2023-03-13,31253,2219,114,1281.2147406315512,24591.96634874276,7.100118388634691,11.238725795013607,19.194258049685413
CMP-0025,Google Ads,2023-07-22,19472,1529,193,983.4022533618237,27112.702148125358,7.852300739523418,5.095348463014631,27.57030712044725
CMP-0007,LinkedIn,2024-05-29,91321,6553,401,2734.0246540597714,79424.44550200446,7.175786511317221,6.8180165936652655,29.050376478524644
CMP-0035,Organic,2024-07-25,82066,1083,112,641.0807296015856,38708.92589205681,1.319669534277289,5.723935085728443,60.380735381195066
CMP-0007,YouTube,2023-08-08,63117,3457,333,3926.069257365875,149877.78916154496,5.477129774862557,11.789997769867492,38.17502426386201
CMP-0039,Email,2023-02-17,79887,4467,632,4854.657431384888,268121.4954923008,5.59164820308686,7.6814199863684935,55.22974571983625
CMP-0008,Organic,2024-03-29,23962,492,32,4882.803633750679,3562.6775842780726,2.0532509807194725,152.58761355470872,0.7296376941420099
CMP-0033,Instagram,2023-11-29,86055,1063,86,1135.3916764742041,27785.120393573652,1.2352565219917495,13.202228796211676,24.47183731331936
CMP-0028,LinkedIn,2023-12-05,69337,1656,78,1058.3861210187736,12568.710140462888,2.3883352322713702,13.56905283357402,11.875354268973776
CMP-0030,Facebook,2023-02-07,33320,1562,124,4682.45974250715,12459.753020444043,4.687875150060024,37.76177211699314,2.6609418351929413
CMP-0002,LinkedIn,2024-12-24,81148,1855,250,3710.3392123902217,81513.40275278635,2.285946665352196,14.841356849560887,21.96925889702547
CMP-0006,Organic,2023-06-12,35526,2216,191,2588.047847902767,64938.24706631652,6.237685075719192,13.549988732475219,25.091594469143775
CMP-0049,Google Ads,2024-05-30,71552,3576,428,4069.2658604460116,85364.58851897749,4.997763864042934,9.507630515060775,20.97788432767111
CMP-0005,Facebook,2023-09-10,29498,1927,61,1916.2367960623033,15522.18827736703,6.532646281103803,31.41371796823448,8.10034976327756
CMP-0044,Facebook,2023-10-18,59553,1023,29,1323.208266764793,12326.071403502203,1.7177975920608533,45.62787126775149,9.315292016455656
CMP-0008,YouTube,2023-06-04,74620,1963,279,1768.042713719681,108996.02118442912,2.6306620209059233,6.33707065849348,61.64784387766221
CMP-0021,Instagram,2024-08-02,80724,1075,156,1429.3314568599953,11545.181209971292,1.3316981319062484,9.162381133717918,8.077329547713267
CMP-0028,Google Ads,2023-04-08,91538,5048,611,2849.165865338865,252098.79894031706,5.514649653695733,4.663119255873756,88.48161562202829
CMP-0047,Facebook,2023-09-03,73505,2933,115,3348.38362024128,51707.32789554589,3.9902047479763283,29.11637930644591,15.442474268172393
CMP-0020,Email,2024-01-10,64102,1068,38,4091.801422318975,9274.730630758999,1.6660946616330223,107.67898479786776,2.2666619597347584
CMP-0050,Organic,2023-07-14,27989,368,14,4753.036633480062,5947.730296050564,1.3148022437386115,339.5026166771473,1.251353767011843
CMP-0026,Email,2023-04-13,11913,815,24,3767.404252411123,7290.446214265967,6.841265844035928,156.97517718379677,1.9351377568786552
CMP-0037,YouTube,2023-02-28,91113,3294,288,2736.492722366008,123089.48543689639,3.61529090250568,9.501710841548638,44.98074649746248
CMP-0038,Email,2024-05-17,31744,2278,274,4680.180717099921,100913.49030120723,7.176159274193548,17.080951522262485,21.561878995932958
CMP-0030,YouTube,2024-03-12,93393,5066,488,2771.263890929524,141794.71854158936,5.424389408199758,5.678819448626074,51.166083102258895
CMP-0031,Instagram,2024-08-04,59717,3606,343,998.7544333810692,163460.2717317309,6.038481504429225,2.911820505484167,163.66412630417184
CMP-0027,LinkedIn,2023-03-26,59334,3404,187,3763.0270315042294,42026.22343439758,5.737014190851788,20.12313920590497,11.168195998208935
CMP-0037,Organic,2024-12-20,17547,809,28,4803.289574463525,2920.51619706957,4.61047472502422,171.54605623084018,0.608024178387321
CMP-0017,YouTube,2024-05-23,51759,683,30,1300.773702683304,4031.1858877009545,1.319577271585618,43.3591234227768,3.099067792795329
CMP-0006,Facebook,2024-01-10,27334,623,88,3937.7831142112627,40879.88102264644,2.2792127021292163,44.74753538876435,10.38144555882547
CMP-0003,Organic,2024-08-09,53794,3696,85,2513.42446140355,5540.22463387748,6.870654719857233,29.56969954592412,2.2042534872059374
CMP-0016,LinkedIn,2023-03-03,13448,841,80,2829.734420051572,20689.796000736038,6.253718024985128,35.37168025064465,7.311568129548696
CMP-0003,Email,2023-04-19,48510,676,32,804.5218772056689,8358.244931568592,1.3935271078128222,25.141308662677154,10.3890834648265
CMP-0006,Google Ads,2024-02-22,49735,1975,284,2718.3722007682554,64944.165221169955,3.9710465466974965,9.571733101296674,23.890828931673042
CMP-0047,Instagram,2023-07-22,5395,359,27,4286.5601614841535,10580.619849363402,6.654309545875811,158.76148746237607,2.4683241225523895
CMP-0031,LinkedIn,2023-12-03,28709,1500,178,2191.1847832651047,22832.873621116345,5.224842383921419,12.310026872275868,10.42033232226671
CMP-0019,LinkedIn,2023-06-27,47576,3447,102,3011.1873670892574,15733.798205318648,7.2452497057339835,29.521444775384875,5.225114311145511
CMP-0036,Instagram,2023-02-10,60560,2298,199,4469.5421107025895,51091.19680845101,3.794583883751651,22.460010606545676,11.430968887419148
CMP-0026,Google Ads,2024-01-30,79828,2838,224,4758.916516457531,35572.24300033466,3.5551435586510998,21.24516301989969,7.474861741599562
CMP-0043,Facebook,2023-07-08,2418,108,9,2711.490526822934,1428.711111354671,4.466501240694789,301.2767252025482,0.5269098664448215
CMP-0046,YouTube,2024-05-30,31083,1732,40,3659.782117553391,7826.123491113565,5.572177717723514,91.49455293883477,2.1384124080986067
CMP-0014,Email,2024-02-28,83735,5250,207,3282.7008192285384,63692.91945962786,6.26977966202902,15.858458063905983,19.402596510332067
CMP-0032,LinkedIn,2024-01-12,85953,6690,545,245.34471329849356,174172.91842710483,7.7833234442078805,0.45017378586879553,709.9110312403633
CMP-0044,YouTube,2024-05-23,72529,3723,539,4047.7684333260668,49777.30222313795,5.133119166126653,7.509774458860977,12.297467862368736
CMP-0012,Email,2024-07-05,52369,531,49,4872.518938826944,10214.295043056409,1.0139586396532299,99.4391620168764,2.0963068940919283
CMP-0023,Instagram,2023-01-17,26735,1978,128,1661.3760307576758,31853.49088712543,7.398541238077426,12.979500240294342,19.172956812551668
CMP-0030,Organic,2023-04-24,10717,733,32,1381.595885728906,8495.086527539093,6.839600634505925,43.174871429028315,6.148749149652565
CMP-0020,Email,2024-12-22,63111,994,92,1639.944754375322,24427.05117248869,1.5750027728922058,17.825486460601326,14.895045157660386
CMP-0038,Organic,2023-03-23,95666,1733,188,1540.8751468967184,28848.694238895572,1.8115108816089311,8.1961443983868,18.722278892612472
CMP-0036,Email,2024-11-24,71370,5148,562,969.1499743560472,198214.56083339633,7.213114754098362,1.7244661465410092,204.5241356634201
CMP-0007,LinkedIn,2023-06-12,98301,4621,546,3681.9731362416474,34539.57654591464,4.700867742952767,6.7435405425671195,9.380724754871709
CMP-0006,Instagram,2023-06-07,61635,3562,516,4538.443243260551,143420.4433844395,5.779183905248641,8.795432641977811,31.60124203324884
CMP-0039,YouTube,2023-08-31,63180,1910,95,4985.849165212012,11489.612490330032,3.0231085786641345,52.48262279170539,2.304444460634112
CMP-0034,Organic,2023-06-02,28006,832,46,3062.5656005119395,20800.918124569656,2.970791973148611,66.57751305460738,6.791991042115986
CMP-0015,YouTube,2024-11-15,7271,496,29,2987.621989422408,10046.719510526698,6.821620134782011,103.02144791111752,3.362781351220746
CMP-0007,Instagram,2023-03-07,52672,2555,267,4171.630575565166,97242.43635542561,4.850774605103281,15.624084552678523,23.310414139979635
CMP-0047,Google Ads,2023-10-23,41041,989,58,3463.963019828361,12930.459767578423,2.409785336614605,59.723500341868295,3.7328515615097775
CMP-0042,LinkedIn,2024-07-08,45052,1345,28,493.3630608368458,6409.037498968203,2.985439048210956,17.620109315601635,12.99050943963488
CMP-0029,Google Ads,2023-12-25,15945,451,31,2516.64693780126,9758.293635395139,2.828472875509564,81.1821592839116,3.877498066503023
CMP-0050,LinkedIn,2023-04-03,40442,2380,313,753.3188182456478,56526.51015042508,5.884971069680035,2.4067693873662868,75.03663625723006
CMP-0010,Facebook,2023-01-07,40344,2605,226,673.6377718476201,58243.93398417196,6.456970057505453,2.980698105520443,86.46179952828862
CMP-0028,LinkedIn,2024-04-04,73578,1446,165,3321.1746980607145,43039.891223730134,1.9652613552964202,20.128331503398268,12.959237359257793
CMP-0005,Instagram,2024-01-12,79137,1092,104,2136.4634813489147,39086.41383705326,1.3798855149929867,20.542918089893412,18.294913148889858
CMP-0044,Instagram,2024-02-12,10694,538,67,125.19846395826117,14875.853880828085,5.030858425285207,1.8686337904218084,118.81818203286757
CMP-0022,Google Ads,2023-09-24,89291,3954,362,4645.522822044023,93174.74577844773,4.4282178495033095,12.832935972497301,20.056891193454728
CMP-0043,LinkedIn,2024-03-28,13277,314,28,1274.3070386618776,2372.8139841289544,2.364992091586955,45.51096566649563,1.8620425942405492
CMP-0025,Instagram,2023-12-14,28149,1917,51,3221.1016297152764,21334.9419422198,6.81018863902803,63.15885548461326,6.623492331133205
CMP-0003,Instagram,2024-03-23,40105,589,71,816.2899839843806,31230.185891225115,1.468644807380626,11.497042027949021,38.258690543754966
CMP-0004,Instagram,2024-12-19,58906,3205,479,2134.1359478742133,220870.17238302293,5.440871897599566,4.455398638568295,103.49395623227704
CMP-0030,Facebook,2023-08-11,87452,2944,435,2169.2076732156193,185097.1605979948,3.3664181493848053,4.986684306242803,85.32938680030021
CMP-0025,Organic,2023-10-18,72274,3145,420,2457.082556442659,21307.77354891662,4.3514956969311225,5.850196562958712,8.671981123729848
CMP-0031,Instagram,2024-07-22,45179,859,35,1245.4939493406828,4810.39223893042,1.9013258372252595,35.58554140973379,3.862236537942925
CMP-0016,Google Ads,2024-09-19,52309,2372,178,3911.3095738815773,53930.363930569496,4.534592517540003,21.973649291469535,13.788313840126209
CMP-0009,Email,2023-01-12,11830,509,33,1195.4712345128673,9859.887664680096,4.30262045646661,36.22640104584446,8.247699635113195
CMP-0031,YouTube,2024-03-08,10231,670,29,928.6792280833815,12218.033622001365,6.548724464861695,32.02342165804764,13.156355017455358
CMP-0031,Google Ads,2024-12-17,32779,1081,63,4716.373001342729,19530.97677300285,3.2978431312730714,74.86306351337666,4.141100961998229
CMP-0020,Organic,2024-12-30,54307,1514,34,1678.011595422719,11201.733919019187,2.78785423610216,49.353282218315265,6.675599828734964
CMP-0028,Facebook,2023-07-24,15673,722,101,2819.6487989165134,6317.812215316998,4.60664837618835,27.91731484075756,2.240637989293099
CMP-0021,Google Ads,2023-04-28,26574,359,51,2484.3040061339725,24765.77670726573,1.3509445322495672,48.71184325752887,9.968899396417175
CMP-0042,YouTube,2024-12-24,70969,1961,76,1209.1910059722713,12783.6396175533,2.7631782891121475,15.91040797331936,10.572059794039228
CMP-0049,Email,2023-06-11,16746,831,55,352.56779302811105,5375.891067217967,4.962379075600143,6.410323509602019,15.2478223295607
CMP-0042,Organic,2023-06-21,41958,3012,122,3256.5569542428857,12305.78068273768,7.178607178607178,26.69308978887611,3.778770295021185
CMP-0011,Instagram,2024-07-13,59711,669,58,2554.395968336129,5787.913910007992,1.1203965768451374,44.04130979889878,2.265864017072536
CMP-0036,Instagram,2023-12-17,15834,902,105,1185.2036056592524,28222.569546145347,5.6966022483263865,11.287653387230975,23.812422955334288
CMP-0035,Google Ads,2024-08-31,34017,1912,45,3373.6886305217413,6139.755965126639,5.620719052238587,74.9708584560387,1.8198940796077927
CMP-0050,Instagram,2024-11-20,92535,2780,229,1969.2432497218354,97009.37577644065,3.0042686551034743,8.599315500968713,49.26226142460748
CMP-0012,LinkedIn,2024-04-16,93306,6751,558,4398.463095670221,242771.44321646154,7.235333204724241,7.882550350663479,55.19460728349454
CMP-0008,YouTube,2023-03-19,89775,3329,421,2216.163684430994,110107.68041505154,3.7081592871066555,5.264046756368157,49.683911521780026
CMP-0016,Google Ads,2023-12-22,74536,4185,282,1394.9391273426222,117448.1539447024,5.614736503166255,4.946592650151143,84.1958990486149
CMP-0008,Organic,2024-04-04,48075,2253,217,1064.764285022159,39560.50618365198,4.686427457098284,4.906747857244972,37.15423849216419
CMP-0028,LinkedIn,2024-05-27,58151,3931,569,,47375.29644597398,6.75998693057729,4.689688750059578,17.753977050561996
CMP-0036,Facebook,2023-09-01,85861,5925,142,1135.2758479400704,56938.70470020795,6.90068832182248,7.99490033760613,50.154070311212735
CMP-0050,Instagram,2024-01-04,35027,1960,75,3625.8584283837868,36700.59151702805,5.5956833300025695,48.34477904511716,10.121904161985498
CMP-0005,Facebook,2023-12-31,45237,2347,233,2477.509134672744,49865.13999577019,5.188230872957977,10.633086414904481,20.12712659578424
CMP-0013,Facebook,2024-04-14,6268,208,15,1774.8798860478867,5923.987552875958,3.318442884492661,118.32532573652578,3.337683636759703
CMP-0023,Email,2023-05-23,98745,2008,64,546.2063693794605,7354.970505677873,2.033520684591625,8.53447452155407,13.465552432194777
CMP-0015,Instagram,2023-03-23,86001,4532,585,4542.110624236955,192560.11857173784,5.26970616620737,7.764291665362316,42.39441407354245
CMP-0043,Email,2024-08-29,27244,865,95,1557.9540312000818,31287.324843477963,3.175011011598884,16.399516117895597,20.082315791678102
CMP-0019,Google Ads,2023-08-17,79150,3058,372,2641.2782992318143,86484.36348760765,3.863550221099179,7.100210481805952,32.74337411273952
CMP-0033,Google Ads,2024-09-17,78321,4377,444,508.27354951130104,156997.71949367056,5.588539472172214,1.1447602466470743,308.8842998905255
CMP-0050,Organic,2024-04-30,77805,5845,780,1856.3989886821146,74283.88716404533,7.512370670265407,2.3799987034386083,40.01504397326814
CMP-0036,LinkedIn,2024-06-06,44036,3423,160,1728.3616389155927,50361.59124385692,7.773185575438278,10.802260243222454,29.138341253312444
CMP-0021,Google Ads,2024-11-04,36215,1453,58,4058.6893985590004,23315.181634116696,4.012149661742372,69.97740342343104,5.744509950033263
CMP-0020,Organic,2024-01-07,79602,3108,113,2545.259851627947,26450.020783450003,3.9044245119469365,22.524423465734042,10.39187443534796
CMP-0016,Organic,2024-05-28,39049,1691,168,2101.4266386885,11076.0237488054,4.330456605802965,12.508491896955357,5.270716352828735
CMP-0036,Instagram,2023-07-03,50530,3954,104,2503.587820996311,39329.8068295614,7.825054423114981,24.072959817272224,15.709377757681363
CMP-0033,Facebook,2024-06-25,24881,1911,53,828.5932913070138,21921.35648125944,7.68055946304409,15.633835685037997,26.456111473797883
CMP-0025,YouTube,2024-01-24,66290,685,97,2326.453876598345,25043.655154885942,1.0333383617438527,23.98406058348809,10.764733144636356
CMP-0017,Organic,2024-04-18,84562,4331,481,2923.135815840423,127752.68129057344,5.121685863626689,6.077205438337678,43.7039841249537
CMP-0002,Organic,2024-08-22,85498,1890,165,2695.9914946497884,40720.0638790099,2.210578025216964,16.3393423918169,15.103928910688001
CMP-0033,YouTube,2024-02-28,68682,4360,167,3774.333078783805,36423.820016235855,6.348097026877493,22.60079687894494,9.650398959482564
CMP-0016,LinkedIn,2024-04-17,43243,438,12,2405.17749695721,1586.529644838256,1.012880697453923,200.4314580797675,0.659631003052945
CMP-0037,Instagram,2023-08-12,53587,3521,127,4066.29307253738,14720.649006871072,6.570623472110773,32.01805568927071,3.6201642981147297
CMP-0013,Email,2023-11-25,37537,1271,56,1068.9480882938637,27615.269465639387,3.3859924874124196,19.088358719533282,25.834060388952857
CMP-0042,Email,2023-12-17,77535,3396,128,1432.5310050301932,60304.81269656404,4.3799574385761275,11.191648476798385,42.09668934550775
CMP-0047,LinkedIn,2023-10-09,93504,4919,255,4503.182507270182,80124.93868012504,5.260737508555784,17.659539244196793,17.79295832464418
CMP-0010,Facebook,2023-08-22,45497,1636,137,799.000404011465,68024.37574131804,3.595841484053894,5.832119737309963,85.13684774099558
CMP-0005,Instagram,2023-10-27,73478,5146,657,1399.2405986315057,56270.2182922387,7.003456817006451,2.1297421592564776,40.214826776233096
CMP-0038,YouTube,2023-02-12,8523,483,49,3520.3492358472813,12005.297047269733,5.667018655403027,71.84386195606696,3.410257404299913
CMP-0035,Google Ads,2024-04-19,95605,3782,367,612.015095194234,143926.82364882148,3.955860049160609,1.6676160631995478,235.168747926297
CMP-0012,Facebook,2024-01-06,97356,7042,734,765.2896569389541,97179.37747437964,7.23324705205637,1.0426289604072945,126.9837852808345
CMP-0034,Google Ads,2023-07-14,77677,5438,434,1529.7366670644471,175697.9942540163,7.000785303242917,3.5247388642037953,114.85505841419058
CMP-0047,Email,2024-12-31,15142,1116,147,579.2258979986849,18708.44209578804,7.370228503500198,3.9403122312835706,32.299042843955355
CMP-0032,Facebook,2024-05-05,74381,4629,170,1029.5121247563611,44005.61214060568,6.223363493365241,6.0559536750374185,42.744141698204686
CMP-0033,Google Ads,2024-09-16,32452,2362,200,2573.3998864201994,28998.30581063302,7.278442006655984,12.866999432100997,11.268480255889003
CMP-0027,Facebook,2023-08-07,58714,3990,97,3688.781309357189,12893.348553761376,6.7956535068297175,38.028673292342155,3.4952867824002785
CMP-0044,LinkedIn,2023-10-30,60337,2679,153,4208.683450548473,53381.39395333684,4.440061653711653,27.50773497090505,12.683632442439977
CMP-0037,Instagram,2024-02-02,35308,525,72,3884.3973953132477,33207.9235618912,1.486915146708961,53.94996382379511,8.549054121485742
CMP-0039,YouTube,2023-04-03,50876,3859,487,1708.7803527324475,98627.42244681007,7.585108892208507,3.5087892253233006,57.71802226605579
CMP-0030,Instagram,2024-05-10,31989,426,47,2072.9124681960748,16815.878775574412,1.3317077745475006,44.10452059991648,8.1121991562954
CMP-0033,Instagram,2024-12-16,51478,1805,192,2988.399643849397,36948.68628396233,3.5063522281362913,15.564581478382275,12.364037842130191
CMP-0003,Google Ads,2023-07-29,9155,527,60,2186.451311872375,6042.201102654463,5.756417258328781,36.440855197872914,2.763473885672855
CMP-0047,LinkedIn,2024-03-14,67457,1518,57,4245.6802693086165,8917.57108850315,2.2503224276205582,74.48561875980029,2.1003868692060794
CMP-0009,Facebook,2023-02-27,24932,1554,86,223.555258753833,14475.29940472991,6.232953633884165,2.5994797529515465,64.75043121517142
CMP-0028,YouTube,2023-08-05,40601,2383,197,4487.630546372786,97754.6537546997,5.869313563705327,22.77985048920196,21.78313315781126
CMP-0013,LinkedIn,2023-01-30,67700,3087,201,2289.4573665495873,99623.74885152064,4.559822747415066,11.39033515696312,43.514131473722244
CMP-0026,LinkedIn,2023-02-07,64028,4972,745,3819.9638553895793,199946.9488573709,7.7653526582120325,5.127468262267891,52.342628471540685
CMP-0012,LinkedIn,2023-12-15,69573,3244,212,896.2243432658938,88099.38335667462,4.66272835726503,4.227473317291952,98.3005918313213
CMP-0039,Instagram,2023-12-20,19080,664,80,3106.405228676686,19325.435946187496,3.4800838574423483,38.830065358458576,6.221157422665053
CMP-0017,YouTube,2023-05-25,70823,2676,126,4421.851752041385,36482.05771578413,3.7784335597193004,35.09406152413798,8.250402718485956
CMP-0023,Facebook,2023-09-10,37050,2477,368,1958.0368645922142,45702.82600303934,6.685560053981107,5.320752349435365,23.341146854534596
CMP-0041,YouTube,2024-05-26,93128,5334,220,2204.131917887148,66792.7955382482,5.727600721587493,10.018781444941583,30.30344735548991
CMP-0038,YouTube,2024-07-28,56692,3279,387,2761.6783314982627,85847.27910260676,5.783884851478162,7.136119719633753,31.085184006941528
CMP-0002,YouTube,2023-11-24,88256,1112,46,2816.953603183752,15589.507467679297,1.2599709934735315,61.238121808342434,5.534172607621178
CMP-0016,Google Ads,2024-10-09,2666,136,8,205.10216760488942,3095.9243854139904,5.101275318829708,25.637770950611177,15.094547373960502
CMP-0036,Organic,2024-11-19,65874,2728,315,788.4723510587755,93095.30465446359,4.141239335701491,2.5030868287580175,118.07047454416563
CMP-0006,LinkedIn,2024-09-05,98515,3680,520,2038.240204024316,130547.01661710576,3.7354717555702175,3.9196927000467614,64.0488870543093
CMP-0021,LinkedIn,2024-10-08,46251,2153,66,2347.7922107750455,23004.26660011426,4.655034485740849,35.572609254167354,9.798254928412156
CMP-0036,LinkedIn,2023-06-03,5312,141,16,3938.376787524436,6571.304609112947,2.654367469879518,246.14854922027726,1.6685312156848007
CMP-0014,Google Ads,2024-04-14,12451,852,32,4626.089552107863,13210.362055590876,6.84282386956871,144.5652985033707,2.855621774457785
CMP-0019,Instagram,2023-12-17,36569,778,92,1933.656592852842,5720.354876126435,2.1274850283026607,21.01800644405263,2.9583096074400905
CMP-0043,Organic,2024-09-13,94685,6391,390,349.67165630732666,108225.4692958838,6.749749168294872,0.8965939905316068,309.5059818081576
CMP-0033,Facebook,2023-02-18,93006,1508,110,4187.009181875284,16814.964953336104,1.6214007698428057,38.06371983522986,4.015984733476269
CMP-0045,Instagram,2023-04-10,36463,621,21,666.7593421598139,1165.7884054841663,1.7030962893892438,31.750444864753042,1.748439551979673
CMP-0044,Facebook,2023-07-05,48604,3648,326,1779.1322181388591,126842.31382586267,7.505555098345814,5.457460791836991,71.29448420564928
CMP-0002,LinkedIn,2023-07-13,41803,3157,278,2231.615598590615,74843.3762675314,7.5520895629500275,8.027394239534585,33.537754582285146
CMP-0035,LinkedIn,2023-03-02,28888,506,48,4187.694538555629,14509.938739361236,1.7515923566878981,87.24363621990894,3.4648990287543358
CMP-0029,Organic,2024-07-03,93484,1474,188,4823.837186744884,57860.38646601627,1.5767404047751485,25.65870844013236,11.994680629977967
CMP-0006,Instagram,2024-09-06,7797,399,14,3245.5179656286377,3212.315178820606,5.117352828010773,231.82271183061698,0.9897696493565394
CMP-0012,Google Ads,2024-06-22,36380,886,68,4965.592715066257,16578.381834230906,2.4354040681693236,73.02342228038614,3.3386511511364856
CMP-0008,LinkedIn,2024-09-03,29663,1842,203,4299.115181872634,11997.021202186728,6.209756262009911,21.177907299865193,2.7905791528388395
CMP-0031,YouTube,2024-05-08,50923,2546,103,3289.20151435943,10603.73768761808,4.9997054376215075,31.933995285043007,3.223802993318016
CMP-0022,Facebook,2024-11-01,66147,2746,299,3412.454029435274,65525.88800203209,4.151359850030992,11.412889730552756,19.201984096142077
CMP-0024,Organic,2024-04-01,94630,7347,297,3470.395844887547,83252.01815232154,7.763922646095319,11.684834494570865,23.98919946696144
CMP-0019,LinkedIn,2023-09-29,46522,1876,99,861.401906494366,17726.140843234098,4.03250075233223,8.701029358528949,20.57824658802289
CMP-0006,Instagram,2024-04-23,64183,2451,61,1667.9039869861801,25259.22975167683,3.81876820965053,27.342688311248853,15.14429484476442
CMP-0017,Email,2023-01-14,77818,2489,91,816.1234368259917,14927.791340762356,3.1984887815158443,8.968389415670238,18.291095031921206
CMP-0033,LinkedIn,2024-01-28,33839,2326,56,3381.330995337433,9790.774214962217,6.873725582907296,60.380910631025586,2.8955385404335927
CMP-0013,Google Ads,2024-03-17,79601,1894,218,319.94264892871297,65203.89264393165,2.379367093378224,1.4676268299482247,203.79868974098497
CMP-0046,Instagram,2024-06-25,37673,1187,53,2225.2402226876247,14130.123258361444,3.1507976534918907,41.98566457901179,6.349931622795857
CMP-0041,YouTube,2024-09-08,59937,2566,99,1246.909785666342,39967.63459272241,4.281161886647647,12.59504834006406,32.053349049116584
CMP-0043,Instagram,2024-09-17,95708,1785,130,1345.527466367423,48897.48006241256,1.8650478538889121,10.350211279749407,36.3407520728084
CMP-0015,Instagram,2023-08-25,84499,2921,363,281.8749096543425,169134.08778786432,3.456845643143706,0.7765149026290427,600.0324328095396
CMP-0027,Google Ads,2023-03-01,67272,3153,165,1999.4294386938373,80568.46737958603,4.686942561541206,12.117754173902044,40.2957292817589
CMP-0016,Email,2024-03-28,6590,468,62,1751.3441058021522,5575.065724223252,7.101669195751138,28.247485577454068,3.183306870279359
CMP-0020,Email,2024-04-06,2413,80,3,1413.3068556080057,633.165886390491,3.3153750518027354,471.10228520266855,0.44800312393454184
CMP-0007,LinkedIn,2023-09-21,85519,921,20,2592.685393882639,7000.92857734929,1.0769536594207134,129.63426969413194,2.7002615102733887
CMP-0020,Instagram,2024-02-14,21310,1116,145,3998.363161344768,64936.14132386174,5.236977944626936,27.574918354101847,16.240681174648927
CMP-0044,Email,2023-01-30,58098,3760,196,4466.311482682675,73468.21495346283,6.4718234706874584,22.787303483074872,16.449415863251524
CMP-0010,YouTube,2023-02-27,10688,238,33,226.60755354482453,7616.627684962559,2.2267964071856285,6.8668955619643794,33.61153485757895
CMP-0003,YouTube,2023-12-04,43368,1808,167,1561.800770537946,65711.81180126747,4.1689725142962555,9.35210042238291,42.07438812994933
CMP-0014,Facebook,2023-04-30,31772,2193,214,3043.446288400994,50458.791571553214,6.902303915397205,14.221711628042028,16.579491402184043
CMP-0028,Instagram,2023-01-12,34391,1845,236,1969.319332263846,71220.28084661279,5.364775668052689,8.344573441795959,36.164922407348215
CMP-0045,Google Ads,2024-04-23,27401,1885,260,1175.2010339188234,62807.98308363361,6.879310974052041,4.52000397661086,53.44445866780274
CMP-0037,Organic,2024-01-31,53010,3693,358,4549.003386474287,57141.17482847135,6.966610073571024,12.706713370039909,12.56125132779
CMP-0024,Email,2024-07-30,65220,2494,252,2550.6991362358035,108016.97259970193,3.823980374118369,10.121821969189696,42.34798650502861
CMP-0005,Instagram,2024-07-31,92085,4960,117,865.7798376075659,25369.593827147222,5.386327849269697,7.399827671859538,29.30259255892554
CMP-0029,LinkedIn,2024-01-08,51631,2084,237,258.5418898658737,40330.80677410309,4.036334760124731,1.0908940500669777,155.99331618959656
CMP-0044,Google Ads,2024-07-31,55914,1449,126,861.3067657515345,60485.68054843193,2.59147977250778,6.835767982155036,70.22547941517104
CMP-0001,Organic,2023-04-13,98557,6031,703,776.4358284476255,241791.41882898862,6.119301520947269,1.104460637905584,311.41198019212567
CMP-0031,Instagram,2024-08-11,3093,189,18,879.2382605181733,2606.443883056415,6.110572259941804,48.846570028787404,2.9644341017647755
CMP-0039,Organic,2023-08-13,28620,316,45,2950.2004645941893,11792.512198330225,1.1041229909154437,65.56001032431531,3.99719013668867
CMP-0034,Facebook,2024-04-18,48034,1654,78,2190.383092643648,36668.17891814871,3.4433942623974687,28.081834521072413,16.740532302909916
CMP-0038,LinkedIn,2024-05-30,74380,3103,335,2514.113423990957,75907.37691277235,4.17182038182307,7.504816191017782,30.192502927045897
CMP-0023,LinkedIn,2024-11-30,81293,6440,370,4753.632205029864,176745.30804630448,7.921961300480976,12.847654608188822,37.18110708255649
CMP-0002,YouTube,2024-05-27,67188,2485,244,3147.097208884801,86584.19624152608,3.6985771268678933,12.897939380675414,27.512399679642524
CMP-0017,LinkedIn,2023-02-26,25727,859,40,4981.447337881082,5398.936050899338,3.3389046526994988,124.53618344702704,1.0838087175675815
CMP-0029,Email,2024-04-01,58423,2304,71,1692.1593277755915,6206.090128597924,3.9436523287061607,23.833229968670302,3.667556610497233
CMP-0029,Organic,2023-02-28,70229,4515,402,341.48294467873643,112476.17375111599,6.4289680901052275,0.8494600613898916,329.37567015808764
CMP-0002,Instagram,2023-05-29,75324,2098,67,4061.8848930330078,24958.98535721375,2.785300833731613,60.62514765720907,6.144680613678564
CMP-0023,Organic,2023-06-08,99287,6073,593,940.2939811148027,249962.97567600477,6.116611439564092,1.5856559546623992,265.8349204571652
CMP-0030,Organic,2024-01-27,72659,2095,179,2582.2409372538773,23466.77934755597,2.88333172765934,14.425927023764677,9.087757462520932
CMP-0040,Instagram,2024-08-19,42245,966,49,3307.107879732149,17436.399241727027,2.2866611433305715,67.49199754555406,5.272401105687319
CMP-0045,YouTube,2023-11-28,33723,1855,259,4597.1273849489935,111372.05804551688,5.50069685377932,17.749526582814646,24.22644593450886
CMP-0015,Organic,2023-10-26,79804,2134,316,4629.152345262239,85467.18093475956,2.6740514259936847,14.64921628247544,18.462814476657258
CMP-0042,Organic,2023-05-07,87866,3837,402,1248.5592387930888,114751.35297308398,4.366876835180843,3.1058687532166385,91.90701522821423
CMP-0004,LinkedIn,2023-10-16,83774,5276,326,2031.3807139097419,154869.17201171332,6.297896722133359,6.231229183772214,76.23837863146832
CMP-0020,Facebook,2023-02-25,93619,1424,105,3752.709084374605,23916.910666137628,1.5210587594398572,35.74008651785338,6.373238673288585
CMP-0013,YouTube,2024-10-16,61937,1843,42,4276.7713475048195,2453.097401752544,2.975604243021134,101.82788922630523,0.5735862879795398
CMP-0012,Google Ads,2024-07-18,58490,4627,209,428.05022657316556,47297.8958894018,7.9107539750384674,2.048087208484046,110.49613562420878
CMP-0008,Organic,2023-09-25,14157,707,29,3277.9309581533225,1832.1379100633176,4.993995903086812,113.03210200528699,0.5589312079640272
CMP-0002,YouTube,2023-03-28,16057,635,94,3921.259340122809,25319.158537324765,3.954661518340911,41.715524894923504,6.456894671121599
CMP-0034,Instagram,2023-04-23,42953,869,63,968.3914678015152,11645.65415653632,2.023141573347613,15.37129313970659,12.025771130527199
CMP-0036,LinkedIn,2024-12-25,33788,757,107,170.19370486473056,30534.475523079756,2.240440393038949,1.5905953725675754,179.410134748218
CMP-0020,Facebook,2023-05-27,6943,277,16,707.9363083382082,3734.9214317011124,3.989629843007345,44.24601927113801,5.275787366335783
CMP-0013,Instagram,2024-08-24,74733,834,31,2319.7564075959526,13999.211154873792,1.1159728633936816,74.83085185793395,6.0347763709301185
CMP-0028,Google Ads,2023-12-19,27200,1370,165,1106.8641067145513,56195.27061772297,5.036764705882353,6.708267313421524,50.76980116784575
CMP-0014,Organic,2024-11-17,35669,1620,118,4722.280030275133,20570.865134378866,4.541758950349043,40.01932229046723,4.3561298784689715
CMP-0045,Email,2024-03-05,51100,2353,182,408.53238396983636,79410.52561685811,4.604696673189824,2.2446834284056942,194.38000200914627
CMP-0050,Organic,2023-06-13,9955,213,24,967.8434441020459,3549.8210617841128,2.1396283274736314,40.32681017091858,3.6677637105633303
CMP-0020,YouTube,2024-06-08,46697,1578,180,3317.3570571718246,45027.67252374315,3.3792320705826926,18.42976142873236,13.573357268370438
CMP-0040,LinkedIn,2023-11-27,85344,4168,433,1311.96603027309,83796.4567507533,4.883764529433821,3.0299446426630254,63.87090428958043
CMP-0019,YouTube,2024-06-11,47216,1296,161,3795.2231733737035,12186.304825802454,2.7448322602507624,23.572814741451573,3.2109586891486095
CMP-0011,Email,2023-10-24,24717,734,54,1924.670501567213,7518.414753663056,2.9696160537282035,35.64204632531876,3.906338642142118
CMP-0034,YouTube,2024-03-26,26584,1138,127,2241.1308973061646,19731.089066089044,4.280770388203431,17.646699978788696,8.804077035306495
CMP-0008,Facebook,2024-03-01,77439,3985,564,2547.279481260529,253539.62836701144,5.145985872751456,4.516452980958385,99.53349455064372
CMP-0050,Facebook,2023-10-16,21186,908,79,4466.22890722712,13556.240609973811,4.2858491456622305,56.53454312945721,3.0352767158972758
CMP-0011,YouTube,2024-03-04,21163,621,39,3466.775257470005,11846.503752651528,2.934366583187639,88.89167326846166,3.4171536580357706
CMP-0030,Facebook,2023-10-01,95216,2012,203,3452.2985041738175,11131.066206245814,2.113090236934969,17.006396572284814,3.2242479011558216
CMP-0014,LinkedIn,2023-04-05,14039,441,32,526.7634580876244,4146.923819081303,3.141249376736235,16.46135806523826,7.872459175768194
CMP-0043,Instagram,2023-02-01,59192,4191,275,4829.467593850901,134331.35892810812,7.080348695769699,17.561700341276,27.81494156812336
CMP-0033,Facebook,2024-07-23,16254,908,59,788.383785636141,22616.45838841761,5.586317214224191,13.362437044680357,28.687117620219137
CMP-0046,LinkedIn,2024-02-14,34333,478,64,1021.9449503353956,7262.888034501289,1.3922465266653075,15.967889848990556,7.106926877145053
CMP-0016,Organic,2023-04-05,6041,181,16,3456.210084981245,3315.012574432188,2.9961926833305745,216.0131303113278,0.9591467222543496
CMP-0036,YouTube,2024-08-29,72968,4552,300,1815.1239967032025,96287.4955822659,6.238351057998027,6.050413322344008,53.04733767894217
CMP-0011,Email,2023-01-05,94738,3214,119,4416.235393708564,23621.601042880444,3.392514091494437,37.111221795870286,5.348809322196035
CMP-0007,Instagram,2023-09-14,78261,3505,321,981.6765265491817,119315.30029172283,4.4786036467717,3.0581823256983856,121.54237884361306
CMP-0019,YouTube,2023-01-31,85399,2654,270,3773.8053817633504,102269.95082480738,3.1077647279242147,13.97705696949389,27.099953622150135
CMP-0005,Organic,2023-11-03,84634,2083,304,1088.0839687956143,36366.989507290695,2.461185811848666,3.579223581564521,33.42296233584328
CMP-0001,Google Ads,2023-12-06,71284,2443,265,2908.8461652669534,59514.22188803404,3.427136524325234,10.976777982139447,20.459735065629445
CMP-0009,Organic,2023-12-02,5703,66,6,415.6126763453587,1296.1347399695562,1.157285639137296,69.26877939089312,3.1186121447665287
CMP-0045,Google Ads,2023-08-07,21416,1178,74,562.0584041264976,8349.499710591552,5.500560328726186,7.5953838395472655,14.855217267977016
CMP-0003,YouTube,2024-11-20,92731,5758,593,4596.451392910742,100355.67842963831,6.209358251285978,7.751182787370559,21.833294829228517
CMP-0004,Organic,2024-02-12,41831,974,144,815.1315107988657,43683.21482557835,2.328416724438813,5.66063549165879,53.59038909288002
CMP-0041,Instagram,2024-02-03,43490,2805,356,2406.2071567622206,27207.02619473118,6.449758565187399,6.759008867309609,11.307017402167821
CMP-0017,Organic,2023-04-13,78033,5791,185,3944.8573956368323,15041.45984407222,7.421219227762613,21.323553489928823,3.812928665231009
CMP-0032,YouTube,2023-09-12,37840,809,45,2087.5867544552607,4775.701269900541,2.137949260042283,46.39081676567246,2.287666014218759
CMP-0007,Organic,2023-07-25,62341,2478,139,1394.004592149626,26192.78704265363,3.9749121765772126,10.028810015464934,18.789598822097865
CMP-0022,Email,2023-02-02,53085,976,94,1644.7416160793416,23743.011764226507,1.8385607987190355,17.497251234886612,14.435709251903038
CMP-0039,Email,2023-10-21,93978,4711,451,443.24813421369464,172830.11847381492,5.01287535380621,0.9828118275248218,389.9173062068473
CMP-0046,Organic,2023-12-18,72341,5511,345,3978.9775525136033,52547.21779266413,7.618086562253771,11.533268268155371,13.206211168361317
CMP-0050,Organic,2024-02-02,48450,2085,70,258.5281138802428,4276.969139803887,4.303405572755418,3.6932587697177546,16.54353592578753
CMP-0031,Organic,2023-06-17,45118,3293,199,4541.190718616724,13262.069232771157,7.298639124074649,22.820053862395596,2.9203946838002146
CMP-0047,LinkedIn,2024-06-25,92206,4940,267,3795.7128933565727,36425.76823766797,5.357568921762141,14.21615315863885,9.596555182406442
CMP-0006,Google Ads,2024-12-08,26099,1413,124,2561.319250978296,40649.52719298393,5.41400053641902,20.65580041111529,15.870542954556656
CMP-0007,Google Ads,2023-10-24,65802,1417,208,647.2222767763925,24392.23166337643,2.1534299869304885,3.111645561424964,37.687565058585974
CMP-0005,Instagram,2023-12-16,85008,1176,42,2769.9756729899204,2635.6147250727654,1.383399209486166,65.95180173785525,0.9514938166326474
CMP-0045,Google Ads,2024-04-07,63150,811,52,3892.4450369892056,21658.75469087123,1.2842438638163103,74.85471224979241,5.564305850192353
CMP-0020,Email,2023-03-02,91080,3486,346,802.6618075749874,56504.044828120255,3.8274044795783926,2.3198318138005414,70.3958308404271
CMP-0027,Instagram,2024-11-07,38118,2507,67,1663.5202490886668,13656.7702122147,6.576945275198069,24.828660434159207,8.209560550703452
CMP-0028,Facebook,2023-12-28,72865,1859,222,4040.0445659275006,11557.449871629386,2.551293487957181,18.19839894561937,2.8607233615939243
CMP-0047,YouTube,2023-03-28,29160,1530,209,1852.984860496335,41885.94734629143,5.246913580246913,8.865956270317392,22.604581526409227
CMP-0006,Instagram,2024-12-10,75552,5080,229,4234.351045726726,75577.95988696301,6.723845828038967,18.490615920204043,17.84877046583932
CMP-0001,Google Ads,2024-09-06,66982,3674,392,1544.6160280569043,22925.387796098792,5.4850556866023705,3.9403470103492455,14.842127350535439
CMP-0004,Email,2023-11-08,57437,586,13,4544.610596388895,4630.036823705568,1.0202482720197783,349.58543049145345,1.018797260074285
CMP-0036,Instagram,2023-08-08,38965,1683,139,1916.9198614427526,16431.496250806766,4.31926087514436,13.790790370091745,8.571822214017725
CMP-0040,Facebook,2023-03-07,30422,705,60,4477.503732072779,11878.76717466538,2.317401880218263,74.62506220121298,2.6529887824719514
CMP-0014,Organic,2024-07-27,16640,177,7,1522.5723746340448,2583.72079823487,1.0637019230769231,217.51033923343496,1.6969444876837962
CMP-0038,Instagram,2024-01-17,26297,418,36,4869.0986719714865,12310.725423725045,1.589534927938548,135.25274088809684,2.5283376355855327
CMP-0029,Google Ads,2024-11-27,38847,2281,148,3591.8236826776388,65144.03614714733,5.87175328854223,24.269078937011074,18.136757787226248
CMP-0030,Organic,2024-09-03,34020,1547,106,3760.6214201821394,32251.01274215528,4.5473251028806585,35.47756056775603,8.575979642373376
CMP-0045,Instagram,2023-08-31,56664,2614,114,1442.7022643853902,38334.19114327531,4.613158266271354,12.655283020924475,26.57110346992224
CMP-0027,Instagram,2023-12-01,66069,1703,221,861.3304370525734,44844.73242501638,2.577608258033268,3.897422792093092,52.06449290062552
CMP-0015,Facebook,2023-09-08,7785,368,29,2428.623225013091,9171.786462111817,4.727039177906231,83.74562844872727,3.7765374091991473
CMP-0010,LinkedIn,2023-08-23,70616,4350,247,3421.7550599052306,100258.04307371346,6.1600770363656965,13.85325935184304,29.300181140519808
CMP-0013,LinkedIn,2024-09-06,3076,200,28,2796.968591580051,3319.8437632222244,6.501950585175553,99.89173541357324,1.1869435263650183
CMP-0008,Email,2023-01-12,30867,753,89,896.4642947271109,31714.008669447758,2.439498493536787,10.072632525023717,35.37676721313446
CMP-0012,Instagram,2023-02-15,87684,4803,241,3766.0129777576212,99606.25001439247,5.477624195976461,15.626609866214196,26.4487272355871
CMP-0041,YouTube,2023-05-15,64214,3346,397,799.1599557613083,115415.43875791754,5.210701716136668,2.0129973696758396,144.42094842949015
CMP-0047,Organic,2023-06-07,16247,834,53,3319.893497116424,8914.085915364212,5.133255370222195,62.6394999455929,2.685051771421813
CMP-0028,LinkedIn,2024-01-09,26264,1646,113,3280.526726113353,55904.99330612181,6.267133719159306,29.031209965604894,17.04146863401902
CMP-0010,Email,2024-10-28,79790,4085,317,4552.732591461838,36766.38786654357,5.119689184108284,14.361932465179299,8.075674801435733
CMP-0050,Facebook,2024-02-17,75187,4431,109,2293.8152318264038,29708.331132809588,5.893306023647705,21.044176438774347,12.951492657564634
CMP-0019,YouTube,2024-07-13,91526,3379,208,2006.5172702633856,51378.8616708719,3.6918471254069885,9.646717645497047,25.605990256005946
CMP-0007,Facebook,2024-11-05,72609,1761,76,3076.4710802647846,4790.122044849078,2.425319175308846,40.47988263506296,1.55701838888627
CMP-0008,Facebook,2023-06-01,24003,1353,182,2306.518692280898,37695.758741918384,5.636795400574928,12.673179627917023,16.34314036477257
CMP-0017,Facebook,2023-01-16,47449,3186,460,1000.5334129485153,211437.94899320172,6.714577757170857,2.1750726368445985,211.32522538163522
CMP-0049,Organic,2023-09-27,97976,3934,555,1402.338252789904,155291.12392354466,4.015269045480526,2.5267355906124394,110.73728012096817
CMP-0037,Organic,2024-10-17,41068,914,30,2196.0832674425105,1664.462085223098,2.2255770916528683,73.20277558141701,0.7579230304693675
CMP-0025,Email,2023-11-17,4028,216,6,4110.5271274615225,1090.3444081978946,5.362462760675273,685.0878545769204,0.26525658982118006
CMP-0028,Organic,2023-11-01,34471,822,22,4457.5995452469115,3336.2237968047875,2.384613153085202,202.61816114758687,0.7484350630738389
CMP-0041,Instagram,2024-11-17,74313,1351,106,2314.6856067615336,18446.573279689273,1.817986085879994,21.836656667561638,7.969364489848707
CMP-0046,Google Ads,2024-12-24,3470,271,13,3155.695274113281,3027.547495416391,7.8097982708933715,242.74579031640621,0.9593915864601666
CMP-0013,Facebook,2023-06-28,27526,1639,201,4150.180177740488,54369.36620281142,5.954370413427306,20.647662575823322,13.100483322247499
CMP-0047,Google Ads,2024-05-09,46907,2047,109,1597.5792928587032,35524.99958110919,4.363954207261176,14.656690760171589,22.236767677140374
CMP-0005,Google Ads,2024-07-09,88365,5659,760,3345.9222667760228,170669.16717765527,6.404119277994681,4.402529298389504,51.00810884710249
CMP-0050,Instagram,2023-06-01,64054,2249,188,3656.493632199005,23201.692794105515,3.5111000093670963,19.449434213824492,6.34533931354123
CMP-0023,LinkedIn,2024-01-02,47889,735,78,4258.664790581952,18170.721181700024,1.5347992232036585,54.598266545922456,4.2667648371584965
CMP-0036,Email,2023-06-08,77310,3229,137,4499.235499637255,62067.95474718301,4.176691243047472,32.84113503384858,13.795222488839972
CMP-0035,Instagram,2024-05-29,22256,521,56,1146.3212859710163,8560.583953038982,2.340941768511862,20.470022963768148,7.467874894940604
CMP-0034,Organic,2023-04-29,3687,151,6,1756.6966341352902,1804.9875340687704,4.095470572280988,292.7827723558817,1.0274896069105584
CMP-0023,Email,2023-03-04,22538,286,25,661.340359813046,4075.6528811359844,1.2689679652143047,26.45361439252184,6.162716097181985
CMP-0028,Organic,2023-03-06,85182,6392,671,4141.677235931345,250612.9373895105,7.5039327557465185,6.172395284547459,60.51001155167389
CMP-0038,Facebook,2024-08-20,97884,7392,1041,2915.4035593693548,503944.8771530471,7.551796003432634,2.8005797880589385,172.8559586659961
CMP-0047,Facebook,2023-06-26,55256,1300,65,2346.883860824002,10653.806760755568,2.3526856811929924,36.10590555113849,4.539554316511839
CMP-0005,Instagram,2023-06-18,9928,437,21,4897.525873356888,8167.327260703814,4.401692183722805,233.21551777889943,1.6676435146846345
CMP-0026,Instagram,2024-06-15,18657,1197,130,1984.8909109354495,17561.507757619816,6.415822479498312,15.268391622580381,8.847593417284248
CMP-0018,Organic,2024-04-17,9438,489,28,,2003.7893083002223,5.181182453909726,146.63753822926628,0.48803263292633603
CMP-0045,YouTube,2024-03-04,37682,1822,198,4146.5656506607065,40196.55370974528,4.835199830157634,20.94225076091266,9.693938814966172
CMP-0017,Google Ads,2024-04-21,8396,454,10,3629.700243868888,2049.2954546130095,5.4073368270605044,362.9700243868888,0.564590824841412
CMP-0016,Google Ads,2023-10-05,98199,6884,331,2420.513063818312,89239.87667618468,7.010254686911272,7.312728289481305,36.868165683605326
CMP-0007,YouTube,2023-03-03,16631,1156,76,1699.6123618956426,18289.88455641883,6.9508748722265645,22.363320551258454,10.761209418375508
CMP-0033,Organic,2024-06-23,37809,1832,110,2013.2729803442119,36522.487145571635,4.845407178185089,18.302481639492836,18.140851986861385
CMP-0042,LinkedIn,2024-07-05,62719,4940,644,4006.9745349928876,162694.9220859334,7.876401090578613,6.222010147504484,40.602933875700856
CMP-0015,Instagram,2024-02-19,8201,542,70,4006.722243746526,15233.713713907466,6.608950128033167,57.23888919637894,3.802038870471597
CMP-0007,Email,2024-06-04,18651,1184,112,3427.187169011179,33502.70001806507,6.34818508390971,30.599885437599813,9.77556764947021
CMP-0020,Instagram,2023-07-07,78301,1644,217,3335.2913102769558,40297.12330159706,2.099590043549891,15.370006038142654,12.082040083704372
CMP-0017,Facebook,2023-10-23,26333,1006,134,4771.238214645938,14158.341587852838,3.8203015228040864,35.60625533317864,2.9674354854871767
CMP-0044,Organic,2023-11-19,31072,2148,197,1545.8760020001196,56187.63079699104,6.9129763130793,7.847086304569135,36.34679024986035
CMP-0010,Instagram,2023-08-22,32543,1683,135,1581.6570326393137,6779.657334083474,5.1716190885904805,11.715978019550471,4.286426952352779
CMP-0026,Email,2023-01-06,37633,761,15,4490.371688720283,1319.2741484011626,2.0221614008981477,299.3581125813522,0.2938006561272313
CMP-0006,LinkedIn,2023-02-26,82120,3099,115,4880.508664089463,15018.588924134081,3.773745737944471,42.43920577469098,3.07725894119195
CMP-0036,Facebook,2024-07-06,56056,898,124,4260.38507194039,27446.383740749887,1.6019694591123161,34.35794412855153,6.442230755505264
CMP-0030,Email,2024-04-26,44867,2195,183,348.4414590657898,49308.57002025512,4.89223705618829,1.9040516888840973,141.51177690639017
CMP-0049,Google Ads,2023-02-09,41942,3059,374,3562.002997001408,123382.23505258068,7.293405178579944,9.524072184495743,34.63844223501419
CMP-0018,Organic,2023-01-10,48078,2054,110,4480.3714764349625,49828.14033646225,4.272224302175632,40.730649785772385,11.121430577473136
CMP-0035,Instagram,2023-07-19,31335,911,55,4602.103179537623,5863.13742133195,2.907292165310356,83.67460326432042,1.2740125965452656
CMP-0012,Google Ads,2024-05-02,86966,2649,301,4184.957101783412,70329.20979224447,3.04601798403974,13.903511966057849,16.805240312325733
CMP-0023,LinkedIn,2024-01-02,18820,694,73,1348.6853776385167,19146.695191530052,3.687566418703507,18.475142159431737,14.196561710378292
CMP-0005,Instagram,2024-12-02,61305,4118,393,3360.3373636071824,188117.97176284136,6.717233504608107,8.550476752181126,55.981870689585925
CMP-0026,Email,2024-01-14,96304,7409,809,1405.2110671533273,256966.0399779972,7.693346070775877,1.736972888941072,182.86650737711471
CMP-0018,LinkedIn,2023-01-14,50367,2062,235,1131.5584945044814,57174.39721139845,4.093950404034388,4.8151425298063035,50.52712474792174
CMP-0032,LinkedIn,2024-10-29,79193,6314,669,4706.209209880183,257596.05382757602,7.972926900104807,7.034692391450199,54.73535967903438
CMP-0048,Email,2023-05-27,86199,1617,37,429.4883302914244,14341.103482360562,1.8758918316917828,11.607792710579037,33.39113654759739
CMP-0013,Google Ads,2024-10-14,16330,1016,60,540.635917199652,22286.96443270461,6.221677893447643,9.0105986199942,41.22361042556156
CMP-0019,YouTube,2024-01-11,49411,3808,158,1548.844738062914,71110.74821276565,7.706785938353808,9.802814797866544,45.91212176741575
CMP-0029,LinkedIn,2023-05-01,57898,1386,172,974.1121499399009,66125.26942562661,2.3938650730595183,5.6634427322087255,67.88260410231645
CMP-0008,Google Ads,2023-06-05,24398,383,48,760.8879327943902,18338.505016307092,1.5698008033445363,15.851831933216461,24.10145334932337
CMP-0012,Instagram,2023-03-28,57914,1721,134,1815.1962295446879,63373.307868615935,2.971647615429775,13.546240518990208,34.91264847135127
CMP-0019,Instagram,2024-02-19,31558,320,25,107.33439423585571,11765.815880692273,1.014005957284999,4.2933757694342285,109.61831912740072
CMP-0018,Email,2023-11-01,11602,692,77,1245.0685038576273,25804.425673210233,5.964488881227375,16.169720829319836,20.725305951648224
CMP-0006,Facebook,2023-06-21,17239,881,126,4173.5849443113,27000.745612072227,5.110505249724461,33.123690034216665,6.46943717986977
CMP-0028,Email,2024-04-08,22250,1253,131,4291.518488741063,26720.011274241067,5.631460674157304,32.75968312016079,6.226237017116873
CMP-0042,Google Ads,2024-05-10,22828,1028,71,825.487606201419,12302.11307478734,4.50324163308218,11.626586002836888,14.902844067395511
CMP-0043,Organic,2024-09-29,52176,1050,78,1386.315765312834,4190.059760537603,2.0124195032198715,17.77327904247223,3.0224425526835734
CMP-0016,Facebook,2024-07-05,75806,3751,224,1541.5341980680876,56254.85485888393,4.948157137957418,6.881849098518248,36.49277124658329
CMP-0050,Instagram,2024-06-09,21085,408,18,2605.4849853704923,3501.5897497322458,1.935024899217453,144.74916585391622,1.3439301202629383
CMP-0026,Instagram,2023-07-04,7948,417,38,395.2497836364155,5716.831304148038,5.246602918973327,10.401310095695145,14.463844234275072
CMP-0032,YouTube,2023-03-10,94119,2562,236,,15082.821384923263,2.7220858700156185,18.509111660031547,3.452908020627184
CMP-0042,Instagram,2024-04-03,80335,4631,225,3945.331197111781,58359.38985473169,5.764610692724218,17.534805320496805,14.792012872697295
CMP-0003,Google Ads,2024-01-24,9876,339,32,3702.303568869613,10409.555553705846,3.4325637910085054,115.69698652717541,2.8116429028763004
CMP-0042,Facebook,2024-09-11,59315,2761,383,4441.839162589691,182616.73566665855,4.654809070218326,11.597491286134964,41.112865410504625
CMP-0019,Facebook,2024-02-07,23842,1576,41,1361.5297460349336,16610.289089646656,6.61018370942035,33.20804258621789,12.199725447071117
CMP-0026,Instagram,2023-04-15,15878,579,65,1605.238518241122,20254.318941254158,3.646554981735735,24.695977203709568,12.61763825817427
CMP-0006,Facebook,2024-11-11,20577,865,115,1468.7540442848199,39260.453583532515,4.203722602906158,12.771774298128868,26.730447985012766
CMP-0009,LinkedIn,2023-11-09,54627,788,88,2922.8786467157147,12819.138882863932,1.4425101140461676,33.21453007631494,4.385792375358493
CMP-0029,Facebook,2023-03-12,31796,1584,99,2840.678721397567,26468.228959117772,4.981758711787646,28.693724458561285,9.31757215616972
CMP-0039,Email,2024-05-09,94208,6820,770,586.4467232396944,67739.63871256787,7.239300271739131,0.7616191210905122,115.50859784560704
CMP-0019,Google Ads,2024-02-14,85538,4924,481,3805.9262762932744,139580.97769636265,5.7565058804274125,7.912528640942359,36.674640432684754
CMP-0009,Google Ads,2023-12-24,81212,6172,727,777.6977511647033,255185.6938585427,7.599862089346401,1.0697355586859743,328.1296538100683
CMP-0009,Organic,2024-05-24,85081,1427,188,1034.6713086703803,59007.16678002737,1.677225232425571,5.503570790799896,57.02986666930526
CMP-0016,YouTube,2024-07-08,33817,1421,125,3325.169278415315,8832.540552805758,4.202028565514386,26.60135422732252,2.656267941046029
CMP-0006,Email,2024-01-06,52357,3509,301,4355.066840909052,78314.61335463301,6.702064671390645,14.468660601026752,17.98241363806165
CMP-0022,LinkedIn,2024-07-31,88510,5905,645,4621.468431829241,122196.90655798581,6.671562535306745,7.165067336169366,26.44114275808622
CMP-0022,YouTube,2023-11-14,38553,607,40,1858.0857856993975,14901.048591458479,1.5744559437657253,46.45214464248494,8.019569766984473
CMP-0024,LinkedIn,2023-04-12,60732,1915,103,927.9011122238487,43975.78456755738,3.153197655272344,9.008748662367463,47.39274906370472
CMP-0050,LinkedIn,2024-01-04,90717,1968,259,4244.830521158076,119428.68002617612,2.1693839081980224,16.389307031498365,28.135087945417794
CMP-0011,LinkedIn,2023-04-06,60963,1756,239,1436.2638056646963,53257.50863994822,2.880435674097403,6.009471990228855,37.08058953369008
CMP-0018,YouTube,2023-06-10,94874,4130,304,1992.5655728184317,105480.73026250822,4.353142062103421,6.554492015850104,52.937143801650905
CMP-0012,Google Ads,2024-03-26,77969,1092,34,2864.1844038027616,16967.773812041934,1.4005566314817428,84.24071775890475,5.924120594160738
CMP-0039,Email,2023-06-26,5577,145,13,1711.701809582848,1103.2289551400531,2.599964138425677,131.6693699679114,0.644521697040746
CMP-0032,YouTube,2023-08-16,6230,139,8,4704.133848287452,2773.9999055172784,2.231139646869984,588.0167310359315,0.5896940850284602
CMP-0003,LinkedIn,2023-06-05,7340,476,33,3181.004472890692,4708.481512692481,6.485013623978202,96.39407493608157,1.4801870141395044
CMP-0010,Organic,2023-02-08,35752,1825,245,1997.814042126683,109885.73262789423,5.104609532333856,8.154343029088503,55.00298341627448
CMP-0030,Google Ads,2024-01-01,5513,411,14,3953.8855401318815,5209.2132868608705,7.455106112824233,282.42039572370584,1.3174921818012764
CMP-0013,Instagram,2023-06-28,70707,1265,82,4489.808682490589,31295.700845193063,1.789073217644646,54.75376442061693,6.970386281099332
CMP-0001,YouTube,2024-12-12,80387,1484,214,1890.1237701347536,54709.36516408955,1.8460696381255675,8.83235406605025,28.944858547643747
CMP-0010,LinkedIn,2023-08-22,90941,3470,189,4994.716712544784,58520.02257780318,3.815660703093214,26.427072553147006,11.716384721244284
CMP-0019,Organic,2024-09-22,37467,1065,72,4940.525019149609,5151.3986773006,2.842501401233085,68.61840304374456,1.0426824390795795
CMP-0025,YouTube,2023-02-12,35709,611,87,1511.6316285017062,36221.92269523343,1.7110532358789101,17.375076189674786,23.962136020622793
CMP-0032,Google Ads,2024-12-02,8073,589,32,2559.534278286555,2981.4496170216735,7.295924687229036,79.98544619645484,1.1648406674270304
CMP-0034,YouTube,2024-10-23,58200,4623,444,4993.87645148572,25506.109059849758,7.943298969072165,11.2474694853282,5.107476988594997
CMP-0022,Google Ads,2024-08-25,55858,4334,148,3691.015604428138,11263.991952721206,7.758960220559276,24.939294624514446,3.0517324118618503
CMP-0020,Organic,2023-03-24,42512,1834,57,4272.55979640674,15315.694862585742,4.314076025592774,74.95718941064456,3.5846648361636446
CMP-0011,Google Ads,2023-02-09,4864,345,38,3713.7490380228865,18161.23063343834,7.092927631578948,97.73023784270754,4.890268687381998
CMP-0050,YouTube,2023-08-19,90147,3978,92,3367.155754225162,33814.66892938297,4.412792439016274,36.59951906766481,10.042502158372617
CMP-0008,Instagram,2023-11-26,81235,2433,104,189.77451525390222,26688.502661958475,2.995014464208777,1.8247549543644443,140.6327010044079
CMP-0014,Email,2023-07-14,46302,762,64,1706.4612308608628,27100.365316741638,1.6457172476350912,26.66345673220098,15.881031942970218
CMP-0008,LinkedIn,2023-05-01,4980,342,14,1733.569650446444,5762.112039999119,6.8674698795180715,123.82640360331743,3.3238422456895282
CMP-0023,Facebook,2024-08-04,88816,6912,220,4771.004213333959,12652.450013418718,7.782381552873356,21.686382787881634,2.651946937723879
CMP-0003,Email,2023-07-26,92409,2788,406,4292.107953800017,185198.8151388472,3.017022151522038,10.571694467487726,43.1486852456452
CMP-0004,Facebook,2023-06-14,26020,321,9,3685.2528937271372,607.6497601369879,1.2336664104534973,409.47254374745967,0.16488685516570667
CMP-0014,LinkedIn,2024-12-05,70797,2331,138,1247.4249408107517,40305.35009558919,3.292512394592991,9.039311165295302,32.31084194083302
CMP-0031,Email,2024-02-24,95134,4302,246,3804.693328082913,50846.376892602755,4.522042592553661,15.46623304098745,13.364119656451505
CMP-0020,Instagram,2023-07-27,57189,3190,337,385.6752897396159,111783.57748643354,5.577995768417003,1.1444370615418868,289.8385778407087
CMP-0040,Organic,2024-10-07,66970,944,29,3883.230354224074,10904.124510193544,1.4095863819620726,133.9044949732439,2.808003521689701
CMP-0006,Facebook,2023-01-07,77716,1483,98,2471.5595988453297,27718.519922176005,1.9082299655154666,25.219995906584998,11.21499151188813
CMP-0047,Email,2024-10-22,76190,5883,440,3637.1784549238714,36697.101384575915,7.721485759285995,8.266314670281526,10.08944208797256
CMP-0009,Facebook,2024-11-19,73584,5664,635,1652.8642473424625,263818.8825178024,7.697325505544683,2.602935822586555,159.61315815378086
CMP-0029,YouTube,2023-04-25,15113,825,75,4834.274550326657,17385.438746949025,5.458876463971415,64.45699400435542,3.596287005622027
CMP-0032,YouTube,2023-02-18,25813,875,22,4739.25414649457,9340.61456217117,3.3897648471700306,215.42064302248045,1.9709039172503622
CMP-0015,Instagram,2023-10-16,35741,2413,306,1079.8968416481157,105834.47167737674,6.751349990207325,3.529074645908875,98.00424225322709
CMP-0033,Google Ads,2024-05-09,9452,661,13,3319.45431626967,4811.382936419661,6.993228946254761,255.34263971305154,1.4494499631573745
CMP-0005,Email,2024-10-01,79400,5860,148,804.3096027676479,24431.56551555059,7.380352644836272,5.434524343024648,30.37582223497147
CMP-0038,Facebook,2023-05-05,8176,552,27,4102.558438137356,5773.817395898053,6.75146771037182,151.94660881990205,1.4073699334114746
CMP-0040,LinkedIn,2023-09-20,46787,3062,342,3212.134734549458,139530.46533953157,6.544552974116742,9.392206826168005,43.43854690737388
CMP-0004,LinkedIn,2024-01-28,15523,697,45,1535.4487087251784,10903.290775903304,4.490111447529473,34.12108241611508,7.101045260545284
CMP-0002,Google Ads,2023-11-23,40842,784,28,4946.70851948275,3729.205024040607,1.9195925762695263,176.6681614100982,0.7538760388555398
CMP-0044,Google Ads,2023-01-24,83770,1151,67,3380.638973583279,8866.194852743194,1.3740002387489556,50.45729811318327,2.622638773919579
CMP-0020,YouTube,2024-11-01,87877,6735,808,2690.0362246976956,254025.98818826958,7.664121442470726,3.329252753338732,94.43218119370003
CMP-0015,Email,2024-01-07,59828,4296,347,2329.7286854387416,22293.20272194806,7.1805843417797695,6.713915519996374,9.569012418177671
CMP-0046,Facebook,2024-06-15,74616,3145,122,1294.321991829326,17209.768874960107,4.214913691433473,10.609196654338737,13.296358235122572
CMP-0027,Email,2023-03-31,27617,1118,75,1864.6029208717146,12239.075669267571,4.0482311619654565,24.861372278289526,6.5639045891581675
CMP-0017,Google Ads,2023-08-02,46600,2252,224,1177.1457867940805,84566.61427297276,4.832618025751073,5.255115119616431,71.84039158249657
CMP-0009,Organic,2024-11-27,91265,4300,149,2436.4095778242067,14410.542046924636,4.71155426505232,16.35174213304837,5.914663190494318
CMP-0031,Google Ads,2023-11-08,61251,3229,241,,105135.39218325837,5.271750665295261,19.48425245717086,22.389693500090104
CMP-0016,YouTube,2024-09-04,9303,476,54,1163.0235541354175,3148.3453237263816,5.116629044394282,21.537473224729954,2.7070348769220214
CMP-0007,LinkedIn,2024-08-21,80885,5608,778,1924.5691491042273,346128.0429007903,6.933300364715336,2.4737392662008064,179.84702865152565
CMP-0036,Facebook,2023-02-09,67101,3898,460,2159.9713214494623,73261.54852866751,5.809153365821672,4.695589829237962,33.917833908787685
CMP-0013,Facebook,2023-08-01,36674,1692,153,2272.5005248010375,7907.068577643605,4.613622729999454,14.852944606542728,3.4794573164447944
CMP-0049,YouTube,2023-04-16,29096,924,134,4027.9788504537573,10920.511157923282,3.1756942535056365,30.059543660102666,2.711163976616479
CMP-0008,Google Ads,2024-10-01,70519,5026,469,3711.886388189151,115869.5844567031,7.127157220039989,7.914469910851069,31.215821913458466
CMP-0014,Email,2024-04-27,56914,3029,199,4808.2736491608475,63913.16099616066,5.3220648698035635,24.162179141511796,13.292330191588608
CMP-0035,Email,2023-04-02,97546,5204,207,4964.778154953876,78045.24177849946,5.334918910052693,23.984435531178143,15.719784317175503
CMP-0012,Organic,2024-08-08,87518,6452,645,2411.641960432831,55685.66706874462,7.3721977193263095,3.7389797836167924,23.090354199489212
CMP-0024,LinkedIn,2023-11-19,50456,4004,420,1621.8174254324124,90994.61876659811,7.935627081021088,3.861470060553363,56.10657361283249
CMP-0045,LinkedIn,2023-07-27,28972,1179,50,4296.783679271768,19878.80132536383,4.069446362004695,85.93567358543537,4.6264375424021695
CMP-0024,Email,2024-05-14,90892,5484,228,584.1913811452639,57072.48094808009,6.033534304449237,2.5622428997599296,97.6948356139622
CMP-0010,Email,2023-08-06,24913,1477,132,2057.2703751085355,64983.40963893057,5.92863163810059,15.585381629610117,31.58719943920946
CMP-0044,Google Ads,2023-07-07,64774,4446,434,1434.5421800470165,43749.712740628616,6.863865131071109,3.305396728218932,30.497334514900594
CMP-0043,Facebook,2024-03-08,49675,2460,289,866.4047253232596,130575.67806661087,4.952189229994968,2.9979402260320405,150.7097944530398
CMP-0033,Email,2023-07-07,41498,2334,86,1315.716267001299,23488.807121016795,5.624367439394669,15.299026360480221,17.85248667218432
CMP-0040,LinkedIn,2024-10-26,56886,2915,189,1487.98738987405,48855.45696653738,5.124283655029357,7.872949152772751,32.833246638382285
CMP-0022,LinkedIn,2024-08-21,30719,1115,111,2916.2007534194618,14045.726304718002,3.6296754451642306,26.272078859634792,4.81644697754376
CMP-0049,Email,2024-07-13,18992,355,27,4908.362378632358,4389.318876614414,1.8692080876158381,181.79119920860583,0.8942532229736128
CMP-0026,Instagram,2024-05-13,7667,229,10,253.9352673849868,1773.9497504625513,2.9868266597104474,25.39352673849868,6.985834495265666
CMP-0048,Google Ads,2024-10-13,14986,1057,23,1393.2677715564234,11012.824109315048,7.053249699719738,60.576859632887974,7.90431267710484
CMP-0019,Organic,2024-09-03,83404,2624,297,3708.6679605771615,65528.51965151894,3.146132079996163,12.487097510360814,17.66901764948541
CMP-0017,Email,2024-03-24,13933,244,7,1850.6276123249322,3250.467747822732,1.7512380678963613,264.37537318927605,1.7564137302259253
CMP-0018,YouTube,2024-02-05,19508,980,95,2026.1550421562915,32601.399601928137,5.023580069714989,21.32794781217149,16.0902788402771
CMP-0037,Organic,2023-06-18,3413,79,9,2898.9813607782908,2659.9424294298733,2.314679167887489,322.10904008647674,0.9175438191557594
CMP-0016,YouTube,2024-04-13,98491,4142,538,2758.1013879795314,38488.56590387555,4.205460397396717,5.126582505538162,13.954732074614068
CMP-0050,YouTube,2024-02-11,16564,615,84,1596.5182346158942,6645.403103581033,3.7128712871287126,19.00616945971303,4.162434828174605
CMP-0050,Google Ads,2023-04-04,76112,994,127,2992.013797343483,33174.85020587532,1.3059701492537312,23.5591637586101,11.087799874228605
CMP-0032,Email,2023-11-10,53721,3039,317,1412.8579242681878,122674.68905330254,5.657005640252415,4.4569650607829265,86.82733553470625
CMP-0016,Instagram,2023-08-19,58958,2907,382,2854.9602830368676,155959.05018439252,4.930628583059127,7.47371801842112,54.62739748466705
CMP-0050,Facebook,2024-05-21,52901,813,78,4180.509839765334,26488.24740518048,1.5368329521181074,53.596279996991456,6.336128467686457
CMP-0035,Organic,2023-01-16,71564,1969,81,2607.3143777098635,34491.91748242838,2.751383377116986,32.1890663914798,13.228906255917009
CMP-0018,Email,2024-08-19,91818,4860,231,1345.023231267224,82188.59365350117,5.293079788276808,5.822611390767204,61.10570564351261
CMP-0001,LinkedIn,2024-12-03,3222,95,12,4616.805331134462,1073.510585026211,2.9484792054624456,384.7337775945385,0.23252238464263408
CMP-0010,Email,2023-08-03,48508,2161,78,2567.468790191838,12316.989932441085,4.454935268409335,32.916266540921,4.797328006281539
CMP-0007,Organic,2023-05-31,47609,2293,221,530.9662559604596,51335.41331115687,4.816316242727216,2.402562244164976,96.6830052472859
CMP-0010,Email,2024-01-28,84524,4213,578,4349.127484562103,92316.30497245373,4.984383133784488,7.524442014813327,21.226396627862634
CMP-0036,Facebook,2023-11-19,33687,2553,254,426.0983085391154,42235.20336776884,7.578591147920563,1.677552395823289,99.12079565059265
CMP-0006,YouTube,2023-05-25,77004,2131,104,3098.4662646660827,17956.987118164157,2.7673887070801517,29.792944852558488,5.795443804872072
CMP-0001,Organic,2023-09-18,9009,552,34,3964.475425349587,6739.376012460691,6.127206127206128,116.60221839263491,1.699941427147682
CMP-0048,YouTube,2024-11-25,79733,5170,505,828.186834580944,133469.4566516905,6.484140819986706,1.6399739298632554,161.15863121541287
CMP-0011,Instagram,2024-03-07,54254,2528,101,3116.5849607716887,31681.26539160099,4.659564271758764,30.85727683932365,10.165378383830898
CMP-0016,Instagram,2023-11-06,78235,6169,155,4342.71267822796,74418.14002660858,7.885217613600052,28.017501149857807,17.136325965035944
CMP-0013,YouTube,2023-03-07,73284,3503,364,2650.0914150575995,53171.98209406309,4.780033840947547,7.280470920487911,20.06420676356457
CMP-0012,Google Ads,2024-12-21,17535,1268,106,4073.1632703750893,14894.120062198075,7.231251782149986,38.42606858844424,3.6566469531250845
CMP-0028,Organic,2024-08-22,6406,511,22,1288.6523219176227,8256.057111951985,7.97689665938183,58.57510554171012,6.406737466368182
CMP-0002,Email,2023-03-03,64325,954,71,2975.6261303042957,32424.31995840746,1.4830936649825106,41.91022718738444,10.896637728843865
CMP-0030,Email,2023-07-21,72741,2734,169,4660.440011846464,80420.42469255102,3.7585405754663808,27.576568117434697,17.25597250219481
CMP-0038,Organic,2024-02-04,51123,2782,109,850.7620232201782,16927.853971980534,5.441777673454219,7.80515617633191,19.897284446134222
CMP-0037,Organic,2023-01-31,30654,2256,266,4229.107639877024,111857.31021835866,7.359561558034841,15.898900901793322,26.449388320986625
CMP-0026,Organic,2024-10-10,67129,4421,252,4929.897928697981,57702.8360249797,6.585827287759388,19.563087018642783,11.704671548893387
CMP-0035,Organic,2023-06-07,39803,2195,143,3317.3023772055985,16546.052082190196,5.514659699017662,23.19791872171747,4.987803401909995
CMP-0036,LinkedIn,2023-01-21,80123,2766,289,3610.9230052012804,79088.61695147242,3.4521922544088466,12.494543270592665,21.902604081435918
CMP-0002,YouTube,2024-12-11,64195,3648,112,3981.241055192582,43693.63605701944,5.682685567411792,35.546795135648054,10.974878298321444
CMP-0031,LinkedIn,2023-06-27,58303,1356,179,2651.631604133895,58997.929550405475,2.3257808346054234,14.813584380636286,22.249670526791004
CMP-0022,Email,2024-09-17,82663,1157,89,4523.259478497782,31615.21765784035,1.3996588558363476,50.82314020784025,6.98947690446007
CMP-0050,LinkedIn,2023-07-03,23189,368,31,1391.9378242799012,7710.891210920872,1.586959334167062,44.901220138061326,5.539680779139679
CMP-0007,Instagram,2024-09-06,31299,633,57,1999.2364778149533,19516.703810938656,2.0224288315920638,35.07432417219216,9.762078687294288
CMP-0012,LinkedIn,2023-03-23,82656,4497,131,2554.3137712745283,59295.697005162365,5.440621370499419,19.49857840667579,23.213944062782677
CMP-0045,Instagram,2023-06-17,89858,5939,843,4850.7226666934785,397700.2098653407,6.609316922255114,5.754119414820259,81.9878268028123
CMP-0023,Google Ads,2024-09-09,12521,581,78,4415.0519314111,18388.639894908145,4.640204456513057,56.603229889885895,4.16498835813941
CMP-0019,Organic,2024-06-07,71798,1251,111,4319.245749450108,14180.53768882933,1.7423883673639933,38.91212386891989,3.2831050862606475
CMP-0027,Organic,2024-05-20,5108,319,21,2154.671662890316,9490.628346970445,6.245105716523101,102.60341251858647,4.40467497225983
CMP-0022,LinkedIn,2024-11-25,54724,4244,504,4819.620875278738,59998.27979655669,7.755281046707112,9.562739831902258,12.448755067915327
CMP-0035,Facebook,2024-02-11,21919,665,20,3682.228624642154,3739.0183564470535,3.033897531821707,184.1114312321077,1.0154226523103025
CMP-0014,YouTube,2023-07-27,86628,4746,505,2422.9168529759936,151707.25815595305,5.478598143787228,4.797855154407908,62.61348092470269
CMP-0016,Google Ads,2024-09-01,45273,3530,195,3779.8732736378893,45928.71001351178,7.79714178428644,19.38396550583533,12.15085974808576
CMP-0045,Organic,2023-09-13,78091,1797,157,3753.7724988344685,59545.020576153525,2.301161465469772,23.909378973467952,15.86271426801758
CMP-0013,Facebook,2024-07-08,86630,1595,33,1167.431206914281,3590.59137184587,1.841163569202355,35.376703239826696,3.0756342220253075
CMP-0012,YouTube,2024-11-14,72830,1768,95,730.7452198656171,12342.165174991173,2.4275710558835644,7.692054945953863,16.889833610216265
CMP-0020,LinkedIn,2024-01-30,31113,615,12,960.578771818105,2053.742009679074,1.9766657024394947,80.04823098484208,2.1380256049089224
CMP-0002,Email,2023-07-16,18391,650,63,2057.5421544442984,14878.321268328596,3.5343374476646185,32.65939927689362,7.23111370340159
CMP-0032,Facebook,2023-05-18,35876,1014,25,3576.842595241968,5235.947120947532,2.826402051510759,143.0737038096787,1.463846110508905
CMP-0036,Facebook,2023-03-02,39898,945,33,2993.7177582374275,16249.759626234641,2.368539776429896,90.7187199465887,5.427953113322815
CMP-0043,Google Ads,2023-11-22,22732,229,31,744.8430461512172,13647.552938413559,1.0073904627837411,24.02719503713604,18.322723168234894
CMP-0023,Organic,2023-02-20,34749,2715,402,3506.0212797162376,89594.84106565532,7.813174479841146,8.721445969443376,25.554562827099197
CMP-0028,LinkedIn,2023-12-29,42711,2850,145,3583.88559852541,38543.93432114895,6.672754091451851,24.716452403623517,10.754789253598902
CMP-0042,Facebook,2023-01-20,68922,1812,128,1777.8410859699652,15256.303764483528,2.629058936188735,13.889383484140353,8.581365277740728
CMP-0008,Organic,2024-06-23,19332,276,10,1693.1015551201851,2800.2277060967035,1.4276846679081316,169.31015551201853,1.65390416046126
CMP-0027,Google Ads,2023-09-02,22544,1612,90,2960.729573603663,10251.44117333269,7.150461320085166,32.89699526226293,3.4624712992126163
CMP-0042,Facebook,2023-04-27,76252,4760,120,4684.221660102582,36372.833035920936,6.242459214184546,39.03518050085485,7.764968371527574
CMP-0020,Instagram,2024-02-16,40142,2684,238,1202.6555214586672,48358.29505428139,6.686263763639082,5.053174459910366,40.20959800328274
CMP-0021,Instagram,2023-10-17,78081,5771,308,3638.626295450048,96914.68311146482,7.391042635212151,11.813721738474182,26.634964748276744
CMP-0039,Email,2024-06-27,69639,5100,119,4495.920624911665,27922.476073535032,7.323482531340197,37.78084558749298,6.210624787016485
CMP-0046,YouTube,2024-02-07,80638,3819,442,4846.731285071094,203133.43769579218,4.735980555073291,10.965455396088448,41.91142973440347
CMP-0038,Google Ads,2024-12-07,49640,1850,217,3308.092994590058,45201.059832289306,3.726833199033038,15.244668177834368,13.663781491696144
CMP-0026,Instagram,2023-06-20,75330,4846,311,1949.7346618735394,25934.05513549194,6.433028010088942,6.269243285767008,13.301325376536818
CMP-0011,LinkedIn,2023-06-14,26865,1258,53,2647.145176133493,20232.612494850546,4.682672622371115,49.94613539874515,7.643182050333546
CMP-0004,Instagram,2023-09-10,16439,1028,93,4684.883667868807,20645.25145485226,6.253421740981811,50.3750932028904,4.40677995836852
CMP-0034,Organic,2023-03-20,2125,66,8,360.9187383056206,1986.3913297098188,3.1058823529411765,45.114842288202574,5.503707951089456
CMP-0019,Google Ads,2023-06-04,88539,3698,141,4443.4900457602125,61732.75862934701,4.176690497972644,31.51411379971782,13.892854038966455
CMP-0005,Instagram,2024-01-08,22513,1261,166,3509.7702888876424,34268.69359389182,5.60120819082308,21.14319451137134,9.763799557592316
CMP-0022,LinkedIn,2024-03-02,9646,443,11,586.1789526088992,1793.466480814514,4.592577234086668,53.28899569171811,3.0595886679867226
CMP-0019,Instagram,2024-01-07,18892,608,90,2860.926433722342,44595.31509512105,3.2182934575481688,31.7880714858038,15.587718219338562
CMP-0031,Organic,2024-04-14,50871,708,104,947.2326002906537,20708.344636599468,1.39175561714926,9.108005772025518,21.861942494636704
CMP-0010,Google Ads,2023-01-04,43527,3060,218,2310.565006699824,71446.70965421286,7.030119236336067,10.598922049081763,30.921748337329866
CMP-0036,Google Ads,2024-01-18,61479,4705,650,4878.614911062841,165554.1083714598,7.653019730314416,7.50556140163514,33.93465386990191
CMP-0002,Organic,2024-06-11,24048,1859,37,3965.766169507316,2748.352907300985,7.730372588157019,107.18286944614368,0.6930194040266434
CMP-0003,Instagram,2023-12-31,64933,4006,189,4434.926046077106,11189.800834787293,6.16943618807078,23.46521717501114,2.5231087775827024
CMP-0035,Email,2024-01-03,74721,4577,244,1524.848873329459,32003.4514828625,6.125453353140349,6.249380628399422,20.98794971922954
CMP-0018,Facebook,2024-05-28,72581,2231,237,4204.220114725771,23611.770009331936,3.0738071947203816,17.73932537858975,5.61620689807105
CMP-0022,Facebook,2023-08-07,26626,1151,128,1246.7837584550396,54705.625578196676,4.322842334560204,9.740498112929997,43.87739670749763
CMP-0006,Instagram,2024-07-05,46986,3084,157,4209.205086330685,56605.91340679023,6.563657259609245,26.81022347981328,13.44812434790048
CMP-0038,Email,2024-06-17,2206,152,16,997.5852020619511,4230.22619860439,6.890299184043518,62.349075128871945,4.2404660673201215
CMP-0013,Organic,2023-05-16,98741,7355,981,1709.2933129257838,102039.42619155007,7.448780141987624,1.7423988918713391,59.69684981502092
CMP-0010,Instagram,2023-06-17,79990,4544,442,253.12860768745972,62752.608692005175,5.680710088761095,0.572689157663936,247.90800717983805
CMP-0036,Instagram,2024-08-30,21014,613,78,2560.9252276233897,31952.660587151102,2.917102883791758,32.83237471312038,12.476998641933823
CMP-0029,Facebook,2024-07-03,87776,6766,464,2845.971836498267,227079.86287605326,7.708257382427998,6.133559992453161,79.78991919872836
CMP-0025,LinkedIn,2024-02-11,28392,1620,201,,36307.21285473807,5.705832628909552,14.77707060834949,12.223863887660741
CMP-0005,LinkedIn,2023-02-01,86082,3784,529,2780.8145250357406,172482.7835034885,4.395808647568598,5.25673823258174,62.02599344566918
CMP-0005,YouTube,2023-02-02,85482,4361,254,1095.9368460369938,57525.598682637916,5.101658828759271,4.314711992271629,52.48988469605311
CMP-0030,Email,2023-11-15,89167,1819,93,3967.8141334733587,8919.69298989323,2.0399923738602848,42.66466810186407,2.248011799404797
CMP-0044,Organic,2023-12-19,32901,2506,165,3365.582585825811,31693.95443128484,7.6167897632290815,20.397470217126127,9.417078209509489
CMP-0001,Email,2024-10-24,6649,193,17,2833.042478946266,1789.7237852683418,2.902692134155512,166.64955758507446,0.6317320684630254
CMP-0035,YouTube,2023-12-28,41877,1834,189,3379.48047360193,32775.03705858374,4.379492322754734,17.880849066676877,9.698247205331928
CMP-0017,Email,2024-08-23,96153,3097,247,3982.351750794092,31301.96009959321,3.2209083439934267,16.122881582162314,7.860169582797781
CMP-0006,Instagram,2024-04-27,22436,293,21,4985.485837618745,5427.057710129509,1.3059368871456587,237.40408750565453,1.088571482678542
CMP-0040,Organic,2024-01-02,91956,4419,533,1713.1166646887384,42030.982985028386,4.80555918047762,3.214102560391629,24.534804810077034
CMP-0026,YouTube,2023-03-07,84200,4628,176,2072.8097632931767,58980.85614776195,5.496437054631829,11.777328200529412,28.45454377542882
CMP-0037,YouTube,2023-11-28,63563,4124,105,3742.2069352782414,51449.6588392594,6.488051224769127,35.64006605026896,13.748480436567306
CMP-0031,Facebook,2023-04-20,81346,1824,222,2288.852139093929,106178.12557757826,2.242273744252944,10.310144770693373,46.38924627940808
CMP-0049,Organic,2024-05-08,4865,141,3,3820.8329093708535,1128.1078738941703,2.8982528263103804,1273.6109697902846,0.2952518209125054
CMP-0034,YouTube,2024-09-12,79846,5112,326,1058.5529175175907,103747.43964184554,6.402324474613631,3.2470948390110146,98.00874186350869
CMP-0018,Google Ads,2023-06-09,56922,657,36,287.14289330945564,14226.060596411633,1.1542110256139981,7.976191480818212,49.54348837420162
CMP-0046,LinkedIn,2024-12-09,24759,1238,56,3129.55487698997,22908.29868672739,5.000201946766833,55.884908517678035,7.319986255924283
CMP-0026,Organic,2024-05-16,91304,1950,204,,67684.95739964314,2.135722421799702,18.3065002444269,18.124109055853165
CMP-0044,LinkedIn,2023-11-17,24174,1441,182,3858.690326559379,72320.06939486055,5.960949780756184,21.20159520087571,18.74212835818445
CMP-0018,Facebook,2024-06-20,56487,686,45,3721.0748694487156,2267.7589296837305,1.2144387204135465,82.6905526544159,0.6094365228452668
CMP-0033,Instagram,2023-07-14,49761,1725,219,2557.6869984572445,88425.63071323861,3.466570205582685,11.678936066014815,34.572498811064655
CMP-0033,Google Ads,2023-11-27,33132,1182,93,4467.840553797042,18212.14512020632,3.567547989858747,48.04129627738755,4.076274634449194
CMP-0013,YouTube,2023-07-27,42760,2766,94,2185.5945805012952,6013.169502504531,6.4686623012160895,23.251006175545694,2.7512739810717
CMP-0017,Facebook,2023-06-07,7795,386,11,2518.8411942198445,4811.7214275402985,4.951892238614496,228.98556311089496,1.9102917002398092
CMP-0025,Instagram,2024-10-25,38547,3049,162,4209.105055662927,13668.75444960213,7.909824370249306,25.982129973227945,3.2474253478687105
CMP-0033,Email,2023-07-11,65838,3826,97,135.07674522719532,31720.270803342748,5.811233634071509,1.3925437652288177,234.83147117581296
CMP-0031,LinkedIn,2024-06-02,4618,275,36,1653.2825809669966,3204.6315158835914,5.9549588566479,45.92451613797213,1.9383446924174441
CMP-0035,Google Ads,2023-12-26,88510,2460,355,1084.0320595131097,129557.85359996305,2.7793469664444697,3.0536114352481967,119.51478045598913
CMP-0001,YouTube,2024-10-09,35515,1182,93,3378.8328911215126,28964.60216974997,3.3281711952696047,36.33153646367218,8.572368951971447
CMP-0035,Email,2023-12-30,99741,2392,274,2514.02867493605,109629.08279878185,2.398211367441674,9.175287134803101,43.60693411803289
CMP-0004,YouTube,2023-02-18,58646,4581,143,3343.3252368464973,66143.34576582012,7.811274426218327,23.379896761164318,19.783700681243946
CMP-0011,YouTube,2024-09-06,82261,2844,190,4837.580371280316,80552.11254007007,3.4572883869634454,25.46094932252798,16.651322842777102
CMP-0040,Email,2023-02-24,54069,1621,75,1662.6227730708183,4192.638250170112,2.9980210471804547,22.168303640944245,2.521701445497721
CMP-0032,LinkedIn,2024-03-02,17283,954,32,374.13012992437734,13160.890193866551,5.519875021697622,11.691566560136792,35.17730634666273
CMP-0023,Email,2023-05-23,86393,5860,221,1178.3966970934637,98189.7787180659,6.782956952530876,5.332111751554134,83.32489301799023
CMP-0035,Google Ads,2024-10-18,78190,1296,115,3778.180655439525,39043.45510813119,1.6575009592019438,32.85374482990891,10.33393018195663
CMP-0030,Organic,2023-05-30,55879,2796,376,4494.8835496802085,121263.18832905972,5.003668641171101,11.954477525745235,26.97804892802775
CMP-0032,Facebook,2024-01-17,53464,2265,124,3217.6205158608677,51684.27070414438,4.236495585814755,25.948552547265063,16.062885740991852
CMP-0035,LinkedIn,2024-03-28,30221,1062,49,1438.074540363207,20941.486837284283,3.5141127030872568,29.34846000741239,14.56217063129092
CMP-0020,Facebook,2024-06-13,33955,1696,194,1299.5798020606842,60304.8452720119,4.994846119864526,6.698864959075692,46.40334143112202
CMP-0003,Organic,2023-12-14,38259,2457,312,3061.3125324331863,36282.00524387887,6.422018348623854,9.81189914241406,11.851780848733297
CMP-0034,Email,2024-03-21,31976,1291,107,3134.5016749188712,40365.14374894597,4.037403052289217,29.29440817681188,12.877690917166513
CMP-0037,Google Ads,2023-12-07,71743,1201,142,772.8003820648294,48939.15643693334,1.674030915908172,5.442256211724151,63.32703447450922
CMP-0003,YouTube,2023-07-17,67114,2361,202,1718.4687323792425,87681.35960422776,3.5178949250528952,8.507270952372489,51.02295895883527
CMP-0001,Email,2023-03-31,8598,125,3,1887.6709905096236,700.2604271255093,1.453826471272389,629.2236635032078,0.3709652956718144
CMP-0041,Facebook,2024-04-26,58394,4068,349,2784.480416769639,119815.79309610926,6.966469157790184,7.978453916245384,43.029856620471854
CMP-0006,Organic,2023-06-21,98569,4877,173,906.7401501157889,50907.07272812199,4.947803061814566,5.241272544021901,56.14295641548602
CMP-0035,Facebook,2024-05-19,85755,3638,488,1007.3051667836172,224389.34373767299,4.2423182321730515,2.064149931933642,222.76202995578882
CMP-0039,Google Ads,2023-02-15,20650,769,29,2195.046887049697,5874.569083266122,3.7239709443099276,75.69127196723093,2.6762841003191378
CMP-0002,Facebook,2024-05-16,85591,3680,485,4528.094839937725,91856.43855915379,4.299517472631469,9.336278020490154,20.285891043840657
CMP-0013,Organic,2024-03-15,76944,5286,766,167.02706425272137,78438.77652386461,6.869931378665004,0.21805099771895742,469.6171657856736
CMP-0015,YouTube,2024-04-16,83898,3328,175,2419.228739957778,70076.42413909228,3.9667214951488714,13.82416422833016,28.96643173159199
CMP-0041,Email,2023-08-16,25250,1175,128,4625.215386135949,45422.35882768585,4.653465346534653,36.134495204187104,9.820593212553744
CMP-0022,Organic,2024-07-13,79830,4111,312,835.2459463420191,123729.91971969864,5.149693097832895,2.677070340839805,148.1359116576105
CMP-0049,Email,2023-10-19,81232,1939,48,1204.3019653547642,18141.098036221072,2.3869903486310813,25.089624278224253,15.063579200318795
CMP-0017,Organic,2023-04-04,31704,1385,69,4015.9408664649495,19929.876786649562,4.36853393893515,58.202041542970285,4.962691794860248
CMP-0017,Facebook,2024-04-18,18629,653,33,4030.6448024933175,9563.879927022537,3.505287455043212,122.14075159070659,2.3727915496563763
CMP-0010,Instagram,2024-09-02,50614,1486,77,4496.532853098737,11276.628707538952,2.9359465760461534,58.39653055972386,2.5078497313252774
CMP-0033,Instagram,2024-08-18,93697,2046,188,1794.16636680478,57375.572875261016,2.1836344813601287,9.543438121302021,31.978959107031322
CMP-0018,YouTube,2024-12-12,64924,4594,583,3185.2633570250237,241397.1307528196,7.075965744562874,5.46357351119215,75.7856113280002
CMP-0007,Email,2023-05-24,68004,4802,249,707.3050341849911,121526.19923273611,7.061349332392212,2.84058246660639,171.81582677800043
CMP-0009,YouTube,2024-06-05,17226,712,99,1208.5329181153797,6347.3651099346325,4.133286891907582,12.207403213286664,5.252124302772731
CMP-0037,Facebook,2024-07-12,63138,3095,73,4990.924237407336,24667.01339825918,4.901960784313726,68.3688251699635,4.942373841978634
CMP-0043,Instagram,2023-02-02,21868,1462,67,481.5876283133261,17405.654367793275,6.685567953173586,7.187875049452629,36.142237350974824
CMP-0012,LinkedIn,2023-10-09,45153,1123,147,1336.664708221017,24495.16771872784,2.4870994175359336,9.092957198782429,18.325588734461878
CMP-0047,Organic,2024-09-01,99941,3818,331,1326.1167400081451,42004.213874208355,3.8202539498304,4.006394984918868,31.67459742190598
CMP-0017,Google Ads,2024-02-27,73050,845,94,3119.6871775182644,11983.467150088696,1.1567419575633129,33.18816146296026,3.841239992408995
CMP-0046,Organic,2023-02-02,41097,795,72,1017.8163779825634,4712.0237496579875,1.9344477699102125,14.136338583091158,4.629542078108229
CMP-0026,LinkedIn,2024-06-19,17950,712,39,4741.629952841576,3388.9250648656634,3.966573816155989,121.58025520106604,0.7147173226444505
CMP-0016,LinkedIn,2023-02-15,4955,295,20,4758.9871292970765,2222.63400487594,5.953582240161452,237.94935646485382,0.4670392973313699
CMP-0015,Email,2023-07-22,54988,1179,70,3136.062715795185,9107.946839167242,2.144104168182149,44.800895939931216,2.9042617015577816
CMP-0039,LinkedIn,2024-07-23,6968,297,18,2623.0839359679353,7387.557298546648,4.262342135476463,145.72688533155196,2.8163632879786555
CMP-0032,Organic,2024-03-01,86276,2061,303,2647.373097620436,43280.80526691238,2.388845101766424,8.737204942641704,16.34858543580989
CMP-0030,Google Ads,2023-06-28,22682,1100,39,561.1533279231074,5695.295939792042,4.849660523763336,14.388546869823267,10.149268758453207
CMP-0010,Facebook,2024-04-13,1673,84,2,1249.2623910595385,224.88038792400428,5.02092050209205,624.6311955297692,0.18001053224157032
CMP-0015,Email,2023-05-23,40937,1139,135,3829.5693749820052,54392.809068999064,2.7823240589198037,28.367180555422262,14.20337477741989
CMP-0011,Google Ads,2023-08-03,58360,2732,295,1681.5946006020697,49273.47343964157,4.6812885538039755,5.700320680007016,29.301636328993887
CMP-0041,Google Ads,2024-04-22,1486,23,3,3437.172633098449,1002.205311414011,1.547779273216689,1145.7242110328164,0.29157840422771264
CMP-0024,Google Ads,2024-10-19,67846,4367,110,954.9948705901224,43973.85359217714,6.436635910739026,8.681771550819295,46.046167310829915
CMP-0024,YouTube,2024-05-02,44305,1507,36,2583.2191620095427,14016.407772277273,3.4014219614039045,71.75608783359841,5.4259460360202665
CMP-0004,Facebook,2024-03-09,35342,2063,199,2024.3810899592381,26744.944129087675,5.837247467602286,10.172769296277579,13.211417683034274
CMP-0028,Google Ads,2024-04-28,66503,3853,445,4262.859865203414,67236.63122601334,5.793723591416929,9.579460371243627,15.772658110309465
CMP-0037,Google Ads,2023-06-26,7895,177,25,748.5882201415544,4838.007740832853,2.241925269157695,29.943528805662176,6.462842468878296
CMP-0040,Email,2023-02-11,16283,638,20,4245.8137613464905,2526.691761161514,3.918196892464534,212.29068806732454,0.5951018822738506
CMP-0030,Email,2023-03-29,44933,1683,155,4121.152402281996,44542.98401520066,3.745576747601985,26.588080014722554,10.808380682678946
CMP-0011,Organic,2024-11-13,43998,1094,73,3571.086239173742,10749.275728846624,2.4864766580299102,48.91898957772249,3.0100857299188974
CMP-0006,LinkedIn,2023-01-26,92005,3722,95,3865.1672441134915,8116.760245129953,4.045432313461225,40.68597099066833,2.0999764647937247
CMP-0020,YouTube,2024-08-20,83440,6324,343,2335.068109713036,99130.99578500475,7.579098753595398,6.807778745519055,42.4531495987872
CMP-0003,Google Ads,2024-07-29,60700,1693,242,1596.811110111292,32038.740602070236,2.7891268533772653,6.59839301698881,20.06420195801196
CMP-0042,YouTube,2024-08-23,18172,982,61,4047.2131948237725,6628.7508269966565,5.403918115782522,66.347757292193,1.6378556077734105
CMP-0011,YouTube,2024-03-04,26074,988,130,,36577.071526354775,3.789215310270768,14.825150489852938,18.978700341480213
CMP-0022,Google Ads,2023-02-07,75415,2218,255,373.71425295519157,93187.15227854815,2.941059470927534,1.4655460900203592,249.35402260325702
CMP-0015,Email,2024-07-30,1531,93,11,935.2286065442776,1376.7868305534244,6.074461136512084,85.02078241311614,1.4721393474486728
CMP-0005,Instagram,2024-01-24,86799,1900,42,,2593.127883446622,2.188965310660261,9.572146206918385,6.45008326736989
CMP-0035,Facebook,2023-11-13,50349,2308,110,1227.273081320711,44696.251310944084,4.5840036544916485,11.157028012006464,36.41915722851584
CMP-0014,Instagram,2024-04-06,44617,2005,282,2894.0214401697876,21311.293045805,4.493802810587892,10.26248737648861,7.363902958699124
CMP-0007,YouTube,2024-11-10,75550,3363,456,555.7956615344635,93744.80602905632,4.451356717405692,1.218850134943999,168.66775420707998
CMP-0008,Facebook,2023-11-19,3439,231,13,4175.066876727774,5356.1067700968115,6.717068915382379,321.1589905175211,1.2828792755278409
CMP-0042,Google Ads,2023-07-18,23933,1475,75,4182.2557080147035,14884.729360173505,6.163038482430117,55.76340944019605,3.559019438158461
CMP-0038,Instagram,2024-12-21,14860,711,57,4790.813518254036,10155.09243916293,4.784656796769852,84.04935996936906,2.119701048782181
CMP-0039,Facebook,2024-05-19,29032,578,27,2856.158988413515,12172.985080920902,1.9909065858363186,105.7836662375376,4.262012419582609
CMP-0048,YouTube,2023-09-24,70120,4739,559,892.291531795273,121789.62219072334,6.7584141471762695,1.5962281427464633,136.4908416710904
CMP-0025,Email,2023-04-10,82665,1471,170,2407.4846141463017,30235.288144534585,1.7794713603096837,14.161674200860599,12.5588707678018
CMP-0028,Facebook,2023-01-05,89643,3784,87,938.9377264162958,40400.50601276384,4.221188492129893,10.792387659957424,43.02788659580552
CMP-0010,LinkedIn,2024-06-15,9211,453,29,3626.323972969929,7928.3721653911525,4.918032786885246,125.04565424034237,2.1863386240413267
CMP-0033,YouTube,2024-12-24,83909,1340,171,4695.8370800899875,40080.19272768631,1.5969681440608279,27.461035556081796,8.535260496498793
CMP-0014,LinkedIn,2023-04-06,95698,4472,670,1419.100229348734,172994.9056651458,4.673033919204163,2.1180600438040806,121.90464217213054
CMP-0023,LinkedIn,2023-04-05,49458,2841,323,1478.4321449033007,53504.47395721439,5.744267863641879,4.577189303106194,36.19000989775824
CMP-0018,Google Ads,2024-02-19,21913,1065,53,1736.0831414020126,9772.123667994692,4.860128690731529,32.756285686830424,5.628833916388933
CMP-0039,Facebook,2023-11-02,6359,349,13,2192.0330698416556,5848.636011132084,5.488284321434188,168.61792844935812,2.668133109668171
CMP-0032,Google Ads,2023-04-24,87019,4269,128,529.094367136884,10370.294924689944,4.905825164619221,4.133549743256906,19.600085672443015
CMP-0010,Facebook,2023-12-13,79590,1739,42,991.1332153278298,8991.662667964682,2.1849478577710766,23.598409888757853,9.072103052252745
CMP-0007,LinkedIn,2023-08-23,81280,3976,154,2427.42135910832,17399.08853276211,4.891732283464567,15.762476357846232,7.167724905886726
CMP-0022,Email,2023-12-04,18811,320,15,1922.2507754979938,4965.515506225289,1.7011323161979692,128.15005169986625,2.5831777879964086
CMP-0032,YouTube,2023-06-08,86205,4451,229,424.5653396052416,106032.64752260972,5.163273592019024,1.8539971161800943,249.74400317557308
CMP-0020,YouTube,2023-10-22,39189,3118,275,1830.2783684774765,40244.362503910255,7.956314271862001,6.65555770355446,21.988110222483627
CMP-0049,Email,2023-07-17,5212,147,18,592.5468496791311,1160.8550479428845,2.8204144282425174,32.9192694266184,1.9590941181638157
CMP-0030,LinkedIn,2024-10-23,3854,264,37,4701.141730690691,13334.813362722927,6.850025947067981,127.0578846132619,2.836505284592596
CMP-0013,Google Ads,2023-07-27,4378,51,3,2920.682592317693,697.111649725775,1.1649154865235267,973.5608641058976,0.23868107118500184
CMP-0005,Google Ads,2024-07-09,6084,431,51,314.3104142321537,5939.82173910556,7.084155161078239,6.16294929866968,18.897947602583514
CMP-0024,Organic,2023-12-25,51981,1342,137,1107.2545258173927,21255.75295647819,2.5817125488159136,8.082149823484619,19.196808376815493
CMP-0028,Google Ads,2023-11-15,66356,2479,326,2063.3115524366176,63769.75199535596,3.7359093375128096,6.3291765412166185,30.906506542867277
CMP-0038,Email,2023-03-29,30113,1616,52,4555.69268937829,6783.916617577558,5.3664530269318895,87.60947479573635,1.4891076023179586
CMP-0032,LinkedIn,2023-12-21,45068,500,20,3909.6648201488947,2950.653610100999,1.1094346321114759,195.48324100744475,0.7547075633937916
CMP-0019,Organic,2024-10-25,92708,4773,703,4367.351486077982,257510.50702248435,5.148423005565863,6.212448771092435,58.96262479522499
CMP-0040,Instagram,2023-03-12,65135,3531,514,685.5720705254904,114627.53917357304,5.421048591387119,1.3337978025787751,167.1998380647437
CMP-0029,LinkedIn,2024-03-26,92143,3833,277,1542.6653725450878,38520.55927645829,4.159838511878276,5.569189070559884,24.970132837627066
CMP-0024,Email,2023-05-23,27016,1703,157,3413.80997579839,30274.260960023043,6.303671898134438,21.74401258470312,8.868174026863572
CMP-0015,Google Ads,2024-03-13,19727,1285,105,4613.364155735813,6335.765156977422,6.513914938916206,43.936801483198224,1.3733503237762275
CMP-0022,Email,2024-03-05,67800,5110,174,896.3353084602861,56105.17444815161,7.536873156342184,5.151352347472908,62.593957772932534
CMP-0018,LinkedIn,2023-02-16,78739,5591,730,2157.3369140914947,259989.2571171184,7.100674379913386,2.955256046700678,120.51397972143168
CMP-0012,LinkedIn,2023-01-29,19067,985,86,454.790392617397,31229.068661423255,5.165993601510463,5.288260379272058,68.66694892496429
CMP-0006,YouTube,2024-03-17,43301,2498,193,3190.5073723273167,29262.744946869436,5.768919886376758,16.53112628148869,9.171815492632357
CMP-0036,Google Ads,2023-09-15,1823,49,5,866.8526202545851,901.3435377197324,2.687877125617115,173.37052405091703,1.0397886753287053
CMP-0031,YouTube,2023-09-30,54839,1515,74,4299.298217671425,27483.862856985175,2.762632433122413,58.098624563127366,6.392639325185243
CMP-0013,LinkedIn,2024-08-19,71098,2474,108,2277.232103468178,29885.684180527678,3.479704070437987,21.085482439520167,13.12368824197252
CMP-0042,Instagram,2024-12-12,34235,1246,105,793.958805125525,19926.27124438787,3.6395501679567692,7.561512429766905,25.097361620969142
CMP-0025,Email,2023-03-03,95970,1881,242,813.3320997434229,58936.70467194869,1.959987496092529,3.3608764452207556,72.46327138759322
CMP-0024,Instagram,2024-10-25,81945,5068,238,2584.7004310400544,88151.91148122442,6.1846360363658555,10.860085844706111,34.10527209366119
CMP-0044,LinkedIn,2023-08-23,13918,600,69,4678.901715660557,12271.90306189264,4.310964218996983,67.81016979218198,2.6228170215283355
CMP-0022,Organic,2023-10-08,67267,4358,403,3724.816418273805,162503.58405566533,6.47865966967458,9.242720640877929,43.62727334921234
CMP-0006,Instagram,2023-09-08,17533,670,55,4997.794747978361,8163.137872358734,3.8213654251981977,90.86899541778837,1.633347963251347
CMP-0003,Instagram,2023-07-15,16363,265,18,1820.452866724477,2169.25510375997,1.6195074252887613,101.13627037358205,1.1916019048947362
CMP-0043,Email,2024-03-16,37959,1393,30,633.4607788081506,8198.015869384191,3.669748939645407,21.11535929360502,12.941631342683388
CMP-0016,LinkedIn,2024-04-20,53825,557,52,2838.236653541562,9018.597029563098,1.034835113794705,54.58147410656851,3.177535255317649
CMP-0011,Instagram,2023-08-11,93706,7477,156,2403.8480385571775,66588.77059993614,7.9792115766333,15.409282298443445,27.700906850960358
CMP-0048,Email,2024-10-20,85306,975,27,4547.023033191176,9923.481185132287,1.142944224321853,168.4082604885621,2.1824127814386336
CMP-0011,Organic,2024-08-01,23896,904,101,4795.532803025603,22143.41884725845,3.783059926347506,47.48052280223369,4.6175096192205585
CMP-0005,Organic,2023-11-08,54333,2427,200,2225.5540905287835,71362.01968808686,4.466898569929876,11.127770452643917,32.064832749641916
CMP-0028,YouTube,2024-09-16,44643,3044,98,2903.666633537082,27472.14980372175,6.818538180677821,29.629251362623286,9.461192785156861
CMP-0028,Email,2023-12-22,94908,2151,128,4260.908409223274,52927.96771398552,2.2664053609811607,33.28834694705683,12.42175673136185
CMP-0005,Facebook,2024-02-17,34352,2030,276,3649.307051527051,107324.87946490831,5.9094084769445745,13.222126998286416,29.409659957223457
CMP-0050,LinkedIn,2023-08-20,68723,4220,156,1219.9763948838342,73931.77950523759,6.1405933966794235,7.820361505665604,60.600991802203964
CMP-0038,Google Ads,2024-06-22,98462,2078,240,327.35291398015164,83390.55608829435,2.1104588572241068,1.3639704749172985,254.74206132574878
CMP-0041,LinkedIn,2024-08-25,75737,5197,323,463.6951718482016,32507.676167570018,6.861903693043031,1.4355887673318934,70.10570336111232
CMP-0042,YouTube,2023-09-20,84111,4619,216,3334.3675439751923,105249.62146129436,5.491552828999774,15.436886777662927,31.565092951875677
CMP-0043,Facebook,2024-10-27,26058,836,38,3261.467277266919,11908.928327616813,3.2082277995241384,85.8280862438663,3.6514020577868225
CMP-0034,Facebook,2024-05-13,67424,4326,634,3271.1649026482714,109602.9834720625,6.416112956810631,5.15956609250516,33.50579586597119
CMP-0017,Google Ads,2024-12-31,44968,1415,168,,24975.59209947978,3.1466820850382495,19.744715862304105,7.5293177032344145
CMP-0011,Instagram,2024-12-05,52084,4098,485,404.3138638781217,161211.39116327272,7.868059288841104,0.8336368327383953,398.72832857363767
CMP-0021,Facebook,2024-06-29,38208,1592,80,1034.6702032702087,14934.366194193872,4.166666666666666,12.93337754087761,14.433938608642523
CMP-0018,Organic,2023-02-02,54107,3836,258,,12911.716341862742,7.089655682259227,7.029081167376166,7.119765867840114
CMP-0043,Google Ads,2023-08-15,16008,1148,150,2382.140404682234,52139.63854531297,7.171414292853573,15.880936031214894,21.88772687068718
CMP-0041,Instagram,2023-08-11,76149,4215,624,2014.0305411123782,68625.13173303877,5.535200724894614,3.227613046654452,34.07353082894965
CMP-0010,Instagram,2023-10-19,40043,1869,216,4123.796044161939,40754.003228813555,4.667482456359413,19.09164835260157,9.882642786494989
CMP-0021,LinkedIn,2024-02-24,62827,1787,146,4354.767748474876,54932.254212371496,2.8443185254747165,29.827176359416956,12.614278736589302
CMP-0033,Email,2023-09-11,81173,2580,246,114.04372357972244,93451.39197743512,3.178396757542533,0.4635923722752945,819.4347662816164
CMP-0014,Instagram,2023-04-06,82079,6473,504,3441.1708474968173,229022.02678016486,7.886304657707818,6.827719935509558,66.55351824416404
CMP-0026,LinkedIn,2023-02-09,46188,526,76,794.9432309587256,6672.985562414616,1.1388239369533213,10.459779354720075,8.394291947573153
CMP-0032,LinkedIn,2023-07-12,65377,2390,331,116.66897437389265,37459.867705884455,3.6557199014944093,0.352474242821428,321.0782292971537
CMP-0034,LinkedIn,2024-02-07,51485,1653,178,4932.702113117336,9580.475960260308,3.210643876857337,27.7118096242547,1.94223687961682
CMP-0030,Facebook,2024-04-20,10552,663,35,2229.2125801657726,9478.895168994686,6.2831690674753595,63.69178800473636,4.2521270754222105
CMP-0033,Email,2024-02-24,6584,87,12,2364.1222689888104,5515.487197474824,1.3213851761846902,197.01018908240087,2.332995746380717
CMP-0046,Organic,2024-07-11,6242,94,11,3007.916324959928,2434.3213259604213,1.505927587311759,273.44693863272073,0.8093048685431274
CMP-0046,LinkedIn,2024-04-07,84047,2742,299,3554.746108891334,101487.18954573672,3.262460290075791,11.888782972880716,28.549771611505857
CMP-0007,Email,2024-04-12,57163,1103,25,3199.867579745901,5017.929236970216,1.9295698266361108,127.99470318983603,1.5681677794206366
CMP-0007,Organic,2023-07-17,14181,490,41,1930.9896776241599,3550.4263014970447,3.455327550948452,47.097309210345365,1.8386562821326928
CMP-0012,Google Ads,2024-09-13,43599,2501,51,2212.8025757046335,19210.901719144906,5.736370100231657,43.38828579813007,8.68170614499013
CMP-0042,Facebook,2023-08-26,15978,182,5,4554.671599614649,1905.009111208344,1.1390662160470646,910.9343199229297,0.41825388934067576
CMP-0050,YouTube,2023-07-09,20655,947,65,4604.679438491718,15051.357928003627,4.58484628419269,70.84122213064182,3.268709174885312
CMP-0046,LinkedIn,2024-05-15,63135,2031,72,1850.4005124042876,15601.33026651116,3.216916132097886,25.700007116726216,8.431326170700109
CMP-0031,Facebook,2023-06-15,29345,1201,169,4069.1835485652264,64486.52812292841,4.092690407224399,24.078009163107847,15.84753485638809
CMP-0031,Organic,2024-02-16,78805,3423,466,4358.9961487725395,47670.69579976882,4.343633018209505,9.354068988782274,10.936163780092471
CMP-0032,Facebook,2023-08-17,74135,4796,599,1185.842935578394,86565.3774880348,6.469279018007688,1.9797043999639299,72.9990244836367
CMP-0011,Facebook,2023-06-21,52034,2031,292,1427.6163498034266,58596.35313321818,3.903217127262944,4.889097088367899,41.044887963973316
CMP-0037,YouTube,2024-10-12,51967,3745,252,1226.8098078970008,34811.20347092785,7.206496430427002,4.868292888480162,28.375387323159135
CMP-0001,LinkedIn,2023-12-12,26198,720,92,3282.6052693987876,11069.004870802682,2.7483013970532104,35.680492058682475,3.3720182484292365
CMP-0044,Organic,2024-03-18,75737,2798,72,429.73431384627156,33649.72832823704,3.6943633890964787,5.968532136753772,78.30356395573877
CMP-0034,Google Ads,2024-07-22,19319,820,120,,38324.46200375533,4.244526114188105,33.491462934041905,9.535878361806096
CMP-0036,YouTube,2023-03-15,70830,3475,405,1059.9643054115845,91174.55711404273,4.906113228857829,2.617195815831073,86.01662966248625
CMP-0037,Instagram,2023-11-27,27891,1816,185,3864.671738395317,74147.57986578654,6.511060915707575,20.89011750483955,19.185996867245958
CMP-0031,LinkedIn,2023-10-16,47014,3249,371,2929.601974176563,145624.28326926174,6.910707448845025,7.896501278103943,49.70787313528932
CMP-0017,LinkedIn,2024-01-30,83457,3669,235,4251.079056416299,43403.10838108134,4.396275926525036,18.08969811240978,10.20990383972548
CMP-0045,Email,2024-02-28,42039,1066,112,1077.4779088575983,49325.04171220855,2.5357406218035634,9.620338471942842,45.7782394485523
CMP-0007,Organic,2024-09-30,45000,857,58,4192.775844584266,27158.582926699055,1.9044444444444444,72.28923869972873,6.477470757655531
CMP-0003,Google Ads,2024-03-02,42467,2556,91,1318.6509702542655,19451.573143723555,6.018791061294652,14.490670002794127,14.751115786137749
CMP-0039,Facebook,2023-03-19,56332,3803,202,356.21977068496636,16743.37551701273,6.751047362067741,1.7634642113117147,47.00293721714912
CMP-0002,Email,2024-10-23,49420,3499,109,3872.7705991854154,53231.9171917605,7.0801295022258195,35.530005497113905,13.745176954957545
CMP-0035,Facebook,2023-03-03,4884,143,8,2069.8084139891625,3226.0096374189657,2.9279279279279278,258.7260517486453,1.5586030164025881
CMP-0039,Facebook,2023-10-24,67866,2347,321,4578.204468562854,69314.68589787901,3.458285444847199,14.262319216706711,15.14014639884304
CMP-0023,Google Ads,2023-01-05,85637,897,45,1545.0991078271907,17955.659538450822,1.0474444457419105,34.335535729493124,11.62104064877827
CMP-0020,Email,2024-02-16,24152,991,85,2792.003231217994,36725.53714427572,4.103179860881086,32.84709683785876,13.153830458947724
CMP-0035,LinkedIn,2024-10-20,88876,3632,202,2992.7604025481096,60835.59331475538,4.086592555920608,14.815645557168859,20.327585617264404
CMP-0048,Google Ads,2024-06-18,24633,1529,124,4493.250206170421,35086.68333093977,6.207120529371169,36.23588875943888,7.808753512714799
CMP-0037,Facebook,2024-03-21,28738,746,61,916.0381344637983,21860.238965971228,2.595866100633308,15.017018597767185,23.863896210791584
CMP-0045,Google Ads,2024-02-08,32593,1770,245,2918.978103402109,18070.427677758213,5.430613935507624,11.91419634041677,6.190669144347771
CMP-0049,Facebook,2023-06-16,16024,1209,146,3977.1830361769585,12507.007851588683,7.544932601098353,27.240979699842182,3.1446900325741516
CMP-0011,LinkedIn,2024-10-17,91476,4712,375,577.9172582931456,20516.400573195213,5.1510778783506055,1.5411126887817215,35.50058469233043
CMP-0004,Google Ads,2023-07-01,6709,209,18,2935.9331683978507,5409.4759299422485,3.115218363392458,163.10739824432505,1.8425064944152727
CMP-0026,Google Ads,2024-03-19,27213,2152,291,3090.7225355977494,99371.38842359264,7.907985154154265,10.621039641229379,32.15150738349086
CMP-0028,Email,2023-12-26,65381,1352,130,3014.2253890695483,17015.490227981118,2.067879047429681,23.186349146688833,5.6450623399577875
CMP-0014,YouTube,2023-11-01,37329,2591,95,2777.359758914186,31764.103929337958,6.9409842213828385,29.23536588330722,11.43679850166627
CMP-0015,Facebook,2024-09-29,86556,4639,431,155.87858832640362,141870.4542814756,5.359536022921577,0.36166725829792024,910.1343282914806
CMP-0022,Google Ads,2024-02-03,99789,7342,236,4412.814420293108,44065.71301681697,7.357524376434277,18.698366187682662,9.98585229738486
CMP-0043,Instagram,2024-02-06,98311,6645,203,3351.1791497610857,75980.9183271722,6.759162250409415,16.50827167369993,22.67289062495781
CMP-0002,Google Ads,2023-04-04,18328,1086,141,2982.8126556697607,68959.73046898007,5.925360104757748,21.15469968560114,23.119028390167482
CMP-0024,YouTube,2023-12-29,11714,223,11,2174.197043878425,2671.89511274036,1.9037049684138638,197.65427671622047,1.2289112066743133
CMP-0008,LinkedIn,2024-03-22,33654,951,84,4431.964358826723,28018.777664427875,2.8258156534141556,52.76148046222289,6.321977208283622
CMP-0001,LinkedIn,2023-07-03,72489,5044,245,1662.5677965147313,93383.36463482362,6.958297120942487,6.785991006182576,56.168154363740676
CMP-0035,Email,2024-11-06,36581,2158,260,2173.8714669846695,18116.401095583733,5.899237308985539,8.36104410378719,8.333703887614204
CMP-0035,YouTube,2024-10-23,55418,2779,228,1863.6470428198036,103321.18867257342,5.014616189685662,8.173890538683349,55.440320134998636
CMP-0025,Instagram,2024-06-09,32782,603,69,3219.5118476195585,26057.08792099026,1.839424074187054,46.659591994486355,8.093490303586346
CMP-0015,Google Ads,2024-08-26,89642,6096,693,2849.257200660821,204596.88208443308,6.80038374868923,4.111482252035817,71.80709485861136
CMP-0033,Facebook,2024-03-22,79931,2149,197,3920.5935005483666,86879.05283571074,2.688568890668201,19.901489850499324,22.159668637811883
CMP-0027,Organic,2023-11-08,38809,1200,46,3500.526588947657,16059.615355760172,3.092066273287124,76.09840410755776,4.587771281745379
CMP-0048,Google Ads,2024-03-01,31989,1304,152,1667.0440899203268,14593.869511496414,4.076401262934134,10.967395328423203,8.754339252175328
CMP-0024,Google Ads,2024-04-29,4650,282,38,4924.502256211175,7731.356247674298,6.064516129032258,129.5921646371362,1.569977196766007
CMP-0046,LinkedIn,2024-01-10,19351,486,57,1833.6953974094408,19213.30682324912,2.511498113792569,32.1700946913937,10.477916261551828
CMP-0026,LinkedIn,2023-09-02,44015,974,131,1532.9411582623059,51268.31449087893,2.2128819720549813,11.701840902765694,33.44441123167121
CMP-0035,YouTube,2023-12-26,28024,712,45,834.883646687787,15878.469344292913,2.5406794176420213,18.552969926395267,19.018781128708376
CMP-0030,Instagram,2023-03-08,43842,2293,180,280.9113695422924,35618.92457646962,5.230144610191141,1.5606187196794021,126.79773209075127
CMP-0029,Google Ads,2023-10-19,23200,705,51,4599.567922323248,13420.932407807417,3.038793103448276,90.1876063200637,2.9178680768406795
CMP-0023,Facebook,2023-06-21,54486,3502,472,3664.787126196215,135170.73445633508,6.427339132988291,7.7643795046529975,36.883652392828765
CMP-0020,Google Ads,2023-10-03,48545,2582,85,2960.1021847557618,41404.47174825738,5.318776393037388,34.8247315853619,13.987514337000386
CMP-0048,Organic,2024-08-26,95819,2077,217,3316.0825665874113,45525.15624643499,2.1676285496613406,15.281486481969637,13.728595513616852
CMP-0008,Organic,2023-02-27,30272,316,10,2906.6345143434464,4554.922584127875,1.0438689217758985,290.66345143434467,1.5670778564179906
CMP-0037,YouTube,2023-01-23,81627,1175,48,4868.109594302716,6076.785004793871,1.4394746836218408,101.41894988130657,1.2482843467422553
CMP-0041,Instagram,2023-08-06,57945,841,23,3835.103885404404,9405.983564830864,1.4513763051169213,166.74364719149582,2.452602027451734
CMP-0037,YouTube,2023-01-23,95310,4711,246,976.5317793685217,69377.06079843122,4.942818172279929,3.9696413795468364,71.04434516539153
CMP-0019,Google Ads,2023-02-27,71963,4382,389,699.3101234293114,181743.9374998222,6.089240304045134,1.7977123995612119,259.8903282117201
CMP-0018,Organic,2023-10-25,22881,1447,42,3133.693220827614,17512.946681589936,6.324024299637254,74.61174335303842,5.58859640924415
CMP-0017,Google Ads,2024-07-21,89936,2306,216,1613.4277833165477,62050.60144290622,2.564045543497598,7.469573070909943,38.4588650849656
CMP-0008,YouTube,2024-04-17,23993,944,98,2084.1566573000136,12570.533658406832,3.934480890259659,21.26690466632667,6.031472545202877
CMP-0028,Email,2023-08-24,76171,1588,205,2133.7804252905617,78492.8065743553,2.0847829226345986,10.408685001417373,36.785793722738255
CMP-0022,Google Ads,2024-07-21,81627,1652,155,3629.4882855267674,62705.035172900614,2.023840150930452,23.416053455011404,17.276549816388204
CMP-0050,Facebook,2024-12-22,44641,1209,54,4946.564878710006,18406.3430080906,2.7082726641428283,91.60305330944456,3.7210353971725754
CMP-0031,Organic,2023-02-02,74276,5499,549,2754.1757957160157,170309.4721369211,7.403468145834455,5.016713653398936,61.83681971275365
CMP-0004,YouTube,2024-02-05,87267,1162,30,1327.9298286364706,10397.461454316446,1.3315457160209472,44.264327621215685,7.829827472881339
CMP-0021,Email,2024-03-09,43721,1975,134,730.7274012768443,14181.510400157626,4.517280025616981,5.453189561767495,19.40738827554217
CMP-0045,Email,2024-11-27,8076,139,20,3978.1973343528857,1029.1801328732847,1.7211490837048045,198.9098667176443,0.2587051486828007
CMP-0042,YouTube,2024-08-23,87598,1337,120,,57548.967897653405,1.5262905545788716,34.906243640693674,13.738938437974952
CMP-0012,Facebook,2023-08-19,22392,1596,189,4563.820761632506,41948.8752697928,7.127545551982852,24.147199796997388,9.191613225140646
CMP-0032,Email,2023-05-26,56295,905,97,2993.1923655402747,5367.56743782933,1.6076028066435741,30.857653252992524,1.7932584285676132
CMP-0002,LinkedIn,2023-07-25,85689,5810,624,353.2927964725625,180536.70336657704,6.7803335317251925,0.5661743533214142,511.01156086152446
CMP-0035,Google Ads,2024-05-03,1222,43,6,1004.4981068866356,1354.947984907724,3.518821603927987,167.4163511477726,1.3488805759000193
CMP-0026,Email,2024-02-24,34484,906,88,3083.3368709762335,29340.537476141257,2.6273054170049877,35.03791898836629,9.515839074324557
CMP-0040,LinkedIn,2023-06-09,65006,3188,172,2125.480153587029,41284.35162101018,4.904162692674522,12.357442753412958,19.423541335513004
CMP-0039,Google Ads,2023-02-28,11110,328,42,1913.4719678142847,4496.505064862593,2.952295229522952,45.558856376530585,2.3499194869307902
CMP-0025,Instagram,2023-09-03,11062,833,58,151.201016758307,26136.121620798793,7.530283854637498,2.6069140820397756,172.8567848361567
CMP-0044,Organic,2024-07-27,59947,876,42,4823.4285636172735,4944.358881303429,1.4612908068794102,114.8435372289827,1.0250714437025819
CMP-0043,Instagram,2023-06-08,72636,3095,250,4368.570460615282,96402.35375009781,4.260972520513244,17.474281842461128,22.06725394936636
CMP-0034,Facebook,2023-09-12,49048,3574,137,2046.731296442077,42995.06108048125,7.2867395204697445,14.939644499577206,21.006695483291555
CMP-0038,YouTube,2024-03-12,42801,883,69,2441.177696498768,31101.905372175046,2.063035910375926,35.37938690577925,12.740533152003891
CMP-0015,Email,2023-05-08,62872,2182,165,1813.7822862040707,12926.92084415941,3.4705433261229164,10.992619916388307,7.127052095769
CMP-0026,YouTube,2023-09-01,33157,2408,116,540.9173450390776,20622.51984851243,7.262418192236933,4.663080560681704,38.12508516809087
CMP-0050,Email,2024-06-04,95319,1071,93,2639.29241216504,46439.29711388273,1.1235955056179776,28.37948830284989,17.595358854454506
CMP-0048,Email,2024-10-16,46441,482,50,1988.7238663893518,16290.105614280521,1.037876014728365,39.77447732778703,8.191235540334814
CMP-0033,LinkedIn,2023-01-20,29784,740,23,2683.392615013919,11241.369194166067,2.4845554660220253,116.66924413103996,4.189237583523631
CMP-0021,Facebook,2024-05-04,94819,2234,258,351.99861163644664,97531.55951999374,2.3560678766913803,1.364335704017235,277.07938695146584
CMP-0026,Email,2023-07-23,42797,1832,100,3764.6658018217254,40390.2773702306,4.2806738790102115,37.64665801821725,10.728781649273014
CMP-0029,Organic,2023-09-09,59699,1533,164,4453.306731042462,9728.577110277049,2.5678822090822293,27.15430933562477,2.184573778056315
CMP-0022,Instagram,2024-06-13,14354,336,21,359.3533150244639,1574.850101464061,2.340810923784311,17.112062620212566,4.382456027591812
CMP-0042,YouTube,2024-02-03,72024,4360,343,4138.859965966986,125986.82470142572,6.053537709652338,12.066647131099085,30.439982443810628
CMP-0026,YouTube,2024-08-08,8515,333,49,1016.8216577935382,10597.809366076996,3.9107457428068115,20.75146240394976,10.422485875324305
CMP-0007,Instagram,2023-05-17,49104,2629,216,4862.53776312172,49240.56183946584,5.353942652329749,22.511748903341296,10.126515050004198
CMP-0021,YouTube,2023-12-03,23696,401,49,2792.4133757294244,6838.159479163234,1.6922687373396355,56.9880280761107,2.448834953520087
CMP-0020,Facebook,2023-11-29,49235,2834,131,425.31735266753157,34417.35849038849,5.756067837920178,3.2466973486071113,80.9215948386013
CMP-0042,YouTube,2023-11-25,44662,897,112,3745.70314534728,34525.69122143926,2.008418790022838,33.44377808345786,9.217412560930061
CMP-0023,Organic,2024-09-05,31373,1377,91,3416.6932317655837,26177.51100180871,4.389124406336658,37.54607946995147,7.661650966622316
CMP-0038,Facebook,2024-12-08,15844,775,68,1072.272294936051,5657.4597081947195,4.891441555162838,15.768710219647808,5.276140897151618
CMP-0034,YouTube,2023-12-17,16990,644,81,2236.7881458474494,30898.903316498414,3.790464979399647,27.61466846725246,13.813960599648913
CMP-0044,Facebook,2023-07-24,95909,4863,255,3099.6411173596393,92583.56888016389,5.070431346380423,12.155455362194663,29.86912528732654
CMP-0044,Email,2024-05-23,83498,4938,598,2390.182093965954,97120.97135986615,5.913914105727083,3.9969600233544385,40.63329384194171
CMP-0026,Instagram,2024-10-12,63735,3484,414,4826.2183185834365,113413.81217510218,5.466384247273869,11.657532170491393,23.49951964220109
CMP-0031,Instagram,2024-07-23,92403,2162,86,3929.345063136052,22927.892223461364,2.339750873889376,45.69005887367502,5.835041681262365
CMP-0010,Instagram,2023-01-30,12800,651,67,3123.20343807867,10502.749969992621,5.0859375,46.61497668774134,3.3628132711245016
CMP-0036,Facebook,2023-09-28,22029,1137,52,4842.023692068047,17456.721182280115,5.161378183303826,93.11584023207783,3.605253152907288
CMP-0007,Instagram,2024-06-07,36374,956,126,2609.5616042563515,62667.073139079126,2.628250948479683,20.710806382986917,24.014406495276972
CMP-0045,Instagram,2024-07-29,70246,3425,107,336.6717896760165,31415.182112644274,4.875722461065399,3.1464653240749203,93.31100221635884
CMP-0014,Email,2023-07-15,74781,2225,328,1464.196858783035,40671.0130744484,2.975354702397668,4.464014813362912,27.777011561308804
CMP-0025,LinkedIn,2023-02-20,83923,1434,164,3200.3320085264672,22107.93493394405,1.7087091738855857,19.514219564185776,6.9080129421082255
CMP-0022,Instagram,2024-11-10,86041,5055,123,3349.784861530156,23392.784911898758,5.875106054090492,27.234023264472814,6.983369344266817
CMP-0041,Facebook,2024-03-27,96176,1169,167,3603.8792079538957,83145.20270124216,1.2154799534187324,21.580115017687998,23.071029272495483
CMP-0047,Email,2023-06-13,35213,1005,21,4748.763385440853,3533.149239771803,2.854059580268651,226.13158978289778,0.7440145892726558
CMP-0037,Google Ads,2023-12-01,73498,5200,686,4317.117292168311,300005.24079489143,7.075022449590465,6.293173895289083,69.49202916935599
CMP-0037,Instagram,2023-01-17,64772,4518,163,2130.907973106141,80963.2457342598,6.975236213178534,13.073055049730927,37.994717160986944
CMP-0030,Organic,2023-04-14,48917,1431,68,4830.685257983813,11464.103424221228,2.925363370607355,71.03948908799725,2.37318368139886
CMP-0028,Facebook,2024-04-11,63090,2757,139,711.340349841808,21255.114262224968,4.369947693770804,5.117556473682072,29.880371986422258
CMP-0033,YouTube,2024-01-17,55975,1549,167,959.8908826225606,38981.72474856802,2.7673068334077713,5.747849596542279,40.61057923799038
CMP-0019,LinkedIn,2023-10-04,48573,1131,114,4470.0631109518345,24317.899766079965,2.3284540794268422,39.21107992063013,5.440169224121273
CMP-0010,Email,2023-02-13,69368,4929,314,2611.668846822161,144882.12397336186,7.105581824472379,8.317416709624716,55.47492138969005
CMP-0024,LinkedIn,2024-06-21,94634,3999,572,4271.538411726447,167675.87455265207,4.22575395735148,7.467724496025256,39.25421204040672
CMP-0038,Instagram,2024-10-27,64224,1335,187,2923.593673380317,67345.83477437113,2.0786621823617337,15.634190766739662,23.03529228003307
CMP-0034,Organic,2023-09-28,49392,1340,137,1557.981019325146,7611.936077099928,2.712989957887917,11.372124228650701,4.885769455905893
CMP-0010,YouTube,2024-09-24,93939,2266,308,691.720039084015,62409.74998711915,2.4122036640798816,2.2458442827403085,90.2240017070533
CMP-0022,Facebook,2023-10-18,41807,914,25,1780.2991539793552,2815.3282444731167,2.186236754610472,71.21196615917421,1.5813793081798904
CMP-0040,LinkedIn,2024-04-13,52294,2252,252,456.6890359653787,98147.61245613237,4.306421386774773,1.8122580792276932,214.91125191709853
CMP-0011,LinkedIn,2024-08-22,67229,4621,424,2394.367087524943,181722.98303204973,6.873521843252169,5.647092187558828,75.89604116213306
CMP-0025,Google Ads,2024-09-05,44454,1397,193,1673.085094783496,87440.97428324111,3.142574346515499,8.66883468799739,52.26331556946679
CMP-0041,Google Ads,2023-06-30,53812,1270,28,1587.5081147160245,6790.9912749610385,2.3600683862335536,56.69671838271516,4.277767913127058
CMP-0013,YouTube,2024-07-12,67810,5292,774,2454.4132701753038,268022.13538319775,7.804158678660965,3.171076576453881,109.20008404454828
CMP-0001,Instagram,2023-02-16,13718,284,38,537.9440267583673,13852.697190572217,2.0702726344948243,14.156421756799139,25.751186929331862
CMP-0034,YouTube,2024-11-21,41723,2131,271,2718.3597563902235,44701.250212957675,5.107494667209933,10.03084780955802,16.444199524318137
CMP-0046,Facebook,2023-08-17,87330,1830,117,3660.6140812990225,42742.67580999878,2.095499828237719,31.287299840162586,11.676367642346749
CMP-0021,Google Ads,2023-11-16,36929,1677,149,1856.7769746051413,63131.73806274283,4.541146524411709,12.461590433591553,34.00071140809375
CMP-0011,Instagram,2024-06-20,89275,4851,385,2226.608505403561,157608.07744045794,5.433772052646318,5.7833987153339255,70.78391960597146
CMP-0049,Organic,2024-01-01,38590,1869,107,4753.5590719228285,39148.27389680024,4.843223633065561,44.42578571890494,8.235571138272327
CMP-0045,YouTube,2023-08-01,48051,2521,293,3900.4951527691464,118967.44556118395,5.246508917608375,13.312270145969784,30.50060079595877
CMP-0041,Organic,2024-07-20,10664,706,66,1442.5964924030332,16376.128016962964,6.620405101275319,21.85752261216717,11.351842391966523
CMP-0047,LinkedIn,2024-05-31,4062,194,25,1257.0950360984814,9541.560590969728,4.775972427375677,50.283801443939254,7.590166468704629
CMP-0013,Instagram,2023-05-05,82817,5460,420,4948.123795749921,147390.6887944159,6.5928492942270305,11.781247132737906,29.787186998234326
CMP-0005,Email,2023-03-01,3187,175,21,3552.528327347591,5801.249598738464,5.491057420771886,169.16801558798053,1.6329917918120658
CMP-0047,Facebook,2024-11-02,47456,3116,154,990.9325467503318,32323.479537310617,6.5660822656776805,6.434626926950206,32.61925308974094
CMP-0023,YouTube,2024-07-31,70449,5526,802,2229.147825283945,347661.251044082,7.843972235233999,2.7794860664388343,155.96150560351353
CMP-0013,LinkedIn,2024-12-21,74367,1801,111,1441.844497165401,17709.787589235333,2.4217730982828405,12.989590064553163,12.282730644013242
CMP-0024,LinkedIn,2023-08-31,44744,1803,93,4808.992418876499,29831.312174536197,4.029590559628106,51.709595901897835,6.203235433984223
CMP-0033,Email,2023-12-22,49824,651,33,647.6202053813648,2305.4706292175197,1.3065992292870905,19.624854708526208,3.5599115192211994
CMP-0025,Email,2023-12-25,37790,2506,82,618.7070713530824,34041.505723418864,6.631383964011643,7.545208187232712,55.02039220106494
CMP-0016,Organic,2023-03-31,14260,227,31,3869.688075804611,4894.085296811443,1.5918653576437587,124.82864760660036,1.2647234611523135
CMP-0048,Email,2024-12-07,69452,2717,367,700.1190771659857,130024.76765879279,3.912054368484709,1.9076814091716232,185.71807553812198
CMP-0016,YouTube,2023-12-22,29069,1446,32,2716.5659759244586,13605.213282878598,4.974371323402938,84.89268674763933,5.008239594935178
CMP-0023,Organic,2024-03-12,36688,2638,240,3468.4099965701344,51557.100927652995,7.190361971216746,14.451708319042227,14.864765405081044
CMP-0042,Instagram,2023-06-23,73893,3100,105,1897.5848871955122,18500.5505236794,4.195255301584724,18.07223702090964,9.749524592294694
CMP-0040,Facebook,2024-04-29,91768,3111,262,2492.5091604169693,99803.88273670834,3.390070612849795,9.513393742049502,40.04153096874166
CMP-0043,LinkedIn,2024-06-30,91849,7246,815,3733.6426886415734,235803.7220293273,7.889035264401355,4.581156673179844,63.15647792079449
CMP-0012,Facebook,2024-02-15,83632,1791,104,238.1144817307429,37192.09896273673,2.141524775205663,2.2895623243340664,156.19419151831818
CMP-0036,Google Ads,2023-09-02,19879,1205,105,1503.4397855925495,40881.65913482314,6.061673122390462,14.31847414850047,27.192082800117255
CMP-0006,Instagram,2023-09-06,48783,2707,405,119.56046506431514,174789.79966211732,5.549064223192506,0.2952110248501608,1461.93643164647
CMP-0020,Facebook,2023-01-03,33801,2091,61,234.60456804312494,21582.285645320444,6.18620750865359,3.84597652529713,91.99431121628115
CMP-0017,Facebook,2023-11-16,8914,523,51,3421.0458847286004,24316.251570169527,5.867175229975319,67.07933107310981,7.107841399823432
CMP-0040,YouTube,2023-08-19,87936,6262,279,2884.295754884085,90496.63105847253,7.12108806404658,10.337977616071989,31.3756420107859
CMP-0047,Email,2024-04-10,1387,28,4,4049.0876004037254,796.5846220922859,2.0187454938716654,1012.2719001009314,0.19673188152631232
CMP-0028,Email,2023-09-24,21240,261,34,1591.7185019512972,5510.560703390318,1.228813559322034,46.8152500573911,3.4620196326391186
CMP-0043,Organic,2024-06-12,79306,4042,583,2628.048340113881,88956.90333162698,5.096713993897057,4.50780161254525,33.84903617403484
CMP-0017,Email,2023-01-28,93853,6192,892,3532.4105791337292,123167.274706561,6.5975514900962136,3.9601015461140463,34.867768609380036
CMP-0003,Google Ads,2024-01-20,95401,2975,202,4004.222227512628,23344.408029009955,3.1184159495183486,19.82288231441895,5.829948165367237
CMP-0044,Google Ads,2024-10-08,4613,129,10,1661.706787441004,3040.0719579452334,2.796444829828745,166.1706787441004,1.8294875972835645
CMP-0013,Facebook,2023-07-09,98899,7536,943,4158.670211717785,199064.00889137457,7.619895044439276,4.41004264233063,47.86722648275324
CMP-0040,YouTube,2024-01-23,33771,1575,205,4400.870701925912,65547.90917652742,4.663764768588434,21.467661960614205,14.89430469925924
CMP-0038,Email,2024-09-21,44059,796,17,429.55933092471525,1301.4540562504353,1.8066683311014777,25.268195936747958,3.0297422557409854
CMP-0014,YouTube,2023-04-28,75379,5257,649,3168.797334831859,262000.0347298786,6.974090927181311,4.882584491266347,82.6812216262422
CMP-0045,YouTube,2023-11-12,94685,4637,233,2934.9975320565527,97327.69571248065,4.897291017584623,12.596555931573187,33.16108264128016
CMP-0021,LinkedIn,2024-12-14,91966,6267,308,1657.4394738207327,111721.76892203095,6.814474914642369,5.381296992924457,67.40624359844026
CMP-0028,Facebook,2023-11-26,32907,2379,195,3395.0185685040287,33586.17419761094,7.229464855501869,17.410351633353994,9.892780707944775
CMP-0012,YouTube,2024-06-27,88510,1063,89,2873.6230471787117,41548.06070948871,1.200994237939216,32.287899406502376,14.45842409646599
CMP-0012,Organic,2024-01-03,84748,2726,232,1427.2291502063827,25187.964267459454,3.216595081889838,6.151849785372339,17.648157104846955
CMP-0007,Organic,2024-01-26,46422,987,129,908.4336443328503,63338.1325666047,2.126147085433631,7.042121273898065,69.72235447435453
CMP-0020,Organic,2024-01-26,2064,158,17,4339.436504697571,8060.6584925808775,7.655038759689922,255.26097086456298,1.8575357615798669
CMP-0047,YouTube,2023-12-06,83430,5391,250,1971.7577485423635,57563.23409407414,6.461704422869471,7.887030994169454,29.1938673179442
CMP-0015,Organic,2023-01-01,68117,745,107,4276.447981292766,21453.409362859595,1.0937064169003332,39.96680356348379,5.0166421891969915
CMP-0006,Email,2023-07-13,66623,736,95,1162.5476584523954,5474.191713682875,1.1047235939540399,12.23734377318311,4.708789075340119
CMP-0035,Instagram,2024-11-21,18893,428,10,858.1432309070854,558.7639447051348,2.2653892976234586,85.81432309070854,0.6511313316711747
CMP-0017,Google Ads,2023-11-09,45338,2550,110,2716.187809860722,21585.964505825956,5.6244210154837,24.692616453279292,7.947154621437175
CMP-0029,Organic,2024-04-07,52338,990,99,676.7684037612775,29597.746080394507,1.8915510718789406,6.836044482437146,43.73393603468933
CMP-0046,Instagram,2023-04-02,41808,1387,166,295.6620201224439,26333.985433614198,3.317546880979717,1.7810965067617102,89.0678668254664
CMP-0024,Facebook,2023-11-17,34132,2070,255,3162.8493270054764,50796.50639942393,6.064690026954178,12.403330694139123,16.060362397192364
CMP-0027,LinkedIn,2023-07-04,20416,1279,128,3937.27334002251,31737.054734185465,6.26469435736677,30.75994796892586,8.06066838478733
CMP-0036,Email,2023-11-19,3912,142,5,2253.424877349854,1063.5526557856695,3.6298568507157465,450.68497546997077,0.4719716492330835
CMP-0010,Instagram,2023-08-13,65578,4497,507,3702.335462795956,47965.70405667391,6.857482692366343,7.302436810248434,12.955526191149309
CMP-0050,Google Ads,2023-07-01,2627,65,3,3583.481102205331,610.7552612569779,2.4743052912067,1194.4937007351102,0.1704363003005958
CMP-0006,LinkedIn,2024-05-07,31036,828,106,4578.06464192813,27440.51190605174,2.667869570820982,43.18928907479368,5.993910975991527
CMP-0013,Email,2023-01-04,65973,2175,118,,14861.648727383621,3.2968032376881453,23.826674643246196,5.285931735820027
CMP-0020,LinkedIn,2024-02-25,90111,4441,489,1206.1473210496217,178916.0926653696,4.9283661262221035,2.4665589387517826,148.33684869413133
CMP-0029,YouTube,2024-04-29,74002,5619,485,1483.4063244331073,208622.8830996465,7.593038025999298,3.0585697410991903,140.63771986368806
CMP-0035,Organic,2023-09-09,13051,266,30,2398.472971805968,5862.747510819421,2.0381579955558964,79.94909906019893,2.444366719882181
CMP-0039,Google Ads,2023-03-29,85179,4129,277,2338.590613724977,27430.372957320753,4.847438922739173,8.442565392508943,11.729446272611534
CMP-0033,Facebook,2024-12-18,46268,2225,82,1635.3976536280727,5728.120132830568,4.808939223653496,19.943873824732595,3.5025855149803675
CMP-0034,Instagram,2023-10-14,34849,1281,133,3724.182951501103,24849.711069010853,3.6758587046974087,28.001375575196263,6.672526938826865
CMP-0004,Facebook,2024-12-07,29095,559,60,1807.7339074267156,6744.821600828197,1.9212923182677435,30.128898457111926,3.7310920446413256
CMP-0040,Google Ads,2023-04-09,63605,5054,440,4408.962072737967,42926.99755992025,7.945916201556481,10.020368347131743,9.73630456595481
CMP-0004,Facebook,2024-10-02,68293,4454,370,276.7977433345634,61987.92647419436,6.521898291186505,0.7481020090123335,223.94664684556338
CMP-0019,Email,2023-02-23,14950,899,131,2791.974324756161,33584.566828129195,6.013377926421405,21.312781105008863,12.028966932230771
CMP-0012,Facebook,2023-12-03,14153,871,43,3499.6458353408734,16297.196154299838,6.15417226029817,81.38711244978775,4.656812980823373
CMP-0022,Email,2023-02-26,69520,1072,103,352.4275566532951,28369.94996633407,1.5420023014959725,3.421626763624224,80.49867109070405
CMP-0048,LinkedIn,2023-03-10,14624,516,43,3744.452731432798,20815.067614751104,3.5284463894967177,87.08029607983251,5.558907831849252
CMP-0034,Email,2024-12-21,25623,1648,162,2949.7073902450893,56074.70740596449,6.431721500214651,18.208070310154874,19.01026101484096
CMP-0031,YouTube,2023-05-23,93854,2399,317,2947.312550677575,135489.64664333474,2.5560977688750612,9.297515932736829,45.97057295880826
CMP-0009,Facebook,2024-10-16,77195,1687,140,3165.7225550105773,39523.54195843726,2.185374700433966,22.612303964361267,12.484840750141228
CMP-0041,Instagram,2024-10-31,1461,31,2,2561.490820308704,566.867025563668,2.121834360027379,1280.745410154352,0.221303555362869
CMP-0015,Organic,2023-02-19,7805,487,22,2646.8520509392147,9556.162693019665,6.23959000640615,120.31145686087339,3.6103879284181133
CMP-0015,Facebook,2024-02-25,18229,740,19,1369.5228916291676,9021.330508058898,4.05946568654342,72.08015219100882,6.587206802602061
CMP-0031,Email,2024-07-14,48337,2987,236,1558.446314699751,24033.205583987117,6.179531207977326,6.603586079236233,15.421259851750065
CMP-0016,Facebook,2024-06-05,15217,576,58,4579.344423268893,6505.818737789735,3.7852401918906486,78.95421419429125,1.4206877964304023
CMP-0044,Email,2023-04-12,7564,183,4,4373.558869264471,1689.237224412597,2.4193548387096775,1093.3897173161176,0.3862385930789327
CMP-0025,LinkedIn,2023-03-25,33522,2481,298,1445.079855462761,137560.08799774724,7.401109718990513,4.849261259942152,95.19203210655516
CMP-0009,LinkedIn,2024-10-25,12217,358,47,4302.265543646261,4813.584215315923,2.93034296472129,91.53756475843109,1.118848701104653
CMP-0034,YouTube,2023-04-21,8340,471,57,2924.6019259690042,21840.126448517625,5.64748201438849,51.30880571875446,7.467726207313279
CMP-0008,Organic,2024-06-29,32787,982,109,4140.803095510507,21037.319454636585,2.9950895171866896,37.989019224867036,5.080492592715993
CMP-0012,Organic,2023-11-11,47259,1590,61,3856.336763985061,17052.612713624116,3.3644385196470514,63.21863547516494,4.421971875714061
CMP-0037,Organic,2023-07-17,95028,3275,254,1794.7392989296145,84081.41189219715,3.4463526539546243,7.065902751691396,46.84881639486217
CMP-0047,Facebook,2024-07-17,59821,4401,270,836.7723257616113,66132.73620044925,7.3569482288828345,3.099156762080042,79.03313023677823
CMP-0048,Organic,2023-08-05,39790,860,61,3600.6708324959245,14709.384747958058,2.1613470721286756,59.0273906966545,4.085178965876689
CMP-0011,Instagram,2023-11-26,52416,1206,169,3991.4583354576353,26223.89946517893,2.300824175824176,23.618096659512634,6.570004560043156
CMP-0030,Organic,2023-10-26,65169,1114,39,2278.4881825378047,14265.293355457168,1.7094017094017095,58.42277391122576,6.2608590489015965
CMP-0019,Instagram,2023-12-10,5377,240,15,314.4862825995927,1867.7545241676394,4.463455458434071,20.96575217330618,5.939065159626324
CMP-0041,LinkedIn,2024-08-17,31822,838,82,316.29924793321584,20476.027849927726,2.6333982779209353,3.8573079016245835,64.73625208951202
CMP-0016,Instagram,2024-07-02,91069,2316,206,848.177606013394,85269.05110699387,2.543126640239818,4.117367019482495,100.53207076260315
CMP-0015,Instagram,2023-09-14,21271,1450,111,509.9706427116351,29861.470825006807,6.816792816510741,4.594330114519235,58.55527421387684
CMP-0005,Google Ads,2024-12-28,57201,2223,141,3469.8577143555394,12636.918858235505,3.8862956941312214,24.608919959968365,3.641912694562052
CMP-0013,Facebook,2024-03-22,40087,2536,173,4890.407213653163,73425.9891692542,6.32624042707112,28.268249789902676,15.014289395832245
CMP-0030,Email,2024-07-16,33911,1537,216,3908.1903180398153,34559.780695785535,4.53245259650261,18.093473694628774,8.842911394632203
CMP-0030,YouTube,2024-09-06,4515,353,9,1240.532980959761,2597.0234808884825,7.818383167220376,137.83699788441788,2.0934739509136207
CMP-0028,YouTube,2024-12-21,37928,3007,93,508.9891359777677,9656.898636711492,7.928179708922169,5.473001462126534,18.972700896966295
CMP-0027,Google Ads,2023-05-08,57285,3038,143,3329.769955891902,49233.702533710355,5.303308021297023,23.285104586656658,14.785917101147838
CMP-0016,Google Ads,2023-04-11,17927,1240,28,297.1804137154535,9537.462928135186,6.916940927093211,10.613586204123338,32.09317467761246
CMP-0017,Instagram,2023-11-03,90279,4812,190,2881.290213782202,86728.63094897043,5.33014322267637,15.1646853356958,30.100623163233458
CMP-0019,Google Ads,2023-02-19,18883,467,17,4977.228056059941,6414.766306841265,2.4731239739448183,292.77812094470244,1.2888230626746293
CMP-0020,Email,2024-03-02,4501,248,6,3913.206716145666,859.4210638252755,5.509886691846257,652.201119357611,0.2196206656498246
CMP-0034,Email,2023-01-22,72829,5302,649,3298.299789534839,110489.72358396158,7.280067006274973,5.082126023936578,33.49899361317426
CMP-0028,Facebook,2024-04-13,51802,3411,431,582.5550351509587,85758.68969126142,6.584687849889965,1.3516358124152175,147.21130969031722
CMP-0026,LinkedIn,2023-03-13,8389,288,38,227.0146106154683,7644.985268902367,3.4330671116938847,5.974068700407061,33.67618167031516
CMP-0047,Instagram,2023-09-18,30808,1132,135,2430.6844745401886,51841.526700805356,3.6743702934302775,18.005070181779175,21.32795401616748
CMP-0045,YouTube,2024-06-27,16907,854,96,488.7313892301371,31674.357007912666,5.051162240492104,5.090951971147262,64.80933638784072
CMP-0038,Google Ads,2024-02-04,74103,1220,62,4630.5167795607795,7876.317265145511,1.6463570975534054,74.68575450904483,1.700958584128618
CMP-0021,Email,2023-08-23,5391,89,6,3141.4981271911724,2933.794520231242,1.6508996475607491,523.5830211985287,0.9338838991619457
CMP-0030,Email,2023-08-20,36774,2919,428,4471.316161224025,130341.07590054825,7.9376733561755595,10.447000376691646,29.150494217091403
CMP-0001,Google Ads,2023-08-06,13429,649,60,2289.18258884635,4232.490722515341,4.832824484324968,38.15304314743916,1.8489091884314632
CMP-0044,Organic,2023-04-14,17842,1053,59,1087.7185417732737,19911.19530228198,5.901804730411389,18.435907487682606,18.305466476485154
CMP-0004,Instagram,2024-04-15,51169,2334,228,3957.4889508650504,107437.34843356555,4.561355508217866,17.357407679232676,27.147858090691898
CMP-0007,LinkedIn,2024-08-04,7444,543,63,3385.003870297621,6482.339905914806,7.294465341214401,53.7302201634543,1.9150169850012186
CMP-0047,Email,2023-11-07,70253,3269,461,3223.3377009172036,123384.10678898863,4.653182070516562,6.992055750362698,38.278368026372036
CMP-0015,Email,2023-03-30,55319,4246,268,1447.5010993850908,39130.63003032716,7.675482203221316,5.40112350516825,27.033229920827097
CMP-0046,Email,2023-12-02,7481,353,44,4379.351730914113,3654.842283513317,4.718620505280042,99.53072115713894,0.8345623982914093
CMP-0050,YouTube,2024-02-03,88219,5553,716,4344.245520025049,82991.13329513952,6.294562395855769,6.067382011208169,19.103693129816705
CMP-0036,LinkedIn,2024-04-28,40993,1914,248,2065.182046904267,86041.22843928283,4.6690898446076154,8.327346963323656,41.66278152972504
CMP-0020,Organic,2024-07-13,55707,1830,219,4280.908363896878,89535.87479729191,3.2850449674188162,19.54752677578483,20.915157995997863
CMP-0042,Instagram,2024-04-04,84580,6286,442,4204.531784456483,146639.3514088821,7.432017025301489,9.512515349449057,34.876499673753344
CMP-0022,Email,2024-02-05,75849,919,70,3071.2158945167243,15150.146593220632,1.2116178196152882,43.87451277881035,4.932947442825281
CMP-0047,Facebook,2023-04-06,26886,1630,115,2250.8199692057233,31180.643830115303,6.062634828535297,19.572347558310636,13.853015459569798
CMP-0034,LinkedIn,2023-12-05,67289,2757,287,1515.070322546371,19693.8205061341,4.097252151168839,5.278990670893279,12.998618092548202
CMP-0019,Organic,2023-01-22,63548,3591,382,2336.8227275141485,125470.0517851304,5.65084660414175,6.117336983021331,53.692584511364366
CMP-0041,LinkedIn,2023-11-21,70004,3281,343,3638.4387886556915,143841.33559044896,4.686875035712245,10.607693261386856,39.53380665326366
CMP-0032,Google Ads,2024-12-28,6479,497,18,4385.583668834652,4457.609892141229,7.670936872974224,243.64353715748064,1.0164234064939675
CMP-0010,YouTube,2023-06-07,4808,287,41,,4154.218013266888,5.969217970049917,52.847159250214126,1.9172722243736222
CMP-0019,Instagram,2024-07-22,51245,3038,187,4750.597284827885,54354.08974766219,5.928383256903112,25.40426355522933,11.441527557230405
CMP-0023,Facebook,2024-04-11,87407,2218,110,4626.553795236792,13437.931043121062,2.537554200464494,42.05957995669811,2.904522812845256
CMP-0032,YouTube,2023-05-07,4034,204,27,2405.0972643044115,10607.901164546369,5.057015369360436,89.07767645571894,4.410591339479289
CMP-0016,Google Ads,2024-10-26,76642,5253,742,1653.9047871325986,212899.0553524028,6.85394431251794,2.2289821929010762,128.72509772555247
CMP-0023,Email,2024-04-26,35329,2710,121,2682.654010010791,27533.817294370063,7.670752073367488,22.170694297609842,10.263648309332037
CMP-0028,Google Ads,2024-07-08,61380,627,31,997.7195877288726,12627.498086345975,1.021505376344086,32.184502829963634,12.656359804552078
CMP-0042,Organic,2023-02-08,12478,711,57,2534.8388974354407,26747.37253118535,5.698028530213175,44.470857849744576,10.551902354917438
CMP-0008,Instagram,2024-11-10,63891,1628,166,2004.110003123905,26924.952507036247,2.548089715296364,12.072951826047621,13.434867579657302
CMP-0024,Google Ads,2023-08-03,9423,165,19,2792.7231762486776,7473.960707101703,1.7510347023241006,146.98543032887778,2.6762268350352905
CMP-0013,Instagram,2023-04-11,21842,815,100,4093.883329081801,40500.859818410114,3.731343283582089,40.93883329081801,9.893017597913293
CMP-0011,Facebook,2024-12-12,47259,1942,182,3610.983145957988,31815.28027891726,4.109270191921115,19.8405667360329,8.810697528325548
CMP-0005,Instagram,2023-02-21,51543,2498,203,3701.4976468753352,61654.55551443958,4.846438895679336,18.233978556036135,16.656651279107532
CMP-0044,YouTube,2023-08-01,98018,7067,718,4487.664799232779,174674.6794739621,7.2099002224081294,6.250229525393842,38.923290238572385
CMP-0016,LinkedIn,2024-10-18,23755,838,102,4954.767693551721,30175.73042797242,3.527678383498211,48.57615385835021,6.0902412170088205
CMP-0032,LinkedIn,2024-11-11,41096,3089,145,1480.5782988786934,49630.826716372496,7.51654662254234,10.210884819853058,33.521244201647484
CMP-0044,YouTube,2023-09-19,95098,1019,96,3453.9504252435,12680.719116578328,1.0715262150623568,35.978650262953124,3.671366856889485
CMP-0047,YouTube,2024-04-25,99401,6837,1021,4345.426263329929,233682.76238003754,6.878200420518908,4.256049229510214,53.77671791419719
CMP-0020,YouTube,2024-03-21,66926,3553,72,,28481.131552671995,5.308848579027583,26.820088674619345,14.749066506227841
CMP-0031,Facebook,2024-06-14,73270,3380,156,3668.179217598916,19808.956094754747,4.613074928347209,23.513969343582794,5.4002149076350525
CMP-0039,LinkedIn,2023-01-22,73720,5734,251,770.9951580068048,123337.65880905394,7.778079218665219,3.071693856600816,159.97202774646397
CMP-0001,Google Ads,2023-07-19,11483,457,58,1228.7685049551346,21469.63122524965,3.979796220499869,21.185663878536804,17.472478451938805
CMP-0050,Facebook,2023-02-02,1646,62,5,3456.522362833085,1434.6707791712538,3.766707168894289,691.304472566617,0.4150619115321875
CMP-0025,LinkedIn,2023-08-24,94400,2271,122,3022.1276073487174,21334.856353394374,2.4057203389830506,24.771537765153422,7.059548478864938
CMP-0005,YouTube,2024-10-06,69418,1246,159,1667.7122375317665,29501.245972121313,1.7949235068714167,10.488756210891614,17.68965011360923
CMP-0045,LinkedIn,2024-12-01,93825,7195,243,1000.1613772272673,87138.79097241488,7.668531841193711,4.115890441264474,87.12473102489567
CMP-0030,Google Ads,2024-12-04,23007,1432,56,3431.0521949306467,18630.11251198486,6.224192637023514,61.26878919519012,5.4298540079077515
CMP-0009,YouTube,2023-06-06,40542,2005,176,2218.831613562657,70273.4868104114,4.94548862907602,12.606997804333277,31.67139244855859
CMP-0036,Google Ads,2023-11-01,70544,5538,688,621.6019187344731,119221.79294619887,7.850419596280337,0.903491160951269,191.79765916573098
CMP-0046,Instagram,2023-05-09,82503,2465,123,1128.615267484913,26445.388335782874,2.987770141691817,9.175733881991162,23.43171238035409
CMP-0018,YouTube,2023-05-02,46283,1964,260,2827.2898279207275,105015.37477143825,4.24345872134477,10.874191645848953,37.14347702678563
CMP-0025,LinkedIn,2023-02-14,5722,457,52,2476.0954475047706,13629.090741895012,7.986717930793429,47.61722014432251,5.504267113624162
CMP-0049,YouTube,2024-05-13,20265,781,89,3088.855076873861,29551.256530276194,3.8539353565260304,34.706236818807426,9.567058277199637
CMP-0011,Email,2024-09-27,52652,1331,88,1866.978404816873,25164.78169591302,2.5279191673630628,21.21566369110083,13.478882043298924
CMP-0033,YouTube,2024-08-26,96476,3635,142,2582.114611054464,9507.001807847739,3.767776441809362,18.183905711651157,3.681866702255072
CMP-0023,Instagram,2023-07-17,21988,565,51,2681.990565476157,22069.49569050745,2.569583409132254,52.588050303454054,8.228774543280045
CMP-0049,Instagram,2023-12-03,40867,1217,71,4910.157048345605,16057.962612608451,2.9779528715100203,69.15714152599445,3.2703562135591797
CMP-0032,Instagram,2024-02-12,10104,348,50,3935.937518303039,12720.583405187639,3.44418052256532,78.71875036606077,3.231906844565983
CMP-0034,YouTube,2023-08-20,5630,124,9,1976.450115848811,4497.517564891824,2.202486678507993,219.60556842764566,2.2755532906330447
CMP-0019,YouTube,2024-06-24,86582,1365,67,870.5741398970922,3809.0254722476607,1.5765401584624978,12.993643879061077,4.375302800400106
CMP-0012,Organic,2023-05-27,71388,2335,118,2810.2006669521625,17499.69989680854,3.270857847257242,23.815259889425107,6.227206513258732
CMP-0029,LinkedIn,2024-06-23,49374,3025,108,1417.4192559628611,53146.48847720165,6.126706363673189,13.124252370026491,37.495249379195805
CMP-0039,Facebook,2023-09-22,88508,2817,188,4618.961697801174,61897.916326016515,3.1827631400551364,24.568945201070072,13.400829098773997
CMP-0034,Instagram,2024-10-15,13812,203,13,524.4405209930148,2350.4937863137407,1.4697364610483636,40.34157853792422,4.481907274943477
CMP-0015,Facebook,2023-08-11,13369,245,18,3382.835606032141,3053.4109952492263,1.8325978008826391,187.93531144623006,0.9026187940686512
CMP-0013,LinkedIn,2023-05-29,75022,4364,226,2259.5981803475715,58086.667851137696,5.8169603582949,9.998222036936157,25.70663596578167
CMP-0018,YouTube,2024-06-04,31049,1298,40,2243.5088370640447,15294.219372986952,4.180488904634609,56.087720926601115,6.817097896080341
CMP-0037,Google Ads,2023-01-05,85024,1731,180,2903.143901245759,77916.96927585022,2.0358957470831767,16.128577229143104,26.838824366375885
CMP-0002,YouTube,2023-04-12,6545,451,34,3704.6253860134034,1929.724011678004,6.890756302521009,108.9595701768648,0.5208958560192251
CMP-0039,Google Ads,2024-08-13,49735,1024,79,4445.780912056033,35415.807068982635,2.058912234844677,56.27570774754472,7.966161124346531
CMP-0014,Email,2024-04-30,65462,4276,401,498.391024520385,147018.55244294886,6.5320338517002225,1.2428703853376184,294.9863565148043
CMP-0042,LinkedIn,2024-11-22,47833,1530,206,3498.4937838980886,16886.951021562178,3.198628561871511,16.982979533485867,4.826920401941208
CMP-0043,Organic,2023-03-27,13854,954,31,619.8180370459406,5379.001510378711,6.886097877869207,19.99413022728841,8.678355886535812
CMP-0041,Organic,2023-11-14,69684,2389,316,1505.3035874475852,157365.80843971216,3.4283336203432637,4.763618947618941,104.54091105073624
CMP-0030,Facebook,2023-08-02,15694,1156,134,1738.0698806199846,52189.01065682758,7.365872307888364,12.970670750895408,30.026992147295775
CMP-0012,YouTube,2024-12-18,52288,4177,596,1181.6296933683175,56278.08805936044,7.988448592411261,1.9826001566582507,47.627516789067684
CMP-0009,Google Ads,2024-11-16,73102,2237,245,4392.9212911158575,65129.696851904664,3.0601077945883834,17.930290984146357,14.826055951337317
CMP-0026,Organic,2024-11-17,52672,971,75,2923.2250009623262,26821.46056212171,1.8434842041312274,38.97633334616435,9.175298019581824
CMP-0013,Organic,2023-08-18,35381,2013,243,484.8303538006054,84173.4492579168,5.689494361380402,1.9951866411547547,173.61423144833572
CMP-0037,Email,2024-01-18,40453,679,83,3348.4819930610697,24643.723801836048,1.6784910884236028,40.34315654290445,7.359670397781528
CMP-0043,Facebook,2023-10-15,84098,5477,481,4895.575962583799,117691.36343683621,6.512640015220337,10.177912604124323,24.040350785348814
CMP-0007,Google Ads,2023-08-30,50530,1050,29,1246.4016763631712,6240.669169318416,2.077973481100336,42.97936815045418,5.006948632745609
CMP-0050,Organic,2023-09-23,68745,1427,151,2184.241071444999,55398.07668833289,2.0757873299876355,14.46517265857615,25.3626201853644
CMP-0047,YouTube,2023-12-31,92940,4491,476,4889.3895230351745,174978.3795919358,4.832149774047773,10.271826729065493,35.78736747554425
CMP-0023,Organic,2023-12-20,77812,5003,616,2763.3274743893094,82575.13742731471,6.429599547627615,4.48592122465797,29.88250151045296
CMP-0004,Google Ads,2023-09-27,55701,2348,229,3158.577064647125,97968.15581378946,4.215364176585699,13.792912946057315,31.01654758097043
CMP-0022,Facebook,2023-02-27,49952,3317,338,2119.0527224196912,87414.69655376286,6.6403747597693785,6.26938675272098,41.25177992454397
CMP-0044,YouTube,2024-05-12,21413,1306,142,4264.5704948475795,64966.435627929204,6.099098678372951,30.03218658343366,15.233992662665827
CMP-0043,YouTube,2024-10-29,30044,622,46,,14539.706315088537,2.0702968978831047,15.076743461562073,20.964777498070767
CMP-0041,Facebook,2023-02-22,7499,506,57,4638.262454389368,25606.245997959537,6.747566342178956,81.37302551560295,5.520654824896196
CMP-0002,Facebook,2023-05-18,90471,2525,285,4788.64944304488,114079.48141094403,2.7909495860552003,16.802278747525897,23.822892606314106
CMP-0038,Google Ads,2023-02-25,19877,843,98,1474.3517729814796,41912.54050324095,4.241082658348845,15.044405846749791,28.427775020397007
CMP-0043,LinkedIn,2024-03-27,54705,2786,384,2518.4967322202806,174192.42619253442,5.09277031349968,6.55858524015698,69.16523812161876
CMP-0016,LinkedIn,2024-11-06,95238,5311,325,4083.131642947012,143086.82679323026,5.5765555765555765,12.5634819782985,35.043402786288055
CMP-0043,YouTube,2024-03-19,90659,4035,153,3366.250445116614,54081.96750587445,4.450743996735018,22.00163689618702,16.065936978732708
CMP-0021,Instagram,2024-01-13,59057,3057,292,1232.8752345095445,35683.689335776886,5.176355046819174,4.222175460649125,28.94347159951864
CMP-0003,YouTube,2023-10-23,33281,1157,165,1457.7331616478068,22847.78581910007,3.4764580391214204,8.834746434229132,15.673503505451686
CMP-0020,Organic,2024-02-07,54234,1635,150,3082.2643377079166,66899.80805142589,3.014714017037283,20.548428918052778,21.704760111903642
CMP-0049,Facebook,2023-06-26,19482,381,37,1075.5792524566143,4641.902739423846,1.9556513704958423,29.069709525854442,4.315723577618085
CMP-0001,YouTube,2024-11-25,39794,3023,391,2659.6185325609213,89798.75357247342,7.596622606423079,6.802093433659645,33.763771936875116
CMP-0013,LinkedIn,2024-09-08,21005,581,61,1394.414120873261,6104.084062119683,2.7660080933111164,22.859247883168212,4.3775259951448
CMP-0039,Email,2023-12-09,91858,3466,319,1925.2491167770957,118363.2351647544,3.7732151799516647,6.035263688956412,61.47943875590332
CMP-0031,Organic,2023-12-22,81426,4829,582,605.2507431662029,217981.79375043546,5.93053815734532,1.0399497305261218,360.1512203192409
CMP-0016,YouTube,2024-06-12,75093,2779,60,2653.4299998118313,21872.767190402043,3.700744410264605,44.22383333019719,8.243204905331272
CMP-0003,Organic,2023-07-03,56346,3571,273,3083.2100585071908,18669.558421593712,6.3376282256060765,11.293809738121578,6.055234014977566
CMP-0039,Email,2024-08-30,65525,3280,170,1717.9892222948824,35431.36297810516,5.0057230064860745,10.10581895467578,20.623739961986548
CMP-0007,Organic,2024-12-26,49418,2305,246,2244.850418164002,33077.861770929034,4.6642923631065605,9.125408203918706,14.734995928139595
CMP-0012,Organic,2023-01-23,88399,6519,451,1265.421245730345,52921.5929330485,7.374517811287458,2.8058120747901216,41.821324805167556
CMP-0009,Email,2023-02-22,79927,2510,241,257.1332678308597,110682.74789647482,3.1403655835950306,1.0669430200450611,430.4489606894471
CMP-0011,Google Ads,2023-08-23,36986,1656,172,4452.23886097581,29466.73885511439,4.477369815605905,25.885109656836104,6.618409248747287
CMP-0012,Organic,2024-02-18,33993,1403,137,1125.797251671501,52650.09775210253,4.127320330656311,8.21749818738322,46.76694464649965
CMP-0018,Organic,2023-01-08,77929,4847,106,3224.072941858194,25756.807813260377,6.2197641442851825,30.415782470360323,7.988903563210156
CMP-0006,Organic,2023-04-20,43618,3177,172,3401.0331122726793,20339.13580358242,7.283690219634097,19.77344832716674,5.980281618014344
CMP-0026,LinkedIn,2023-05-23,98825,1013,26,2483.918482489014,4192.753335225372,1.025044270174551,95.53532624957747,1.6879593129900212
CMP-0033,Email,2023-06-04,66777,1898,177,3294.056783041789,63856.922166465956,2.8422960001198017,18.610490299671124,19.38549526383676
CMP-0029,Email,2024-10-24,47741,783,38,2193.3766950804984,5718.681804576147,1.640099704656375,57.72043934422364,2.6072501898112255
CMP-0044,Facebook,2024-12-27,26536,840,37,2513.4492858368576,15980.215818691688,3.165511003919204,67.93106177937453,6.357882734590782
CMP-0004,Email,2023-04-06,53977,3390,332,3532.1401071843325,43492.26399099358,6.280452785445653,10.638976226458833,12.3132895839921
CMP-0044,Instagram,2023-12-02,14041,1067,144,1565.4583284145147,20010.92722692601,7.599173848016523,10.871238391767463,12.782791380459766
CMP-0023,Google Ads,2024-04-24,86229,1497,150,4547.319600118461,19653.42767127452,1.7360748704032285,30.31546400078974,4.321980727011696
CMP-0036,YouTube,2024-03-11,72526,5705,640,4848.1684023861435,38449.21141890343,7.866144555056118,7.575263128728349,7.93066746608466
CMP-0007,YouTube,2023-09-12,61352,1600,141,1827.3590049135814,64439.318442076365,2.607901942886947,12.959992942649514,35.26363362032618
CMP-0044,Google Ads,2024-06-26,39278,623,26,3055.221976761236,11929.480899711436,1.5861296400020368,117.50853756773985,3.9046200212128546
CMP-0021,Email,2024-12-23,95598,3855,177,983.6645749658895,67001.37183125065,4.032511140400427,5.557426977208415,68.11404368564767
CMP-0048,Organic,2024-01-05,65587,1365,157,1942.8335429853025,31814.77004756628,2.081205116867672,12.374735942581545,16.375448201640893
CMP-0002,Organic,2023-02-25,54983,2249,125,2745.355686368244,19335.663561552345,4.090355200698398,21.962845490945952,7.0430449713898335
CMP-0008,Organic,2024-04-02,65091,3437,207,1973.2677624505986,16253.517865547768,5.280299887849319,9.532694504592264,8.236853697626188
CMP-0028,Organic,2024-08-12,72518,3186,293,1724.2839453614565,121400.27165330657,4.3933919854380985,5.88492814116538,70.40619497727667
CMP-0011,Google Ads,2024-12-12,16453,333,6,4909.422072018457,2859.434614813665,2.023947000547013,818.2370120030761,0.5824381307753479
CMP-0038,Email,2023-02-15,13677,667,44,2111.202935101479,13363.001905501267,4.8768004679388754,47.981884888669974,6.329567699686316
CMP-0030,Facebook,2024-04-15,64287,4086,320,2121.319549062553,127339.82725618404,6.355872882542349,6.629123590820479,60.0285927277942
CMP-0035,Google Ads,2024-10-01,43092,620,13,562.0150263205378,5966.085426593029,1.4387821405365264,43.23192510157983,10.61552653788006
CMP-0047,Google Ads,2024-10-22,39672,431,48,499.57286553374786,10828.227130606658,1.0864085501109093,10.407768031953081,21.674970515137343
CMP-0033,YouTube,2024-01-07,8761,558,49,523.3513954846187,4387.663824555369,6.369135943385458,10.680640724175891,8.383781647304927
CMP-0010,Instagram,2024-08-01,19848,508,75,477.8889195170419,29037.703839401085,2.559451833937928,6.371852260227226,60.762454732674705
CMP-0019,LinkedIn,2023-07-22,68757,1668,51,1217.7468724450387,5201.266685275645,2.4259348139098567,23.877389655785073,4.27122155102098
CMP-0003,Organic,2024-06-26,82633,2146,225,549.3779151229216,70428.91201608106,2.5970254014739873,2.4416796227685404,128.19756687948185
CMP-0037,LinkedIn,2023-11-09,85827,5386,265,2755.335912835239,39131.39485934266,6.275414496603633,10.397494010699015,14.202041456018508
CMP-0028,Email,2024-01-22,27343,844,39,216.52454495643929,3384.737106306081,3.0867132355630327,5.551911409139469,15.63211739799304
CMP-0012,YouTube,2023-10-23,87122,4792,267,1178.1794907062338,81704.31211590867,5.500332866554946,4.412657268562674,69.34793277290272
CMP-0013,YouTube,2023-10-11,8989,698,61,1187.4093224687463,28113.926660132103,7.7650461675381015,19.4657265978483,23.676693561475798
CMP-0008,Facebook,2023-09-28,90973,6016,192,3927.8238954825215,66452.88614570798,6.612951095379947,20.4574161223048,16.9184993813335
CMP-0040,Email,2024-09-12,9936,420,37,4394.633172458582,2919.9512808903223,4.2270531400966185,118.77386952590761,0.6644357256459594
CMP-0048,Facebook,2023-12-10,29134,606,56,263.8906095847707,9824.045027513746,2.080043934921398,4.7123323140137625,37.22771735974912
CMP-0023,Instagram,2024-08-23,24384,1573,220,2530.2498694910205,37357.172589769536,6.450951443569554,11.501135770413729,14.764222711840006
CMP-0023,Email,2024-01-15,98818,5040,602,690.1793017132205,49483.52505554909,5.100285373110163,1.1464772453707983,71.69662279456507
CMP-0012,Email,2024-09-23,23396,288,19,3374.3909005446785,1901.8853871569922,1.2309796546418192,177.59952108129886,0.5636233154996947
CMP-0010,Google Ads,2024-03-16,83148,4356,199,4217.347753749221,61567.78064234201,5.238851205080098,21.19270228014684,14.598696677931828
CMP-0047,LinkedIn,2023-05-19,8303,263,13,1771.4196107303471,5042.945920870314,3.167529808502951,136.26304697925747,2.8468387107846986
CMP-0009,Organic,2023-09-09,17209,1157,139,3425.1676599516245,13617.644812851846,6.723226218838979,24.641493956486507,3.9757600692294797
CMP-0020,Google Ads,2023-07-02,19046,697,45,359.8836393462335,21248.390205422224,3.6595610626903285,7.997414207694078,59.042390045910835
CMP-0036,LinkedIn,2024-08-26,96557,4639,306,4615.353012069117,76217.23893230363,4.804416044409002,15.082852980618028,16.51384817867584
CMP-0043,Instagram,2024-04-14,74391,1040,40,2868.0422324055858,14620.574521936485,1.3980185775160974,71.70105581013965,5.097754264822454
CMP-0013,LinkedIn,2023-09-02,96422,1870,166,840.6071457048175,57923.97648777955,1.9393914251934203,5.063898468101311,68.90730917973875
CMP-0041,YouTube,2024-04-12,5479,170,16,4802.940059212163,851.3237621058225,3.102755977368133,300.1837537007602,0.17725054895760392
CMP-0021,Email,2024-08-06,59017,1396,186,1087.3222166677674,15876.811434679823,2.3654201331819644,5.845818369181545,14.60175391553781
CMP-0021,Facebook,2023-05-17,7134,298,19,357.43120664521234,6115.254007075634,4.177179702831511,18.81216877080065,17.10889786169583
CMP-0018,YouTube,2024-01-27,63221,4132,281,3609.327074178682,87800.08325245445,6.535802976858955,12.84458033515545,24.32588719392624
CMP-0025,Email,2024-08-26,47361,1960,245,1304.653475201752,101369.53316839474,4.138426131205,5.325116225313273,77.69843494474189
CMP-0026,LinkedIn,2024-01-26,51748,3230,431,4100.671274894024,164759.33941119225,6.241787122207622,9.514318503234394,40.17862646535846
CMP-0045,YouTube,2023-03-16,92315,5836,818,4454.980533759887,284086.4233226593,6.321832854898987,5.446186471589105,63.76827489364982
CMP-0014,LinkedIn,2023-03-27,17551,1082,68,4184.07043040031,4219.96119657934,6.164890889408011,61.53044750588691,1.008577954596141
CMP-0030,Facebook,2024-02-21,50663,3576,72,2314.878172855694,32155.62577670869,7.058405542506366,32.151085734106864,13.890850133612288
CMP-0050,YouTube,2024-08-02,18625,301,12,1968.5758754733104,2629.3961159962973,1.6161073825503354,164.04798962277587,1.3356844146858724
CMP-0046,LinkedIn,2023-12-12,96944,1975,178,4811.846521970918,41446.58284355965,2.037258623535237,27.0328456290501,8.61344655410648
CMP-0017,Google Ads,2024-10-07,15212,845,118,1569.589519315448,52444.91404727285,5.554825138048908,13.301606095893627,33.41313980622519
CMP-0013,Instagram,2024-03-16,82081,5767,435,4144.282340271011,62965.15458625411,7.025986525505294,9.527085839703474,15.19325890864293
CMP-0049,YouTube,2024-06-10,2253,91,6,4377.550436945648,2821.166908941444,4.0390590324012425,729.5917394909412,0.6444624567044074
CMP-0030,YouTube,2023-11-03,95040,5763,488,4623.461564635777,152976.81526330064,6.063762626262626,9.474306484909379,33.087074073114245
CMP-0046,Facebook,2024-09-23,53239,3054,263,3547.664796833627,21740.43326193057,5.736396250868724,13.489219759823676,6.128096792384222
CMP-0005,Facebook,2024-08-18,58888,2544,93,756.0451094755473,29257.78549718032,4.3200652085314495,8.129517306188681,38.69846538320423
CMP-0046,YouTube,2023-07-25,7187,459,16,1835.8969733659262,1779.556425737156,6.386531236955614,114.74356083537039,0.9693117051522364
CMP-0002,Instagram,2023-07-22,6825,261,17,575.6421301030825,6998.768693829594,3.824175824175824,33.86130177076956,12.158194002541642
CMP-0006,Google Ads,2024-11-26,65879,738,42,1130.2665534315524,6512.105545713877,1.1202355834180846,26.911108415036963,5.761566177414311
CMP-0045,Facebook,2023-02-03,44037,1514,43,,20333.18358065329,3.4380180302927084,110.10706184193675,4.2945904333785085
CMP-0006,Facebook,2023-03-15,97358,5247,259,1832.7292229320326,60938.430222747804,5.389387620945377,7.076174605915184,33.25010015678008
CMP-0023,Instagram,2023-02-15,33855,1578,65,1957.2733847684447,25465.478258548257,4.6610544971200705,30.11189822720684,13.010690512996963
CMP-0003,Google Ads,2024-04-29,43598,610,58,4829.427251330602,17084.360408434943,1.3991467498509107,83.26598709190694,3.5375541486266027
CMP-0041,YouTube,2024-08-07,24127,1282,138,2931.485471934171,30005.871102406196,5.313549135822937,21.242648347349064,10.235722260840188
CMP-0011,Facebook,2023-11-30,8902,495,27,1090.1071473394022,6157.815764937573,5.560548191417658,40.37433879034823,5.648816980942472
CMP-0050,YouTube,2024-03-15,45481,694,49,1317.4253753630294,20822.719643226123,1.5259119192629889,26.886232150265904,15.805616039153808
CMP-0027,Organic,2023-10-05,86058,1222,81,3508.5078121137167,21759.5662395649,1.419972576634363,43.314911260663166,6.201943220544163
CMP-0005,Email,2024-05-04,49475,997,35,1343.69717069728,7610.052723113837,2.015159171298636,38.391347734208,5.663517709994715
CMP-0017,Facebook,2024-09-09,49342,2084,185,3341.817468845549,43077.73462357739,4.223582343642334,18.06387820997594,12.890510934595975
CMP-0018,Organic,2024-07-17,51770,2848,394,2042.8072300703823,71726.36038407312,5.50125555340931,5.184789924036504,35.111663659816735
CMP-0036,YouTube,2023-02-02,31399,1468,170,4522.57169618245,25248.23454888227,4.6753081308321915,26.603362918720293,5.582716260793514
CMP-0025,Instagram,2024-10-14,67786,4976,274,1793.426102397604,92545.55146410305,7.340748827191455,6.545350738677387,51.60265669178134
CMP-0049,YouTube,2024-11-23,96326,3075,286,516.2147134207999,88987.00004754243,3.192284533770737,1.8049465504223772,172.3836956483714
CMP-0050,Google Ads,2024-02-07,64478,5045,377,2905.6405586656138,104019.17227303075,7.824374205155246,7.707269386380938,35.79905021727826
CMP-0034,YouTube,2023-12-02,87050,1311,140,1797.670226903333,35859.10007387669,1.5060310166570936,12.840501620738094,19.94754073201044
CMP-0035,Google Ads,2024-11-09,37141,2018,290,3794.327532962284,77817.27002896382,5.433348590506448,13.083888044697531,20.50884362326275
CMP-0041,LinkedIn,2024-12-10,17495,888,28,2171.784517806582,5391.528869115345,5.075735924549871,77.5637327788065,2.482533982957287
CMP-0039,YouTube,2024-07-29,96552,1133,54,918.6847521748534,22015.234455475394,1.1734609329687629,17.01268059583062,23.96386181805838
CMP-0049,Instagram,2023-08-31,63617,3372,477,972.734137978138,58879.88436814412,5.3004700001571905,2.0392749223860336,60.53029504087111
CMP-0020,Organic,2024-08-24,35728,1975,182,3725.479208972767,32168.88041609295,5.5278772951186745,20.469665983366852,8.634830208853302
CMP-0024,Email,2024-05-10,22274,1524,189,993.5163937056574,89420.59086944374,6.8420580048487025,5.256700495797129,90.00414229293109
CMP-0039,Instagram,2024-06-12,17364,235,7,2151.4194628152386,3145.4320005990394,1.3533747984335407,307.3456375450341,1.4620263760573617
CMP-0050,Facebook,2024-11-21,22425,1695,70,4457.366446159965,8803.88573848374,7.558528428093646,63.676663516570926,1.9751316937534527
CMP-0016,Facebook,2023-11-02,57146,2522,167,3029.3953335114,56500.106120501056,4.413257270850103,18.140091817433532,18.650621625871214
CMP-0031,Google Ads,2023-04-05,99752,7909,962,2477.4121166949753,209831.59180613005,7.928663084449434,2.5752724705768975,84.69789519155928
CMP-0018,LinkedIn,2023-05-09,69395,1178,66,4565.79754787937,14128.683239524802,1.6975286403919592,69.178750725445,3.094461173839609
CMP-0041,YouTube,2024-04-02,18224,656,41,4602.789819980796,16189.400238985476,3.5996488147497807,112.26316634099503,3.5173016522950906
CMP-0031,Facebook,2023-01-01,41168,2329,101,4684.310481673509,9850.090821056147,5.6573066459385934,46.379311699737706,2.102783506685304
CMP-0035,Organic,2023-02-21,94030,5630,530,2398.9222981523935,251099.11122804706,5.987450813570137,4.526268487079988,104.67163168287654
CMP-0030,Organic,2024-08-28,81687,4630,569,828.6612127132162,174636.6502061988,5.667976544615422,1.45634659527806,210.7455345163322
CMP-0020,Email,2023-07-21,91136,4780,676,4445.63883236107,125216.51472087887,5.244908707865169,6.576388805267855,28.16614651855932
CMP-0021,Instagram,2023-07-17,94931,1169,144,147.29750974351262,66682.87307621229,1.2314207160990613,1.0228993732188376,452.70876060516144
CMP-0035,Google Ads,2023-01-16,99592,7141,880,1130.2299366652185,375176.2200945948,7.1702546389268225,1.28435220075593,331.94680827652195
CMP-0026,LinkedIn,2024-02-10,38643,2232,66,3634.0053109912114,13309.14444576013,5.7759490722769975,55.06068653016987,3.6623899270334106
CMP-0006,Facebook,2024-07-21,57354,2514,113,4716.579695487222,5658.285297625122,4.383303692854901,41.73964332289577,1.1996585795081371
CMP-0007,YouTube,2024-01-24,28073,1348,141,3531.683723698106,68066.28369747805,4.801766822213515,25.04740229573125,19.273040572898275
CMP-0018,Google Ads,2023-08-16,85717,2020,185,158.590721688428,51382.63941938208,2.3565920412520267,0.857247144261773,323.9952430529317
CMP-0012,YouTube,2024-12-12,74885,3314,467,4956.0648769015825,203494.68742978462,4.425452360285771,10.612558622915595,41.05973034739707
CMP-0002,Email,2024-12-14,94136,3113,436,3756.561075426249,101032.89538821786,3.306917651058044,8.615965769326259,26.89504931761395
CMP-0044,YouTube,2024-02-11,30335,918,77,2620.323851517736,36648.942633841085,3.0262073512444374,34.030179889840724,13.98641721809058
CMP-0014,YouTube,2024-10-10,1312,60,4,3246.571443551178,510.62756412595957,4.573170731707317,811.6428608877945,0.1572820968225553
CMP-0050,Instagram,2024-07-10,51333,2331,297,2025.7227828099958,65833.57401679974,4.540938577523231,6.820615430336686,32.49880712970914
CMP-0045,YouTube,2024-04-12,48854,1373,177,,57283.630241625324,2.8104147050395056,14.814835708371103,21.845421401862755
CMP-0050,Email,2023-06-06,58763,4584,527,4551.854072248202,139268.7207194199,7.800827051035515,8.637294254740421,30.59604251562349
CMP-0005,Facebook,2024-09-24,25063,1114,135,4032.700725685091,33612.41415620033,4.444799106252244,29.87185722729697,8.334963698673702
CMP-0022,Email,2023-03-31,6673,256,15,4681.31247132594,3811.8828829019567,3.8363554623108045,312.08749808839605,0.8142765316886174
CMP-0028,Google Ads,2023-08-28,59053,2447,293,448.7327647339109,124929.20384522805,4.14373528863902,1.5315111424365562,278.4044617720492
CMP-0037,Email,2024-07-15,79713,6186,365,2404.4305794943552,87628.34394256944,7.760340220541191,6.587481039710562,36.44453064683507
CMP-0039,Organic,2024-07-10,12442,881,17,964.3559657051528,7082.13461776758,7.080855167979425,56.726821512067815,7.343900872318457
CMP-0039,YouTube,2023-01-28,8700,378,39,3451.088545333548,16991.750162008942,4.344827586206897,88.4894498803474,4.923591481008114
CMP-0024,Organic,2023-06-19,23209,1285,87,3476.1196201979,4567.753802186718,5.5366452669223145,39.95539793330919,1.3140381520952003
CMP-0007,Instagram,2023-05-17,25641,874,128,3414.429894851562,22951.411303195466,3.4086034086034083,26.67523355352783,6.721886818587983
CMP-0024,Organic,2024-05-01,9573,397,45,3090.9911272990494,5956.206431862841,4.147080330095059,68.68869171775665,1.9269568195323343
CMP-0019,Google Ads,2024-09-18,29276,747,110,2121.96994402727,14231.199780588888,2.5515780844377645,19.29063585479336,6.706598187521736
CMP-0012,Facebook,2024-08-16,72076,3408,262,3024.4362384692836,86145.63541001377,4.728342305344359,11.543649765149937,28.483204345419917
CMP-0006,Instagram,2023-07-20,68573,4109,421,2467.1031525986773,178205.84615184256,5.992154346462893,5.860102500234388,72.23283143395635
CMP-0018,Organic,2024-03-20,36399,2423,84,4423.429068113875,31987.130786130827,6.656776285062777,52.65986985849851,7.23129732467259
CMP-0006,Email,2023-03-31,7986,188,20,772.4095801889498,7899.541526483072,2.35411970949161,38.62047900944749,10.227140793037103
CMP-0039,YouTube,2024-07-03,80597,4230,161,102.93758082396238,61767.12746772121,5.248334305247094,0.6393638560494558,600.0444830090928
CMP-0029,Email,2024-04-13,10862,406,32,1744.6036178613874,3804.297499893014,3.7378015098508564,54.51886305816836,2.1806085124118284
CMP-0022,Email,2023-05-16,21419,239,21,4195.314915230779,2894.8514778039544,1.1158317381763854,199.77690072527517,0.690020066740261
CMP-0029,Facebook,2023-12-09,47329,1075,127,4829.527748391851,18414.31484658926,2.2713346996556023,38.02777754639253,3.8128603470020246
CMP-0044,LinkedIn,2023-07-03,85151,2178,279,1604.4847482811049,105590.12249091984,2.5578090685957884,5.750841391688548,65.80936503387721
CMP-0014,Facebook,2024-02-02,76322,4777,288,1721.974170780241,43929.25894418312,6.259007887633972,5.979076981875837,25.510985988993323
CMP-0008,Google Ads,2023-01-11,67579,991,93,3843.9715017307026,25728.61616768702,1.4664318797259503,41.33302690033013,6.693238010766473
CMP-0012,LinkedIn,2023-02-02,19145,460,26,2820.7288746519876,6145.488720138821,2.4027161138678506,108.48957210199953,2.1786882019623497
CMP-0013,Google Ads,2024-12-08,38737,722,63,1556.2539196250473,30438.042236014786,1.8638510984330225,24.702443168651545,19.55853209568032
CMP-0020,YouTube,2023-11-04,76134,2141,114,2150.0542010375448,12474.950392008823,2.8121470039666905,18.86012457050478,5.802156236800368
CMP-0048,Facebook,2023-12-19,50313,4015,143,2351.571722085777,47064.24597852233,7.98004491880826,16.444557497103336,20.013953024055628
CMP-0049,Organic,2023-04-23,85859,5997,287,1629.6627495689809,57884.89595653815,6.984707485528599,5.678267420100979,35.51955517903797
CMP-0004,Organic,2023-04-23,5720,221,32,4569.136658248963,10401.818848234503,3.8636363636363633,142.78552057028008,2.2765392296716307
CMP-0044,YouTube,2023-03-31,50599,2943,338,657.8486815009412,63865.112261752096,5.81632048064191,1.9462978742631396,97.08176676137447
CMP-0003,YouTube,2024-09-07,82612,6206,645,969.4282189469417,170373.3628154901,7.512225826756404,1.5029894867394444,175.74623833475897
CMP-0049,Google Ads,2023-01-04,64530,1184,74,1075.969183198717,34846.41225183839,1.8348055168138848,14.54012409727996,32.386069039862754
CMP-0024,Facebook,2024-10-02,89165,1628,89,4665.845822395754,9258.002454098989,1.8258285201592555,52.425233959502854,1.9842066811683283
CMP-0029,Google Ads,2024-11-06,33974,1688,87,1327.6952456113281,26820.521835003576,4.968505327603461,15.260864892084232,20.2008118381521
CMP-0048,Email,2024-06-05,87324,5932,269,2364.573929374666,90647.52613961422,6.793092391553296,8.790237655667903,38.3356701237025
CMP-0043,LinkedIn,2024-11-22,86674,3252,159,3551.893287967247,64028.74011088067,3.7519902162124743,22.33895149664935,18.026650836552694
CMP-0043,Google Ads,2024-05-05,8241,145,8,2673.7600457784497,1770.82738707716,1.7594952068923673,334.2200057223062,0.6622985446555261
CMP-0009,Organic,2024-09-09,39348,2448,310,3658.031890286829,27151.18338214961,6.221408966148216,11.800102871892996,7.422347370520235
CMP-0012,YouTube,2024-07-11,69371,4911,587,1781.453951884856,138492.10211184208,7.079327096337086,3.03484489247846,77.74105076660072
CMP-0034,Facebook,2023-05-22,41240,517,54,2236.240626440338,3383.0570156427125,1.2536372453928226,41.41186345259885,1.512832284523819
CMP-0009,Organic,2024-08-16,30063,2103,129,3280.6429964158237,59567.570548735486,6.9953098493164365,25.431341057487007,18.157285207142134
CMP-0034,Facebook,2024-05-15,45034,1205,31,3749.6281687230403,15072.028969373425,2.6757560953945907,120.95574737816258,4.019606289256756
CMP-0019,LinkedIn,2023-03-21,47428,2974,361,423.5254235945853,82987.2937250296,6.270557476596103,1.1732006193755824,195.94406640501518
CMP-0012,Facebook,2023-01-25,14643,280,16,906.830186755967,2446.4547703762505,1.9121764665710579,56.67688667224794,2.6978091445411985
CMP-0030,Google Ads,2024-04-08,71545,1190,34,1301.5406695903102,13790.812983918982,1.6632888391921168,38.280607929126774,10.595760321696254
CMP-0014,Google Ads,2024-09-29,67931,1857,110,933.8020924279642,39450.59870329666,2.7336562099777715,8.489109931163311,42.247280256913726
CMP-0032,Google Ads,2024-05-04,77481,5627,448,236.48146670401906,95661.78638382157,7.262425626927891,0.5278604167500426,404.521283283278
CMP-0021,Organic,2024-04-22,22696,460,16,1451.6391133869915,5044.948259652183,2.026788861473387,90.72744458668697,3.4753460506318374
CMP-0026,Facebook,2024-06-11,23644,1112,99,2185.457159018897,32433.75372552761,4.703095922855693,22.07532483857472,14.84071814982998
CMP-0014,LinkedIn,2024-09-10,81296,5561,327,4108.919004689401,81445.8738961149,6.840434953749262,12.565501543392664,19.821727759335943
CMP-0025,LinkedIn,2024-01-05,47374,2908,311,2053.3523855941967,16000.18742609965,6.138388145396209,6.60241924628359,7.792226769429805
CMP-0025,LinkedIn,2023-08-14,87625,3242,438,168.32239872977976,42020.565473871226,3.6998573466476463,0.38429771399493096,249.64333796911905
CMP-0045,LinkedIn,2024-02-09,79464,6247,878,2966.801502169205,143702.24191445136,7.861421524212221,3.379044991081099,48.43675648990406
CMP-0016,Organic,2024-04-06,62361,1546,120,1022.6040298495395,19821.547884473257,2.479113548531935,8.521700248746162,19.383404823262524
CMP-0013,YouTube,2023-07-19,56395,3294,371,4887.72976573533,22934.041591092584,5.840943346041316,13.17447376208984,4.692166443379935
CMP-0022,Instagram,2024-04-21,8841,544,33,2093.971551073563,13365.13369680332,6.15315009614297,63.45368336586555,6.382672052039636
CMP-0010,YouTube,2023-10-13,27917,1470,194,1630.8050650661266,28142.665068737388,5.26560876885052,8.406211675598591,17.256915416556083
CMP-0002,Google Ads,2024-06-22,99558,3245,156,3953.0194852237546,69554.06264408758,3.2594065770706524,25.339868495024067,17.595173235062003
CMP-0039,Google Ads,2024-01-05,77378,4073,187,4176.7162636569965,74289.95547358712,5.263770063842435,22.335381089074847,17.786689538863065
CMP-0040,Organic,2024-09-25,97656,6565,664,410.2826470126093,167292.50290603435,6.722577209797658,0.6178955527298333,407.74939940585136
CMP-0007,Google Ads,2024-07-24,54115,3661,463,1345.0095423839089,88973.6938776569,6.7652222119560195,2.9049882124922437,66.15097594025913
CMP-0044,Instagram,2024-03-01,92724,3753,426,4844.290034993714,199037.59000450047,4.047495793969199,11.37157285209792,41.087050644513845
CMP-0048,Organic,2024-10-12,17697,377,32,1741.9317494558227,4715.019909089402,2.130304571396282,54.43536717049446,2.70677649142245
CMP-0035,YouTube,2024-06-12,39766,2575,92,1345.915719691938,10522.833051621747,6.475380978725545,14.629518692303673,7.818344713315542
CMP-0025,Google Ads,2023-12-04,68619,2229,98,1132.235624380465,42414.460989591375,3.248371442311896,11.553424738576172,37.46080769433452
CMP-0024,Instagram,2023-07-17,70525,2091,286,2324.7325311691334,82353.98755129719,2.964906061680255,8.128435423668298,35.42514523590397
CMP-0021,Google Ads,2023-08-31,82539,4988,414,1082.4818528884055,121642.91195657547,6.0432038188008095,2.614690465914023,112.3740888884128
CMP-0021,Organic,2024-08-07,51968,520,45,3004.9617102883067,3535.6911151618647,1.000615763546798,66.7769268952957,1.1766176930163406
CMP-0011,YouTube,2023-03-03,56388,2906,266,2715.7763475845222,69475.49478253725,5.15357877562602,10.209685517235046,25.582185677524752
CMP-0030,LinkedIn,2024-02-29,83464,6410,317,4011.8034537120866,107613.9341113381,7.67995782612863,12.65553139972267,26.824328597594647
CMP-0032,Email,2024-06-16,62195,2652,396,2259.9580541830114,66603.86032831525,4.264008360800708,5.706964783290433,29.47128164836358
CMP-0045,Email,2024-10-01,36716,2094,175,580.9620400986946,20877.093745181548,5.703235646584595,3.319783086278255,35.93538356074851
CMP-0038,LinkedIn,2024-06-04,9081,666,53,2499.241937240398,4294.542530014234,7.333994053518335,47.15550824981883,1.7183380552409278
CMP-0017,Facebook,2024-05-21,73137,2024,285,3240.4126367435933,129958.72639369902,2.767409108932551,11.369868900854714,40.10561029174951
CMP-0022,Organic,2024-07-25,29314,1706,203,4181.163124234727,15011.997285021904,5.819744831820973,20.596862680959244,3.5903878511722818
CMP-0019,Organic,2024-10-08,60263,1332,165,4326.476603744002,8761.874936486465,2.210311468064982,26.221070325721225,2.0251756195570785
CMP-0025,YouTube,2024-02-07,48238,3525,225,2399.888706434602,65664.21432546907,7.3075168953936736,10.666172028598233,27.361358111903115
CMP-0041,Facebook,2023-07-21,29992,2248,48,1404.9907306852294,10772.247935597403,7.495332088556948,29.270640222608947,7.6671309641620615
CMP-0020,Instagram,2024-09-04,93654,1851,117,1331.6784036501522,14222.528198605834,1.9764238580306233,11.381866697864549,10.680152324781758
CMP-0026,YouTube,2023-07-06,82569,2996,335,811.5023326560146,80804.97421551944,3.6284804224345697,2.4223950228537747,99.57454336705109
CMP-0009,LinkedIn,2024-07-11,83269,2413,102,4436.337672567783,48706.13371457001,2.8978371302645645,43.49350659380179,10.978905869980489
CMP-0031,LinkedIn,2023-03-26,30205,2252,164,2394.874172570047,54002.995572394124,7.455719251779507,14.602891296158823,22.549408311686406
CMP-0050,Email,2024-12-16,13097,1025,87,3222.653572213018,8522.404594362684,7.826219744979766,37.04199508290825,2.6445301685065368
CMP-0031,Google Ads,2023-12-26,46311,3675,536,2067.45465397882,35109.51291789955,7.935479691649933,3.857191518617201,16.98199902490303
CMP-0031,Google Ads,2024-06-21,1432,79,6,2520.010584518665,695.8881660410123,5.516759776536313,420.00176408644415,0.2761449377697477
CMP-0008,Google Ads,2024-08-16,1065,57,4,2451.270452156319,1676.3801190594734,5.352112676056338,612.8176130390798,0.6838821548984141
CMP-0005,Facebook,2023-11-07,85234,3385,364,4929.468752904133,111847.93389446958,3.9714198559260385,13.542496573912453,22.689652678815705
CMP-0013,YouTube,2023-11-07,63297,2883,77,3289.2874068786336,37247.67093766176,4.554718233091616,42.71801827115109,11.32393322023748
CMP-0010,Email,2024-03-04,54664,1769,186,2569.1885843676005,65094.807409774214,3.236133469925362,13.812841851438712,25.336718295359056
CMP-0027,Instagram,2023-08-05,40966,3219,326,2348.149923552363,49182.413369531314,7.857735683249524,7.202913875927494,20.945175977148192
CMP-0007,Facebook,2023-04-30,8624,617,75,4001.2170232682874,14619.267459891023,7.154452690166976,53.34956031024383,3.6537052039106004
CMP-0033,Organic,2024-07-10,73246,2823,143,4018.4507987132256,58063.00618383734,3.8541353794063844,28.10105453645612,14.449102176995689
CMP-0021,Google Ads,2024-06-23,36518,1306,151,1868.4488151732849,57473.0320285684,3.57631852784928,12.373833213068112,30.759757271294692
CMP-0010,Google Ads,2024-11-03,60036,3081,204,4160.031113469464,57816.16738352875,5.131920847491505,20.392309379752273,13.89801321349015
CMP-0026,Instagram,2023-05-31,95621,7174,349,332.27786962379423,110727.07703866766,7.502536053795714,0.9520855863145966,333.2363878582498
CMP-0004,YouTube,2023-01-12,38665,1929,165,2250.8200869473944,61410.98595186131,4.989008146902884,13.641333860287238,27.283827040635696
CMP-0004,Email,2023-01-02,88886,924,128,1784.2177266462625,52296.09005389516,1.0395337848480075,13.939200989423925,29.310374666097765
CMP-0038,Email,2024-04-01,91680,4292,261,4116.654551854421,86122.48106736285,4.681500872600349,15.772622804039926,20.920502311413873
CMP-0044,Organic,2024-07-05,66263,4149,498,2138.415980007854,188160.24012701976,6.261412854836032,4.2940079919836425,87.99047607487887
CMP-0025,YouTube,2024-09-05,88248,4109,141,3918.115626111184,32391.161713509668,4.65619617441755,27.788054085894924,8.267025479709645
CMP-0029,Facebook,2024-07-04,24268,637,45,2118.0322928073374,13459.85643958027,2.6248557771551013,47.0673842846075,6.35488726271494
CMP-0001,Email,2024-08-31,16940,1246,85,3115.3578391637034,15969.815890057884,7.355371900826446,36.651268696043566,5.126157800975079
CMP-0024,LinkedIn,2024-06-24,79205,3412,140,1706.0759665270118,28457.79657742409,4.3078088504513605,12.18625690376437,16.680263444162133
CMP-0044,Google Ads,2023-01-22,2390,77,8,4971.643189857368,2942.4124140997924,3.221757322175732,621.455398732171,0.591839016143113
CMP-0007,YouTube,2023-01-02,40750,1072,148,3304.9456049333403,41506.48736055459,2.630674846625767,22.330713546846894,12.558901816295327
CMP-0016,Instagram,2023-09-12,45003,3076,112,3164.9159014503552,13661.879495885705,6.8350998822300735,28.25817769152103,4.316664303662859
CMP-0004,Instagram,2024-06-23,70294,2797,383,4009.494854806678,22466.924193892886,3.9790024753179507,10.468654973385583,5.6034301096456085
CMP-0017,LinkedIn,2024-02-24,43571,2705,377,2476.756776957658,19326.186079083225,6.208257786142159,6.569646623229862,7.803021378151909
CMP-0038,LinkedIn,2024-12-27,71798,2067,131,2811.5619491447283,19344.344539224236,2.878910276052258,21.46230495530327,6.880283945053655
CMP-0013,Email,2024-05-08,48095,1010,49,4842.275630780732,12077.760403675655,2.10001039609107,98.82195164858638,2.4942323247568474
CMP-0008,YouTube,2024-02-19,78449,3454,383,1888.598707875677,91716.71674219659,4.402860457112264,4.931067122390802,48.56336942290979
CMP-0019,LinkedIn,2024-09-27,16457,695,78,4814.86586870303,37684.632266594526,4.223126936865771,61.729049598756795,7.826725249304931
CMP-0047,Email,2023-01-10,67588,2224,319,872.0777549906641,93918.98048329221,3.2905249452565544,2.733786065801455,107.69564978101941
CMP-0040,LinkedIn,2023-10-19,38863,2950,149,1609.161192409212,15293.181404168146,7.590767568123923,10.79973954637055,9.50382191436734
CMP-0010,Organic,2024-12-28,45593,3313,218,2793.632145560789,92935.87309949924,7.266466343517646,12.814826355783437,33.2670402748546
CMP-0010,Facebook,2024-01-05,14957,901,64,1267.9166528017593,8332.580413247717,6.0239352811392655,19.81119770002749,6.571867634071156
CMP-0003,Facebook,2024-08-05,56839,3138,92,3228.1790640124987,21799.558797900154,5.520857157937332,35.08890286970107,6.752896405568087
CMP-0008,Facebook,2024-10-05,79179,1490,86,939.5405305569327,20578.99748605932,1.8818120966417864,10.924889890196892,21.90325676941332
CMP-0040,Facebook,2024-10-30,64514,4428,537,1604.1642886689535,152490.34551006622,6.863626499674489,2.9872705561805466,95.05905759602356
CMP-0044,Google Ads,2023-07-11,64088,4808,153,3637.900844618595,16976.377985810963,7.502184496317563,23.77712970338951,4.666531252747984
CMP-0050,Facebook,2024-08-15,61846,4848,274,283.2499731173191,134819.35373270983,7.8388254697151,1.033759025975617,475.97305040826643
CMP-0011,Organic,2024-08-05,97792,4046,126,3005.844898163852,21047.0403046929,4.1373527486911,23.8559118901893,7.002038035146017
CMP-0005,Instagram,2024-08-04,51425,521,66,1408.2284434927137,9632.591738388213,1.0131259115216336,21.33679459837445,6.840219555924666
CMP-0028,LinkedIn,2023-08-29,53361,3701,276,2617.107787220076,136015.65575036837,6.935777065647196,9.482274591377086,51.971743928379
CMP-0014,Google Ads,2023-02-12,44145,929,23,2405.615871056131,4849.753350486817,2.1044285876090156,104.59199439374481,2.0160132001281
CMP-0026,Google Ads,2023-01-14,33892,1535,35,619.803324267934,6871.964334448484,4.529092411188481,17.708666407655258,11.087330553712569
CMP-0038,YouTube,2024-02-11,74339,2634,341,3013.1615450122963,87659.36793653798,3.5432276463229258,8.836250865138698,29.0921567353868
CMP-0010,Google Ads,2024-01-06,81753,5251,433,2752.812885181363,106423.44751759575,6.423005883576138,6.357535531596682,38.65989152059068
CMP-0038,Organic,2024-10-17,83567,1914,77,4023.6634782270758,8028.444615435856,2.290377780702909,52.25536984710488,1.9953071768748871
CMP-0018,YouTube,2024-07-07,79991,4292,439,724.4389285971536,190621.84116425406,5.365603630408421,1.6502025708363406,263.1303118033503
CMP-0003,Instagram,2024-06-14,25188,956,44,4745.775387641598,17779.298000794646,3.7954581546768305,107.85853153730905,3.746342072381564
CMP-0028,YouTube,2024-12-30,70221,2878,181,857.7886408660307,57303.46300010219,4.098489055980405,4.739163761690778,66.80370929399126
CMP-0044,Email,2023-04-19,6249,119,12,3947.2157626158555,5484.866188238351,1.9043046887502,328.9346468846546,1.3895531731975759
CMP-0042,Email,2023-11-26,27612,1627,138,3356.6841374145556,50296.523274854706,5.89236563812835,24.323798097206925,14.983990514399421
CMP-0025,Facebook,2024-08-09,57986,4008,362,1943.9195402449006,158837.44912231783,6.912013244576277,5.369943481339504,81.70988862137115
CMP-0049,YouTube,2023-07-25,84249,4346,533,712.0966676853607,55563.40365985605,5.158518201996463,1.3360162620738474,78.0278944998612
CMP-0041,YouTube,2024-05-29,79139,4637,589,1466.7800072584737,177287.94667211836,5.859310832838424,2.4902886371111608,120.86880499788333
CMP-0042,LinkedIn,2023-12-16,99938,4148,302,1148.4539827810734,54955.445356082826,4.150573355480398,3.802827757553223,47.851673798025246
CMP-0007,LinkedIn,2023-02-05,66302,4753,422,4882.41399871501,43862.79281974259,7.168712859340593,11.569701418755947,8.983833167627065
CMP-0017,YouTube,2024-06-29,47841,3032,96,4094.909211327425,18226.570853631747,6.33766016596643,42.65530428466068,4.451031735505397
CMP-0041,LinkedIn,2024-08-14,10204,217,32,1232.5117754832593,13968.586011996145,2.1266170129361033,38.51599298385185,11.333430065217154
CMP-0049,Google Ads,2023-06-15,55368,2493,302,2437.6265927689724,100842.47634159338,4.50260078023407,8.071611234334346,41.36912381934734
CMP-0040,Google Ads,2024-03-14,98839,5090,254,3702.7567679167582,48540.79739279967,5.149789050880725,14.577782550853378,13.109367002820887
CMP-0022,Organic,2024-07-05,6524,308,19,3581.7611932194673,6314.8017296199305,4.721030042918455,188.51374701155092,1.7630437622626283
CMP-0012,Email,2023-07-04,71184,4560,661,4299.622233435479,156268.93210711193,6.4059339177343215,6.504723499902388,36.34480510680822
CMP-0008,Google Ads,2023-08-16,7604,324,11,3143.1829003066073,1858.9643113255804,4.260915307732772,285.7439000278734,0.5914273430108838
CMP-0023,Email,2023-05-06,65744,987,98,4214.035074754189,30019.049061061312,1.5012776831345827,43.00035790565499,7.123587850728169
CMP-0041,LinkedIn,2023-04-18,28179,1526,134,587.791978844048,45232.80864653125,5.415380247702189,4.3865073048063286,76.95376982769672
CMP-0013,LinkedIn,2023-12-21,32212,2231,202,1065.6441304609593,84387.5098444102,6.925990314168633,5.275465992380987,79.18920344252936
CMP-0032,Google Ads,2023-11-27,29675,2085,156,381.6985600782179,65144.54588680613,7.026116259477674,2.446785641527038,170.6701379053059
CMP-0049,Email,2023-10-24,84307,3777,146,550.5166593371275,56890.42956268297,4.480055036948296,3.7706620502542982,103.34006900206118
CMP-0045,Email,2023-06-24,53233,919,112,3146.255240013427,49446.46048957532,1.7263727387147072,28.091564642977026,15.7159723917899
CMP-0045,YouTube,2024-09-05,97957,4117,609,2407.528312122231,191341.7577594063,4.202864522188307,3.9532484599708226,79.476430991891
CMP-0011,Email,2024-06-19,68605,1236,102,3750.0772341714382,14728.32518518434,1.8016179578747904,36.76546308011214,3.927472493360125
CMP-0017,LinkedIn,2024-07-17,55776,2446,321,3259.4112698885538,131329.93409879899,4.3853987378083765,10.153929189683968,40.292532369899256
CMP-0013,Instagram,2023-01-10,28578,796,109,3112.6025795415453,16485.349905630617,2.7853593673455106,28.555986968271057,5.2963234092219835
CMP-0007,LinkedIn,2024-08-23,10896,866,105,1064.119895012299,6408.511801144121,7.947870778267253,10.134475190593323,6.022358787935313
CMP-0015,Email,2024-11-21,14764,1144,71,835.9844710298526,9192.174535126303,7.748577621240855,11.774429169434542,10.995628332428744
CMP-0016,Facebook,2024-10-25,86591,1704,190,820.6726051736582,42370.717849644505,1.9678719497407353,4.319329500913991,51.629258223720846
CMP-0028,Google Ads,2023-11-26,35214,2206,91,1561.1601423627405,7663.780965490902,6.26455387061964,17.155605960030115,4.909029354216115
CMP-0037,Google Ads,2024-04-15,42472,1863,45,4834.521252079722,12097.773429703802,4.386419288001507,107.43380560177161,2.5023725822902447
CMP-0012,LinkedIn,2024-03-09,20132,1096,110,1585.351433984227,49412.03896680821,5.444069143651897,14.412285763492973,31.16787729685166
CMP-0042,Organic,2024-12-28,85902,6580,165,662.0256647355031,62197.5960585599,7.659891504272311,4.012276755972747,93.95043028038724
CMP-0043,Organic,2024-05-05,69998,3843,340,252.81905453120643,140763.6316381458,5.490156861624618,0.7435854545035483,556.7761967117506
CMP-0005,LinkedIn,2023-05-20,68945,3965,473,314.0026587532092,78631.91745759694,5.750960910870984,0.6638534011695755,250.4179989106328
CMP-0043,YouTube,2023-11-19,24196,611,59,4797.0449636072435,11769.809836159862,2.5252107786410978,81.30584684080074,2.453554203775754
CMP-0025,Facebook,2024-01-22,97048,6662,399,3313.725316602642,101002.98083814098,6.864644299727969,8.305075981460256,30.480191080440274
CMP-0028,Organic,2023-12-31,17861,1085,141,2142.036880916937,42020.62822459078,6.074687867420637,15.191750928488917,19.61713572672152
CMP-0031,Email,2023-04-16,21101,1608,80,2767.1707496134004,15017.453262117077,7.620491919814226,34.5896343701675,5.427006361719874
CMP-0025,Instagram,2024-04-16,24884,343,17,4297.227764350457,8035.820345295509,1.378395756309275,252.77810378532098,1.8700010299570786
CMP-0019,YouTube,2024-01-19,2881,162,14,2080.9876045331366,4059.131666161149,5.623047552933009,148.6419717523669,1.95057945435086
CMP-0033,Google Ads,2023-05-30,13600,1037,78,1673.6523696708125,17485.01894506531,7.625,21.457081662446313,10.447222650247497
CMP-0033,Organic,2023-05-14,53801,4225,529,1823.3990480992127,122793.97547104307,7.853013884500289,3.4468791079380203,67.34344607618867
CMP-0018,Google Ads,2024-10-11,53588,1463,133,3579.87236056462,45711.99269459112,2.730088825856535,26.91633353807985,12.76916830838667
CMP-0009,Organic,2023-04-14,66094,1932,42,2992.590573594658,13745.806827934926,2.9231095106968863,71.25215651415853,4.593280133013202
CMP-0003,Google Ads,2024-08-29,41398,2884,258,754.8080015703833,31017.476868562593,6.966520121745012,2.9256124091875324,41.09320092530884
CMP-0050,Organic,2023-06-29,53385,1039,52,1593.7826132277673,19258.171958448092,1.9462395804064812,30.649665638995526,12.083311612645826
CMP-0013,Organic,2024-04-21,22756,785,17,137.80393474144483,4479.459098276669,3.449639655475479,8.106113808320284,32.506031897284146
CMP-0004,Facebook,2024-03-06,51875,3794,485,3233.4755846447833,196153.80594844974,7.313734939759037,6.66695996833976,60.6634566470674
CMP-0026,Email,2024-11-21,82667,5790,249,2007.6537305575016,45476.81219816777,7.004004016112838,8.062866387781131,22.651721014429814
CMP-0007,YouTube,2024-09-04,45607,3406,472,4992.943706197992,82818.49429606256,7.468151818799745,10.578270563978796,16.587107560066382
CMP-0008,Instagram,2024-05-13,5327,236,15,2340.6297985373794,3199.2978481661503,4.430260934860146,156.04198656915864,1.3668534213164927
CMP-0011,LinkedIn,2023-12-15,36705,2812,146,2886.2788085689563,60548.40099760472,7.661081596512736,19.76903293540381,20.97801529701324
CMP-0011,Organic,2024-10-16,41889,1258,184,2282.555224502428,43126.048663473965,3.0031750578910934,12.405191437513194,18.893759152256646
CMP-0047,YouTube,2023-04-09,39877,2989,443,1479.0276840051213,203373.9635138593,7.4955488125987415,3.338662943578152,137.5051770249049
CMP-0045,Facebook,2024-03-21,52966,1648,179,735.2663096790304,16104.467124810017,3.1114299739455498,4.10763301496665,21.902903632073368
CMP-0023,Organic,2024-12-14,72054,1901,185,183.02222252299617,45364.8770918221,2.6382990534876622,0.9893093109351144,247.86540380975944
CMP-0011,Organic,2023-09-27,64392,2946,323,4083.5462685472557,83337.98852762043,4.575102497204622,12.642558106957448,20.408239076293945
CMP-0014,Email,2023-11-01,94552,6694,573,2511.1090832005466,38493.82440434305,7.0797021744648445,4.382389324957324,15.329411478724197
CMP-0014,YouTube,2023-12-07,52165,2431,224,1245.759289862069,49332.940773894086,4.660212786351002,5.56142540116995,39.60070069343513
CMP-0028,Organic,2024-07-08,32715,1214,94,3236.133945449368,12771.03322665931,3.7108360079474245,34.42695686648264,3.946385854830842
CMP-0042,Instagram,2024-12-24,16296,343,43,3057.5280916416727,12421.353775572488,2.104810996563574,71.10530445678309,4.062547719358194
CMP-0002,Google Ads,2024-02-17,3450,101,11,613.7842604196314,2072.0569552139486,2.9275362318840576,55.798569129057405,3.375871766078405
CMP-0049,Organic,2023-12-19,6375,144,6,3403.9749090799487,2788.975135794495,2.2588235294117647,567.3291515133247,0.8193289346390393
CMP-0046,Email,2024-01-25,83572,5716,845,1490.6254151665985,225954.41291088535,6.8396113530847655,1.7640537457592882,151.5836310127798
CMP-0005,Instagram,2024-06-02,94765,5952,811,4950.244827701744,153256.47557325114,6.280799873370971,6.103877716031743,30.959372901239657
CMP-0017,YouTube,2023-08-24,21840,1692,240,189.31708529983024,70369.58077338275,7.747252747252747,0.7888211887492926,371.70221938466455
CMP-0022,Email,2024-10-30,1333,87,2,2791.634268716979,657.3436057254238,6.526631657914479,1395.8171343584895,0.23546909890439752
CMP-0044,Google Ads,2023-11-11,73576,839,18,772.5431783271871,2404.616321964611,1.1403174948352723,42.919065462621504,3.112597961412856
CMP-0040,YouTube,2023-03-06,56680,1590,126,242.08568220161277,59058.41864035992,2.805222300635145,1.9213149381080379,243.95667725270567
CMP-0044,Email,2024-06-26,67372,5358,170,4706.876793903629,9865.077508955996,7.952858754378673,27.687510552374288,2.09588607072386
CMP-0041,Facebook,2023-10-29,25394,1101,123,3741.508835068343,8033.559923160064,4.335669843270064,30.418771016815796,2.1471444482138504
CMP-0014,LinkedIn,2024-12-22,61271,4532,529,4703.822217729403,89693.13437399191,7.39664767997911,8.891913455065033,19.068138680055807
CMP-0032,Instagram,2024-12-07,36558,1319,101,2489.7772029109665,37085.3266711118,3.6079654248044206,24.651259434762043,14.895038249909607
CMP-0044,Email,2023-02-05,93187,3143,314,4291.39284212631,55215.92935070042,3.3727880498352776,13.666856185115636,12.866668557740777
CMP-0003,YouTube,2024-02-03,93747,2164,162,399.62406275088927,11185.69326043032,2.308340533563741,2.466815202165983,27.990539867473057
CMP-0027,Facebook,2023-06-20,30758,628,27,2579.6810068989885,2968.012657358208,2.0417452370115092,95.54374099625883,1.1505347558169718
CMP-0032,LinkedIn,2023-03-29,32605,369,19,3382.386728268803,4793.698112526957,1.131728262536421,178.02035411941068,1.4172531107879853
CMP-0045,Facebook,2023-04-20,41211,1073,23,4142.813725480581,10237.810576406242,2.6036737764189173,180.12233589046002,2.4712215549152217
CMP-0001,Facebook,2023-02-19,43612,1314,61,2190.279328486289,13363.408293137014,3.0129322204897733,35.906218499775235,6.101234723505572
CMP-0042,LinkedIn,2023-11-08,86193,1808,219,2418.9026624369694,78064.53535958542,2.0976181360435304,11.04521763669849,32.272706368820074
CMP-0016,Organic,2023-05-10,74054,4075,328,506.3148298868119,82270.65495221652,5.50274124287682,1.5436427740451582,162.4891275071053
CMP-0006,Google Ads,2023-12-17,45772,1824,230,927.726458448273,97411.75362798265,3.9849689766669583,4.033593297601187,105.00051253352716
CMP-0028,Email,2024-12-22,9958,241,27,4825.48475743885,4323.6115125971055,2.4201646917051614,178.72165768292035,0.8959952688549957
CMP-0003,YouTube,2023-05-02,66752,5103,170,228.3113306173915,49246.84712784903,7.644714765100671,1.3430078271611263,215.7004078364286
CMP-0050,LinkedIn,2023-04-18,40063,1020,31,4242.990863103753,15309.12051774611,2.5459900656466066,136.8706730033469,3.6080965082605596
CMP-0026,YouTube,2023-10-01,47078,668,38,3372.104981795521,3423.736964741822,1.4189217893708315,88.73960478409265,1.0153114992638244
CMP-0024,Instagram,2023-10-25,51324,3419,361,4083.155133156627,134748.99158346848,6.6616008105369815,11.310679039215033,33.00119324129035
CMP-0008,Google Ads,2024-12-28,3465,270,19,666.2313084436018,1096.5754015104424,7.792207792207792,35.064805707557994,1.645937961204761
CMP-0012,YouTube,2023-12-11,57011,3384,440,2024.092428896023,147392.81629587692,5.935696619950536,4.60021006567278,72.8192123006298
CMP-0005,LinkedIn,2023-08-08,19827,801,81,3327.13735528649,29474.83839371356,4.0399455288243304,41.07576981835173,8.858918417323821
CMP-0049,Organic,2024-06-13,47980,3278,310,457.3509563712475,66384.20172740058,6.832013338891205,1.4753256657137015,145.14936681036312
CMP-0042,Instagram,2023-03-28,30950,1092,24,1767.707848196597,7040.824121619194,3.5282714054927307,73.65449367485822,3.983024756495929
CMP-0042,LinkedIn,2024-01-19,75693,4509,525,3014.6984346486115,235469.0424746736,5.956957710752646,5.742282732664022,78.10699729312046
CMP-0002,Organic,2023-07-11,11069,398,42,2235.1163378165934,2875.1103918019367,3.595627427951938,53.21705566229984,1.2863359025913303
CMP-0010,LinkedIn,2024-07-11,74874,3595,424,4359.509009187287,199433.12287357086,4.801399684803804,10.281860870724733,45.74669359629326
CMP-0015,Organic,2023-04-17,41196,2435,248,3040.664369804824,28629.990511485536,5.910768035731624,12.260743426632356,9.415702303678868
CMP-0008,LinkedIn,2024-08-11,1360,104,8,1166.6990530910555,640.8943740672298,7.647058823529412,145.83738163638193,0.5493227858283098
CMP-0022,Facebook,2023-09-12,33203,1491,91,4135.041031254806,43631.64316061886,4.490558082101015,45.44001133247039,10.551683243486112
CMP-0024,Organic,2024-12-25,19522,1122,135,628.0787007661386,47204.65605631141,5.747361950619814,4.6524348204899155,75.15723109019707
CMP-0039,Organic,2024-12-28,30824,1174,29,709.326467328076,6443.760782680168,3.808720477549961,24.45953335614055,9.084337155714527
CMP-0013,Email,2023-06-24,41405,2804,58,4652.792796478582,18510.581117204158,6.772128969931169,80.22056545652728,3.9783807117337564
CMP-0042,Facebook,2023-02-26,53376,3299,470,4127.106699719495,143584.960789949,6.180680455635492,8.781078084509563,34.7907072040827
CMP-0038,Google Ads,2023-08-19,69939,1169,149,1397.0945549826538,68144.48529252803,1.6714565549979268,9.376473523373516,48.775857761018976
CMP-0011,YouTube,2023-10-11,21992,570,83,4413.270343381845,12323.157272847267,2.591851582393598,53.17193184797404,2.7922960331054987
CMP-0004,Organic,2023-01-29,28146,1562,71,4033.6706831542037,29638.882059453157,5.549634051019683,56.812263143016956,7.347868576191372
CMP-0029,Facebook,2024-12-02,66800,2933,207,2989.001559590584,74504.27889000901,4.390718562874252,14.439621060824077,24.92614252774568
CMP-0049,Organic,2023-04-21,16094,919,80,3388.7389226771384,11949.053996267012,5.7102025599602335,42.35923653346423,3.5261063979597274
CMP-0009,Google Ads,2024-06-14,57790,1577,173,2265.1944777017316,24571.966811468137,2.7288458210763107,13.09360969769787,10.84761906906946
CMP-0029,Email,2024-12-29,25438,1832,90,4099.77917219056,44191.13083172757,7.2018240427706575,45.55310191322844,10.778905149692669
CMP-0021,Instagram,2024-10-23,60914,1157,116,3298.6139935000483,13495.220727515887,1.8993991529040941,28.43632753017283,4.091179129812811
CMP-0012,LinkedIn,2023-01-02,53206,4070,491,527.8048340708881,147920.69892568592,7.649513212795549,1.0749589288612793,280.2564307431468
CMP-0012,Google Ads,2024-08-26,68525,3920,231,3809.4680220719088,77734.3509520235,5.72053994892375,16.49120355875285,20.40556594821999
CMP-0020,Instagram,2023-12-17,69136,862,85,1786.8939391559484,24491.028832952816,1.2468178662346678,21.022281637128806,13.705921933184978
CMP-0030,Instagram,2024-12-15,55515,1330,55,4270.807805662915,4728.897630494505,2.395748896694587,77.65105101205299,1.1072606976657162
CMP-0028,Facebook,2024-09-25,50067,1954,171,498.00279746723044,54671.67421848256,3.9027702878143287,2.912297061211874,109.7818616612893
CMP-0037,YouTube,2023-01-22,79166,5891,323,3958.0632709648094,100767.00557417766,7.44132582169113,12.254065854380215,25.458664674052798
CMP-0049,Instagram,2023-09-05,60102,3646,259,2690.0639945712005,103441.78708924289,6.066353865096003,10.386347469386875,38.45328114795709
CMP-0047,Facebook,2023-04-26,28079,553,33,2663.3537448366737,15510.240049637687,1.9694433562448803,80.70768923747497,5.823574911784326
