customer_id,plan,status,signup_date,tenure_months,mrr,engagement_score,support_tickets,last_active_date
CUST-00001,Enterprise,Active,2022-02-27,34,997,68.0,12,2024-09-20
CUST-00002,Enterprise,Active,2022-12-03,25,1001,43.0,6,2024-03-08
CUST-00003,Professional,Active,2022-03-18,33,295,43.0,4,2023-04-23
CUST-00004,Starter,Churned,2023-09-05,16,26,2.0,13,2024-11-08
CUST-00005,Starter,Trial,2022-12-03,25,28,3.0,2,2024-11-23
CUST-00006,Enterprise,Active,2023-03-28,21,1001,15.0,2,2024-10-27
CUST-00007,Enterprise,Active,2023-11-25,13,1000,80.0,10,2023-12-11
CUST-00008,Growth,Active,2023-08-17,16,98,53.0,2,2024-02-17
CUST-00009,Growth,Active,2024-01-25,11,100,6.0,11,2024-11-10
CUST-00010,Enterprise,Active,2024-08-22,4,1000,4.0,2,2024-12-11
CUST-00011,Enterprise,Trial,2023-02-12,22,1000,27.0,2,2024-10-30
CUST-00012,Starter,Active,2024-03-31,9,26,32.0,3,2024-05-06
CUST-00013,Professional,Active,2022-04-24,32,303,1.0,14,2023-12-29
CUST-00014,Growth,Active,2022-01-07,36,95,94.0,2,2024-12-19
CUST-00015,Growth,Active,2023-12-15,12,99,64.0,13,2024-01-22
CUST-00016,Growth,Active,2023-10-20,14,102,39.0,4,2024-12-27
CUST-00017,Enterprise,Active,2023-11-28,13,1003,25.0,10,2024-02-24
CUST-00018,Enterprise,Active,2023-01-13,23,1000,22.0,3,2024-04-10
CUST-00019,Professional,Active,2023-10-23,14,298,22.0,0,2024-08-05
CUST-00020,Professional,Active,2024-05-02,8,295,79.0,13,2024-07-02
CUST-00021,Professional,Active,2024-12-21,0,295,3.0,11,2024-12-24
CUST-00022,Professional,Active,2022-01-05,36,297,37.0,2,2024-12-20
CUST-00023,Enterprise,Trial,2023-06-23,18,1000,53.0,14,2024-09-28
CUST-00024,Enterprise,Trial,2022-10-11,27,1000,58.0,0,2024-03-31
CUST-00025,Enterprise,Active,2023-06-16,18,999,57.0,0,2024-01-08
CUST-00026,Growth,Trial,2024-09-07,3,99,76.0,2,2024-12-19
CUST-00027,Enterprise,Active,2022-05-18,31,1003,24.0,12,2023-04-01
CUST-00028,Growth,Active,2024-11-12,1,103,71.0,3,2024-11-26
CUST-00029,Growth,Active,2024-04-14,8,97,93.0,7,2024-12-15
CUST-00030,Professional,Active,2023-06-02,19,299,47.0,6,2024-08-09
CUST-00031,Enterprise,Active,2023-07-20,17,998,97.0,6,2023-07-27
CUST-00032,Professional,Churned,2022-11-21,25,297,13.0,4,2024-08-09
CUST-00033,Starter,Active,2024-09-27,3,28,27.0,1,2024-12-15
CUST-00034,Enterprise,Churned,2023-02-24,22,995,,5,2023-08-28
CUST-00035,Starter,Active,2022-01-07,36,31,63.0,13,2022-08-30
CUST-00036,Starter,Active,2024-08-26,4,29,67.0,2,2024-12-08
CUST-00037,Professional,Active,2024-03-18,9,298,83.0,10,2024-08-23
CUST-00038,Enterprise,Churned,2024-12-05,0,995,16.0,3,2024-12-26
CUST-00039,Professional,Active,2022-06-03,31,297,45.0,8,2024-04-22
CUST-00040,Professional,Active,2023-10-19,14,300,64.0,7,2024-06-02
CUST-00041,Starter,Trial,2023-05-30,19,24,55.0,9,2023-06-28
CUST-00042,Growth,Active,2023-03-06,22,102,12.0,11,2024-04-16
CUST-00043,Starter,Active,2024-01-31,11,28,80.0,5,2024-10-21
CUST-00044,Professional,Churned,2023-01-06,24,296,23.0,7,2023-12-31
CUST-00045,Starter,Trial,2022-08-29,28,29,18.0,9,2023-01-23
CUST-00046,Professional,Churned,2022-02-27,34,303,15.0,13,2022-08-27
CUST-00047,Enterprise,Active,2024-01-27,11,1000,89.0,1,2024-07-30
CUST-00048,Growth,Active,2023-01-31,23,99,73.0,7,2024-06-05
CUST-00049,Starter,Active,2022-05-21,31,33,21.0,9,2022-07-05
CUST-00050,Professional,Active,2023-05-02,20,295,7.0,7,2024-05-09
CUST-00051,Enterprise,Churned,2023-02-19,22,1001,27.0,12,2023-04-20
CUST-00052,Starter,Trial,2023-04-17,20,25,13.0,3,2024-07-11
CUST-00053,Professional,Active,2022-12-26,24,301,68.0,9,2024-04-29
CUST-00054,Starter,Active,2024-09-12,3,30,20.0,13,2024-11-09
CUST-00055,Starter,Active,2022-01-25,35,32,57.0,10,2023-02-10
CUST-00056,Starter,Active,2022-08-12,29,27,80.0,2,2024-10-16
CUST-00057,Growth,Active,2024-08-22,4,97,73.0,6,2024-09-04
CUST-00058,Professional,Active,2023-01-27,23,297,41.0,8,2023-06-06
CUST-00059,Starter,Active,2022-09-27,27,24,73.0,7,2024-10-17
CUST-00060,Professional,Active,2023-02-25,22,296,40.0,3,2024-04-04
CUST-00061,Growth,Trial,2024-03-26,9,95,54.0,1,2024-05-01
CUST-00062,Professional,Active,2022-01-22,35,300,65.0,3,2024-03-12
CUST-00063,Growth,Active,2022-12-13,24,101,87.0,12,2023-03-28
CUST-00064,Growth,Churned,2023-02-21,22,100,23.0,9,2024-08-26
CUST-00065,Professional,Active,2024-06-19,6,300,91.0,6,2024-08-14
CUST-00066,Starter,Active,2023-02-01,23,30,85.0,6,2024-08-28
CUST-00067,Starter,Churned,2022-09-13,28,28,20.0,11,2024-02-25
CUST-00068,Starter,Churned,2023-07-24,17,31,32.0,6,2024-10-07
CUST-00069,Growth,Active,2022-03-26,33,99,44.0,5,2024-02-06
CUST-00070,Growth,Active,2022-04-07,33,98,82.0,5,2022-05-06
CUST-00071,Growth,Active,2022-01-11,36,101,66.0,7,2022-03-08
CUST-00072,Professional,Active,2024-12-22,0,297,42.0,7,2024-12-24
CUST-00073,Enterprise,Churned,2024-05-26,7,999,8.0,9,2024-09-07
CUST-00074,Professional,Active,2022-03-14,34,303,73.0,11,2023-10-18
CUST-00075,Growth,Active,2022-01-26,35,100,1.0,0,2023-03-14
CUST-00076,Professional,Churned,2023-04-06,21,294,13.0,1,2024-06-24
CUST-00077,Enterprise,Churned,2022-05-26,31,996,38.0,8,2023-09-04
CUST-00078,Enterprise,Active,2023-07-11,17,1001,45.0,2,2024-11-08
CUST-00079,Growth,Active,2024-01-17,11,95,14.0,13,2024-04-16
CUST-00080,Starter,Churned,2023-08-29,16,30,24.0,4,2024-07-19
CUST-00081,Starter,Churned,2024-12-13,0,25,32.0,11,2024-12-14
CUST-00082,Professional,Active,2024-08-05,4,298,22.0,6,2024-09-01
CUST-00083,Growth,Active,2023-04-22,20,102,22.0,4,2023-08-05
CUST-00084,Starter,Active,2022-12-10,25,30,35.0,8,2024-03-28
CUST-00085,Professional,Active,2023-10-06,15,298,43.0,13,2024-03-02
CUST-00086,Starter,Active,2024-12-14,0,32,94.0,2,2024-12-24
CUST-00087,Enterprise,Active,2024-02-18,10,1001,55.0,14,2024-05-23
CUST-00088,Starter,Active,2023-05-31,19,27,54.0,3,2024-07-05
CUST-00089,Professional,Churned,2024-09-04,3,296,14.0,5,2024-11-20
CUST-00090,Enterprise,Trial,2024-03-29,9,1000,72.0,1,2024-05-22
CUST-00091,Professional,Active,2023-08-22,16,301,42.0,7,2023-12-23
CUST-00092,Enterprise,Active,2022-09-20,27,1001,49.0,0,2023-09-21
CUST-00093,Starter,Active,2024-10-23,2,30,9.0,1,2024-11-27
CUST-00094,Professional,Active,2022-06-19,30,297,19.0,1,2023-11-17
CUST-00095,Professional,Churned,2024-11-19,1,300,21.0,9,2024-11-23
CUST-00096,Growth,Active,2023-02-16,22,102,61.0,1,2023-05-16
CUST-00097,Starter,Active,2022-01-08,36,29,33.0,14,2022-04-04
CUST-00098,Professional,Active,2022-11-23,25,295,87.0,10,2024-11-28
CUST-00099,Professional,Churned,2022-07-02,30,300,14.0,13,2024-06-09
CUST-00100,Enterprise,Active,2023-04-27,20,998,54.0,3,2023-06-19
CUST-00101,Professional,Active,2022-12-02,25,295,94.0,11,2024-03-11
CUST-00102,Growth,Active,2023-12-16,12,100,94.0,10,2024-01-08
CUST-00103,Growth,Active,2024-06-06,6,103,69.0,8,2024-12-02
CUST-00104,Starter,Active,2024-04-18,8,30,94.0,1,2024-07-02
CUST-00105,Starter,Active,2024-07-18,5,24,19.0,10,2024-09-21
CUST-00106,Starter,Churned,2023-06-12,18,31,22.0,13,2023-11-17
CUST-00107,Growth,Active,2023-05-24,19,95,87.0,11,2024-06-09
CUST-00108,Professional,Active,2022-09-19,27,301,44.0,11,2022-10-27
CUST-00109,Growth,Active,2022-09-17,27,97,80.0,7,2024-05-08
CUST-00110,Professional,Active,2024-01-29,11,303,78.0,3,2024-03-18
CUST-00111,Growth,Active,2023-07-17,17,96,72.0,1,2024-05-28
CUST-00112,Enterprise,Churned,2022-03-28,33,997,23.0,0,2024-03-20
CUST-00113,Enterprise,Active,2024-10-11,2,995,92.0,4,2024-11-10
CUST-00114,Starter,Active,2022-06-25,30,32,1.0,2,2023-06-24
CUST-00115,Enterprise,Churned,2022-08-02,29,999,7.0,5,2023-02-27
CUST-00116,Professional,Churned,2024-08-25,4,300,24.0,9,2024-12-06
CUST-00117,Professional,Active,2023-07-25,17,299,49.0,12,2024-07-17
CUST-00118,Enterprise,Active,2022-05-19,31,997,17.0,11,2024-05-07
CUST-00119,Starter,Active,2022-11-21,25,28,8.0,12,2022-12-22
CUST-00120,Enterprise,Active,2022-01-27,35,995,48.0,4,2024-06-02
CUST-00121,Enterprise,Active,2024-06-24,6,999,13.0,12,2024-08-25
CUST-00122,Professional,Active,2024-09-08,3,296,94.0,13,2024-12-26
CUST-00123,Starter,Active,2022-02-12,35,25,84.0,9,2022-10-26
CUST-00124,Growth,Active,2024-07-26,5,103,74.0,12,2024-08-07
CUST-00125,Professional,Active,2022-10-05,27,301,,2,2024-08-15
CUST-00126,Starter,Churned,2023-01-31,23,25,12.0,0,2024-07-14
CUST-00127,Starter,Active,2023-03-19,21,24,42.0,2,2024-06-17
CUST-00128,Growth,Active,2022-08-26,28,94,88.0,0,2024-03-19
CUST-00129,Enterprise,Active,2022-12-07,25,996,78.0,8,2023-05-08
CUST-00130,Starter,Churned,2024-12-10,0,26,16.0,8,2024-12-12
CUST-00131,Professional,Trial,2022-04-02,33,294,6.0,6,2024-07-31
CUST-00132,Growth,Churned,2024-04-25,8,97,30.0,12,2024-12-14
CUST-00133,Professional,Active,2024-09-15,3,297,89.0,12,2024-12-21
CUST-00134,Growth,Active,2023-06-07,19,97,29.0,6,2024-11-06
CUST-00135,Professional,Active,2023-08-22,16,299,68.0,7,2024-03-12
CUST-00136,Growth,Active,2024-08-31,4,102,85.0,14,2024-09-11
CUST-00137,Professional,Churned,2022-11-17,25,301,11.0,12,2023-11-11
CUST-00138,Professional,Trial,2024-03-02,10,297,74.0,8,2024-07-04
CUST-00139,Growth,Active,2022-09-17,27,100,96.0,7,2024-01-12
CUST-00140,Growth,Trial,2022-10-03,27,94,33.0,10,2024-10-31
CUST-00141,Professional,Active,2024-03-09,9,300,68.0,12,2024-09-22
CUST-00142,Starter,Churned,2024-03-11,9,30,15.0,9,2024-09-09
CUST-00143,Enterprise,Active,2022-12-04,25,996,67.0,8,2024-10-29
CUST-00144,Enterprise,Churned,2022-05-07,32,999,11.0,10,2024-11-15
CUST-00145,Professional,Active,2022-12-15,24,300,8.0,4,2024-12-23
CUST-00146,Starter,Active,2022-01-10,36,27,22.0,9,2022-02-11
CUST-00147,Growth,Active,2022-08-21,28,100,98.0,1,2023-07-25
CUST-00148,Enterprise,Active,2023-04-03,21,1003,50.0,14,2023-12-28
CUST-00149,Growth,Active,2022-07-13,30,101,49.0,2,2024-12-16
CUST-00150,Starter,Active,2024-03-28,9,30,65.0,1,2024-06-28
CUST-00151,Growth,Active,2022-04-14,33,98,52.0,2,2024-09-26
CUST-00152,Enterprise,Active,2024-08-11,4,1001,25.0,1,2024-09-09
CUST-00153,Starter,Trial,2023-08-09,17,33,86.0,8,2024-12-25
CUST-00154,Enterprise,Active,2024-12-24,0,1000,54.0,14,2024-12-27
CUST-00155,Growth,Active,2023-04-11,21,102,44.0,14,2023-10-14
CUST-00156,Starter,Churned,2024-01-04,12,30,27.0,1,2024-04-20
CUST-00157,Professional,Active,2024-04-29,8,300,86.0,13,2024-07-18
CUST-00158,Professional,Active,2024-08-14,4,296,26.0,12,2024-12-28
CUST-00159,Enterprise,Churned,2023-11-06,14,994,17.0,14,2024-10-19
CUST-00160,Enterprise,Active,2023-07-20,17,1002,57.0,13,2023-10-03
CUST-00161,Enterprise,Active,2024-12-01,1,998,98.0,2,2024-12-03
CUST-00162,Starter,Active,2023-08-11,16,29,54.0,4,2024-12-20
CUST-00163,Enterprise,Active,2023-07-16,17,994,29.0,10,2023-10-15
CUST-00164,Professional,Active,2023-02-06,23,300,61.0,9,2024-07-31
CUST-00165,Growth,Churned,2024-09-27,3,98,,10,2024-11-09
CUST-00166,Starter,Active,2022-01-27,35,28,48.0,13,2023-12-12
CUST-00167,Enterprise,Active,2023-06-13,18,997,11.0,10,2024-12-09
CUST-00168,Starter,Trial,2022-06-02,31,27,56.0,12,2024-01-25
CUST-00169,Growth,Active,2023-02-20,22,95,62.0,8,2023-12-13
CUST-00170,Growth,Active,2024-09-05,3,96,50.0,8,2024-12-31
CUST-00171,Starter,Active,2023-06-01,19,24,77.0,7,2024-04-02
CUST-00172,Growth,Active,2023-12-01,13,103,11.0,2,2024-11-03
CUST-00173,Growth,Active,2024-04-16,8,99,83.0,5,2024-12-27
CUST-00174,Professional,Active,2023-06-21,18,294,55.0,5,2024-09-10
CUST-00175,Professional,Active,2023-12-31,12,300,64.0,4,2024-04-02
CUST-00176,Enterprise,Churned,2022-09-04,28,1001,,14,2024-10-16
CUST-00177,Growth,Trial,2024-09-14,3,102,86.0,7,2024-12-19
CUST-00178,Enterprise,Active,2022-01-23,35,1000,53.0,6,2023-10-16
CUST-00179,Starter,Active,2024-12-09,0,24,37.0,3,2024-12-16
CUST-00180,Starter,Active,2022-07-17,29,28,23.0,9,2024-06-29
CUST-00181,Enterprise,Active,2024-06-14,6,998,15.0,1,2024-08-10
CUST-00182,Starter,Active,2022-11-03,26,28,,7,2024-05-02
CUST-00183,Growth,Active,2023-04-02,21,95,18.0,14,2023-06-23
CUST-00184,Starter,Churned,2022-04-12,33,24,35.0,9,2024-02-03
CUST-00185,Enterprise,Churned,2022-10-31,26,1003,12.0,6,2024-06-22
CUST-00186,Professional,Trial,2022-10-15,26,294,97.0,6,2024-07-29
CUST-00187,Professional,Active,2022-01-27,35,296,23.0,10,2023-01-26
CUST-00188,Starter,Active,2022-03-28,33,24,68.0,12,2022-05-30
CUST-00189,Starter,Active,2023-05-17,19,26,75.0,8,2023-09-26
CUST-00190,Professional,Trial,2022-05-31,31,301,39.0,8,2024-08-28
CUST-00191,Starter,Active,2022-04-11,33,32,1.0,10,2024-03-20
CUST-00192,Professional,Active,2022-12-13,24,303,23.0,8,2024-04-01
CUST-00193,Starter,Active,2022-07-31,29,29,12.0,11,2024-10-13
CUST-00194,Professional,Active,2022-12-17,24,299,15.0,2,2023-12-24
CUST-00195,Starter,Churned,2023-05-11,20,24,13.0,5,2023-06-11
CUST-00196,Growth,Active,2023-11-20,13,94,75.0,13,2024-08-08
CUST-00197,Professional,Active,2022-02-18,34,298,3.0,9,2023-02-20
CUST-00198,Professional,Active,2024-06-10,6,302,81.0,10,2024-06-18
CUST-00199,Professional,Active,2022-03-10,34,296,19.0,0,2023-07-24
CUST-00200,Enterprise,Churned,2023-06-02,19,994,9.0,14,2023-07-14
CUST-00201,Enterprise,Churned,2022-04-11,33,994,15.0,12,2024-07-08
CUST-00202,Starter,Active,2023-10-30,14,26,99.0,9,2024-01-01
CUST-00203,Growth,Trial,2024-05-14,7,101,85.0,3,2024-07-21
CUST-00204,Enterprise,Trial,2023-07-12,17,1000,99.0,2,2024-05-18
CUST-00205,Growth,Active,2024-02-26,10,97,95.0,12,2024-04-25
CUST-00206,Starter,Active,2022-11-01,26,25,18.0,9,2023-11-08
CUST-00207,Professional,Active,2022-11-18,25,300,31.0,2,2024-05-16
CUST-00208,Enterprise,Churned,2022-08-11,29,998,34.0,11,2023-05-13
CUST-00209,Starter,Active,2023-03-03,22,24,80.0,8,2024-01-02
CUST-00210,Starter,Active,2022-07-26,29,27,89.0,4,2024-04-13
CUST-00211,Growth,Active,2022-12-25,24,98,48.0,2,2024-03-02
CUST-00212,Professional,Active,2022-08-14,29,298,96.0,10,2023-09-14
CUST-00213,Enterprise,Active,2022-03-20,33,995,,6,2022-04-30
CUST-00214,Enterprise,Active,2023-12-29,12,1001,79.0,3,2024-02-06
CUST-00215,Growth,Churned,2022-08-01,29,99,19.0,4,2024-02-02
CUST-00216,Starter,Active,2023-05-04,20,29,27.0,2,2024-12-18
CUST-00217,Enterprise,Active,2024-09-29,3,1002,97.0,13,2024-10-14
CUST-00218,Enterprise,Active,2023-02-08,23,996,40.0,3,2023-10-29
CUST-00219,Growth,Active,2024-09-06,3,98,20.0,1,2024-10-23
CUST-00220,Growth,Active,2022-03-07,34,100,98.0,6,2023-04-22
CUST-00221,Professional,Active,2024-05-02,8,303,92.0,6,2024-10-27
CUST-00222,Starter,Active,2023-07-15,17,29,41.0,1,2024-12-11
CUST-00223,Enterprise,Active,2024-04-12,8,1001,53.0,5,2024-08-12
CUST-00224,Professional,Trial,2023-02-05,23,302,30.0,6,2023-12-20
CUST-00225,Enterprise,Active,2023-01-12,23,998,61.0,7,2024-12-01
CUST-00226,Starter,Active,2022-12-13,24,32,36.0,12,2023-10-04
CUST-00227,Starter,Active,2023-11-06,14,30,97.0,9,2024-03-12
CUST-00228,Growth,Churned,2023-07-26,17,94,2.0,3,2023-08-28
CUST-00229,Growth,Trial,2023-06-11,18,102,15.0,6,2023-11-04
CUST-00230,Growth,Active,2022-03-02,34,100,59.0,5,2023-05-06
CUST-00231,Growth,Active,2023-10-30,14,97,16.0,8,2024-05-25
CUST-00232,Professional,Active,2022-09-12,28,299,65.0,5,2023-10-10
CUST-00233,Growth,Active,2022-12-05,25,103,3.0,0,2024-03-11
CUST-00234,Starter,Active,2024-03-05,10,24,66.0,5,2024-12-02
CUST-00235,Starter,Active,2022-01-22,35,32,12.0,11,2024-08-30
CUST-00236,Growth,Active,2023-01-04,24,95,8.0,0,2023-09-24
CUST-00237,Growth,Active,2022-04-08,33,97,44.0,0,2024-09-27
CUST-00238,Enterprise,Active,2024-05-09,7,999,62.0,8,2024-09-11
CUST-00239,Enterprise,Active,2022-12-30,24,1001,86.0,2,2024-10-24
CUST-00240,Growth,Active,2023-01-10,24,95,40.0,10,2024-10-26
CUST-00241,Professional,Active,2022-12-10,25,295,18.0,8,2024-02-07
CUST-00242,Growth,Active,2022-07-09,30,99,34.0,11,2024-12-19
CUST-00243,Enterprise,Churned,2023-08-01,17,998,26.0,9,2024-03-22
CUST-00244,Starter,Active,2022-05-30,31,30,21.0,12,2024-09-02
CUST-00245,Starter,Churned,2024-04-13,8,33,11.0,3,2024-09-24
CUST-00246,Starter,Churned,2024-08-20,4,28,16.0,4,2024-11-05
CUST-00247,Professional,Churned,2022-03-24,33,294,22.0,8,2023-12-13
CUST-00248,Enterprise,Active,2022-06-22,30,994,98.0,14,2024-12-18
CUST-00249,Enterprise,Active,2022-12-26,24,994,4.0,0,2024-03-29
CUST-00250,Growth,Active,2023-12-06,13,101,36.0,3,2024-09-30
CUST-00251,Growth,Trial,2023-08-11,16,96,56.0,7,2024-12-27
CUST-00252,Growth,Trial,2024-04-21,8,96,14.0,11,2024-05-05
CUST-00253,Growth,Active,2022-07-13,30,100,95.0,1,2024-07-25
CUST-00254,Growth,Active,2024-01-16,11,97,96.0,2,2024-12-15
CUST-00255,Enterprise,Churned,2023-12-29,12,994,13.0,10,2024-10-05
CUST-00256,Starter,Active,2022-06-03,31,26,75.0,8,2023-08-08
CUST-00257,Enterprise,Active,2024-06-19,6,998,63.0,4,2024-08-10
CUST-00258,Professional,Trial,2022-10-27,26,296,76.0,3,2023-06-13
CUST-00259,Starter,Churned,2024-08-19,4,26,12.0,14,2024-12-23
CUST-00260,Professional,Trial,2022-04-14,33,295,20.0,6,2022-08-06
CUST-00261,Enterprise,Churned,2024-10-26,2,997,4.0,8,2024-12-26
CUST-00262,Growth,Active,2024-07-04,6,94,71.0,14,2024-09-21
CUST-00263,Professional,Active,2023-03-28,21,302,67.0,13,2024-04-28
CUST-00264,Enterprise,Active,2022-12-27,24,1002,77.0,12,2024-07-24
CUST-00265,Enterprise,Active,2023-08-01,17,1002,85.0,13,2024-11-20
CUST-00266,Enterprise,Churned,2022-06-29,30,1002,3.0,13,2024-01-28
CUST-00267,Growth,Churned,2022-06-20,30,100,22.0,1,2024-05-12
CUST-00268,Growth,Active,2024-10-31,2,102,58.0,3,2024-12-30
CUST-00269,Professional,Active,2022-01-22,35,301,19.0,4,2022-08-13
CUST-00270,Growth,Churned,2022-01-23,35,94,20.0,2,2022-11-19
CUST-00271,Professional,Active,2023-07-05,18,303,80.0,11,2024-04-26
CUST-00272,Starter,Active,2022-09-02,28,33,66.0,0,2023-05-21
CUST-00273,Enterprise,Churned,2022-11-02,26,1001,9.0,6,2024-12-01
CUST-00274,Enterprise,Trial,2022-04-24,32,1003,57.0,1,2023-05-15
CUST-00275,Professional,Churned,2022-11-01,26,303,16.0,4,2023-05-24
CUST-00276,Enterprise,Active,2022-07-13,30,1002,88.0,14,2024-12-13
CUST-00277,Growth,Active,2024-11-25,1,94,73.0,5,2024-12-06
CUST-00278,Enterprise,Churned,2022-06-25,30,999,24.0,2,2024-06-03
CUST-00279,Growth,Active,2023-08-10,16,94,12.0,9,2023-09-20
CUST-00280,Starter,Active,2024-04-22,8,29,31.0,7,2024-09-04
CUST-00281,Enterprise,Active,2024-12-11,0,997,36.0,9,2024-12-30
CUST-00282,Starter,Active,2023-12-14,12,26,22.0,0,2024-12-08
CUST-00283,Starter,Active,2022-04-15,33,28,38.0,13,2024-07-29
CUST-00284,Professional,Active,2022-03-22,33,299,46.0,2,2024-12-10
CUST-00285,Growth,Churned,2024-09-30,3,98,5.0,2,2024-11-26
CUST-00286,Growth,Active,2024-06-11,6,95,,13,2024-08-13
CUST-00287,Professional,Active,2023-04-17,20,301,8.0,11,2023-05-19
CUST-00288,Starter,Churned,2024-10-06,2,31,13.0,5,2024-10-11
CUST-00289,Growth,Churned,2023-08-02,17,99,20.0,5,2023-11-18
CUST-00290,Enterprise,Active,2023-07-12,17,999,74.0,4,2024-04-03
CUST-00291,Growth,Active,2023-11-01,14,103,70.0,14,2024-08-08
CUST-00292,Professional,Active,2024-06-01,7,303,28.0,11,2024-09-21
CUST-00293,Starter,Churned,2023-07-18,17,28,4.0,7,2024-06-02
CUST-00294,Starter,Active,2024-09-26,3,31,13.0,2,2024-10-21
CUST-00295,Enterprise,Active,2022-09-16,27,998,91.0,6,2023-08-17
CUST-00296,Enterprise,Churned,2022-06-22,30,1003,23.0,6,2022-09-30
CUST-00297,Starter,Churned,2024-08-19,4,24,21.0,13,2024-11-01
CUST-00298,Professional,Churned,2023-05-01,20,303,12.0,14,2023-08-18
CUST-00299,Growth,Active,2024-04-30,8,97,74.0,5,2024-11-19
CUST-00300,Enterprise,Active,2024-07-25,5,1002,93.0,9,2024-11-30
CUST-00301,Starter,Active,2024-01-03,12,30,35.0,12,2024-11-19
CUST-00302,Professional,Active,2022-06-12,31,301,51.0,10,2023-12-10
CUST-00303,Starter,Churned,2024-05-11,7,32,20.0,9,2024-07-24
CUST-00304,Starter,Active,2024-07-22,5,26,16.0,13,2024-12-25
CUST-00305,Professional,Active,2024-01-09,11,295,92.0,1,2024-11-28
CUST-00306,Enterprise,Active,2022-05-23,31,994,4.0,6,2024-09-21
CUST-00307,Growth,Active,2023-04-06,21,97,98.0,13,2024-03-08
CUST-00308,Growth,Active,2022-10-21,26,99,30.0,14,2024-05-28
CUST-00309,Growth,Trial,2024-04-16,8,101,98.0,12,2024-06-04
CUST-00310,Professional,Churned,2022-12-15,24,295,6.0,2,2023-11-20
CUST-00311,Professional,Active,2024-12-11,0,296,40.0,13,2024-12-25
CUST-00312,Growth,Active,2023-01-30,23,96,38.0,0,2024-04-15
CUST-00313,Growth,Trial,2024-06-20,6,96,27.0,4,2024-10-06
CUST-00314,Enterprise,Active,2024-07-04,6,1003,78.0,11,2024-11-28
CUST-00315,Starter,Trial,2023-11-23,13,27,,4,2024-04-02
CUST-00316,Starter,Trial,2023-01-20,23,24,62.0,9,2023-05-19
CUST-00317,Enterprise,Active,2023-08-02,17,1003,81.0,13,2024-10-14
CUST-00318,Growth,Active,2024-12-19,0,96,29.0,2,2024-12-22
CUST-00319,Enterprise,Active,2024-04-18,8,998,97.0,0,2024-04-19
CUST-00320,Professional,Active,2023-03-26,21,300,5.0,1,2023-06-02
CUST-00321,Professional,Active,2022-07-12,30,302,41.0,8,2022-12-03
CUST-00322,Starter,Active,2023-09-03,16,27,84.0,10,2024-03-27
CUST-00323,Growth,Active,2023-01-06,24,102,12.0,0,2023-09-25
CUST-00324,Enterprise,Churned,2024-03-02,10,1001,17.0,6,2024-06-07
CUST-00325,Growth,Active,2024-03-09,9,99,43.0,14,2024-03-19
CUST-00326,Growth,Trial,2022-01-07,36,101,53.0,12,2024-12-02
CUST-00327,Starter,Active,2024-03-17,9,31,70.0,13,2024-08-28
CUST-00328,Starter,Active,2023-03-07,22,32,67.0,3,2023-09-23
CUST-00329,Growth,Active,2023-06-29,18,100,31.0,1,2024-03-26
CUST-00330,Enterprise,Active,2022-03-22,33,999,35.0,0,2022-07-22
CUST-00331,Professional,Trial,2023-01-17,23,298,67.0,5,2023-04-20
CUST-00332,Starter,Active,2024-06-21,6,28,35.0,1,2024-11-24
CUST-00333,Starter,Trial,2022-05-18,31,26,14.0,9,2023-02-18
CUST-00334,Growth,Churned,2024-10-07,2,97,9.0,5,2024-11-07
CUST-00335,Professional,Active,2022-01-27,35,299,65.0,9,2022-02-18
CUST-00336,Starter,Trial,2022-11-16,25,27,11.0,14,2024-01-29
CUST-00337,Growth,Trial,2022-04-10,33,96,36.0,1,2022-05-06
CUST-00338,Starter,Active,2022-12-03,25,33,57.0,5,2024-07-29
CUST-00339,Starter,Active,2022-10-20,26,24,68.0,10,2024-05-06
CUST-00340,Growth,Active,2024-01-04,12,98,18.0,6,2024-06-20
CUST-00341,Starter,Active,2024-03-19,9,27,40.0,6,2024-05-04
CUST-00342,Enterprise,Churned,2024-01-24,11,996,37.0,7,2024-12-02
CUST-00343,Professional,Active,2024-05-02,8,303,36.0,6,2024-05-20
CUST-00344,Growth,Active,2022-08-03,29,102,43.0,11,2023-10-22
CUST-00345,Growth,Active,2022-06-17,30,95,37.0,0,2023-07-10
CUST-00346,Growth,Active,2023-05-07,20,99,93.0,6,2023-05-24
CUST-00347,Starter,Active,2022-05-23,31,29,22.0,14,2024-09-04
CUST-00348,Growth,Active,2024-06-14,6,101,25.0,3,2024-07-16
CUST-00349,Professional,Active,2023-07-20,17,296,71.0,7,2024-05-09
CUST-00350,Growth,Active,2023-11-10,13,96,70.0,12,2024-01-24
CUST-00351,Starter,Active,2022-01-11,36,30,29.0,6,2023-01-07
CUST-00352,Enterprise,Churned,2022-02-07,35,995,24.0,9,2023-05-09
CUST-00353,Growth,Churned,2024-07-22,5,99,38.0,8,2024-10-27
CUST-00354,Professional,Active,2024-08-11,4,299,70.0,5,2024-09-23
CUST-00355,Growth,Active,2024-02-03,11,101,82.0,1,2024-03-27
CUST-00356,Enterprise,Active,2022-02-08,35,1003,31.0,4,2022-06-20
CUST-00357,Professional,Trial,2023-02-21,22,302,64.0,0,2023-05-10
CUST-00358,Growth,Churned,2022-11-06,26,94,,14,2023-03-25
CUST-00359,Starter,Active,2022-09-23,27,27,39.0,11,2024-11-27
CUST-00360,Enterprise,Trial,2022-09-16,27,996,14.0,5,2023-09-09
CUST-00361,Growth,Active,2023-07-29,17,103,35.0,6,2024-05-07
CUST-00362,Enterprise,Active,2024-11-10,1,1000,4.0,12,2024-12-25
CUST-00363,Enterprise,Active,2022-07-18,29,1003,53.0,0,2023-06-05
CUST-00364,Enterprise,Active,2022-05-08,32,1003,90.0,13,2024-06-26
CUST-00365,Starter,Churned,2022-09-01,28,26,29.0,12,2024-02-18
CUST-00366,Starter,Churned,2023-04-21,20,28,5.0,13,2024-03-06
CUST-00367,Enterprise,Active,2022-11-02,26,999,96.0,0,2023-01-30
CUST-00368,Professional,Active,2022-02-16,34,299,5.0,8,2023-05-25
CUST-00369,Growth,Churned,2022-09-30,27,97,22.0,14,2024-02-21
CUST-00370,Professional,Active,2022-06-16,30,300,77.0,1,2023-09-20
CUST-00371,Starter,Active,2024-07-30,5,29,53.0,7,2024-11-03
CUST-00372,Enterprise,Active,2024-08-08,4,999,68.0,14,2024-11-30
CUST-00373,Starter,Trial,2022-06-12,31,24,3.0,2,2024-12-16
CUST-00374,Growth,Churned,2024-04-03,9,102,38.0,6,2024-06-21
CUST-00375,Professional,Churned,2024-11-10,1,300,2.0,11,2024-12-29
CUST-00376,Enterprise,Churned,2022-05-26,31,998,13.0,12,2024-12-08
CUST-00377,Growth,Active,2024-08-29,4,95,20.0,0,2024-12-20
CUST-00378,Growth,Churned,2024-04-24,8,102,11.0,7,2024-10-10
CUST-00379,Growth,Active,2022-01-20,35,95,41.0,6,2022-04-19
CUST-00380,Growth,Active,2022-11-21,25,102,4.0,10,2023-06-08
CUST-00381,Starter,Churned,2024-03-13,9,27,31.0,1,2024-06-16
CUST-00382,Enterprise,Churned,2023-04-11,21,998,30.0,11,2024-06-21
CUST-00383,Professional,Churned,2023-03-12,22,295,23.0,10,2024-08-25
CUST-00384,Professional,Active,2024-07-02,6,297,25.0,6,2024-08-31
CUST-00385,Growth,Active,2022-11-28,25,95,72.0,8,2023-06-28
CUST-00386,Professional,Active,2023-12-19,12,299,36.0,5,2024-11-19
CUST-00387,Growth,Active,2024-05-26,7,96,78.0,10,2024-09-11
CUST-00388,Starter,Active,2024-07-09,5,27,90.0,6,2024-10-03
CUST-00389,Growth,Active,2023-12-30,12,98,,11,2024-08-21
CUST-00390,Growth,Active,2023-08-13,16,101,60.0,10,2023-08-23
CUST-00391,Enterprise,Active,2023-01-28,23,997,4.0,10,2024-02-17
CUST-00392,Professional,Active,2024-11-03,1,296,2.0,0,2024-12-11
CUST-00393,Professional,Trial,2023-10-31,14,297,85.0,3,2023-11-20
CUST-00394,Professional,Churned,2022-11-28,25,297,30.0,10,2024-10-24
CUST-00395,Starter,Active,2023-02-21,22,25,79.0,7,2023-10-31
CUST-00396,Enterprise,Active,2024-07-22,5,995,27.0,4,2024-12-27
CUST-00397,Starter,Active,2022-10-05,27,32,93.0,4,2024-04-30
CUST-00398,Professional,Trial,2024-09-22,3,294,25.0,9,2024-12-09
CUST-00399,Enterprise,Active,2022-11-03,26,1002,48.0,10,2023-03-05
CUST-00400,Enterprise,Active,2022-12-31,24,994,19.0,8,2023-08-05
CUST-00401,Starter,Churned,2024-12-27,0,25,7.0,12,2024-12-27
CUST-00402,Growth,Active,2024-07-04,6,100,4.0,4,2024-07-26
CUST-00403,Professional,Churned,2022-12-18,24,302,13.0,10,2023-04-23
CUST-00404,Growth,Active,2024-05-22,7,99,77.0,14,2024-07-27
CUST-00405,Enterprise,Active,2022-04-29,32,995,27.0,6,2023-02-12
CUST-00406,Professional,Active,2023-05-28,19,303,46.0,14,2024-05-04
CUST-00407,Growth,Churned,2023-07-04,18,98,25.0,12,2024-02-20
CUST-00408,Professional,Active,2024-11-10,1,295,80.0,6,2024-12-31
CUST-00409,Professional,Active,2022-08-19,28,298,33.0,11,2023-09-04
CUST-00410,Professional,Active,2024-10-13,2,294,69.0,0,2024-10-13
CUST-00411,Professional,Churned,2023-06-08,19,302,11.0,8,2023-09-03
CUST-00412,Growth,Active,2023-04-13,20,101,95.0,4,2023-05-22
CUST-00413,Professional,Churned,2023-04-12,20,302,18.0,11,2023-12-12
CUST-00414,Professional,Trial,2024-06-11,6,296,64.0,12,2024-09-26
CUST-00415,Professional,Churned,2022-10-29,26,296,20.0,1,2024-01-08
CUST-00416,Growth,Churned,2023-12-27,12,103,36.0,0,2024-07-25
CUST-00417,Growth,Active,2024-01-06,12,100,18.0,12,2024-10-07
CUST-00418,Professional,Active,2024-03-06,10,301,12.0,14,2024-05-20
CUST-00419,Professional,Active,2022-04-02,33,296,67.0,11,2023-09-05
CUST-00420,Starter,Active,2023-10-22,14,33,23.0,3,2024-06-04
CUST-00421,Starter,Active,2023-12-22,12,32,65.0,12,2024-10-18
CUST-00422,Growth,Active,2024-03-19,9,98,69.0,14,2024-04-20
CUST-00423,Enterprise,Active,2023-08-14,16,1000,49.0,12,2024-11-27
CUST-00424,Professional,Active,2022-01-12,36,301,87.0,7,2024-08-31
CUST-00425,Enterprise,Active,2022-09-29,27,994,11.0,13,2023-06-12
CUST-00426,Professional,Churned,2024-11-09,1,296,38.0,6,2024-12-10
CUST-00427,Enterprise,Churned,2023-07-06,18,996,9.0,14,2024-06-19
CUST-00428,Professional,Churned,2023-12-23,12,298,23.0,13,2024-01-21
CUST-00429,Enterprise,Trial,2024-11-17,1,1000,85.0,3,2024-11-21
CUST-00430,Professional,Active,2024-06-09,6,302,20.0,11,2024-08-16
CUST-00431,Professional,Active,2022-11-05,26,300,34.0,7,2023-07-31
CUST-00432,Professional,Active,2022-09-07,28,297,,4,2022-10-20
CUST-00433,Enterprise,Active,2023-12-06,13,994,63.0,13,2024-11-09
CUST-00434,Growth,Churned,2023-03-28,21,97,4.0,1,2023-11-20
CUST-00435,Enterprise,Active,2022-08-01,29,998,39.0,3,2024-06-17
CUST-00436,Growth,Active,2024-12-21,0,99,75.0,3,2024-12-22
CUST-00437,Starter,Active,2024-06-18,6,26,16.0,9,2024-11-11
CUST-00438,Starter,Active,2024-12-05,0,24,43.0,7,2024-12-13
CUST-00439,Growth,Active,2024-10-14,2,99,97.0,3,2024-12-25
CUST-00440,Professional,Active,2024-02-05,11,297,6.0,2,2024-05-09
CUST-00441,Growth,Active,2024-03-24,9,98,6.0,10,2024-06-16
CUST-00442,Professional,Active,2023-03-01,22,298,66.0,5,2023-03-04
CUST-00443,Professional,Trial,2022-01-14,36,301,88.0,13,2023-12-21
CUST-00444,Starter,Trial,2023-04-25,20,29,3.0,12,2023-10-22
CUST-00445,Enterprise,Active,2024-09-30,3,1001,49.0,6,2024-10-23
CUST-00446,Professional,Active,2023-09-11,15,301,5.0,14,2024-04-03
CUST-00447,Enterprise,Active,2023-04-23,20,997,64.0,4,2023-06-03
CUST-00448,Enterprise,Churned,2023-11-17,13,994,6.0,11,2024-08-08
CUST-00449,Growth,Active,2024-09-01,4,103,21.0,4,2024-09-12
CUST-00450,Growth,Active,2023-11-27,13,102,47.0,11,2024-09-29
CUST-00451,Enterprise,Active,2023-03-20,21,1002,56.0,9,2024-03-23
CUST-00452,Enterprise,Active,2024-01-23,11,1002,85.0,1,2024-11-15
CUST-00453,Growth,Active,2022-06-27,30,95,16.0,2,2024-07-31
CUST-00454,Enterprise,Active,2024-08-29,4,994,31.0,11,2024-10-13
CUST-00455,Enterprise,Churned,2022-03-19,33,999,23.0,9,2023-12-11
CUST-00456,Growth,Active,2022-01-08,36,99,17.0,11,2023-01-14
CUST-00457,Professional,Active,2022-06-02,31,294,48.0,5,2022-08-30
CUST-00458,Enterprise,Active,2022-10-03,27,1000,48.0,0,2023-08-25
CUST-00459,Enterprise,Active,2024-02-17,10,1001,5.0,2,2024-07-22
CUST-00460,Starter,Active,2023-02-28,22,29,28.0,14,2024-08-06
CUST-00461,Enterprise,Trial,2024-05-18,7,1003,54.0,0,2024-05-20
CUST-00462,Professional,Active,2024-08-28,4,299,64.0,14,2024-12-13
CUST-00463,Starter,Churned,2024-06-20,6,24,21.0,14,2024-10-03
CUST-00464,Enterprise,Active,2022-06-25,30,998,6.0,9,2022-08-04
CUST-00465,Starter,Churned,2022-09-02,28,33,14.0,6,2022-12-26
CUST-00466,Starter,Churned,2022-12-18,24,30,24.0,14,2024-05-02
CUST-00467,Enterprise,Active,2022-08-07,29,1000,5.0,8,2023-03-02
CUST-00468,Enterprise,Churned,2022-10-21,26,997,10.0,8,2024-06-08
CUST-00469,Growth,Active,2023-02-15,22,100,27.0,2,2024-12-28
CUST-00470,Professional,Active,2024-05-30,7,299,6.0,12,2024-08-25
CUST-00471,Professional,Active,2022-05-16,32,294,46.0,8,2024-08-01
CUST-00472,Growth,Churned,2023-06-29,18,103,31.0,10,2024-12-28
CUST-00473,Professional,Churned,2022-03-09,34,300,6.0,13,2024-01-05
CUST-00474,Enterprise,Active,2023-04-06,21,997,49.0,14,2023-04-10
CUST-00475,Enterprise,Active,2024-06-22,6,1002,21.0,8,2024-08-17
CUST-00476,Professional,Active,2022-02-18,34,300,36.0,10,2024-08-05
CUST-00477,Growth,Active,2022-10-28,26,95,72.0,13,2024-06-26
CUST-00478,Professional,Churned,2024-02-14,10,302,23.0,11,2024-07-10
CUST-00479,Starter,Churned,2024-09-28,3,27,24.0,12,2024-10-12
CUST-00480,Growth,Active,2024-03-11,9,94,,9,2024-06-29
CUST-00481,Starter,Trial,2024-10-27,2,33,55.0,12,2024-12-12
CUST-00482,Growth,Churned,2023-12-19,12,99,13.0,13,2024-10-09
CUST-00483,Growth,Active,2022-10-18,26,94,86.0,6,2024-04-04
CUST-00484,Starter,Active,2024-12-02,0,30,93.0,7,2024-12-04
CUST-00485,Enterprise,Churned,2024-12-24,0,999,2.0,6,2024-12-26
CUST-00486,Growth,Active,2022-12-04,25,94,33.0,5,2024-07-07
CUST-00487,Professional,Active,2023-07-24,17,299,1.0,7,2024-08-21
CUST-00488,Starter,Churned,2024-09-06,3,32,8.0,10,2024-11-15
CUST-00489,Professional,Active,2022-08-05,29,294,91.0,12,2023-07-06
CUST-00490,Enterprise,Churned,2024-01-10,11,1001,,2,2024-01-27
CUST-00491,Professional,Active,2022-01-29,35,300,79.0,11,2023-11-29
CUST-00492,Starter,Active,2023-03-24,21,32,14.0,10,2023-07-21
CUST-00493,Growth,Active,2022-12-12,25,96,12.0,10,2023-05-01
CUST-00494,Growth,Active,2024-05-19,7,96,40.0,0,2024-08-31
CUST-00495,Enterprise,Active,2023-03-06,22,994,18.0,9,2024-04-28
CUST-00496,Growth,Churned,2024-09-10,3,94,22.0,9,2024-11-14
CUST-00497,Enterprise,Trial,2022-04-27,32,1002,8.0,2,2023-11-10
CUST-00498,Growth,Active,2022-04-24,32,94,79.0,5,2024-05-05
CUST-00499,Starter,Trial,2022-10-26,26,30,50.0,10,2023-04-04
CUST-00500,Growth,Active,2022-11-23,25,102,84.0,9,2023-09-20
CUST-00501,Starter,Trial,2022-11-25,25,30,66.0,1,2024-09-08
CUST-00502,Professional,Churned,2024-05-08,7,299,2.0,14,2024-06-26
CUST-00503,Enterprise,Active,2024-04-10,8,996,9.0,12,2024-06-21
CUST-00504,Enterprise,Active,2024-11-11,1,1000,63.0,12,2024-11-30
CUST-00505,Starter,Churned,2024-10-18,2,33,37.0,7,2024-10-24
CUST-00506,Enterprise,Active,2023-02-02,23,997,7.0,12,2024-05-18
CUST-00507,Starter,Active,2022-05-30,31,32,46.0,1,2023-10-13
CUST-00508,Professional,Active,2024-01-17,11,296,92.0,3,2024-12-13
CUST-00509,Growth,Active,2022-02-06,35,103,68.0,13,2024-10-07
CUST-00510,Starter,Churned,2023-03-13,21,33,30.0,14,2023-09-16
CUST-00511,Professional,Active,2024-09-17,3,302,22.0,8,2024-12-27
CUST-00512,Starter,Active,2024-12-21,0,32,31.0,2,2024-12-24
CUST-00513,Professional,Trial,2024-10-12,2,299,,10,2024-11-24
CUST-00514,Professional,Active,2022-01-11,36,294,51.0,6,2022-11-10
CUST-00515,Starter,Active,2024-06-04,7,30,71.0,9,2024-10-09
CUST-00516,Growth,Active,2022-01-31,35,102,48.0,0,2024-06-11
CUST-00517,Starter,Active,2024-03-09,9,25,46.0,2,2024-03-21
CUST-00518,Enterprise,Trial,2023-01-05,24,995,82.0,14,2023-08-06
CUST-00519,Enterprise,Active,2023-11-24,13,996,94.0,6,2024-02-05
CUST-00520,Starter,Active,2024-11-14,1,28,25.0,11,2024-11-20
CUST-00521,Starter,Trial,2023-09-24,15,31,98.0,4,2024-08-06
CUST-00522,Starter,Churned,2022-04-04,33,24,11.0,4,2024-10-22
CUST-00523,Starter,Churned,2024-07-08,5,32,27.0,8,2024-07-30
CUST-00524,Starter,Churned,2022-08-23,28,26,11.0,13,2023-02-25
CUST-00525,Enterprise,Churned,2024-06-17,6,999,22.0,13,2024-09-26
CUST-00526,Starter,Churned,2022-08-27,28,32,22.0,2,2024-03-18
CUST-00527,Growth,Active,2023-01-27,23,100,30.0,0,2024-12-07
CUST-00528,Starter,Active,2023-02-26,22,26,3.0,14,2023-06-06
CUST-00529,Growth,Active,2022-06-01,31,94,97.0,12,2022-06-15
CUST-00530,Growth,Active,2024-09-14,3,101,8.0,8,2024-10-23
CUST-00531,Starter,Active,2022-05-09,32,33,70.0,11,2023-04-10
CUST-00532,Enterprise,Active,2024-09-24,3,1001,93.0,3,2024-10-22
CUST-00533,Growth,Trial,2022-06-03,31,98,8.0,1,2024-11-20
CUST-00534,Growth,Active,2024-09-30,3,103,84.0,0,2024-12-19
CUST-00535,Growth,Active,2023-05-22,19,101,,1,2023-09-11
CUST-00536,Starter,Active,2022-07-10,30,25,43.0,4,2023-08-06
CUST-00537,Growth,Churned,2023-08-04,17,94,30.0,11,2023-09-28
CUST-00538,Enterprise,Active,2023-05-18,19,1001,87.0,9,2024-07-02
CUST-00539,Professional,Active,2023-11-29,13,299,65.0,10,2024-07-05
CUST-00540,Growth,Active,2022-03-18,33,102,87.0,2,2023-06-10
CUST-00541,Professional,Active,2022-08-10,29,297,99.0,3,2024-07-22
CUST-00542,Growth,Churned,2022-11-15,25,94,15.0,4,2024-07-06
CUST-00543,Growth,Active,2024-11-08,1,98,41.0,4,2024-11-16
CUST-00544,Enterprise,Active,2022-03-25,33,994,75.0,6,2022-10-04
CUST-00545,Professional,Active,2023-06-16,18,297,23.0,9,2023-06-21
CUST-00546,Starter,Active,2024-06-08,6,25,16.0,1,2024-07-02
CUST-00547,Enterprise,Active,2023-02-24,22,1000,51.0,6,2023-10-07
CUST-00548,Growth,Trial,2024-07-12,5,96,55.0,4,2024-12-31
CUST-00549,Starter,Churned,2023-10-03,15,30,20.0,0,2024-09-11
CUST-00550,Enterprise,Active,2023-11-24,13,1001,58.0,9,2024-06-25
CUST-00551,Professional,Active,2022-07-26,29,295,57.0,14,2022-12-13
CUST-00552,Growth,Active,2023-11-09,13,99,22.0,9,2024-07-14
CUST-00553,Enterprise,Trial,2022-01-14,36,994,68.0,5,2022-08-31
CUST-00554,Professional,Active,2023-07-04,18,299,38.0,6,2023-11-07
CUST-00555,Enterprise,Active,2023-03-29,21,1002,67.0,3,2023-05-07
CUST-00556,Enterprise,Churned,2022-06-10,31,994,20.0,5,2022-11-25
CUST-00557,Growth,Active,2022-12-09,25,96,25.0,10,2024-03-02
CUST-00558,Professional,Active,2022-03-20,33,294,49.0,1,2024-08-19
CUST-00559,Growth,Churned,2023-07-13,17,99,27.0,8,2024-05-08
CUST-00560,Enterprise,Active,2023-02-23,22,1001,21.0,7,2024-07-02
CUST-00561,Growth,Trial,2024-07-26,5,98,79.0,9,2024-11-24
CUST-00562,Starter,Active,2023-10-28,14,33,67.0,6,2024-05-01
CUST-00563,Starter,Churned,2023-10-22,14,29,5.0,7,2024-02-01
CUST-00564,Enterprise,Active,2022-07-23,29,1001,69.0,9,2023-03-13
CUST-00565,Starter,Churned,2022-08-01,29,30,36.0,6,2024-12-25
CUST-00566,Enterprise,Active,2022-09-19,27,999,13.0,1,2024-09-17
CUST-00567,Starter,Churned,2022-01-09,36,25,29.0,9,2024-03-13
CUST-00568,Professional,Active,2024-09-14,3,300,3.0,2,2024-09-26
CUST-00569,Enterprise,Active,2024-05-07,7,995,48.0,12,2024-10-01
CUST-00570,Starter,Active,2024-03-02,10,33,47.0,9,2024-03-26
CUST-00571,Professional,Active,2023-03-05,22,299,32.0,14,2023-12-05
CUST-00572,Growth,Active,2024-03-18,9,99,70.0,14,2024-11-14
CUST-00573,Professional,Active,2024-07-16,5,301,88.0,1,2024-09-08
CUST-00574,Growth,Active,2024-09-13,3,102,22.0,10,2024-09-22
CUST-00575,Professional,Active,2024-05-04,8,298,63.0,1,2024-06-02
CUST-00576,Growth,Active,2022-10-04,27,103,1.0,2,2024-12-13
CUST-00577,Enterprise,Active,2022-09-07,28,1003,56.0,6,2024-09-08
CUST-00578,Growth,Churned,2023-11-20,13,102,23.0,4,2024-02-23
CUST-00579,Enterprise,Active,2022-10-01,27,994,84.0,4,2024-07-22
CUST-00580,Professional,Active,2024-01-26,11,302,32.0,8,2024-04-27
CUST-00581,Professional,Active,2022-05-30,31,298,28.0,8,2023-06-24
CUST-00582,Starter,Active,2024-03-03,10,29,90.0,0,2024-07-05
CUST-00583,Enterprise,Active,2023-04-27,20,997,62.0,9,2024-11-30
CUST-00584,Professional,Churned,2024-09-17,3,303,16.0,11,2024-12-14
CUST-00585,Professional,Active,2022-05-21,31,296,25.0,0,2024-08-06
CUST-00586,Professional,Active,2022-06-08,31,300,43.0,0,2023-02-03
CUST-00587,Growth,Churned,2024-06-05,6,99,28.0,1,2024-10-01
CUST-00588,Growth,Active,2023-08-11,16,100,2.0,14,2024-10-24
CUST-00589,Starter,Active,2023-03-02,22,26,44.0,11,2024-05-29
CUST-00590,Growth,Active,2023-08-12,16,103,37.0,4,2024-11-03
CUST-00591,Professional,Trial,2022-11-22,25,299,87.0,6,2024-04-07
CUST-00592,Enterprise,Active,2023-02-19,22,994,70.0,0,2023-08-15
CUST-00593,Starter,Active,2022-05-20,31,29,20.0,1,2023-01-04
CUST-00594,Growth,Active,2023-05-18,19,97,87.0,2,2023-12-19
CUST-00595,Enterprise,Active,2023-04-21,20,1003,54.0,9,2024-05-18
CUST-00596,Starter,Active,2023-03-21,21,25,66.0,0,2024-01-31
CUST-00597,Growth,Active,2022-08-28,28,103,28.0,14,2024-09-01
CUST-00598,Enterprise,Churned,2023-01-26,23,995,39.0,10,2024-09-16
CUST-00599,Growth,Active,2023-10-20,14,98,52.0,6,2023-11-16
CUST-00600,Starter,Active,2024-01-26,11,32,46.0,7,2024-04-13
CUST-00601,Enterprise,Churned,2024-03-09,9,1003,27.0,1,2024-07-07
CUST-00602,Growth,Active,2022-03-12,34,94,93.0,14,2024-10-29
CUST-00603,Enterprise,Active,2024-05-21,7,1002,67.0,8,2024-05-21
CUST-00604,Starter,Active,2024-05-01,8,30,99.0,2,2024-11-02
CUST-00605,Professional,Active,2022-06-11,31,294,85.0,9,2024-03-13
CUST-00606,Professional,Active,2022-01-29,35,298,81.0,6,2024-06-08
CUST-00607,Starter,Active,2024-08-13,4,31,98.0,7,2024-10-14
CUST-00608,Growth,Trial,2023-02-03,23,103,49.0,11,2024-03-29
CUST-00609,Enterprise,Active,2023-05-23,19,1003,33.0,14,2024-07-22
CUST-00610,Starter,Trial,2022-02-08,35,33,29.0,11,2023-12-27
CUST-00611,Starter,Active,2024-01-24,11,28,40.0,8,2024-03-11
CUST-00612,Growth,Active,2022-05-07,32,100,79.0,7,2024-12-05
CUST-00613,Enterprise,Churned,2024-12-21,0,998,22.0,12,2024-12-23
CUST-00614,Professional,Active,2022-06-15,31,300,25.0,11,2023-04-29
CUST-00615,Enterprise,Active,2022-04-02,33,996,80.0,6,2024-04-17
CUST-00616,Enterprise,Active,2023-11-16,13,994,57.0,5,2024-10-22
CUST-00617,Growth,Trial,2024-03-16,9,96,2.0,11,2024-05-13
CUST-00618,Growth,Active,2024-07-21,5,98,60.0,1,2024-09-05
CUST-00619,Professional,Active,2024-10-15,2,295,28.0,4,2024-10-29
CUST-00620,Starter,Active,2022-10-12,27,26,16.0,5,2024-08-09
CUST-00621,Growth,Active,2023-07-24,17,103,99.0,13,2024-04-18
CUST-00622,Enterprise,Active,2024-05-16,7,998,46.0,7,2024-05-26
CUST-00623,Growth,Active,2022-01-20,35,97,77.0,6,2024-03-22
CUST-00624,Growth,Active,2023-06-17,18,94,29.0,1,2023-12-07
CUST-00625,Enterprise,Active,2023-06-25,18,994,36.0,5,2023-11-06
CUST-00626,Starter,Active,2024-03-09,9,25,88.0,1,2024-04-04
CUST-00627,Starter,Churned,2023-07-03,18,31,28.0,3,2024-03-26
CUST-00628,Growth,Active,2022-10-09,27,99,82.0,14,2024-07-22
CUST-00629,Professional,Active,2022-09-20,27,302,72.0,9,2024-05-28
CUST-00630,Starter,Active,2022-01-02,36,27,60.0,12,2024-02-02
CUST-00631,Enterprise,Active,2023-11-12,13,996,81.0,4,2024-01-05
CUST-00632,Professional,Churned,2024-07-27,5,296,18.0,8,2024-09-10
CUST-00633,Enterprise,Active,2022-04-25,32,997,59.0,3,2023-02-03
CUST-00634,Professional,Active,2022-02-01,35,303,13.0,4,2024-07-17
CUST-00635,Enterprise,Active,2023-05-31,19,1001,88.0,14,2024-11-05
CUST-00636,Starter,Active,2022-02-14,35,28,55.0,9,2023-03-17
CUST-00637,Growth,Active,2022-08-11,29,96,97.0,2,2024-11-23
CUST-00638,Starter,Active,2024-01-14,11,30,70.0,11,2024-03-08
CUST-00639,Enterprise,Active,2024-01-14,11,1003,65.0,11,2024-05-24
CUST-00640,Enterprise,Churned,2023-03-25,21,995,10.0,9,2023-11-10
CUST-00641,Starter,Churned,2022-02-25,34,28,27.0,0,2023-05-04
CUST-00642,Enterprise,Active,2023-02-27,22,1001,78.0,3,2023-06-18
CUST-00643,Starter,Active,2024-01-31,11,28,53.0,13,2024-04-03
CUST-00644,Starter,Active,2023-02-26,22,26,72.0,2,2024-01-17
CUST-00645,Growth,Active,2024-09-04,3,94,14.0,10,2024-12-15
CUST-00646,Starter,Active,2022-09-25,27,28,95.0,7,2022-10-27
CUST-00647,Professional,Active,2023-11-28,13,299,61.0,4,2024-05-02
CUST-00648,Professional,Active,2022-01-26,35,294,79.0,2,2023-09-20
CUST-00649,Starter,Active,2022-04-01,33,26,94.0,8,2024-02-02
CUST-00650,Enterprise,Churned,2023-07-22,17,1001,,8,2024-04-01
CUST-00651,Enterprise,Active,2024-10-31,2,1001,83.0,7,2024-12-12
CUST-00652,Growth,Trial,2023-03-22,21,98,90.0,13,2023-08-28
CUST-00653,Starter,Active,2022-02-09,35,32,60.0,1,2022-03-24
CUST-00654,Growth,Active,2024-11-06,1,94,32.0,10,2024-12-18
CUST-00655,Starter,Active,2023-04-23,20,25,18.0,5,2024-08-21
CUST-00656,Starter,Churned,2023-01-10,24,32,11.0,5,2024-05-24
CUST-00657,Starter,Trial,2023-04-20,20,26,93.0,3,2023-10-08
CUST-00658,Growth,Active,2023-03-11,22,98,34.0,14,2024-12-15
CUST-00659,Starter,Active,2022-05-22,31,33,9.0,0,2022-06-26
CUST-00660,Starter,Active,2022-08-20,28,24,11.0,3,2023-06-11
CUST-00661,Professional,Active,2022-11-18,25,303,63.0,8,2023-06-13
CUST-00662,Starter,Active,2024-03-02,10,24,13.0,10,2024-03-12
CUST-00663,Enterprise,Active,2022-11-04,26,994,7.0,2,2024-02-03
CUST-00664,Enterprise,Active,2023-07-24,17,1003,58.0,9,2024-12-06
CUST-00665,Growth,Active,2022-07-28,29,96,45.0,4,2023-01-28
CUST-00666,Enterprise,Active,2022-12-10,25,1000,22.0,0,2024-09-10
CUST-00667,Growth,Active,2023-12-07,13,97,79.0,7,2024-11-10
CUST-00668,Enterprise,Trial,2022-10-03,27,1000,85.0,4,2024-04-12
CUST-00669,Enterprise,Active,2022-02-24,34,1002,41.0,5,2023-02-07
CUST-00670,Enterprise,Churned,2024-03-24,9,1002,28.0,6,2024-11-10
CUST-00671,Starter,Churned,2024-04-16,8,29,2.0,14,2024-12-30
CUST-00672,Professional,Active,2023-08-14,16,296,31.0,10,2024-10-23
CUST-00673,Starter,Active,2022-10-16,26,32,1.0,14,2024-03-21
CUST-00674,Enterprise,Trial,2024-01-24,11,1000,17.0,9,2024-07-19
CUST-00675,Starter,Active,2022-05-12,32,30,67.0,1,2023-02-27
CUST-00676,Growth,Active,2023-02-07,23,98,83.0,13,2023-10-10
CUST-00677,Growth,Churned,2022-11-16,25,103,39.0,14,2024-08-11
CUST-00678,Starter,Active,2022-06-08,31,25,23.0,6,2024-03-10
CUST-00679,Enterprise,Active,2024-07-07,5,997,99.0,8,2024-08-25
CUST-00680,Starter,Churned,2023-12-01,13,24,10.0,13,2024-11-02
CUST-00681,Professional,Active,2022-08-10,29,297,88.0,11,2024-05-19
CUST-00682,Growth,Active,2022-06-25,30,97,78.0,9,2023-11-10
CUST-00683,Starter,Active,2024-05-21,7,28,96.0,0,2024-07-29
CUST-00684,Growth,Active,2023-01-30,23,101,98.0,9,2024-10-14
CUST-00685,Enterprise,Churned,2022-10-14,26,998,26.0,1,2023-06-28
CUST-00686,Professional,Active,2024-12-05,0,298,36.0,9,2024-12-09
CUST-00687,Growth,Churned,2022-04-25,32,99,35.0,11,2024-05-17
CUST-00688,Enterprise,Active,2023-02-10,23,999,50.0,2,2023-09-29
CUST-00689,Growth,Active,2022-11-16,25,95,69.0,12,2023-03-29
CUST-00690,Growth,Active,2023-05-26,19,101,38.0,6,2023-07-17
CUST-00691,Enterprise,Active,2024-07-06,5,1002,16.0,11,2024-08-16
CUST-00692,Professional,Active,2023-09-25,15,297,54.0,12,2024-07-20
CUST-00693,Starter,Churned,2022-12-05,25,30,35.0,13,2023-04-23
CUST-00694,Starter,Active,2022-08-07,29,31,63.0,3,2023-05-20
CUST-00695,Professional,Churned,2024-03-20,9,297,30.0,12,2024-05-23
CUST-00696,Professional,Active,2023-10-28,14,295,93.0,8,2024-11-13
CUST-00697,Enterprise,Active,2024-06-10,6,1003,10.0,4,2024-12-29
CUST-00698,Starter,Active,2024-02-23,10,31,59.0,0,2024-05-28
CUST-00699,Enterprise,Active,2024-02-03,11,996,44.0,11,2024-12-19
CUST-00700,Enterprise,Active,2023-05-03,20,995,53.0,2,2024-02-11
CUST-00701,Enterprise,Active,2022-03-04,34,1000,2.0,11,2024-08-24
CUST-00702,Growth,Active,2022-01-23,35,96,7.0,12,2023-07-19
CUST-00703,Growth,Active,2024-05-30,7,96,35.0,4,2024-10-13
CUST-00704,Professional,Active,2024-03-21,9,294,83.0,14,2024-03-31
CUST-00705,Starter,Churned,2022-10-04,27,25,34.0,11,2024-01-10
CUST-00706,Professional,Active,2024-04-17,8,296,98.0,13,2024-06-02
CUST-00707,Growth,Active,2024-08-04,4,96,26.0,11,2024-08-10
CUST-00708,Starter,Active,2022-03-07,34,33,7.0,3,2023-09-16
CUST-00709,Professional,Trial,2024-04-10,8,300,85.0,14,2024-12-12
CUST-00710,Growth,Trial,2023-02-06,23,102,13.0,3,2023-07-30
CUST-00711,Professional,Churned,2023-01-13,23,296,34.0,9,2023-01-27
CUST-00712,Growth,Active,2024-07-04,6,97,98.0,3,2024-08-01
CUST-00713,Professional,Active,2022-03-07,34,296,31.0,2,2022-07-25
CUST-00714,Enterprise,Active,2023-11-07,14,1000,43.0,13,2024-07-09
CUST-00715,Enterprise,Active,2024-10-25,2,995,90.0,5,2024-12-04
CUST-00716,Enterprise,Churned,2024-07-02,6,994,24.0,11,2024-12-29
CUST-00717,Growth,Active,2022-05-25,31,99,84.0,2,2024-03-30
CUST-00718,Growth,Churned,2022-09-02,28,103,20.0,6,2023-10-29
CUST-00719,Professional,Active,2022-09-07,28,299,73.0,6,2023-10-31
CUST-00720,Professional,Trial,2024-09-07,3,296,62.0,9,2024-12-21
CUST-00721,Starter,Active,2022-11-28,25,28,61.0,4,2024-05-28
CUST-00722,Professional,Active,2022-10-02,27,298,3.0,11,2024-01-06
CUST-00723,Professional,Active,2024-02-13,10,297,25.0,8,2024-11-02
CUST-00724,Growth,Active,2024-08-23,4,96,40.0,4,2024-11-01
CUST-00725,Growth,Active,2022-09-05,28,100,76.0,9,2024-11-08
CUST-00726,Starter,Active,2022-09-27,27,26,82.0,1,2022-10-02
CUST-00727,Growth,Active,2022-01-08,36,102,97.0,14,2024-07-01
CUST-00728,Professional,Active,2022-08-02,29,294,79.0,1,2024-10-23
CUST-00729,Professional,Active,2024-02-16,10,299,6.0,10,2024-05-26
CUST-00730,Professional,Active,2024-01-09,11,299,6.0,14,2024-06-24
CUST-00731,Professional,Active,2023-08-03,17,299,94.0,7,2023-10-15
CUST-00732,Enterprise,Churned,2023-11-27,13,999,30.0,13,2024-02-27
CUST-00733,Enterprise,Active,2022-02-05,35,998,96.0,3,2022-07-21
CUST-00734,Professional,Churned,2022-11-29,25,294,29.0,10,2023-02-05
CUST-00735,Growth,Active,2023-02-26,22,95,84.0,8,2023-07-28
CUST-00736,Starter,Active,2023-05-21,19,27,8.0,1,2023-07-29
CUST-00737,Enterprise,Active,2022-02-18,34,994,57.0,9,2022-11-21
CUST-00738,Growth,Trial,2024-10-14,2,99,27.0,9,2024-12-18
CUST-00739,Enterprise,Active,2022-11-01,26,998,51.0,14,2024-07-11
CUST-00740,Growth,Active,2022-03-16,34,102,50.0,9,2024-11-03
CUST-00741,Starter,Active,2022-07-15,30,31,63.0,3,2024-03-29
CUST-00742,Starter,Active,2022-11-19,25,30,8.0,12,2024-01-28
CUST-00743,Professional,Active,2022-05-15,32,294,63.0,10,2023-03-22
CUST-00744,Enterprise,Active,2024-05-27,7,994,41.0,8,2024-06-22
CUST-00745,Enterprise,Trial,2023-06-11,18,1003,21.0,10,2024-10-14
CUST-00746,Growth,Churned,2023-11-27,13,97,14.0,9,2024-04-01
CUST-00747,Growth,Active,2023-06-09,19,97,59.0,1,2023-12-03
CUST-00748,Enterprise,Churned,2023-08-08,17,998,32.0,11,2023-10-04
CUST-00749,Starter,Active,2024-09-10,3,25,35.0,7,2024-12-06
CUST-00750,Starter,Active,2023-01-15,23,32,25.0,14,2023-01-18
CUST-00751,Enterprise,Active,2023-10-31,14,1000,36.0,8,2024-05-10
CUST-00752,Growth,Trial,2023-02-12,22,94,63.0,1,2024-08-07
CUST-00753,Starter,Trial,2023-01-31,23,33,37.0,4,2023-04-10
CUST-00754,Starter,Active,2022-07-06,30,28,24.0,9,2023-02-15
CUST-00755,Starter,Trial,2024-04-29,8,25,90.0,8,2024-08-07
CUST-00756,Growth,Active,2022-01-10,36,98,30.0,6,2024-05-09
CUST-00757,Growth,Active,2024-09-14,3,102,63.0,8,2024-12-12
CUST-00758,Starter,Active,2023-05-04,20,31,61.0,2,2024-06-18
CUST-00759,Growth,Churned,2022-11-17,25,97,,0,2024-04-06
CUST-00760,Enterprise,Churned,2023-07-21,17,1000,26.0,14,2024-01-25
CUST-00761,Enterprise,Active,2023-02-11,22,996,26.0,13,2024-09-16
CUST-00762,Starter,Active,2022-05-16,32,30,,9,2024-12-23
CUST-00763,Growth,Active,2024-09-13,3,94,36.0,14,2024-10-26
CUST-00764,Growth,Trial,2023-04-16,20,96,22.0,3,2024-03-28
CUST-00765,Enterprise,Active,2024-02-18,10,998,19.0,14,2024-04-19
CUST-00766,Starter,Active,2022-01-06,36,30,61.0,5,2023-09-10
CUST-00767,Professional,Active,2024-12-01,1,302,95.0,4,2024-12-10
CUST-00768,Professional,Active,2022-06-30,30,296,53.0,11,2022-08-07
CUST-00769,Enterprise,Active,2023-05-15,19,1003,89.0,4,2024-11-16
CUST-00770,Professional,Active,2024-01-23,11,300,95.0,10,2024-03-14
CUST-00771,Growth,Active,2022-02-15,35,94,78.0,14,2024-06-13
CUST-00772,Professional,Active,2022-07-02,30,300,43.0,4,2023-06-09
CUST-00773,Professional,Active,2022-12-06,25,301,56.0,4,2024-09-09
CUST-00774,Enterprise,Active,2022-05-01,32,995,38.0,5,2024-01-03
CUST-00775,Professional,Trial,2024-02-09,10,294,5.0,13,2024-05-07
CUST-00776,Professional,Active,2024-11-23,1,297,60.0,14,2024-12-06
CUST-00777,Professional,Churned,2024-01-18,11,294,24.0,1,2024-08-09
CUST-00778,Enterprise,Trial,2024-04-27,8,1003,75.0,13,2024-06-21
CUST-00779,Enterprise,Active,2023-04-20,20,1002,83.0,3,2024-10-24
CUST-00780,Starter,Churned,2024-10-21,2,30,18.0,14,2024-10-25
CUST-00781,Growth,Active,2024-06-09,6,103,79.0,1,2024-09-11
CUST-00782,Starter,Churned,2024-11-13,1,32,36.0,10,2024-11-27
CUST-00783,Professional,Trial,2023-06-05,19,300,29.0,8,2024-12-26
CUST-00784,Growth,Active,2023-03-06,22,100,21.0,0,2023-12-18
CUST-00785,Growth,Active,2024-06-25,6,102,8.0,4,2024-07-22
CUST-00786,Growth,Active,2023-08-10,16,102,24.0,3,2024-07-29
CUST-00787,Professional,Churned,2023-08-26,16,295,29.0,13,2024-08-31
CUST-00788,Growth,Trial,2023-03-22,21,102,7.0,14,2024-08-02
CUST-00789,Professional,Trial,2022-05-04,32,301,59.0,9,2022-09-10
CUST-00790,Growth,Active,2022-03-20,33,97,11.0,12,2023-08-27
CUST-00791,Professional,Active,2023-05-13,19,294,13.0,8,2023-11-08
CUST-00792,Starter,Churned,2023-01-26,23,33,9.0,4,2023-06-19
CUST-00793,Starter,Trial,2022-07-10,30,30,35.0,10,2024-02-19
CUST-00794,Starter,Churned,2024-08-15,4,31,25.0,11,2024-11-15
CUST-00795,Growth,Active,2024-09-13,3,101,29.0,4,2024-11-23
CUST-00796,Enterprise,Trial,2024-12-19,0,999,19.0,2,2024-12-27
CUST-00797,Professional,Trial,2024-11-01,2,300,41.0,14,2024-12-14
CUST-00798,Starter,Active,2023-11-25,13,32,18.0,10,2024-08-20
CUST-00799,Enterprise,Active,2023-05-30,19,1000,30.0,12,2023-11-05
CUST-00800,Starter,Active,2022-11-23,25,24,90.0,3,2024-01-27
CUST-00801,Starter,Active,2022-07-22,29,32,41.0,4,2023-02-22
CUST-00802,Professional,Active,2022-12-17,24,300,59.0,5,2024-07-18
CUST-00803,Growth,Active,2023-04-15,20,97,67.0,12,2023-08-17
CUST-00804,Starter,Active,2024-10-30,2,24,91.0,1,2024-11-17
CUST-00805,Enterprise,Active,2023-11-30,13,1000,74.0,3,2024-06-11
CUST-00806,Starter,Trial,2022-07-01,30,30,64.0,7,2024-01-03
CUST-00807,Growth,Active,2022-12-11,25,100,65.0,5,2024-05-01
CUST-00808,Growth,Active,2022-09-24,27,100,4.0,11,2024-07-25
CUST-00809,Enterprise,Trial,2024-08-23,4,996,6.0,9,2024-11-01
CUST-00810,Starter,Active,2024-06-18,6,26,26.0,7,2024-08-15
CUST-00811,Starter,Active,2024-10-18,2,28,19.0,0,2024-12-20
CUST-00812,Starter,Active,2023-10-30,14,24,21.0,4,2024-06-05
CUST-00813,Starter,Active,2022-03-16,34,24,38.0,13,2022-12-31
CUST-00814,Professional,Active,2024-01-22,11,302,40.0,6,2024-12-26
CUST-00815,Growth,Active,2022-11-19,25,99,31.0,1,2024-08-13
CUST-00816,Professional,Active,2023-12-10,12,302,26.0,5,2024-04-24
CUST-00817,Starter,Active,2022-11-24,25,33,1.0,13,2024-11-15
CUST-00818,Starter,Active,2024-10-16,2,33,37.0,5,2024-11-20
CUST-00819,Starter,Active,2024-03-02,10,31,47.0,9,2024-03-16
CUST-00820,Enterprise,Churned,2022-04-27,32,997,19.0,7,2024-05-12
CUST-00821,Professional,Churned,2023-12-28,12,295,38.0,0,2024-07-29
CUST-00822,Professional,Active,2024-03-03,10,297,80.0,8,2024-07-06
CUST-00823,Professional,Churned,2023-05-26,19,300,10.0,9,2023-08-04
CUST-00824,Enterprise,Churned,2024-12-29,0,997,39.0,2,2024-12-30
CUST-00825,Enterprise,Active,2022-07-30,29,997,81.0,13,2023-05-03
CUST-00826,Professional,Active,2022-10-05,27,294,36.0,8,2024-08-17
CUST-00827,Growth,Trial,2023-05-06,20,94,50.0,4,2024-10-02
CUST-00828,Professional,Churned,2024-02-13,10,300,23.0,4,2024-05-27
CUST-00829,Professional,Churned,2022-11-26,25,299,19.0,9,2023-11-13
CUST-00830,Enterprise,Churned,2023-12-02,13,999,2.0,9,2024-09-04
CUST-00831,Growth,Churned,2022-08-30,28,103,5.0,13,2023-11-22
CUST-00832,Growth,Trial,2022-03-08,34,98,86.0,2,2022-03-16
CUST-00833,Starter,Churned,2022-06-01,31,25,29.0,2,2023-01-16
CUST-00834,Professional,Churned,2022-01-23,35,297,8.0,10,2022-05-08
CUST-00835,Growth,Active,2022-07-07,30,100,93.0,11,2023-07-14
CUST-00836,Professional,Active,2022-10-29,26,294,7.0,12,2024-01-10
CUST-00837,Starter,Active,2024-10-02,3,26,68.0,9,2024-11-21
CUST-00838,Starter,Active,2022-05-12,32,30,34.0,8,2024-01-01
CUST-00839,Growth,Active,2022-04-07,33,98,36.0,8,2023-01-11
CUST-00840,Growth,Churned,2023-05-28,19,102,2.0,8,2024-09-08
CUST-00841,Professional,Active,2022-06-30,30,294,97.0,5,2024-12-02
CUST-00842,Growth,Active,2023-02-01,23,94,80.0,5,2024-07-05
CUST-00843,Starter,Active,2024-04-13,8,29,43.0,8,2024-05-20
CUST-00844,Professional,Churned,2022-01-01,36,300,2.0,0,2022-11-15
CUST-00845,Professional,Active,2024-11-23,1,296,16.0,1,2024-12-14
CUST-00846,Professional,Active,2023-09-22,15,301,90.0,10,2024-10-19
CUST-00847,Professional,Active,2023-05-08,20,303,68.0,2,2024-11-20
CUST-00848,Starter,Active,2023-01-10,24,25,49.0,6,2024-01-10
CUST-00849,Professional,Active,2022-02-08,35,295,97.0,5,2024-06-11
CUST-00850,Starter,Churned,2024-09-17,3,27,13.0,2,2024-12-26
CUST-00851,Enterprise,Churned,2023-12-17,12,995,6.0,13,2024-06-21
CUST-00852,Professional,Active,2024-09-12,3,297,90.0,11,2024-12-18
CUST-00853,Enterprise,Active,2022-10-11,27,999,58.0,11,2022-11-11
CUST-00854,Professional,Active,2022-02-18,34,302,6.0,5,2022-03-10
CUST-00855,Professional,Active,2023-08-19,16,302,4.0,7,2023-12-25
CUST-00856,Professional,Churned,2022-05-08,32,297,28.0,6,2023-05-11
CUST-00857,Enterprise,Active,2023-12-14,12,1002,67.0,4,2024-01-18
CUST-00858,Enterprise,Churned,2022-08-18,28,994,20.0,2,2024-12-13
CUST-00859,Enterprise,Active,2022-10-09,27,996,6.0,5,2023-05-30
CUST-00860,Starter,Active,2022-02-11,35,25,54.0,1,2022-05-02
CUST-00861,Enterprise,Active,2022-09-13,28,1003,34.0,8,2024-10-07
CUST-00862,Professional,Active,2024-09-25,3,301,55.0,0,2024-11-20
CUST-00863,Enterprise,Churned,2022-12-12,25,996,9.0,6,2023-04-19
CUST-00864,Enterprise,Active,2024-12-22,0,999,23.0,8,2024-12-27
CUST-00865,Professional,Active,2022-09-22,27,302,90.0,8,2024-01-31
CUST-00866,Enterprise,Trial,2023-04-10,21,1003,70.0,13,2024-01-09
CUST-00867,Starter,Churned,2024-02-22,10,24,4.0,14,2024-05-11
CUST-00868,Starter,Active,2022-11-17,25,31,13.0,10,2023-09-19
CUST-00869,Starter,Active,2024-10-05,2,28,65.0,5,2024-12-13
CUST-00870,Enterprise,Trial,2023-03-10,22,994,17.0,13,2024-09-27
CUST-00871,Enterprise,Active,2024-05-09,7,994,46.0,6,2024-07-27
CUST-00872,Professional,Active,2023-10-06,15,303,,11,2024-12-15
CUST-00873,Professional,Trial,2024-05-25,7,300,6.0,10,2024-09-23
CUST-00874,Starter,Trial,2022-02-08,35,33,38.0,13,2022-03-22
CUST-00875,Enterprise,Churned,2024-08-27,4,999,1.0,1,2024-12-09
CUST-00876,Growth,Churned,2022-10-20,26,96,1.0,4,2023-02-27
CUST-00877,Starter,Churned,2022-09-13,28,27,33.0,5,2024-08-30
CUST-00878,Professional,Active,2022-04-08,33,300,44.0,0,2022-09-22
CUST-00879,Growth,Churned,2022-01-01,36,94,11.0,5,2024-07-13
CUST-00880,Professional,Trial,2022-01-08,36,296,21.0,10,2023-06-20
CUST-00881,Starter,Churned,2023-08-17,16,29,19.0,11,2023-10-31
CUST-00882,Enterprise,Active,2022-01-02,36,1003,19.0,14,2024-12-25
CUST-00883,Enterprise,Active,2023-05-03,20,998,12.0,12,2024-06-26
CUST-00884,Professional,Active,2024-04-05,9,300,49.0,0,2024-09-07
CUST-00885,Growth,Active,2023-09-03,16,102,58.0,12,2024-10-13
CUST-00886,Starter,Trial,2024-07-20,5,31,40.0,5,2024-12-15
CUST-00887,Growth,Active,2023-11-21,13,103,39.0,11,2024-12-18
CUST-00888,Professional,Active,2023-08-30,16,299,51.0,12,2023-09-29
CUST-00889,Starter,Active,2022-10-10,27,30,70.0,2,2024-08-19
CUST-00890,Growth,Active,2023-01-16,23,95,97.0,8,2024-03-03
CUST-00891,Enterprise,Churned,2023-07-23,17,1000,5.0,4,2024-09-07
CUST-00892,Growth,Active,2023-01-12,23,97,46.0,8,2024-10-07
CUST-00893,Professional,Churned,2023-10-29,14,297,29.0,7,2023-11-25
CUST-00894,Enterprise,Churned,2023-06-21,18,1003,21.0,9,2023-06-23
CUST-00895,Growth,Churned,2024-04-09,8,102,11.0,10,2024-10-11
CUST-00896,Starter,Active,2024-05-10,7,28,41.0,9,2024-05-30
CUST-00897,Growth,Trial,2023-09-05,16,102,3.0,0,2023-12-22
CUST-00898,Starter,Active,2022-11-22,25,24,44.0,5,2024-04-20
CUST-00899,Growth,Churned,2024-02-26,10,102,7.0,10,2024-09-10
CUST-00900,Enterprise,Active,2023-04-26,20,995,86.0,8,2024-09-26
CUST-00901,Starter,Active,2024-08-04,4,26,94.0,5,2024-10-31
CUST-00902,Professional,Active,2024-12-02,0,300,76.0,1,2024-12-18
CUST-00903,Growth,Trial,2023-07-12,17,102,90.0,10,2023-11-03
CUST-00904,Professional,Trial,2022-08-01,29,298,86.0,10,2023-03-23
CUST-00905,Enterprise,Churned,2024-11-03,1,995,7.0,12,2024-12-01
CUST-00906,Starter,Active,2024-01-12,11,27,85.0,11,2024-06-16
CUST-00907,Enterprise,Active,2023-01-25,23,1000,38.0,4,2024-06-14
CUST-00908,Growth,Active,2022-07-01,30,96,28.0,5,2023-08-19
CUST-00909,Enterprise,Trial,2024-10-08,2,999,43.0,10,2024-12-27
CUST-00910,Professional,Active,2024-02-22,10,294,13.0,8,2024-11-25
CUST-00911,Professional,Churned,2022-06-20,30,302,37.0,4,2023-04-20
CUST-00912,Enterprise,Churned,2022-11-12,26,997,8.0,1,2024-09-23
CUST-00913,Professional,Churned,2024-03-20,9,302,17.0,3,2024-09-17
CUST-00914,Starter,Active,2024-06-01,7,26,34.0,13,2024-10-19
CUST-00915,Growth,Active,2022-08-14,29,103,81.0,8,2023-02-24
CUST-00916,Professional,Trial,2022-11-22,25,298,81.0,10,2024-10-12
CUST-00917,Enterprise,Churned,2022-11-01,26,1003,16.0,5,2023-10-27
CUST-00918,Starter,Active,2023-08-17,16,29,82.0,13,2023-11-27
CUST-00919,Growth,Active,2023-06-17,18,99,3.0,1,2024-12-18
CUST-00920,Starter,Active,2024-10-20,2,27,7.0,10,2024-12-15
CUST-00921,Starter,Active,2024-04-07,8,28,62.0,13,2024-05-14
CUST-00922,Professional,Churned,2023-04-06,21,300,36.0,0,2024-02-01
CUST-00923,Professional,Churned,2022-06-29,30,299,24.0,10,2023-11-14
CUST-00924,Growth,Active,2024-12-30,0,94,23.0,6,2024-12-31
CUST-00925,Enterprise,Churned,2022-05-10,32,994,27.0,14,2023-11-22
CUST-00926,Professional,Active,2024-06-24,6,297,98.0,4,2024-09-30
CUST-00927,Enterprise,Churned,2024-08-03,5,1001,18.0,7,2024-11-30
CUST-00928,Growth,Churned,2024-03-10,9,97,29.0,6,2024-08-05
CUST-00929,Starter,Active,2023-03-12,22,29,20.0,5,2023-08-09
CUST-00930,Growth,Active,2022-10-17,26,96,90.0,13,2023-12-23
CUST-00931,Starter,Churned,2022-10-23,26,27,36.0,11,2023-04-02
CUST-00932,Professional,Churned,2022-08-11,29,302,33.0,12,2024-03-06
CUST-00933,Growth,Active,2023-11-28,13,101,73.0,7,2024-02-08
CUST-00934,Enterprise,Active,2022-12-02,25,998,,14,2024-05-25
CUST-00935,Professional,Active,2024-07-21,5,298,20.0,9,2024-11-07
CUST-00936,Professional,Active,2023-08-28,16,299,96.0,5,2024-03-31
CUST-00937,Professional,Active,2023-12-29,12,299,33.0,12,2024-10-16
CUST-00938,Growth,Active,2024-06-11,6,96,49.0,8,2024-12-31
CUST-00939,Professional,Active,2024-06-15,6,296,29.0,7,2024-07-15
CUST-00940,Growth,Active,2022-08-12,29,98,55.0,10,2022-11-22
CUST-00941,Professional,Active,2022-12-18,24,295,15.0,3,2023-07-07
CUST-00942,Growth,Active,2023-10-15,14,97,62.0,1,2024-10-24
CUST-00943,Starter,Active,2024-01-29,11,33,94.0,8,2024-06-04
CUST-00944,Professional,Trial,2023-03-05,22,295,17.0,4,2023-04-06
CUST-00945,Starter,Active,2022-12-16,24,31,69.0,0,2023-11-19
CUST-00946,Starter,Trial,2023-04-07,21,30,39.0,9,2024-11-12
CUST-00947,Growth,Active,2024-12-07,0,100,86.0,11,2024-12-13
CUST-00948,Enterprise,Active,2022-07-15,30,995,88.0,0,2024-08-18
CUST-00949,Professional,Churned,2022-10-27,26,294,7.0,0,2023-05-27
CUST-00950,Enterprise,Active,2024-09-12,3,997,91.0,12,2024-12-06
CUST-00951,Starter,Active,2024-06-08,6,33,70.0,4,2024-10-31
CUST-00952,Growth,Trial,2023-06-29,18,102,8.0,10,2024-05-12
CUST-00953,Enterprise,Active,2024-02-23,10,996,83.0,5,2024-08-28
CUST-00954,Starter,Active,2024-11-26,1,26,28.0,0,2024-12-30
CUST-00955,Professional,Active,2024-01-28,11,299,12.0,0,2024-06-02
CUST-00956,Professional,Active,2022-12-15,24,295,98.0,12,2023-12-20
CUST-00957,Professional,Active,2022-12-28,24,295,76.0,4,2024-12-17
CUST-00958,Growth,Active,2023-03-10,22,97,67.0,3,2024-06-17
CUST-00959,Professional,Trial,2023-06-15,18,300,61.0,11,2023-09-22
CUST-00960,Starter,Active,2024-12-21,0,26,11.0,5,2024-12-31
CUST-00961,Enterprise,Active,2023-07-02,18,996,86.0,9,2023-12-26
CUST-00962,Starter,Churned,2023-07-02,18,24,15.0,2,2024-03-01
CUST-00963,Growth,Churned,2024-11-24,1,97,4.0,12,2024-12-02
CUST-00964,Enterprise,Active,2024-02-23,10,997,29.0,13,2024-05-21
CUST-00965,Growth,Active,2023-02-17,22,94,18.0,0,2024-10-05
CUST-00966,Growth,Churned,2022-05-17,31,97,25.0,12,2023-04-20
CUST-00967,Starter,Active,2023-06-25,18,31,,7,2023-09-17
CUST-00968,Growth,Active,2023-11-27,13,95,11.0,4,2023-12-08
CUST-00969,Enterprise,Churned,2023-08-05,17,1002,32.0,0,2024-01-13
CUST-00970,Starter,Active,2024-02-02,11,32,75.0,5,2024-04-02
CUST-00971,Growth,Active,2023-06-28,18,94,16.0,6,2023-12-26
CUST-00972,Growth,Active,2022-08-16,28,96,94.0,12,2024-03-31
CUST-00973,Enterprise,Active,2024-04-27,8,996,99.0,3,2024-07-01
CUST-00974,Starter,Active,2022-10-07,27,26,50.0,11,2024-03-16
CUST-00975,Growth,Active,2023-10-04,15,94,94.0,8,2024-10-18
CUST-00976,Starter,Trial,2023-05-01,20,30,81.0,7,2024-02-08
CUST-00977,Growth,Active,2022-08-21,28,94,81.0,5,2024-01-21
CUST-00978,Professional,Active,2024-10-09,2,303,59.0,14,2024-10-16
CUST-00979,Enterprise,Churned,2022-10-24,26,996,18.0,9,2024-01-23
CUST-00980,Growth,Churned,2024-09-22,3,94,6.0,4,2024-10-31
CUST-00981,Professional,Active,2022-06-03,31,303,71.0,4,2022-11-29
CUST-00982,Starter,Active,2022-01-20,35,29,45.0,0,2024-04-13
CUST-00983,Starter,Active,2023-12-03,13,29,50.0,2,2024-05-26
CUST-00984,Professional,Trial,2024-02-25,10,294,88.0,6,2024-12-14
CUST-00985,Professional,Active,2022-12-13,24,303,72.0,14,2023-02-27
CUST-00986,Starter,Active,2022-05-11,32,28,54.0,2,2022-05-22
CUST-00987,Professional,Trial,2024-09-30,3,300,4.0,1,2024-10-03
CUST-00988,Starter,Active,2024-04-21,8,30,86.0,0,2024-06-07
CUST-00989,Professional,Active,2024-07-10,5,302,75.0,8,2024-10-29
CUST-00990,Starter,Active,2023-11-04,14,33,15.0,11,2023-11-19
CUST-00991,Enterprise,Active,2022-04-27,32,1003,44.0,6,2024-10-12
CUST-00992,Starter,Active,2023-03-08,22,27,78.0,2,2024-11-01
CUST-00993,Growth,Trial,2023-08-25,16,101,57.0,12,2024-08-12
CUST-00994,Enterprise,Churned,2023-01-17,23,1001,36.0,6,2024-09-22
CUST-00995,Growth,Active,2023-11-11,13,95,45.0,0,2024-02-20
CUST-00996,Enterprise,Churned,2023-04-28,20,994,5.0,8,2024-10-11
CUST-00997,Enterprise,Active,2022-03-21,33,997,62.0,3,2024-03-12
CUST-00998,Growth,Active,2023-01-05,24,100,74.0,0,2023-12-04
CUST-00999,Enterprise,Churned,2024-11-25,1,995,23.0,13,2024-12-08
CUST-01000,Enterprise,Active,2023-03-20,21,1003,40.0,2,2024-07-22
CUST-01001,Starter,Active,2023-08-15,16,32,33.0,1,2023-09-02
CUST-01002,Enterprise,Active,2022-09-16,27,995,30.0,7,2024-04-26
CUST-01003,Professional,Churned,2022-08-23,28,297,16.0,2,2022-08-23
CUST-01004,Professional,Active,2022-07-23,29,301,58.0,0,2023-11-13
CUST-01005,Enterprise,Churned,2023-11-06,14,996,17.0,14,2024-07-14
CUST-01006,Professional,Active,2023-12-22,12,296,12.0,5,2024-02-16
CUST-01007,Professional,Active,2024-05-23,7,301,62.0,5,2024-06-08
CUST-01008,Growth,Active,2022-07-27,29,98,34.0,4,2022-08-04
CUST-01009,Enterprise,Active,2024-05-26,7,999,73.0,0,2024-09-30
CUST-01010,Growth,Churned,2023-01-22,23,95,9.0,8,2024-09-26
CUST-01011,Starter,Active,2022-12-20,24,28,42.0,10,2023-10-25
CUST-01012,Enterprise,Churned,2024-08-30,4,1000,6.0,14,2024-09-14
CUST-01013,Starter,Churned,2022-01-02,36,33,,10,2022-04-28
CUST-01014,Enterprise,Active,2024-10-10,2,994,6.0,13,2024-12-24
CUST-01015,Starter,Active,2024-09-14,3,33,83.0,9,2024-12-01
CUST-01016,Professional,Churned,2023-04-16,20,301,31.0,12,2024-06-28
CUST-01017,Enterprise,Churned,2022-02-14,35,1000,3.0,14,2022-11-12
CUST-01018,Enterprise,Active,2024-09-14,3,994,24.0,4,2024-12-04
CUST-01019,Enterprise,Active,2022-04-12,33,996,31.0,14,2024-04-10
CUST-01020,Professional,Active,2024-10-10,2,301,6.0,0,2024-11-20
CUST-01021,Growth,Active,2024-01-29,11,95,36.0,8,2024-04-04
CUST-01022,Enterprise,Active,2022-01-07,36,1002,98.0,0,2023-02-07
CUST-01023,Enterprise,Active,2023-12-01,13,994,66.0,14,2024-03-10
CUST-01024,Growth,Active,2023-06-20,18,103,73.0,7,2024-05-12
CUST-01025,Enterprise,Active,2024-02-27,10,996,44.0,10,2024-06-03
CUST-01026,Enterprise,Active,2022-04-24,32,994,48.0,5,2024-10-11
CUST-01027,Growth,Active,2023-12-14,12,103,77.0,12,2024-04-20
CUST-01028,Growth,Trial,2023-09-29,15,100,34.0,10,2024-07-17
CUST-01029,Growth,Active,2024-05-21,7,99,78.0,13,2024-09-12
CUST-01030,Starter,Trial,2022-11-26,25,24,88.0,13,2023-03-08
CUST-01031,Starter,Active,2022-11-02,26,26,11.0,13,2024-06-30
CUST-01032,Growth,Active,2022-09-01,28,102,26.0,9,2023-07-04
CUST-01033,Enterprise,Churned,2024-07-07,5,1001,34.0,14,2024-10-19
CUST-01034,Starter,Active,2022-01-01,36,25,22.0,8,2023-09-15
CUST-01035,Growth,Trial,2022-02-10,35,96,82.0,11,2024-04-27
CUST-01036,Enterprise,Trial,2023-04-28,20,996,70.0,3,2024-09-29
CUST-01037,Starter,Active,2022-05-10,32,25,76.0,4,2023-09-08
CUST-01038,Starter,Churned,2022-07-11,30,31,21.0,14,2023-03-31
CUST-01039,Professional,Churned,2022-06-09,31,299,14.0,8,2023-11-04
CUST-01040,Starter,Active,2024-05-12,7,24,16.0,1,2024-09-11
CUST-01041,Enterprise,Active,2023-04-14,20,1001,12.0,13,2023-08-20
CUST-01042,Professional,Trial,2024-04-01,9,301,94.0,4,2024-06-25
CUST-01043,Growth,Active,2022-10-01,27,99,24.0,12,2023-06-03
CUST-01044,Enterprise,Active,2022-03-22,33,997,92.0,0,2023-04-28
CUST-01045,Starter,Active,2023-08-18,16,33,77.0,10,2024-06-18
CUST-01046,Growth,Churned,2023-10-10,14,94,7.0,4,2024-07-19
CUST-01047,Growth,Churned,2022-09-08,28,98,33.0,1,2024-02-23
CUST-01048,Starter,Active,2022-10-01,27,26,85.0,1,2022-11-18
CUST-01049,Starter,Active,2024-08-06,4,30,48.0,9,2024-08-26
CUST-01050,Professional,Trial,2024-12-27,0,301,28.0,0,2024-12-29
CUST-01051,Enterprise,Active,2024-05-23,7,1001,13.0,2,2024-06-14
CUST-01052,Growth,Active,2022-03-03,34,101,86.0,12,2024-01-21
CUST-01053,Enterprise,Active,2024-02-12,10,996,50.0,4,2024-02-25
CUST-01054,Professional,Active,2022-11-24,25,294,99.0,3,2023-06-23
CUST-01055,Starter,Active,2023-12-15,12,29,10.0,7,2024-04-24
CUST-01056,Enterprise,Active,2024-02-09,10,999,52.0,7,2024-02-15
CUST-01057,Enterprise,Active,2022-11-16,25,1003,49.0,3,2024-09-09
CUST-01058,Professional,Churned,2023-01-09,24,295,32.0,11,2023-03-26
CUST-01059,Professional,Churned,2024-07-23,5,303,25.0,4,2024-11-30
CUST-01060,Professional,Active,2022-11-13,25,299,10.0,2,2023-10-01
CUST-01061,Starter,Active,2024-09-08,3,31,77.0,11,2024-09-22
CUST-01062,Starter,Active,2024-10-17,2,27,3.0,2,2024-11-06
CUST-01063,Professional,Active,2023-04-17,20,296,3.0,10,2024-05-13
CUST-01064,Growth,Churned,2022-04-20,32,98,8.0,14,2023-04-02
CUST-01065,Growth,Active,2022-10-18,26,97,27.0,8,2023-08-23
CUST-01066,Growth,Active,2022-04-16,33,99,20.0,3,2023-02-07
CUST-01067,Enterprise,Active,2024-09-05,3,1003,28.0,3,2024-10-19
CUST-01068,Enterprise,Active,2024-03-14,9,997,2.0,5,2024-12-16
CUST-01069,Enterprise,Active,2024-04-30,8,994,43.0,9,2024-10-28
CUST-01070,Enterprise,Active,2023-04-22,20,996,69.0,5,2023-07-31
CUST-01071,Growth,Trial,2023-08-21,16,101,16.0,11,2024-09-28
CUST-01072,Enterprise,Active,2024-04-04,9,997,14.0,11,2024-09-17
CUST-01073,Starter,Churned,2024-08-11,4,24,24.0,1,2024-10-23
CUST-01074,Professional,Active,2023-08-11,16,299,70.0,0,2024-11-13
CUST-01075,Enterprise,Churned,2022-11-07,26,998,24.0,11,2024-11-16
CUST-01076,Professional,Active,2022-07-04,30,294,,1,2023-05-18
CUST-01077,Starter,Active,2022-05-10,32,32,37.0,12,2022-09-28
CUST-01078,Professional,Active,2024-07-08,5,297,61.0,3,2024-09-14
CUST-01079,Professional,Active,2024-06-20,6,298,80.0,12,2024-07-25
CUST-01080,Growth,Active,2022-05-25,31,97,67.0,5,2022-09-01
CUST-01081,Professional,Active,2022-07-26,29,303,14.0,11,2022-10-27
CUST-01082,Professional,Active,2023-07-15,17,294,81.0,1,2023-09-07
CUST-01083,Enterprise,Trial,2023-03-02,22,1003,28.0,12,2024-01-28
CUST-01084,Starter,Active,2024-08-30,4,28,12.0,8,2024-11-09
CUST-01085,Enterprise,Churned,2024-06-15,6,997,20.0,8,2024-10-25
CUST-01086,Enterprise,Active,2023-12-16,12,1003,49.0,12,2024-04-07
CUST-01087,Professional,Active,2024-09-26,3,296,74.0,6,2024-09-28
CUST-01088,Professional,Trial,2023-04-25,20,299,64.0,4,2023-11-11
CUST-01089,Growth,Active,2023-01-21,23,100,66.0,1,2024-03-23
CUST-01090,Enterprise,Active,2024-07-02,6,1000,82.0,12,2024-11-17
CUST-01091,Growth,Active,2022-12-29,24,94,93.0,10,2024-09-19
CUST-01092,Professional,Active,2023-01-28,23,298,17.0,9,2024-03-15
CUST-01093,Growth,Active,2022-07-30,29,103,9.0,4,2023-09-21
CUST-01094,Growth,Active,2022-03-10,34,101,65.0,14,2023-04-27
CUST-01095,Starter,Trial,2022-02-03,35,32,27.0,13,2024-05-13
CUST-01096,Enterprise,Active,2023-06-24,18,997,59.0,14,2024-06-19
CUST-01097,Growth,Active,2023-04-12,20,96,30.0,1,2023-08-23
CUST-01098,Enterprise,Churned,2022-08-03,29,994,17.0,3,2024-04-20
CUST-01099,Professional,Active,2022-10-20,26,295,47.0,11,2023-06-28
CUST-01100,Enterprise,Active,2024-11-21,1,1001,37.0,10,2024-12-04
CUST-01101,Professional,Active,2022-11-07,26,296,92.0,13,2024-03-16
CUST-01102,Starter,Churned,2024-05-12,7,27,35.0,9,2024-06-20
CUST-01103,Professional,Churned,2023-05-18,19,295,6.0,13,2024-01-24
CUST-01104,Enterprise,Active,2023-12-07,13,999,85.0,11,2024-04-05
CUST-01105,Growth,Trial,2022-01-31,35,102,13.0,14,2022-12-19
CUST-01106,Enterprise,Trial,2022-07-07,30,1003,23.0,13,2023-05-12
CUST-01107,Enterprise,Active,2022-09-04,28,994,54.0,12,2023-04-23
CUST-01108,Growth,Active,2022-11-25,25,98,68.0,12,2023-03-17
CUST-01109,Enterprise,Churned,2023-12-17,12,996,11.0,0,2024-09-09
CUST-01110,Professional,Active,2024-03-19,9,298,41.0,5,2024-07-13
CUST-01111,Starter,Churned,2023-03-29,21,33,13.0,13,2023-10-26
CUST-01112,Professional,Active,2024-04-19,8,297,52.0,8,2024-08-28
CUST-01113,Professional,Churned,2022-12-28,24,298,19.0,9,2023-10-04
CUST-01114,Starter,Churned,2023-11-26,13,31,24.0,14,2024-07-29
CUST-01115,Growth,Churned,2024-09-30,3,97,4.0,8,2024-10-27
CUST-01116,Enterprise,Active,2022-09-21,27,998,94.0,12,2024-01-06
CUST-01117,Starter,Trial,2023-11-21,13,28,68.0,4,2023-12-23
CUST-01118,Professional,Active,2024-08-10,4,294,16.0,10,2024-08-22
CUST-01119,Growth,Active,2023-05-08,20,94,66.0,7,2024-10-31
CUST-01120,Starter,Active,2024-09-17,3,25,25.0,1,2024-10-11
CUST-01121,Professional,Active,2024-04-30,8,294,78.0,12,2024-10-09
CUST-01122,Enterprise,Active,2024-01-08,11,1001,83.0,13,2024-09-03
CUST-01123,Enterprise,Churned,2022-08-18,28,1000,5.0,6,2024-01-31
CUST-01124,Enterprise,Active,2024-10-05,2,1001,99.0,4,2024-12-15
CUST-01125,Growth,Active,2024-04-13,8,98,71.0,14,2024-09-29
CUST-01126,Starter,Active,2023-12-31,12,25,87.0,11,2024-09-16
CUST-01127,Growth,Active,2023-03-26,21,103,71.0,4,2024-12-14
CUST-01128,Enterprise,Churned,2022-08-03,29,1001,17.0,14,2022-11-20
CUST-01129,Professional,Active,2024-08-05,4,300,73.0,7,2024-11-18
CUST-01130,Enterprise,Active,2023-08-21,16,997,88.0,14,2024-02-12
CUST-01131,Professional,Churned,2022-12-26,24,301,17.0,13,2024-05-14
CUST-01132,Enterprise,Trial,2022-10-04,27,994,43.0,8,2024-09-29
CUST-01133,Growth,Active,2023-07-07,18,94,16.0,2,2024-05-21
CUST-01134,Growth,Active,2023-09-18,15,96,52.0,12,2024-05-26
CUST-01135,Professional,Active,2022-06-30,30,296,94.0,2,2023-08-03
CUST-01136,Growth,Active,2024-08-05,4,98,,6,2024-08-31
CUST-01137,Growth,Active,2023-03-02,22,102,47.0,11,2023-07-14
CUST-01138,Starter,Active,2023-12-07,13,28,20.0,11,2024-11-24
CUST-01139,Growth,Active,2023-07-20,17,97,45.0,12,2024-11-23
CUST-01140,Starter,Active,2022-01-10,36,25,57.0,6,2023-08-19
CUST-01141,Starter,Active,2024-12-02,0,25,42.0,7,2024-12-25
CUST-01142,Professional,Active,2022-05-15,32,295,31.0,1,2023-08-17
CUST-01143,Starter,Trial,2022-02-09,35,27,48.0,14,2024-06-12
CUST-01144,Enterprise,Active,2024-05-25,7,1000,80.0,9,2024-10-03
CUST-01145,Professional,Active,2024-11-10,1,302,35.0,14,2024-12-28
CUST-01146,Professional,Active,2022-01-19,35,299,73.0,1,2022-09-06
CUST-01147,Enterprise,Active,2022-11-20,25,1000,91.0,9,2023-04-03
CUST-01148,Starter,Trial,2024-06-06,6,27,54.0,14,2024-09-01
CUST-01149,Professional,Active,2024-11-17,1,297,53.0,13,2024-12-12
CUST-01150,Professional,Active,2023-12-02,13,296,3.0,9,2024-09-04
CUST-01151,Starter,Active,2023-12-25,12,26,50.0,3,2024-11-03
CUST-01152,Enterprise,Active,2023-08-07,17,1000,66.0,3,2024-01-14
CUST-01153,Enterprise,Active,2024-01-30,11,998,26.0,2,2024-08-13
CUST-01154,Growth,Active,2023-09-03,16,98,63.0,4,2024-04-28
CUST-01155,Starter,Active,2024-01-16,11,25,33.0,14,2024-10-31
CUST-01156,Growth,Active,2022-09-22,27,95,28.0,4,2023-08-15
CUST-01157,Enterprise,Active,2022-01-21,35,1001,49.0,13,2024-04-26
CUST-01158,Enterprise,Active,2022-12-15,24,999,14.0,2,2023-11-20
CUST-01159,Professional,Active,2022-06-26,30,298,26.0,10,2024-09-20
CUST-01160,Professional,Active,2024-11-01,2,294,69.0,9,2024-12-18
CUST-01161,Enterprise,Active,2023-04-04,21,995,73.0,2,2024-02-09
CUST-01162,Starter,Active,2022-10-20,26,33,59.0,10,2024-02-06
CUST-01163,Enterprise,Active,2022-12-11,25,1003,78.0,2,2023-12-09
CUST-01164,Starter,Active,2024-04-25,8,33,21.0,13,2024-10-22
CUST-01165,Growth,Trial,2024-08-08,4,98,40.0,7,2024-12-28
CUST-01166,Enterprise,Churned,2022-07-08,30,999,2.0,8,2024-11-01
CUST-01167,Professional,Churned,2022-05-21,31,299,39.0,10,2023-03-13
CUST-01168,Enterprise,Trial,2023-10-15,14,998,74.0,3,2024-12-05
CUST-01169,Enterprise,Active,2023-06-10,19,1000,38.0,6,2024-03-26
CUST-01170,Growth,Churned,2023-12-23,12,97,18.0,9,2024-01-28
CUST-01171,Growth,Active,2022-03-08,34,102,7.0,3,2022-09-18
CUST-01172,Starter,Churned,2022-08-18,28,25,8.0,7,2022-10-13
CUST-01173,Starter,Active,2022-08-21,28,33,40.0,2,2023-10-22
CUST-01174,Growth,Active,2023-04-12,20,103,20.0,1,2023-06-25
CUST-01175,Starter,Active,2024-05-02,8,30,23.0,0,2024-08-27
CUST-01176,Enterprise,Trial,2022-05-09,32,1002,57.0,4,2022-07-22
CUST-01177,Growth,Active,2022-09-29,27,100,26.0,14,2022-11-27
CUST-01178,Professional,Active,2024-06-23,6,301,51.0,6,2024-06-25
CUST-01179,Growth,Active,2024-02-09,10,98,58.0,1,2024-06-14
CUST-01180,Growth,Active,2024-04-20,8,100,77.0,6,2024-07-01
CUST-01181,Starter,Active,2024-01-21,11,33,42.0,11,2024-08-02
CUST-01182,Growth,Active,2024-03-25,9,101,27.0,3,2024-09-11
CUST-01183,Starter,Active,2023-04-30,20,33,66.0,10,2024-09-08
CUST-01184,Growth,Active,2024-05-11,7,96,49.0,14,2024-10-25
CUST-01185,Starter,Active,2022-08-06,29,29,40.0,9,2023-09-04
CUST-01186,Enterprise,Active,2022-09-18,27,1001,68.0,3,2024-03-18
CUST-01187,Professional,Active,2022-04-30,32,303,93.0,11,2022-10-11
CUST-01188,Professional,Active,2022-11-07,26,294,22.0,3,2024-12-15
CUST-01189,Growth,Churned,2022-03-10,34,102,8.0,12,2023-09-09
CUST-01190,Growth,Active,2022-08-07,29,100,8.0,1,2023-06-16
CUST-01191,Enterprise,Active,2023-03-02,22,1003,60.0,8,2023-11-29
CUST-01192,Enterprise,Active,2023-11-04,14,997,31.0,0,2024-03-07
CUST-01193,Enterprise,Active,2023-11-10,13,999,79.0,1,2024-01-13
CUST-01194,Professional,Active,2023-11-30,13,294,54.0,7,2024-07-07
CUST-01195,Starter,Active,2023-08-26,16,26,74.0,7,2024-05-02
CUST-01196,Starter,Active,2022-06-27,30,32,98.0,3,2022-10-17
CUST-01197,Enterprise,Trial,2023-03-03,22,999,23.0,3,2023-09-28
CUST-01198,Enterprise,Trial,2024-02-15,10,997,61.0,6,2024-04-06
CUST-01199,Starter,Active,2023-11-20,13,30,87.0,4,2024-09-15
CUST-01200,Professional,Active,2023-06-27,18,297,45.0,5,2023-09-26
CUST-01201,Growth,Active,2023-10-18,14,100,42.0,8,2024-07-08
CUST-01202,Professional,Active,2023-03-05,22,298,62.0,4,2023-03-25
CUST-01203,Starter,Active,2023-03-06,22,28,30.0,2,2024-04-20
CUST-01204,Growth,Churned,2024-06-15,6,94,39.0,10,2024-09-23
CUST-01205,Starter,Churned,2023-11-24,13,27,10.0,2,2024-08-12
CUST-01206,Professional,Active,2023-12-20,12,297,8.0,6,2024-01-28
CUST-01207,Enterprise,Active,2022-05-21,31,1001,65.0,0,2022-08-13
CUST-01208,Enterprise,Trial,2023-07-23,17,997,13.0,12,2024-02-22
CUST-01209,Growth,Active,2024-07-16,5,102,31.0,5,2024-08-09
CUST-01210,Professional,Active,2023-12-13,12,295,47.0,13,2024-06-11
CUST-01211,Professional,Active,2024-09-19,3,297,,12,2024-11-01
CUST-01212,Professional,Active,2022-04-11,33,297,25.0,4,2022-06-26
CUST-01213,Enterprise,Active,2022-08-03,29,999,67.0,8,2022-11-05
CUST-01214,Starter,Active,2022-01-26,35,27,29.0,8,2023-10-14
CUST-01215,Growth,Active,2022-05-04,32,97,82.0,5,2024-11-13
CUST-01216,Enterprise,Trial,2024-07-07,5,1001,21.0,14,2024-11-22
CUST-01217,Enterprise,Active,2022-12-21,24,995,17.0,4,2024-10-10
CUST-01218,Starter,Active,2024-09-20,3,27,90.0,8,2024-11-20
CUST-01219,Growth,Trial,2023-03-31,21,97,60.0,6,2024-05-07
CUST-01220,Enterprise,Churned,2022-06-30,30,999,2.0,3,2022-10-20
CUST-01221,Enterprise,Active,2024-05-06,7,996,29.0,11,2024-06-04
CUST-01222,Enterprise,Churned,2024-06-24,6,999,27.0,6,2024-10-12
CUST-01223,Enterprise,Active,2022-08-04,29,998,38.0,13,2023-08-04
CUST-01224,Enterprise,Active,2024-11-28,1,997,44.0,6,2024-12-27
CUST-01225,Starter,Active,2022-10-18,26,27,99.0,13,2022-12-03
CUST-01226,Starter,Active,2024-11-17,1,32,51.0,6,2024-12-01
CUST-01227,Enterprise,Active,2024-09-30,3,998,14.0,14,2024-11-10
CUST-01228,Professional,Active,2024-02-08,10,296,11.0,12,2024-03-22
CUST-01229,Starter,Active,2024-10-10,2,28,72.0,1,2024-12-25
CUST-01230,Growth,Active,2024-05-20,7,98,,12,2024-09-17
CUST-01231,Professional,Active,2024-12-22,0,294,8.0,7,2024-12-27
CUST-01232,Starter,Active,2023-12-20,12,30,25.0,0,2024-02-02
CUST-01233,Growth,Trial,2023-03-30,21,98,46.0,0,2024-06-03
CUST-01234,Growth,Active,2024-10-03,2,103,50.0,1,2024-12-21
CUST-01235,Enterprise,Trial,2023-02-20,22,1001,72.0,0,2023-06-02
CUST-01236,Starter,Active,2023-02-11,22,32,48.0,9,2023-12-30
CUST-01237,Professional,Active,2024-05-13,7,303,90.0,9,2024-07-11
CUST-01238,Enterprise,Active,2023-06-10,19,995,59.0,8,2024-10-14
CUST-01239,Professional,Active,2023-02-02,23,296,28.0,0,2023-08-31
CUST-01240,Growth,Active,2024-07-17,5,96,42.0,8,2024-07-27
CUST-01241,Growth,Active,2023-02-18,22,95,99.0,8,2024-07-13
CUST-01242,Enterprise,Active,2023-04-04,21,999,82.0,4,2024-02-27
CUST-01243,Growth,Active,2023-03-16,21,94,57.0,10,2023-06-07
CUST-01244,Starter,Active,2022-12-20,24,24,,9,2024-08-16
CUST-01245,Enterprise,Active,2022-03-08,34,997,62.0,8,2023-07-31
CUST-01246,Growth,Trial,2024-11-18,1,95,56.0,13,2024-12-24
CUST-01247,Professional,Active,2023-05-03,20,298,41.0,0,2024-08-31
CUST-01248,Growth,Active,2022-01-12,36,100,92.0,11,2022-06-23
CUST-01249,Starter,Active,2024-05-19,7,27,74.0,13,2024-06-24
CUST-01250,Growth,Active,2022-01-26,35,97,67.0,11,2022-07-19
CUST-01251,Professional,Active,2024-01-22,11,301,31.0,1,2024-03-17
CUST-01252,Enterprise,Churned,2024-03-06,10,995,10.0,7,2024-09-28
CUST-01253,Enterprise,Trial,2023-11-15,13,998,85.0,10,2024-01-10
CUST-01254,Growth,Active,2023-12-03,13,98,95.0,10,2024-10-17
CUST-01255,Growth,Active,2023-03-29,21,102,11.0,6,2023-08-13
CUST-01256,Growth,Active,2024-05-12,7,98,72.0,8,2024-11-01
CUST-01257,Growth,Churned,2024-04-11,8,96,33.0,2,2024-11-02
CUST-01258,Growth,Active,2023-07-30,17,102,9.0,10,2024-08-27
CUST-01259,Starter,Churned,2022-02-12,35,26,12.0,11,2024-04-18
CUST-01260,Professional,Active,2023-01-03,24,295,50.0,8,2023-12-26
CUST-01261,Enterprise,Active,2024-03-22,9,996,36.0,1,2024-10-24
CUST-01262,Enterprise,Churned,2024-08-25,4,1002,3.0,1,2024-11-06
CUST-01263,Professional,Active,2024-10-30,2,294,55.0,14,2024-12-19
CUST-01264,Enterprise,Churned,2023-05-25,19,1003,8.0,2,2023-12-21
CUST-01265,Professional,Active,2023-06-01,19,300,49.0,8,2024-12-16
CUST-01266,Growth,Active,2024-02-04,11,103,63.0,5,2024-04-29
CUST-01267,Growth,Active,2024-07-15,5,96,38.0,13,2024-08-07
CUST-01268,Enterprise,Churned,2024-01-27,11,994,14.0,4,2024-01-29
CUST-01269,Growth,Trial,2023-11-23,13,103,44.0,8,2024-07-31
CUST-01270,Starter,Active,2024-07-28,5,27,52.0,10,2024-09-03
CUST-01271,Enterprise,Trial,2022-07-18,29,996,51.0,1,2023-08-23
CUST-01272,Professional,Churned,2023-01-05,24,297,36.0,4,2023-07-08
CUST-01273,Starter,Active,2024-05-09,7,27,28.0,9,2024-12-10
CUST-01274,Starter,Active,2024-10-25,2,31,48.0,8,2024-10-29
CUST-01275,Growth,Active,2022-10-28,26,99,37.0,9,2023-06-11
CUST-01276,Starter,Churned,2023-03-02,22,27,34.0,8,2023-05-19
CUST-01277,Starter,Active,2024-02-24,10,32,1.0,1,2024-07-01
CUST-01278,Growth,Trial,2022-08-12,29,103,12.0,6,2023-12-20
CUST-01279,Professional,Trial,2024-12-27,0,294,95.0,5,2024-12-28
CUST-01280,Professional,Churned,2022-10-22,26,302,38.0,10,2023-04-24
CUST-01281,Growth,Churned,2022-05-17,31,100,4.0,10,2024-06-10
CUST-01282,Starter,Trial,2024-12-30,0,33,61.0,11,2024-12-31
CUST-01283,Starter,Trial,2022-10-02,27,24,27.0,0,2023-10-05
CUST-01284,Growth,Active,2023-07-01,18,101,85.0,6,2024-01-13
CUST-01285,Professional,Active,2022-09-13,28,302,32.0,2,2024-02-11
CUST-01286,Enterprise,Churned,2023-06-10,19,999,6.0,5,2023-10-19
CUST-01287,Professional,Active,2023-03-17,21,294,59.0,9,2024-06-14
CUST-01288,Enterprise,Churned,2023-04-28,20,1002,25.0,12,2024-10-30
CUST-01289,Starter,Churned,2023-12-29,12,31,14.0,2,2024-03-24
CUST-01290,Professional,Churned,2024-04-15,8,298,30.0,11,2024-10-10
CUST-01291,Enterprise,Active,2023-10-10,14,1003,36.0,7,2023-12-07
CUST-01292,Starter,Trial,2023-08-16,16,30,83.0,0,2024-03-29
CUST-01293,Growth,Trial,2022-12-05,25,94,26.0,3,2023-07-17
CUST-01294,Enterprise,Trial,2024-05-15,7,1000,96.0,14,2024-10-09
CUST-01295,Growth,Active,2024-11-22,1,95,30.0,5,2024-11-25
CUST-01296,Enterprise,Active,2022-05-16,32,999,70.0,2,2022-12-21
CUST-01297,Growth,Trial,2023-11-04,14,100,34.0,1,2023-12-12
CUST-01298,Enterprise,Active,2022-09-07,28,994,27.0,5,2023-09-12
CUST-01299,Growth,Active,2024-03-06,10,101,91.0,13,2024-08-01
CUST-01300,Growth,Churned,2022-05-03,32,97,20.0,6,2023-10-28
CUST-01301,Professional,Active,2022-04-17,32,301,30.0,11,2024-07-27
CUST-01302,Starter,Active,2023-06-12,18,25,83.0,14,2023-08-21
CUST-01303,Professional,Active,2022-10-23,26,301,49.0,6,2023-01-27
CUST-01304,Enterprise,Churned,2023-02-03,23,999,38.0,7,2024-08-26
CUST-01305,Starter,Active,2022-12-11,25,24,74.0,13,2023-04-14
CUST-01306,Starter,Active,2022-07-01,30,24,29.0,8,2023-12-17
CUST-01307,Professional,Active,2023-04-13,20,294,,7,2024-08-12
CUST-01308,Starter,Active,2024-01-20,11,33,46.0,8,2024-11-01
CUST-01309,Professional,Trial,2024-07-31,5,303,28.0,9,2024-12-10
CUST-01310,Professional,Active,2024-09-14,3,297,77.0,14,2024-10-04
CUST-01311,Starter,Active,2024-11-04,1,26,78.0,12,2024-12-27
CUST-01312,Growth,Trial,2022-04-01,33,101,14.0,3,2024-10-30
CUST-01313,Enterprise,Active,2023-03-30,21,1002,35.0,4,2023-09-17
CUST-01314,Starter,Active,2024-12-28,0,31,79.0,7,2024-12-28
CUST-01315,Professional,Churned,2023-03-31,21,294,7.0,11,2024-07-25
CUST-01316,Growth,Active,2022-09-01,28,98,76.0,3,2024-07-05
CUST-01317,Growth,Churned,2024-01-03,12,94,4.0,2,2024-08-26
CUST-01318,Professional,Active,2023-11-06,14,294,73.0,6,2024-02-20
CUST-01319,Enterprise,Trial,2024-01-27,11,1000,18.0,10,2024-04-17
CUST-01320,Starter,Churned,2023-05-19,19,30,36.0,3,2024-12-23
CUST-01321,Starter,Active,2023-07-03,18,32,67.0,4,2024-06-09
CUST-01322,Starter,Active,2022-02-28,34,29,62.0,3,2023-01-20
CUST-01323,Growth,Active,2024-06-25,6,102,94.0,2,2024-09-25
CUST-01324,Professional,Active,2022-05-15,32,298,48.0,10,2022-09-26
CUST-01325,Starter,Churned,2024-10-21,2,26,35.0,13,2024-12-11
CUST-01326,Growth,Churned,2022-03-23,33,100,11.0,11,2024-07-12
CUST-01327,Growth,Active,2022-11-28,25,96,69.0,6,2023-01-14
CUST-01328,Starter,Active,2023-11-28,13,31,44.0,5,2023-12-09
CUST-01329,Enterprise,Active,2022-03-13,34,999,81.0,5,2022-09-06
CUST-01330,Professional,Active,2024-04-07,8,298,91.0,12,2024-08-14
CUST-01331,Starter,Active,2023-07-18,17,27,13.0,3,2024-12-14
CUST-01332,Starter,Active,2024-11-05,1,25,43.0,6,2024-11-14
CUST-01333,Starter,Churned,2023-08-06,17,29,7.0,8,2023-12-13
CUST-01334,Enterprise,Active,2022-06-12,31,995,32.0,12,2022-07-17
CUST-01335,Professional,Trial,2023-06-01,19,303,40.0,8,2023-10-27
CUST-01336,Professional,Active,2024-02-24,10,299,34.0,4,2024-11-27
CUST-01337,Growth,Churned,2022-07-27,29,95,20.0,11,2022-08-15
CUST-01338,Professional,Trial,2023-12-07,13,298,96.0,9,2024-06-19
CUST-01339,Professional,Active,2023-01-09,24,302,47.0,12,2023-07-25
CUST-01340,Growth,Active,2024-01-27,11,98,11.0,5,2024-06-03
CUST-01341,Professional,Churned,2022-06-26,30,294,33.0,0,2024-06-17
CUST-01342,Starter,Active,2023-11-25,13,25,24.0,4,2024-12-29
CUST-01343,Professional,Active,2023-09-20,15,303,35.0,4,2023-12-23
CUST-01344,Growth,Active,2024-03-31,9,101,32.0,6,2024-05-27
CUST-01345,Growth,Active,2023-09-23,15,103,18.0,9,2024-09-28
CUST-01346,Growth,Trial,2023-12-27,12,102,76.0,9,2024-10-11
CUST-01347,Professional,Active,2022-07-05,30,297,34.0,10,2023-10-14
CUST-01348,Enterprise,Active,2023-07-24,17,998,54.0,1,2024-10-09
CUST-01349,Enterprise,Active,2024-03-22,9,994,79.0,13,2024-08-30
CUST-01350,Enterprise,Active,2024-10-20,2,1003,43.0,10,2024-11-11
CUST-01351,Starter,Active,2024-09-04,3,26,2.0,11,2024-12-21
CUST-01352,Enterprise,Active,2023-12-20,12,999,63.0,2,2024-10-30
CUST-01353,Professional,Active,2024-11-04,1,295,93.0,13,2024-11-21
CUST-01354,Growth,Churned,2024-02-16,10,100,9.0,14,2024-07-12
CUST-01355,Enterprise,Active,2024-04-11,8,994,37.0,6,2024-04-30
CUST-01356,Starter,Trial,2023-09-20,15,33,21.0,2,2023-09-22
CUST-01357,Enterprise,Churned,2024-05-17,7,995,34.0,8,2024-07-02
CUST-01358,Growth,Active,2024-04-30,8,99,68.0,9,2024-06-01
CUST-01359,Enterprise,Active,2023-11-10,13,1003,31.0,1,2024-01-09
CUST-01360,Professional,Active,2022-06-03,31,297,11.0,3,2024-11-24
CUST-01361,Enterprise,Churned,2024-07-05,5,1000,11.0,4,2024-12-12
CUST-01362,Enterprise,Churned,2022-01-08,36,999,39.0,8,2022-01-21
CUST-01363,Growth,Active,2024-05-23,7,103,11.0,9,2024-06-23
CUST-01364,Enterprise,Active,2024-05-24,7,1001,53.0,8,2024-06-19
CUST-01365,Starter,Active,2023-05-28,19,31,98.0,11,2024-05-28
CUST-01366,Professional,Active,2024-05-26,7,294,62.0,12,2024-10-17
CUST-01367,Growth,Churned,2023-02-17,22,97,28.0,1,2024-12-21
CUST-01368,Starter,Churned,2022-10-02,27,26,13.0,6,2024-06-02
CUST-01369,Starter,Active,2022-07-21,29,33,78.0,4,2023-05-06
CUST-01370,Starter,Trial,2022-02-12,35,26,98.0,8,2022-09-06
CUST-01371,Enterprise,Active,2024-11-18,1,1000,57.0,3,2024-12-01
CUST-01372,Growth,Active,2022-11-14,25,96,14.0,13,2024-10-25
CUST-01373,Starter,Active,2024-07-31,5,33,81.0,9,2024-10-12
CUST-01374,Starter,Active,2022-01-06,36,31,39.0,3,2023-08-09
CUST-01375,Enterprise,Churned,2024-09-08,3,995,39.0,7,2024-10-17
CUST-01376,Enterprise,Active,2023-06-26,18,994,60.0,13,2024-01-19
CUST-01377,Professional,Active,2024-04-21,8,301,15.0,14,2024-04-22
CUST-01378,Professional,Active,2022-06-27,30,295,15.0,5,2023-07-13
CUST-01379,Starter,Active,2023-05-20,19,31,61.0,7,2024-01-31
CUST-01380,Growth,Churned,2024-11-30,1,102,18.0,9,2024-12-17
CUST-01381,Starter,Churned,2023-09-10,15,28,3.0,7,2024-07-03
CUST-01382,Professional,Trial,2023-03-17,21,301,40.0,10,2024-07-30
CUST-01383,Starter,Active,2024-01-17,11,31,56.0,4,2024-02-20
CUST-01384,Professional,Active,2024-03-29,9,300,91.0,12,2024-09-14
CUST-01385,Enterprise,Active,2022-06-16,30,994,1.0,7,2023-10-03
CUST-01386,Professional,Churned,2023-08-29,16,298,12.0,3,2024-04-09
CUST-01387,Enterprise,Active,2022-12-16,24,1000,48.0,7,2023-06-16
CUST-01388,Enterprise,Active,2023-11-29,13,1003,55.0,8,2024-01-06
CUST-01389,Enterprise,Active,2024-04-21,8,1002,42.0,8,2024-05-05
CUST-01390,Starter,Churned,2023-01-30,23,32,,0,2023-04-02
CUST-01391,Enterprise,Active,2022-02-02,35,998,58.0,14,2023-02-25
CUST-01392,Starter,Active,2022-09-17,27,24,7.0,10,2022-11-22
CUST-01393,Starter,Active,2024-02-22,10,28,98.0,14,2024-11-19
CUST-01394,Starter,Active,2022-12-09,25,32,8.0,0,2024-09-13
CUST-01395,Enterprise,Churned,2024-09-22,3,1001,33.0,13,2024-11-06
CUST-01396,Enterprise,Active,2024-02-23,10,998,90.0,6,2024-02-26
CUST-01397,Growth,Churned,2022-02-06,35,99,2.0,2,2022-08-08
CUST-01398,Professional,Churned,2022-06-12,31,299,3.0,0,2023-05-17
CUST-01399,Professional,Active,2024-02-17,10,295,11.0,13,2024-03-06
CUST-01400,Growth,Active,2023-10-03,15,96,69.0,12,2024-03-31
CUST-01401,Growth,Active,2022-12-02,25,94,1.0,0,2023-06-04
CUST-01402,Enterprise,Active,2022-08-15,28,997,9.0,4,2023-05-09
CUST-01403,Starter,Active,2023-06-25,18,31,75.0,2,2024-08-10
CUST-01404,Enterprise,Active,2022-02-18,34,1003,84.0,4,2024-12-21
CUST-01405,Professional,Active,2023-09-20,15,295,83.0,0,2024-08-15
CUST-01406,Growth,Churned,2022-04-06,33,100,6.0,10,2023-04-29
CUST-01407,Professional,Active,2022-03-11,34,295,83.0,2,2023-04-11
CUST-01408,Growth,Active,2023-10-02,15,94,61.0,9,2024-01-16
CUST-01409,Professional,Active,2023-02-22,22,300,65.0,7,2023-12-18
CUST-01410,Starter,Trial,2023-04-11,21,25,35.0,8,2023-05-06
CUST-01411,Growth,Active,2022-05-06,32,103,62.0,13,2024-06-29
CUST-01412,Professional,Churned,2023-12-03,13,301,22.0,6,2024-07-07
CUST-01413,Growth,Active,2024-12-12,0,94,,10,2024-12-31
CUST-01414,Professional,Active,2023-09-07,16,295,93.0,9,2024-08-28
CUST-01415,Professional,Churned,2023-10-27,14,299,12.0,6,2024-02-07
CUST-01416,Starter,Active,2024-01-27,11,25,3.0,12,2024-07-23
CUST-01417,Starter,Active,2024-11-01,2,25,92.0,1,2024-11-23
CUST-01418,Growth,Churned,2023-09-25,15,94,16.0,0,2024-02-02
CUST-01419,Professional,Active,2024-02-03,11,301,31.0,11,2024-12-08
CUST-01420,Starter,Churned,2024-08-09,4,33,18.0,13,2024-09-10
CUST-01421,Enterprise,Trial,2023-07-18,17,1003,24.0,8,2024-07-10
CUST-01422,Starter,Active,2024-06-14,6,31,68.0,13,2024-06-16
CUST-01423,Professional,Active,2022-07-28,29,302,90.0,9,2024-09-06
CUST-01424,Professional,Active,2022-04-22,32,294,95.0,13,2024-03-23
CUST-01425,Enterprise,Active,2023-11-11,13,996,3.0,5,2024-02-07
CUST-01426,Growth,Active,2022-09-23,27,99,58.0,9,2023-09-24
CUST-01427,Starter,Churned,2023-05-06,20,30,15.0,14,2023-05-25
CUST-01428,Starter,Active,2023-03-08,22,33,54.0,1,2024-06-27
CUST-01429,Professional,Active,2023-08-18,16,298,59.0,11,2024-09-13
CUST-01430,Professional,Active,2022-10-31,26,294,56.0,3,2024-02-03
CUST-01431,Professional,Active,2024-05-24,7,301,79.0,7,2024-12-07
CUST-01432,Growth,Active,2024-07-27,5,103,23.0,8,2024-08-12
CUST-01433,Growth,Active,2023-10-17,14,102,43.0,6,2023-12-16
CUST-01434,Growth,Active,2024-01-05,12,99,99.0,14,2024-09-19
CUST-01435,Professional,Trial,2024-05-17,7,294,82.0,10,2024-12-02
CUST-01436,Growth,Active,2024-04-25,8,98,46.0,12,2024-08-25
CUST-01437,Professional,Churned,2024-04-06,8,302,25.0,6,2024-05-14
CUST-01438,Professional,Active,2022-01-27,35,299,90.0,9,2022-06-13
CUST-01439,Starter,Active,2023-06-12,18,30,43.0,5,2024-12-31
CUST-01440,Enterprise,Churned,2023-05-07,20,998,,4,2023-05-31
CUST-01441,Enterprise,Active,2023-03-14,21,994,32.0,13,2024-07-14
CUST-01442,Enterprise,Trial,2022-08-21,28,995,59.0,9,2022-09-22
CUST-01443,Growth,Active,2023-07-27,17,98,90.0,3,2024-11-27
CUST-01444,Starter,Active,2023-10-15,14,27,95.0,5,2024-05-07
CUST-01445,Professional,Active,2022-03-10,34,303,72.0,5,2023-03-20
CUST-01446,Growth,Active,2022-08-22,28,94,89.0,3,2023-10-12
CUST-01447,Enterprise,Trial,2022-11-30,25,1000,81.0,11,2023-12-01
CUST-01448,Enterprise,Active,2023-04-17,20,1002,51.0,12,2024-02-23
CUST-01449,Enterprise,Active,2024-12-18,0,996,74.0,7,2024-12-27
CUST-01450,Starter,Active,2024-10-05,2,25,67.0,1,2024-10-25
CUST-01451,Growth,Churned,2024-10-18,2,98,25.0,11,2024-10-28
CUST-01452,Growth,Churned,2023-10-07,15,102,7.0,2,2024-01-10
CUST-01453,Starter,Active,2024-08-18,4,26,69.0,8,2024-12-02
CUST-01454,Starter,Active,2024-07-07,5,24,19.0,8,2024-07-09
CUST-01455,Enterprise,Active,2024-06-20,6,1000,96.0,1,2024-11-20
CUST-01456,Enterprise,Active,2023-05-31,19,995,,9,2023-11-19
CUST-01457,Growth,Churned,2023-02-09,23,96,4.0,14,2024-10-17
CUST-01458,Growth,Trial,2022-04-25,32,94,14.0,12,2022-08-05
CUST-01459,Enterprise,Active,2024-10-23,2,994,99.0,4,2024-11-02
CUST-01460,Starter,Active,2023-06-14,18,31,37.0,11,2024-05-01
CUST-01461,Growth,Active,2023-02-18,22,100,73.0,0,2023-03-04
CUST-01462,Enterprise,Active,2022-03-14,34,998,82.0,0,2023-11-20
CUST-01463,Starter,Active,2024-06-09,6,30,23.0,0,2024-08-23
CUST-01464,Professional,Active,2022-07-16,29,303,62.0,6,2024-10-12
CUST-01465,Enterprise,Active,2024-07-13,5,999,54.0,11,2024-11-23
CUST-01466,Growth,Active,2023-07-14,17,94,31.0,10,2023-11-16
CUST-01467,Professional,Active,2022-06-25,30,303,49.0,9,2024-09-03
CUST-01468,Growth,Churned,2023-02-21,22,103,12.0,11,2024-11-27
CUST-01469,Starter,Active,2022-11-07,26,28,33.0,11,2023-07-29
CUST-01470,Starter,Churned,2023-04-28,20,24,8.0,11,2023-05-20
CUST-01471,Growth,Active,2024-09-05,3,98,27.0,10,2024-10-31
CUST-01472,Growth,Churned,2022-11-27,25,98,35.0,10,2023-12-26
CUST-01473,Professional,Active,2024-07-15,5,295,74.0,3,2024-10-07
CUST-01474,Professional,Active,2023-04-15,20,294,56.0,1,2023-08-03
CUST-01475,Growth,Churned,2023-11-02,14,94,39.0,14,2024-04-26
CUST-01476,Professional,Trial,2022-07-17,29,299,5.0,14,2022-11-19
CUST-01477,Enterprise,Active,2023-03-16,21,999,38.0,12,2023-06-25
CUST-01478,Enterprise,Active,2024-06-25,6,1002,61.0,3,2024-07-30
CUST-01479,Starter,Active,2024-01-21,11,24,60.0,3,2024-12-14
CUST-01480,Professional,Churned,2023-08-30,16,301,10.0,13,2024-06-22
CUST-01481,Enterprise,Active,2024-04-17,8,997,6.0,8,2024-07-25
CUST-01482,Enterprise,Active,2022-04-20,32,998,82.0,14,2022-09-29
CUST-01483,Enterprise,Active,2024-03-27,9,996,35.0,3,2024-11-25
CUST-01484,Growth,Trial,2023-10-26,14,96,33.0,14,2024-01-26
CUST-01485,Growth,Active,2024-06-28,6,102,59.0,14,2024-12-22
CUST-01486,Starter,Churned,2023-08-10,16,30,4.0,8,2024-02-16
CUST-01487,Starter,Churned,2024-10-15,2,25,25.0,8,2024-11-21
CUST-01488,Starter,Active,2023-06-04,19,25,53.0,8,2024-10-05
CUST-01489,Enterprise,Active,2023-09-10,15,999,37.0,0,2024-04-29
CUST-01490,Professional,Churned,2023-09-04,16,300,3.0,1,2024-08-29
CUST-01491,Growth,Active,2022-05-18,31,100,57.0,4,2024-11-03
CUST-01492,Enterprise,Active,2024-01-21,11,997,93.0,9,2024-02-02
CUST-01493,Growth,Active,2022-12-23,24,98,83.0,11,2024-10-29
CUST-01494,Starter,Active,2024-10-14,2,25,62.0,3,2024-10-21
CUST-01495,Starter,Trial,2022-03-31,33,32,35.0,2,2023-10-06
CUST-01496,Enterprise,Active,2023-09-25,15,998,10.0,10,2024-01-24
CUST-01497,Enterprise,Active,2023-07-20,17,1000,1.0,1,2024-12-30
CUST-01498,Growth,Active,2023-12-12,12,98,5.0,12,2024-02-11
CUST-01499,Starter,Active,2022-02-01,35,30,28.0,6,2024-05-07
CUST-01500,Starter,Active,2023-11-07,14,26,2.0,11,2024-08-26
CUST-01501,Growth,Active,2024-08-21,4,95,83.0,10,2024-12-29
CUST-01502,Growth,Active,2022-08-11,29,100,95.0,5,2023-09-30
CUST-01503,Growth,Active,2024-11-28,1,94,9.0,0,2024-12-18
CUST-01504,Enterprise,Active,2023-09-14,15,1000,93.0,7,2024-06-14
CUST-01505,Growth,Active,2024-08-05,4,99,60.0,0,2024-11-03
CUST-01506,Professional,Active,2023-09-28,15,295,39.0,13,2024-08-31
CUST-01507,Professional,Active,2023-01-19,23,298,88.0,3,2023-08-30
CUST-01508,Starter,Active,2024-08-12,4,28,29.0,13,2024-08-16
CUST-01509,Professional,Trial,2023-01-09,24,303,,1,2024-01-25
CUST-01510,Starter,Churned,2023-10-31,14,28,32.0,3,2024-08-01
CUST-01511,Enterprise,Active,2024-06-27,6,1000,58.0,12,2024-11-07
CUST-01512,Enterprise,Active,2022-11-13,25,1003,17.0,14,2023-06-20
CUST-01513,Professional,Active,2022-09-09,28,299,73.0,5,2023-07-02
CUST-01514,Starter,Active,2024-04-13,8,32,66.0,10,2024-10-06
CUST-01515,Starter,Active,2022-10-10,27,31,48.0,9,2022-11-04
CUST-01516,Professional,Active,2022-07-08,30,302,99.0,5,2023-06-24
CUST-01517,Enterprise,Active,2022-03-02,34,998,38.0,11,2023-03-26
CUST-01518,Growth,Churned,2022-02-05,35,102,3.0,7,2022-05-24
CUST-01519,Professional,Active,2023-06-09,19,300,42.0,10,2024-05-18
CUST-01520,Enterprise,Churned,2024-09-03,3,1002,4.0,10,2024-11-12
CUST-01521,Enterprise,Active,2024-03-21,9,996,75.0,8,2024-08-20
CUST-01522,Starter,Active,2022-02-16,34,26,62.0,14,2023-07-01
CUST-01523,Enterprise,Trial,2022-12-26,24,996,62.0,12,2024-03-18
CUST-01524,Enterprise,Trial,2023-03-21,21,994,15.0,13,2024-11-03
CUST-01525,Enterprise,Trial,2023-09-20,15,997,64.0,6,2024-01-23
CUST-01526,Growth,Active,2022-05-07,32,101,31.0,1,2023-07-06
CUST-01527,Professional,Active,2022-03-25,33,303,71.0,12,2023-09-19
CUST-01528,Professional,Churned,2023-10-10,14,302,36.0,8,2024-07-10
CUST-01529,Enterprise,Trial,2024-08-05,4,1003,52.0,9,2024-09-27
CUST-01530,Enterprise,Active,2023-11-13,13,1003,15.0,0,2024-12-17
CUST-01531,Starter,Active,2022-10-28,26,29,61.0,3,2023-01-27
CUST-01532,Starter,Active,2022-09-02,28,28,92.0,7,2023-06-13
CUST-01533,Starter,Trial,2024-04-10,8,25,92.0,11,2024-12-21
CUST-01534,Professional,Active,2024-06-26,6,302,93.0,11,2024-09-01
CUST-01535,Growth,Active,2022-03-27,33,96,83.0,5,2022-04-03
CUST-01536,Professional,Active,2022-07-19,29,298,76.0,5,2023-08-14
CUST-01537,Enterprise,Active,2024-08-06,4,998,88.0,8,2024-10-11
CUST-01538,Enterprise,Churned,2024-08-26,4,995,25.0,9,2024-10-06
CUST-01539,Starter,Churned,2024-01-13,11,31,28.0,0,2024-06-04
CUST-01540,Enterprise,Active,2024-12-23,0,1001,87.0,0,2024-12-25
CUST-01541,Professional,Active,2024-09-15,3,296,38.0,0,2024-10-13
CUST-01542,Enterprise,Active,2024-04-14,8,998,70.0,1,2024-12-03
CUST-01543,Professional,Trial,2024-10-12,2,300,91.0,13,2024-11-23
CUST-01544,Starter,Active,2022-10-03,27,29,38.0,13,2023-07-03
CUST-01545,Enterprise,Trial,2022-08-14,29,999,45.0,12,2023-11-01
CUST-01546,Professional,Active,2022-03-08,34,302,75.0,11,2022-06-20
CUST-01547,Growth,Active,2023-04-14,20,102,2.0,8,2023-10-17
CUST-01548,Enterprise,Active,2023-05-11,20,995,45.0,2,2023-07-21
CUST-01549,Enterprise,Active,2022-08-19,28,1002,83.0,3,2023-04-07
CUST-01550,Professional,Active,2024-10-12,2,298,81.0,1,2024-12-02
CUST-01551,Enterprise,Active,2024-06-08,6,999,75.0,13,2024-12-25
CUST-01552,Professional,Trial,2024-09-04,3,295,93.0,14,2024-09-05
CUST-01553,Enterprise,Churned,2024-05-25,7,997,39.0,14,2024-07-19
CUST-01554,Enterprise,Active,2022-01-18,35,994,60.0,10,2024-10-15
CUST-01555,Growth,Active,2023-05-11,20,99,2.0,5,2024-06-15
CUST-01556,Enterprise,Active,2022-05-11,32,997,87.0,14,2023-01-08
CUST-01557,Professional,Active,2024-01-25,11,302,65.0,11,2024-02-16
CUST-01558,Growth,Active,2022-06-06,31,103,51.0,6,2024-12-04
CUST-01559,Enterprise,Churned,2023-03-25,21,999,34.0,4,2024-09-21
CUST-01560,Enterprise,Active,2024-05-25,7,1000,96.0,11,2024-11-12
CUST-01561,Enterprise,Active,2022-12-13,24,997,68.0,10,2023-01-11
CUST-01562,Enterprise,Trial,2023-09-25,15,1003,66.0,7,2023-12-20
CUST-01563,Growth,Churned,2022-08-30,28,96,17.0,14,2024-03-22
CUST-01564,Starter,Active,2022-08-26,28,31,93.0,13,2023-10-11
CUST-01565,Enterprise,Churned,2022-03-01,34,995,31.0,5,2024-08-05
CUST-01566,Professional,Churned,2024-12-03,0,294,4.0,14,2024-12-15
CUST-01567,Starter,Trial,2023-05-11,20,30,11.0,6,2023-12-19
CUST-01568,Growth,Active,2023-09-11,15,99,,3,2024-06-29
CUST-01569,Enterprise,Churned,2024-07-11,5,1000,32.0,4,2024-12-04
CUST-01570,Starter,Active,2023-05-27,19,30,17.0,6,2024-02-09
CUST-01571,Enterprise,Active,2024-12-16,0,995,94.0,10,2024-12-16
CUST-01572,Professional,Churned,2024-02-23,10,294,16.0,8,2024-03-17
CUST-01573,Growth,Active,2023-05-22,19,97,52.0,10,2024-02-11
CUST-01574,Growth,Active,2023-05-20,19,97,48.0,1,2023-12-22
CUST-01575,Starter,Active,2024-02-26,10,26,45.0,2,2024-11-08
CUST-01576,Growth,Active,2022-09-11,28,94,93.0,7,2022-11-09
CUST-01577,Growth,Active,2022-03-19,33,96,42.0,6,2024-06-11
CUST-01578,Growth,Active,2022-01-15,36,103,85.0,2,2024-11-05
CUST-01579,Enterprise,Active,2023-02-07,23,998,29.0,14,2024-04-14
CUST-01580,Professional,Active,2023-04-13,20,294,85.0,11,2023-10-27
CUST-01581,Enterprise,Churned,2022-04-07,33,1000,31.0,11,2024-11-02
CUST-01582,Growth,Active,2024-11-03,1,94,60.0,7,2024-11-13
CUST-01583,Professional,Active,2022-06-29,30,300,91.0,0,2022-08-13
CUST-01584,Starter,Active,2024-05-09,7,32,85.0,9,2024-06-22
CUST-01585,Growth,Churned,2022-06-30,30,102,3.0,12,2022-11-06
CUST-01586,Enterprise,Active,2023-10-30,14,999,42.0,8,2024-09-21
CUST-01587,Growth,Active,2023-09-24,15,101,94.0,4,2024-06-21
CUST-01588,Enterprise,Active,2023-07-02,18,1001,3.0,7,2024-12-03
CUST-01589,Professional,Active,2022-11-22,25,303,99.0,6,2024-06-16
CUST-01590,Enterprise,Churned,2022-07-02,30,996,31.0,6,2023-10-27
CUST-01591,Enterprise,Churned,2024-06-11,6,994,35.0,10,2024-09-29
CUST-01592,Growth,Active,2023-12-29,12,94,,8,2024-05-09
CUST-01593,Growth,Active,2022-07-26,29,102,10.0,6,2022-11-19
CUST-01594,Enterprise,Churned,2023-02-24,22,999,28.0,12,2024-09-04
CUST-01595,Growth,Active,2024-04-28,8,95,30.0,6,2024-12-05
CUST-01596,Starter,Active,2022-09-11,28,28,71.0,5,2024-04-22
CUST-01597,Growth,Active,2023-03-21,21,100,90.0,6,2024-01-16
CUST-01598,Growth,Churned,2023-04-11,21,97,28.0,7,2023-08-09
CUST-01599,Professional,Active,2024-05-29,7,294,77.0,0,2024-06-23
CUST-01600,Starter,Active,2023-02-15,22,25,77.0,14,2023-07-27
CUST-01601,Growth,Churned,2022-08-16,28,101,29.0,14,2024-11-20
CUST-01602,Growth,Active,2023-09-10,15,101,94.0,6,2024-12-14
CUST-01603,Enterprise,Churned,2023-12-21,12,997,2.0,1,2024-05-17
CUST-01604,Professional,Churned,2022-10-18,26,303,21.0,14,2023-11-05
CUST-01605,Enterprise,Trial,2023-07-28,17,1000,19.0,5,2023-08-14
CUST-01606,Starter,Active,2022-07-30,29,32,4.0,3,2023-12-15
CUST-01607,Starter,Active,2023-03-12,22,26,,10,2024-03-13
CUST-01608,Enterprise,Active,2022-12-01,25,998,68.0,2,2023-11-20
CUST-01609,Starter,Active,2023-07-15,17,28,16.0,4,2023-08-03
CUST-01610,Growth,Active,2023-03-19,21,99,80.0,4,2023-05-02
CUST-01611,Starter,Active,2023-12-16,12,31,60.0,1,2024-02-06
CUST-01612,Enterprise,Active,2024-09-23,3,998,80.0,1,2024-11-15
CUST-01613,Enterprise,Active,2024-11-12,1,996,78.0,4,2024-11-29
CUST-01614,Enterprise,Trial,2022-04-14,33,997,74.0,13,2023-06-02
CUST-01615,Growth,Active,2022-05-28,31,100,11.0,13,2023-03-22
CUST-01616,Professional,Active,2022-02-26,34,294,86.0,4,2022-07-30
CUST-01617,Professional,Trial,2024-12-30,0,295,52.0,10,2024-12-30
CUST-01618,Professional,Active,2022-05-30,31,295,41.0,10,2024-06-24
CUST-01619,Starter,Active,2022-03-12,34,33,7.0,14,2022-12-10
CUST-01620,Growth,Active,2023-10-13,14,97,16.0,12,2024-04-28
CUST-01621,Growth,Active,2024-02-09,10,98,85.0,14,2024-06-24
CUST-01622,Professional,Trial,2023-06-22,18,299,49.0,6,2024-05-10
CUST-01623,Starter,Churned,2022-10-03,27,26,29.0,0,2023-07-26
CUST-01624,Growth,Active,2022-06-14,31,98,73.0,14,2023-12-28
CUST-01625,Enterprise,Active,2022-06-26,30,994,97.0,7,2024-05-04
CUST-01626,Enterprise,Active,2022-05-16,32,998,53.0,5,2022-06-14
CUST-01627,Professional,Active,2022-10-30,26,300,75.0,8,2024-02-20
CUST-01628,Enterprise,Active,2023-09-13,15,995,86.0,11,2024-11-10
CUST-01629,Professional,Active,2022-12-03,25,302,78.0,9,2023-05-20
CUST-01630,Starter,Churned,2022-05-06,32,24,29.0,5,2024-10-23
CUST-01631,Starter,Active,2022-10-02,27,30,5.0,10,2024-09-05
CUST-01632,Starter,Active,2022-03-07,34,26,55.0,0,2022-03-13
CUST-01633,Starter,Active,2022-08-22,28,30,61.0,0,2024-09-13
CUST-01634,Enterprise,Active,2024-05-17,7,999,58.0,0,2024-11-14
CUST-01635,Professional,Active,2024-02-16,10,300,75.0,3,2024-11-12
CUST-01636,Growth,Active,2024-08-25,4,103,43.0,4,2024-12-23
CUST-01637,Starter,Active,2024-09-09,3,24,56.0,13,2024-12-28
CUST-01638,Enterprise,Active,2024-08-14,4,997,33.0,13,2024-09-29
CUST-01639,Enterprise,Active,2022-03-06,34,994,39.0,5,2024-07-24
CUST-01640,Enterprise,Active,2024-10-28,2,999,87.0,4,2024-12-10
CUST-01641,Growth,Active,2023-01-21,23,97,43.0,12,2024-03-05
CUST-01642,Starter,Active,2024-10-31,2,26,96.0,0,2024-11-19
CUST-01643,Enterprise,Churned,2023-01-11,24,997,4.0,0,2023-02-24
CUST-01644,Enterprise,Active,2023-02-28,22,1002,34.0,13,2024-06-24
CUST-01645,Enterprise,Active,2023-08-29,16,1000,,9,2024-09-14
CUST-01646,Growth,Churned,2024-08-30,4,100,8.0,9,2024-09-21
CUST-01647,Growth,Active,2023-10-10,14,94,94.0,12,2024-06-22
CUST-01648,Enterprise,Active,2024-03-29,9,996,12.0,5,2024-11-23
CUST-01649,Enterprise,Churned,2022-07-29,29,994,27.0,6,2023-04-03
CUST-01650,Professional,Active,2022-11-20,25,299,97.0,14,2023-04-18
CUST-01651,Professional,Active,2022-02-06,35,302,95.0,0,2022-11-13
CUST-01652,Starter,Active,2024-06-07,6,28,32.0,0,2024-12-08
CUST-01653,Starter,Active,2024-07-15,5,27,5.0,14,2024-11-21
CUST-01654,Growth,Churned,2024-02-01,11,94,33.0,9,2024-02-20
CUST-01655,Growth,Active,2022-01-12,36,100,70.0,1,2023-09-17
CUST-01656,Starter,Active,2022-11-13,25,29,4.0,8,2023-01-11
CUST-01657,Professional,Active,2024-03-05,10,299,7.0,14,2024-09-05
CUST-01658,Starter,Active,2023-01-02,24,28,16.0,5,2023-12-27
CUST-01659,Starter,Active,2022-04-04,33,31,97.0,12,2024-05-31
CUST-01660,Enterprise,Active,2024-04-05,9,996,46.0,13,2024-12-16
CUST-01661,Growth,Active,2022-05-05,32,100,8.0,3,2022-11-29
CUST-01662,Enterprise,Churned,2023-07-23,17,999,20.0,1,2023-11-03
CUST-01663,Enterprise,Churned,2023-06-14,18,995,17.0,14,2024-05-16
CUST-01664,Professional,Active,2023-02-22,22,294,69.0,1,2023-11-05
CUST-01665,Professional,Active,2022-07-10,30,298,72.0,3,2023-04-25
CUST-01666,Growth,Active,2024-08-13,4,97,94.0,2,2024-10-22
CUST-01667,Starter,Churned,2024-01-24,11,29,28.0,13,2024-12-17
CUST-01668,Enterprise,Active,2022-08-08,29,999,20.0,1,2023-02-03
CUST-01669,Growth,Active,2024-08-01,5,96,8.0,4,2024-12-12
CUST-01670,Enterprise,Active,2024-12-16,0,999,27.0,9,2024-12-30
CUST-01671,Enterprise,Active,2022-10-28,26,996,76.0,0,2024-12-19
CUST-01672,Professional,Churned,2022-10-29,26,301,31.0,13,2024-11-18
CUST-01673,Professional,Active,2023-09-14,15,296,43.0,11,2024-10-27
CUST-01674,Growth,Churned,2022-11-16,25,96,20.0,1,2024-03-02
CUST-01675,Enterprise,Active,2022-01-04,36,999,91.0,1,2022-08-19
CUST-01676,Growth,Active,2023-03-12,22,97,,2,2024-03-21
CUST-01677,Professional,Active,2023-12-19,12,301,18.0,11,2024-06-12
CUST-01678,Growth,Active,2023-09-10,15,101,83.0,9,2024-04-10
CUST-01679,Professional,Active,2023-05-24,19,294,33.0,5,2024-01-07
CUST-01680,Enterprise,Churned,2023-02-10,23,999,,9,2023-05-25
CUST-01681,Starter,Active,2022-07-13,30,28,27.0,0,2023-03-25
CUST-01682,Professional,Active,2022-06-25,30,297,84.0,5,2023-09-09
CUST-01683,Enterprise,Active,2022-07-02,30,1003,81.0,2,2023-11-30
CUST-01684,Professional,Active,2022-03-18,33,294,75.0,10,2023-08-03
CUST-01685,Starter,Active,2024-11-23,1,26,43.0,3,2024-12-16
CUST-01686,Professional,Active,2023-06-15,18,301,,5,2023-08-14
CUST-01687,Enterprise,Active,2023-08-22,16,1002,19.0,12,2024-05-22
CUST-01688,Enterprise,Active,2022-05-23,31,1001,87.0,2,2023-12-15
CUST-01689,Growth,Active,2024-03-21,9,96,19.0,12,2024-07-26
CUST-01690,Professional,Churned,2024-03-28,9,294,,5,2024-06-12
CUST-01691,Enterprise,Active,2023-01-13,23,996,33.0,12,2023-06-21
CUST-01692,Enterprise,Active,2022-05-25,31,1002,49.0,1,2024-12-31
CUST-01693,Starter,Active,2024-03-23,9,26,39.0,14,2024-10-22
CUST-01694,Starter,Trial,2023-04-27,20,24,91.0,1,2023-07-30
CUST-01695,Starter,Active,2023-07-16,17,25,33.0,0,2023-11-02
CUST-01696,Starter,Active,2023-09-21,15,30,10.0,11,2024-12-12
CUST-01697,Growth,Active,2022-09-25,27,102,95.0,11,2023-11-17
CUST-01698,Starter,Active,2023-01-02,24,31,9.0,14,2023-06-07
CUST-01699,Enterprise,Active,2024-12-12,0,1002,29.0,3,2024-12-27
CUST-01700,Starter,Active,2022-09-06,28,24,81.0,2,2024-09-03
CUST-01701,Starter,Active,2024-03-06,10,26,48.0,2,2024-07-10
CUST-01702,Enterprise,Active,2022-02-14,35,1003,97.0,4,2024-03-03
CUST-01703,Growth,Churned,2023-02-06,23,103,18.0,4,2024-08-28
CUST-01704,Growth,Active,2022-04-08,33,103,88.0,10,2024-01-02
CUST-01705,Starter,Active,2022-12-15,24,33,60.0,2,2023-03-18
CUST-01706,Professional,Churned,2024-05-15,7,294,33.0,2,2024-06-27
CUST-01707,Professional,Active,2022-09-01,28,300,22.0,6,2023-04-24
CUST-01708,Growth,Active,2023-12-28,12,94,5.0,12,2024-06-10
CUST-01709,Enterprise,Churned,2023-02-08,23,1003,14.0,6,2023-06-20
CUST-01710,Enterprise,Active,2022-03-30,33,997,48.0,14,2024-03-10
CUST-01711,Enterprise,Active,2024-07-16,5,1003,4.0,13,2024-08-09
CUST-01712,Professional,Churned,2024-12-22,0,302,35.0,1,2024-12-24
CUST-01713,Growth,Active,2024-08-20,4,101,23.0,9,2024-08-30
CUST-01714,Growth,Trial,2022-02-25,34,98,80.0,2,2024-03-11
CUST-01715,Starter,Churned,2022-01-05,36,25,21.0,7,2024-09-29
CUST-01716,Starter,Churned,2022-01-24,35,24,28.0,10,2022-09-22
CUST-01717,Professional,Active,2023-10-19,14,294,58.0,11,2024-08-28
CUST-01718,Starter,Active,2023-10-31,14,32,46.0,13,2024-08-15
CUST-01719,Enterprise,Active,2023-03-16,21,994,67.0,8,2024-07-07
CUST-01720,Growth,Active,2023-07-13,17,99,56.0,8,2023-07-21
CUST-01721,Growth,Churned,2024-01-03,12,99,36.0,6,2024-12-05
CUST-01722,Professional,Trial,2022-01-28,35,297,50.0,2,2024-04-05
CUST-01723,Professional,Trial,2023-05-08,20,296,19.0,10,2023-12-18
CUST-01724,Enterprise,Churned,2023-11-17,13,998,32.0,14,2024-02-07
CUST-01725,Starter,Active,2022-04-26,32,30,86.0,6,2024-08-03
CUST-01726,Growth,Active,2024-07-14,5,94,96.0,5,2024-08-11
CUST-01727,Growth,Active,2024-09-08,3,98,34.0,6,2024-09-16
CUST-01728,Professional,Active,2022-05-29,31,297,72.0,10,2022-12-31
CUST-01729,Professional,Trial,2023-03-31,21,300,16.0,12,2023-05-02
CUST-01730,Enterprise,Active,2024-04-07,8,996,25.0,4,2024-12-20
CUST-01731,Growth,Trial,2023-02-07,23,96,68.0,10,2024-10-05
CUST-01732,Enterprise,Active,2022-01-17,35,1001,59.0,0,2023-06-23
CUST-01733,Professional,Active,2022-05-16,32,299,15.0,12,2023-05-30
CUST-01734,Professional,Trial,2024-02-13,10,301,71.0,7,2024-06-02
CUST-01735,Enterprise,Churned,2022-12-09,25,1003,1.0,2,2024-03-23
CUST-01736,Enterprise,Active,2023-10-28,14,998,98.0,12,2024-03-03
CUST-01737,Starter,Churned,2022-11-23,25,28,8.0,2,2024-05-20
CUST-01738,Enterprise,Active,2024-11-22,1,998,81.0,10,2024-12-09
CUST-01739,Enterprise,Churned,2023-08-23,16,999,1.0,0,2024-03-03
CUST-01740,Starter,Churned,2022-12-25,24,30,12.0,7,2024-03-17
CUST-01741,Professional,Active,2022-02-26,34,295,51.0,14,2023-04-14
CUST-01742,Enterprise,Trial,2023-01-26,23,1001,6.0,10,2024-02-26
CUST-01743,Starter,Active,2022-03-26,33,29,5.0,13,2024-08-01
CUST-01744,Starter,Churned,2024-09-25,3,27,3.0,7,2024-11-18
CUST-01745,Professional,Active,2022-12-28,24,296,62.0,7,2024-06-21
CUST-01746,Starter,Churned,2024-07-29,5,24,12.0,8,2024-11-22
CUST-01747,Growth,Active,2022-06-23,30,95,82.0,1,2022-11-17
CUST-01748,Growth,Active,2023-07-15,17,98,48.0,1,2023-12-16
CUST-01749,Professional,Active,2023-09-25,15,296,53.0,14,2023-12-09
CUST-01750,Enterprise,Active,2023-05-18,19,1002,28.0,8,2024-12-20
CUST-01751,Starter,Active,2022-08-16,28,30,62.0,12,2023-03-24
CUST-01752,Starter,Active,2023-07-29,17,31,46.0,14,2024-09-05
CUST-01753,Starter,Active,2024-04-06,8,24,66.0,13,2024-11-11
CUST-01754,Enterprise,Active,2024-05-09,7,995,55.0,4,2024-05-12
CUST-01755,Growth,Active,2024-05-24,7,98,86.0,13,2024-10-20
CUST-01756,Enterprise,Active,2023-11-22,13,996,21.0,13,2024-04-18
CUST-01757,Enterprise,Active,2024-11-23,1,996,19.0,3,2024-12-27
CUST-01758,Professional,Active,2022-09-06,28,298,,9,2023-07-17
CUST-01759,Starter,Trial,2022-12-10,25,29,87.0,0,2024-08-22
CUST-01760,Growth,Active,2024-01-15,11,94,20.0,7,2024-07-27
CUST-01761,Professional,Active,2022-06-13,31,295,62.0,14,2024-03-09
CUST-01762,Professional,Active,2024-07-26,5,303,11.0,4,2024-12-24
CUST-01763,Starter,Active,2023-02-22,22,31,68.0,9,2023-09-11
CUST-01764,Professional,Active,2024-03-31,9,299,81.0,12,2024-11-26
CUST-01765,Enterprise,Active,2023-01-16,23,999,15.0,11,2023-08-01
CUST-01766,Professional,Active,2023-02-17,22,300,67.0,4,2024-02-22
CUST-01767,Enterprise,Active,2024-08-26,4,1001,96.0,14,2024-12-28
CUST-01768,Starter,Trial,2023-09-13,15,25,85.0,12,2023-11-17
CUST-01769,Enterprise,Active,2024-09-24,3,1002,6.0,5,2024-10-22
CUST-01770,Starter,Active,2023-10-16,14,25,95.0,2,2024-06-15
CUST-01771,Professional,Active,2024-03-07,9,302,41.0,8,2024-06-16
CUST-01772,Professional,Active,2023-02-17,22,295,35.0,8,2024-03-19
CUST-01773,Starter,Trial,2022-02-27,34,31,84.0,9,2023-12-03
CUST-01774,Starter,Active,2022-06-18,30,30,37.0,1,2022-07-17
CUST-01775,Starter,Trial,2023-12-09,12,30,46.0,9,2024-02-04
CUST-01776,Enterprise,Churned,2023-09-29,15,1001,20.0,9,2023-11-06
CUST-01777,Professional,Active,2022-09-02,28,301,64.0,6,2023-01-11
CUST-01778,Growth,Churned,2022-12-06,25,96,35.0,11,2023-06-10
CUST-01779,Enterprise,Active,2022-12-10,25,996,3.0,6,2023-04-09
CUST-01780,Enterprise,Active,2024-05-27,7,998,20.0,9,2024-06-01
CUST-01781,Professional,Active,2023-06-18,18,301,58.0,8,2023-09-16
CUST-01782,Professional,Active,2022-12-29,24,296,27.0,12,2023-08-16
CUST-01783,Professional,Trial,2022-12-06,25,299,36.0,11,2024-06-15
CUST-01784,Enterprise,Active,2024-10-26,2,998,23.0,3,2024-11-12
CUST-01785,Growth,Churned,2023-08-14,16,101,19.0,10,2024-12-17
CUST-01786,Growth,Churned,2022-03-09,34,100,2.0,7,2024-12-22
CUST-01787,Starter,Active,2022-09-06,28,25,9.0,4,2023-06-10
CUST-01788,Growth,Active,2022-03-09,34,97,72.0,1,2024-05-01
CUST-01789,Professional,Active,2022-03-08,34,298,80.0,0,2023-06-23
CUST-01790,Starter,Active,2023-11-05,14,25,,2,2024-09-16
CUST-01791,Enterprise,Churned,2023-05-07,20,1003,10.0,14,2024-11-08
CUST-01792,Professional,Active,2024-09-30,3,303,79.0,0,2024-12-23
CUST-01793,Starter,Churned,2023-10-04,15,30,39.0,2,2024-03-12
CUST-01794,Growth,Churned,2022-06-02,31,100,37.0,7,2023-08-18
CUST-01795,Enterprise,Active,2022-04-10,33,995,60.0,6,2023-01-27
CUST-01796,Professional,Trial,2022-06-21,30,296,10.0,3,2023-07-14
CUST-01797,Enterprise,Active,2024-07-31,5,994,39.0,12,2024-09-23
CUST-01798,Professional,Churned,2022-10-05,27,301,29.0,1,2024-08-22
CUST-01799,Professional,Active,2023-05-22,19,298,85.0,7,2024-11-26
CUST-01800,Growth,Churned,2024-01-04,12,96,18.0,12,2024-01-11
CUST-01801,Starter,Active,2022-01-22,35,25,17.0,6,2023-10-02
CUST-01802,Enterprise,Active,2024-08-14,4,999,91.0,2,2024-09-03
CUST-01803,Professional,Active,2024-10-12,2,302,,8,2024-12-16
CUST-01804,Enterprise,Active,2022-04-13,33,994,3.0,7,2023-06-23
CUST-01805,Enterprise,Active,2024-01-10,11,996,40.0,0,2024-01-20
CUST-01806,Professional,Churned,2024-05-05,8,297,5.0,0,2024-11-03
CUST-01807,Growth,Active,2022-09-19,27,102,91.0,5,2023-03-08
CUST-01808,Growth,Churned,2023-10-30,14,103,16.0,5,2024-02-03
CUST-01809,Growth,Churned,2023-12-21,12,102,24.0,8,2023-12-25
CUST-01810,Starter,Active,2024-08-23,4,25,35.0,4,2024-11-29
CUST-01811,Growth,Active,2022-02-23,34,98,,12,2023-07-29
CUST-01812,Growth,Active,2024-12-19,0,99,50.0,7,2024-12-24
CUST-01813,Enterprise,Active,2023-10-13,14,994,30.0,11,2024-04-30
CUST-01814,Professional,Active,2024-04-05,9,300,89.0,13,2024-06-13
CUST-01815,Professional,Active,2023-01-16,23,300,92.0,7,2023-03-21
CUST-01816,Starter,Active,2022-01-04,36,25,74.0,3,2023-10-09
CUST-01817,Starter,Active,2022-11-24,25,32,71.0,10,2024-10-20
CUST-01818,Professional,Churned,2022-10-31,26,295,15.0,0,2024-02-15
CUST-01819,Starter,Active,2023-02-05,23,26,12.0,13,2023-06-13
CUST-01820,Starter,Active,2023-07-08,18,29,26.0,4,2024-08-11
CUST-01821,Enterprise,Active,2022-11-10,26,994,51.0,9,2024-12-14
CUST-01822,Enterprise,Active,2022-02-17,34,998,92.0,8,2022-12-12
CUST-01823,Growth,Active,2024-01-25,11,103,47.0,13,2024-03-14
CUST-01824,Enterprise,Active,2024-03-04,10,1003,21.0,13,2024-09-11
CUST-01825,Enterprise,Churned,2022-03-01,34,1003,9.0,2,2022-11-12
CUST-01826,Growth,Active,2022-11-19,25,101,49.0,8,2024-05-25
CUST-01827,Growth,Active,2024-12-29,0,96,12.0,6,2024-12-31
CUST-01828,Growth,Active,2022-12-24,24,99,2.0,11,2023-09-01
CUST-01829,Professional,Churned,2024-01-02,12,303,1.0,12,2024-03-11
CUST-01830,Starter,Churned,2022-05-19,31,26,23.0,7,2022-07-28
CUST-01831,Enterprise,Active,2023-11-25,13,1003,85.0,9,2023-12-06
CUST-01832,Enterprise,Churned,2022-02-09,35,996,14.0,11,2024-12-13
CUST-01833,Professional,Active,2024-09-18,3,296,4.0,6,2024-12-31
CUST-01834,Growth,Active,2024-12-02,0,100,41.0,11,2024-12-28
CUST-01835,Growth,Churned,2023-08-27,16,94,20.0,9,2024-07-22
CUST-01836,Starter,Active,2022-09-29,27,27,4.0,4,2024-05-25
CUST-01837,Starter,Active,2023-07-06,18,25,81.0,5,2023-08-14
CUST-01838,Professional,Active,2024-08-05,4,295,61.0,6,2024-09-20
CUST-01839,Growth,Active,2023-08-12,16,103,72.0,13,2024-11-21
CUST-01840,Growth,Active,2024-06-29,6,103,3.0,8,2024-09-30
CUST-01841,Starter,Active,2022-12-11,25,30,37.0,14,2023-01-16
CUST-01842,Professional,Churned,2022-07-16,29,297,15.0,6,2024-10-24
CUST-01843,Enterprise,Trial,2024-10-17,2,999,13.0,5,2024-11-26
CUST-01844,Enterprise,Active,2022-01-28,35,995,52.0,7,2022-09-11
CUST-01845,Starter,Active,2024-10-26,2,30,67.0,3,2024-12-11
CUST-01846,Growth,Trial,2022-05-21,31,96,46.0,13,2023-12-27
CUST-01847,Professional,Active,2023-10-10,14,303,96.0,8,2024-08-12
CUST-01848,Professional,Active,2022-10-19,26,300,30.0,12,2024-11-08
CUST-01849,Starter,Churned,2024-02-17,10,31,37.0,11,2024-03-24
CUST-01850,Professional,Active,2024-08-23,4,298,,8,2024-08-28
CUST-01851,Starter,Trial,2024-01-29,11,32,12.0,13,2024-08-13
CUST-01852,Professional,Active,2023-10-06,15,297,46.0,0,2024-08-20
CUST-01853,Enterprise,Active,2022-06-10,31,996,37.0,5,2023-10-28
CUST-01854,Enterprise,Active,2024-03-24,9,1002,92.0,7,2024-12-01
CUST-01855,Professional,Trial,2023-06-28,18,294,26.0,6,2024-12-10
CUST-01856,Growth,Active,2024-07-31,5,100,84.0,10,2024-12-07
CUST-01857,Starter,Churned,2024-01-04,12,31,28.0,14,2024-03-14
CUST-01858,Enterprise,Active,2024-03-21,9,994,91.0,9,2024-08-27
CUST-01859,Professional,Active,2022-04-06,33,298,15.0,6,2022-11-21
CUST-01860,Starter,Active,2023-08-09,17,30,20.0,0,2023-12-20
CUST-01861,Enterprise,Active,2024-01-16,11,1002,85.0,7,2024-11-24
CUST-01862,Enterprise,Trial,2022-06-16,30,994,34.0,7,2023-04-23
CUST-01863,Enterprise,Trial,2024-08-14,4,1003,95.0,13,2024-12-30
CUST-01864,Starter,Active,2024-06-05,6,28,19.0,5,2024-12-19
CUST-01865,Starter,Active,2023-05-23,19,31,43.0,7,2023-06-01
CUST-01866,Professional,Active,2024-09-15,3,301,39.0,8,2024-11-26
CUST-01867,Professional,Active,2023-03-01,22,294,,10,2023-08-05
CUST-01868,Growth,Active,2024-09-15,3,95,45.0,3,2024-12-26
CUST-01869,Enterprise,Churned,2024-11-18,1,995,26.0,0,2024-12-30
CUST-01870,Growth,Active,2022-10-02,27,101,43.0,5,2023-10-20
CUST-01871,Enterprise,Churned,2022-11-17,25,997,14.0,3,2023-12-17
CUST-01872,Professional,Active,2022-08-02,29,303,78.0,7,2023-11-09
CUST-01873,Professional,Active,2024-04-18,8,303,24.0,6,2024-08-02
CUST-01874,Enterprise,Active,2023-01-21,23,996,40.0,9,2024-09-27
CUST-01875,Starter,Active,2022-10-01,27,27,25.0,13,2024-12-15
CUST-01876,Professional,Churned,2022-08-27,28,300,21.0,4,2024-05-10
CUST-01877,Enterprise,Active,2023-09-19,15,994,23.0,11,2024-09-20
CUST-01878,Growth,Active,2022-10-27,26,97,83.0,4,2023-06-29
CUST-01879,Starter,Churned,2022-12-15,24,24,31.0,10,2023-06-25
CUST-01880,Professional,Active,2022-04-27,32,295,66.0,10,2024-01-23
CUST-01881,Enterprise,Active,2024-01-10,11,1002,67.0,0,2024-11-10
CUST-01882,Enterprise,Active,2024-03-15,9,1000,82.0,7,2024-06-30
CUST-01883,Starter,Churned,2022-06-03,31,33,31.0,12,2023-09-02
CUST-01884,Growth,Active,2022-07-11,30,97,43.0,5,2022-11-07
CUST-01885,Growth,Active,2022-12-29,24,94,46.0,11,2023-11-04
CUST-01886,Growth,Active,2024-12-04,0,100,58.0,7,2024-12-29
CUST-01887,Growth,Active,2024-11-06,1,102,93.0,13,2024-12-08
CUST-01888,Growth,Active,2024-12-12,0,98,65.0,2,2024-12-19
CUST-01889,Growth,Active,2023-06-20,18,102,22.0,4,2023-07-22
CUST-01890,Growth,Churned,2023-09-19,15,102,9.0,2,2024-05-25
CUST-01891,Professional,Active,2024-06-12,6,298,46.0,13,2024-10-27
CUST-01892,Enterprise,Active,2022-12-18,24,1002,73.0,6,2024-07-26
CUST-01893,Growth,Active,2024-10-04,2,94,76.0,8,2024-10-19
CUST-01894,Growth,Churned,2023-06-19,18,99,24.0,2,2024-11-18
CUST-01895,Starter,Churned,2023-09-27,15,30,17.0,10,2024-10-30
CUST-01896,Professional,Active,2023-03-13,21,294,56.0,1,2023-12-08
CUST-01897,Growth,Trial,2023-03-17,21,94,88.0,8,2024-09-12
CUST-01898,Growth,Active,2024-09-18,3,95,11.0,2,2024-09-25
CUST-01899,Starter,Active,2022-02-12,35,28,64.0,1,2023-07-13
CUST-01900,Growth,Active,2023-11-05,14,99,66.0,3,2023-11-24
CUST-01901,Professional,Active,2023-11-07,14,301,80.0,14,2023-12-20
CUST-01902,Enterprise,Active,2023-06-13,18,994,90.0,14,2024-09-19
CUST-01903,Growth,Active,2023-05-28,19,97,67.0,0,2024-08-01
CUST-01904,Growth,Churned,2024-10-19,2,97,10.0,0,2024-10-25
CUST-01905,Enterprise,Active,2023-05-14,19,1000,79.0,8,2023-11-08
CUST-01906,Starter,Active,2024-07-18,5,28,33.0,9,2024-10-01
CUST-01907,Professional,Active,2022-05-05,32,294,29.0,6,2024-04-07
CUST-01908,Starter,Churned,2024-10-04,2,32,19.0,0,2024-12-18
CUST-01909,Starter,Active,2023-12-09,12,28,79.0,9,2024-08-25
CUST-01910,Growth,Churned,2022-10-15,26,103,3.0,9,2024-09-09
CUST-01911,Starter,Trial,2022-12-13,24,24,6.0,12,2023-05-28
CUST-01912,Enterprise,Active,2022-12-12,25,1000,41.0,4,2023-10-19
CUST-01913,Professional,Active,2023-05-03,20,294,65.0,8,2023-09-11
CUST-01914,Growth,Active,2022-12-14,24,102,50.0,12,2024-03-16
CUST-01915,Starter,Trial,2022-03-14,34,32,21.0,6,2022-06-26
CUST-01916,Professional,Trial,2023-01-26,23,298,56.0,7,2023-03-25
CUST-01917,Starter,Active,2024-03-28,9,30,33.0,0,2024-07-25
CUST-01918,Starter,Active,2024-12-18,0,31,87.0,4,2024-12-30
CUST-01919,Professional,Active,2022-10-02,27,295,98.0,8,2024-05-15
CUST-01920,Starter,Active,2023-11-13,13,30,85.0,8,2024-09-06
CUST-01921,Enterprise,Active,2024-07-24,5,996,22.0,14,2024-12-08
CUST-01922,Starter,Active,2023-10-05,15,32,46.0,8,2024-12-25
CUST-01923,Growth,Active,2024-11-05,1,98,23.0,5,2024-12-03
CUST-01924,Enterprise,Active,2022-11-22,25,995,8.0,14,2023-04-15
CUST-01925,Starter,Active,2024-10-08,2,31,44.0,8,2024-10-12
CUST-01926,Growth,Active,2024-01-04,12,103,31.0,10,2024-02-18
CUST-01927,Enterprise,Churned,2024-08-28,4,994,38.0,14,2024-11-21
CUST-01928,Enterprise,Active,2024-07-29,5,997,54.0,2,2024-10-26
CUST-01929,Professional,Active,2022-01-03,36,302,77.0,11,2023-10-03
CUST-01930,Growth,Trial,2022-07-13,30,99,13.0,5,2023-07-20
CUST-01931,Enterprise,Active,2023-05-27,19,996,58.0,12,2024-08-24
CUST-01932,Growth,Active,2022-05-16,32,98,26.0,8,2022-11-11
CUST-01933,Enterprise,Churned,2022-11-03,26,1001,17.0,12,2023-12-05
CUST-01934,Starter,Active,2022-12-11,25,29,7.0,9,2023-12-30
CUST-01935,Growth,Churned,2022-08-25,28,102,24.0,0,2022-10-24
CUST-01936,Enterprise,Active,2023-10-26,14,1003,64.0,13,2024-11-10
CUST-01937,Professional,Churned,2023-08-09,17,297,,3,2024-07-10
CUST-01938,Professional,Churned,2023-06-29,18,294,38.0,0,2024-06-21
CUST-01939,Growth,Trial,2023-01-31,23,95,28.0,1,2024-04-26
CUST-01940,Enterprise,Churned,2024-03-12,9,998,12.0,4,2024-12-21
CUST-01941,Growth,Active,2024-10-12,2,94,84.0,4,2024-10-27
CUST-01942,Growth,Active,2022-08-10,29,103,58.0,3,2023-09-16
CUST-01943,Professional,Churned,2024-05-21,7,296,32.0,0,2024-08-18
CUST-01944,Growth,Active,2023-05-30,19,99,22.0,5,2024-02-22
CUST-01945,Starter,Active,2023-03-03,22,28,31.0,13,2023-03-14
CUST-01946,Starter,Churned,2022-12-04,25,33,19.0,8,2024-11-23
CUST-01947,Enterprise,Trial,2024-10-24,2,999,83.0,4,2024-11-20
CUST-01948,Starter,Churned,2022-04-04,33,33,33.0,9,2023-07-05
CUST-01949,Starter,Active,2023-08-29,16,32,8.0,7,2024-02-01
CUST-01950,Enterprise,Trial,2022-07-20,29,1003,32.0,12,2023-10-31
CUST-01951,Enterprise,Active,2023-06-09,19,1000,12.0,5,2024-05-01
CUST-01952,Enterprise,Active,2022-12-30,24,1003,2.0,13,2023-09-19
CUST-01953,Professional,Churned,2022-04-21,32,300,35.0,4,2022-09-14
CUST-01954,Enterprise,Active,2023-02-27,22,997,60.0,0,2023-03-06
CUST-01955,Professional,Active,2022-12-10,25,300,97.0,3,2023-03-09
CUST-01956,Growth,Active,2024-08-29,4,101,76.0,8,2024-08-29
CUST-01957,Professional,Churned,2023-07-24,17,302,28.0,7,2024-03-28
CUST-01958,Professional,Active,2024-11-08,1,298,86.0,1,2024-12-13
CUST-01959,Enterprise,Active,2024-07-08,5,1002,66.0,0,2024-09-16
CUST-01960,Enterprise,Active,2022-12-20,24,998,88.0,2,2024-03-09
CUST-01961,Enterprise,Active,2023-05-13,19,999,29.0,8,2023-11-12
CUST-01962,Starter,Active,2023-06-17,18,31,,3,2023-10-16
CUST-01963,Professional,Active,2024-11-19,1,300,89.0,9,2024-12-03
CUST-01964,Professional,Active,2022-07-02,30,295,7.0,13,2022-09-10
CUST-01965,Starter,Churned,2024-02-05,11,31,29.0,12,2024-11-12
CUST-01966,Growth,Churned,2024-08-26,4,100,21.0,4,2024-10-01
CUST-01967,Professional,Active,2024-04-12,8,302,31.0,10,2024-10-06
CUST-01968,Enterprise,Active,2024-09-25,3,994,39.0,13,2024-11-16
CUST-01969,Professional,Active,2023-03-25,21,295,31.0,4,2024-09-29
CUST-01970,Starter,Active,2023-01-07,24,29,26.0,12,2024-03-25
CUST-01971,Enterprise,Active,2022-08-15,28,997,32.0,4,2024-09-03
CUST-01972,Growth,Active,2023-09-13,15,97,61.0,2,2023-10-13
CUST-01973,Growth,Active,2023-12-28,12,103,73.0,0,2024-02-01
CUST-01974,Professional,Active,2022-03-01,34,299,65.0,12,2022-12-01
CUST-01975,Starter,Active,2024-01-22,11,28,14.0,2,2024-06-14
CUST-01976,Growth,Active,2022-08-21,28,98,14.0,13,2022-09-04
CUST-01977,Enterprise,Active,2022-08-04,29,1001,63.0,7,2023-04-30
CUST-01978,Starter,Active,2024-07-08,5,32,18.0,12,2024-11-14
CUST-01979,Starter,Churned,2024-09-04,3,31,9.0,9,2024-09-24
CUST-01980,Starter,Active,2022-04-21,32,30,98.0,12,2024-06-23
CUST-01981,Enterprise,Trial,2022-01-05,36,1001,39.0,13,2023-05-26
CUST-01982,Growth,Active,2022-04-14,33,99,91.0,5,2023-07-04
CUST-01983,Growth,Active,2023-07-21,17,102,21.0,13,2024-03-26
CUST-01984,Enterprise,Churned,2022-03-29,33,1001,25.0,11,2024-12-26
CUST-01985,Growth,Churned,2023-08-28,16,99,13.0,11,2024-05-31
CUST-01986,Starter,Active,2022-06-24,30,29,46.0,0,2022-12-02
CUST-01987,Enterprise,Churned,2023-06-03,19,1003,28.0,14,2023-06-10
CUST-01988,Enterprise,Active,2022-03-30,33,1002,41.0,3,2024-01-26
CUST-01989,Professional,Active,2023-11-10,13,296,51.0,1,2024-08-09
CUST-01990,Professional,Active,2022-05-11,32,301,50.0,14,2024-10-26
CUST-01991,Professional,Active,2022-06-26,30,300,85.0,5,2024-01-27
CUST-01992,Professional,Trial,2024-04-16,8,301,85.0,11,2024-05-28
CUST-01993,Growth,Churned,2022-07-30,29,97,4.0,11,2022-08-07
CUST-01994,Starter,Churned,2023-04-04,21,31,4.0,9,2023-05-28
CUST-01995,Enterprise,Active,2022-04-24,32,994,37.0,0,2024-10-16
CUST-01996,Growth,Active,2024-07-30,5,94,14.0,1,2024-08-06
CUST-01997,Growth,Churned,2024-04-23,8,101,27.0,7,2024-11-09
CUST-01998,Starter,Active,2022-10-18,26,31,82.0,14,2023-06-10
CUST-01999,Professional,Active,2024-06-06,6,296,16.0,9,2024-12-27
CUST-02000,Enterprise,Active,2023-03-01,22,996,68.0,1,2024-10-05
CUST-02001,Enterprise,Active,2022-01-20,35,994,87.0,7,2022-03-02
CUST-02002,Growth,Churned,2022-04-03,33,103,11.0,3,2023-09-05
CUST-02003,Professional,Trial,2022-12-27,24,294,69.0,1,2024-01-11
CUST-02004,Professional,Active,2024-05-17,7,298,13.0,4,2024-12-17
CUST-02005,Professional,Active,2022-07-12,30,302,20.0,10,2024-08-10
CUST-02006,Enterprise,Active,2024-11-23,1,994,47.0,14,2024-11-24
CUST-02007,Growth,Churned,2024-07-19,5,100,13.0,4,2024-08-30
CUST-02008,Professional,Active,2024-12-11,0,302,99.0,3,2024-12-25
CUST-02009,Professional,Active,2022-11-09,26,295,48.0,5,2023-10-22
CUST-02010,Enterprise,Active,2023-05-14,19,996,22.0,13,2024-03-22
CUST-02011,Growth,Active,2022-11-15,25,95,55.0,8,2023-12-14
CUST-02012,Enterprise,Active,2024-12-13,0,1001,50.0,12,2024-12-27
CUST-02013,Starter,Churned,2022-05-30,31,25,33.0,5,2024-04-07
CUST-02014,Starter,Active,2024-06-22,6,28,79.0,13,2024-08-22
CUST-02015,Starter,Churned,2024-10-25,2,25,25.0,7,2024-12-10
CUST-02016,Growth,Active,2023-04-02,21,101,66.0,3,2023-05-18
CUST-02017,Professional,Active,2024-10-27,2,302,26.0,7,2024-11-06
CUST-02018,Enterprise,Active,2022-09-23,27,1003,72.0,7,2023-10-10
CUST-02019,Professional,Active,2023-12-22,12,300,6.0,1,2024-10-08
CUST-02020,Enterprise,Active,2022-01-11,36,1001,47.0,2,2024-09-14
CUST-02021,Professional,Active,2024-03-22,9,296,13.0,1,2024-06-16
CUST-02022,Growth,Active,2023-09-29,15,102,41.0,1,2023-12-17
CUST-02023,Starter,Active,2022-10-21,26,30,22.0,14,2023-04-19
CUST-02024,Starter,Active,2022-04-24,32,26,19.0,14,2023-04-04
CUST-02025,Enterprise,Active,2024-07-19,5,1001,93.0,7,2024-12-22
CUST-02026,Growth,Active,2022-09-27,27,95,17.0,1,2023-05-22
CUST-02027,Enterprise,Active,2023-11-02,14,1003,85.0,12,2024-02-10
CUST-02028,Professional,Churned,2023-03-19,21,301,6.0,3,2023-08-30
CUST-02029,Growth,Churned,2023-06-15,18,101,20.0,14,2024-10-05
CUST-02030,Enterprise,Active,2023-07-17,17,996,81.0,3,2024-04-26
CUST-02031,Professional,Active,2022-11-21,25,301,91.0,6,2023-12-23
CUST-02032,Starter,Trial,2024-04-21,8,29,75.0,6,2024-08-20
CUST-02033,Enterprise,Active,2022-12-15,24,1001,12.0,12,2024-04-30
CUST-02034,Growth,Active,2024-11-05,1,96,57.0,0,2024-11-23
CUST-02035,Enterprise,Active,2024-10-20,2,997,4.0,10,2024-12-19
CUST-02036,Professional,Active,2024-01-16,11,299,31.0,7,2024-08-25
CUST-02037,Growth,Active,2022-09-11,28,97,7.0,7,2024-08-28
CUST-02038,Enterprise,Active,2024-05-19,7,1002,46.0,5,2024-09-23
CUST-02039,Professional,Active,2022-09-04,28,294,50.0,0,2024-03-09
CUST-02040,Starter,Active,2023-11-28,13,24,80.0,5,2024-08-25
CUST-02041,Growth,Trial,2022-09-04,28,94,6.0,5,2023-06-13
CUST-02042,Enterprise,Active,2024-11-09,1,1001,67.0,5,2024-12-18
CUST-02043,Professional,Churned,2022-07-21,29,303,25.0,9,2023-11-23
CUST-02044,Professional,Active,2024-12-09,0,301,61.0,5,2024-12-11
CUST-02045,Starter,Active,2023-03-31,21,27,41.0,14,2024-06-12
CUST-02046,Starter,Active,2024-04-18,8,30,31.0,1,2024-07-28
CUST-02047,Enterprise,Trial,2024-07-30,5,997,34.0,7,2024-09-19
CUST-02048,Growth,Churned,2024-08-21,4,101,32.0,10,2024-09-15
CUST-02049,Professional,Active,2023-03-09,22,300,70.0,9,2024-10-11
CUST-02050,Starter,Active,2024-08-03,5,30,68.0,2,2024-10-01
CUST-02051,Growth,Churned,2022-05-27,31,94,14.0,11,2023-02-26
CUST-02052,Professional,Churned,2024-05-04,8,301,2.0,11,2024-12-18
CUST-02053,Starter,Active,2022-04-07,33,29,24.0,13,2024-11-25
CUST-02054,Enterprise,Churned,2023-06-28,18,997,2.0,14,2023-07-23
CUST-02055,Growth,Churned,2024-08-25,4,96,26.0,12,2024-09-12
CUST-02056,Professional,Active,2024-10-11,2,300,50.0,6,2024-10-15
CUST-02057,Enterprise,Active,2023-11-23,13,997,79.0,6,2024-11-19
CUST-02058,Professional,Active,2022-12-26,24,301,22.0,14,2023-04-30
CUST-02059,Growth,Active,2023-08-03,17,101,71.0,1,2024-12-02
CUST-02060,Professional,Active,2023-01-27,23,295,89.0,14,2024-02-12
CUST-02061,Growth,Active,2024-05-09,7,103,6.0,12,2024-11-19
CUST-02062,Starter,Active,2023-12-05,13,32,76.0,9,2024-05-20
CUST-02063,Professional,Active,2023-01-02,24,300,72.0,10,2023-07-11
CUST-02064,Starter,Active,2024-03-27,9,26,65.0,10,2024-07-06
CUST-02065,Growth,Churned,2024-08-19,4,102,32.0,2,2024-09-19
CUST-02066,Starter,Active,2023-10-26,14,24,9.0,8,2024-09-15
CUST-02067,Growth,Active,2022-07-31,29,95,48.0,6,2023-03-11
CUST-02068,Professional,Active,2023-05-13,19,303,82.0,14,2023-10-20
CUST-02069,Growth,Churned,2023-04-12,20,98,34.0,6,2024-03-13
CUST-02070,Starter,Churned,2024-03-01,10,25,6.0,7,2024-04-22
CUST-02071,Starter,Active,2023-08-08,17,28,59.0,2,2024-09-03
CUST-02072,Professional,Churned,2023-03-09,22,302,39.0,2,2024-11-26
CUST-02073,Growth,Active,2024-05-25,7,94,47.0,13,2024-06-25
CUST-02074,Starter,Trial,2023-07-05,18,26,,8,2024-08-23
CUST-02075,Professional,Active,2023-01-02,24,294,55.0,9,2024-09-27
CUST-02076,Professional,Active,2024-09-23,3,303,28.0,2,2024-11-23
CUST-02077,Professional,Active,2024-07-23,5,300,82.0,9,2024-08-18
CUST-02078,Starter,Active,2022-12-31,24,33,26.0,2,2024-01-17
CUST-02079,Professional,Active,2022-03-22,33,294,41.0,12,2023-09-28
CUST-02080,Professional,Churned,2023-04-12,20,302,28.0,3,2023-09-26
CUST-02081,Growth,Active,2024-08-10,4,99,94.0,12,2024-09-19
CUST-02082,Enterprise,Churned,2024-01-24,11,1000,37.0,10,2024-07-08
CUST-02083,Enterprise,Active,2022-05-06,32,997,11.0,0,2023-09-13
CUST-02084,Starter,Active,2024-05-03,8,32,36.0,13,2024-05-22
CUST-02085,Enterprise,Active,2024-12-27,0,997,35.0,8,2024-12-29
CUST-02086,Enterprise,Active,2023-08-30,16,995,50.0,10,2024-09-30
CUST-02087,Professional,Active,2024-01-18,11,295,36.0,2,2024-10-28
CUST-02088,Starter,Churned,2023-10-01,15,33,26.0,0,2024-12-31
CUST-02089,Growth,Active,2022-05-16,32,97,66.0,13,2022-12-08
CUST-02090,Growth,Active,2023-11-26,13,102,66.0,7,2024-09-14
CUST-02091,Starter,Active,2023-11-21,13,29,10.0,7,2024-04-20
CUST-02092,Starter,Active,2023-01-26,23,31,57.0,0,2023-07-02
CUST-02093,Professional,Active,2022-09-26,27,295,93.0,2,2024-11-11
CUST-02094,Professional,Active,2022-01-21,35,298,72.0,7,2024-03-05
CUST-02095,Growth,Active,2024-12-09,0,101,96.0,14,2024-12-29
CUST-02096,Starter,Active,2022-05-11,32,29,82.0,10,2024-01-23
CUST-02097,Starter,Churned,2024-01-12,11,28,16.0,3,2024-02-28
CUST-02098,Starter,Active,2022-10-16,26,26,5.0,6,2023-08-14
CUST-02099,Professional,Churned,2022-06-13,31,302,10.0,0,2022-12-23
CUST-02100,Enterprise,Churned,2024-05-12,7,998,4.0,10,2024-09-08
CUST-02101,Growth,Churned,2024-12-08,0,94,16.0,6,2024-12-28
CUST-02102,Enterprise,Active,2023-01-08,24,995,87.0,6,2023-01-08
CUST-02103,Enterprise,Trial,2023-05-24,19,999,80.0,6,2023-10-02
CUST-02104,Professional,Trial,2023-03-23,21,301,84.0,6,2024-03-20
CUST-02105,Enterprise,Churned,2022-07-25,29,997,4.0,14,2023-08-26
CUST-02106,Starter,Active,2023-04-22,20,25,82.0,4,2024-09-28
CUST-02107,Enterprise,Trial,2022-07-05,30,1000,54.0,0,2024-02-03
CUST-02108,Starter,Active,2023-05-07,20,32,62.0,1,2024-10-06
CUST-02109,Enterprise,Active,2023-01-20,23,996,84.0,6,2023-07-14
CUST-02110,Enterprise,Active,2024-04-18,8,1000,27.0,1,2024-08-05
CUST-02111,Enterprise,Active,2022-04-29,32,999,9.0,8,2023-06-10
CUST-02112,Starter,Churned,2024-03-22,9,26,19.0,7,2024-05-21
CUST-02113,Enterprise,Trial,2022-09-29,27,994,69.0,4,2024-03-13
CUST-02114,Enterprise,Active,2023-09-24,15,1000,29.0,1,2024-05-09
CUST-02115,Enterprise,Churned,2023-05-03,20,1001,22.0,10,2023-09-12
CUST-02116,Enterprise,Trial,2023-12-20,12,998,49.0,13,2024-03-21
CUST-02117,Growth,Churned,2023-12-09,12,95,32.0,11,2024-01-05
CUST-02118,Enterprise,Trial,2022-01-09,36,998,8.0,8,2023-11-16
CUST-02119,Starter,Active,2024-08-18,4,30,98.0,2,2024-09-02
CUST-02120,Enterprise,Churned,2022-05-22,31,1002,24.0,10,2024-11-09
CUST-02121,Starter,Churned,2024-01-02,12,29,3.0,0,2024-09-27
CUST-02122,Growth,Churned,2023-06-05,19,103,6.0,9,2024-06-05
CUST-02123,Growth,Active,2023-10-03,15,99,47.0,12,2024-02-21
CUST-02124,Enterprise,Active,2024-09-24,3,1000,73.0,0,2024-11-06
CUST-02125,Growth,Active,2024-12-23,0,101,,12,2024-12-25
CUST-02126,Starter,Active,2023-08-02,17,25,39.0,13,2024-03-08
CUST-02127,Starter,Active,2024-12-24,0,32,43.0,10,2024-12-30
CUST-02128,Enterprise,Churned,2022-07-16,29,995,31.0,10,2024-09-13
CUST-02129,Starter,Active,2022-08-26,28,33,98.0,12,2024-11-07
CUST-02130,Growth,Active,2024-06-15,6,94,80.0,0,2024-09-09
CUST-02131,Growth,Active,2023-10-27,14,95,90.0,11,2024-02-15
CUST-02132,Growth,Churned,2022-12-14,24,99,38.0,2,2024-04-22
CUST-02133,Starter,Churned,2024-06-06,6,27,9.0,1,2024-09-02
CUST-02134,Growth,Active,2023-03-05,22,98,30.0,0,2023-11-02
CUST-02135,Enterprise,Active,2024-01-17,11,1003,62.0,8,2024-03-20
CUST-02136,Professional,Active,2022-09-09,28,297,15.0,1,2024-04-18
CUST-02137,Enterprise,Active,2024-12-04,0,1003,89.0,13,2024-12-07
CUST-02138,Starter,Active,2023-10-12,14,30,80.0,6,2024-08-15
CUST-02139,Enterprise,Active,2024-11-18,1,1000,42.0,2,2024-11-23
CUST-02140,Professional,Active,2024-07-25,5,300,22.0,9,2024-09-16
CUST-02141,Enterprise,Active,2022-04-04,33,1001,14.0,4,2023-07-17
CUST-02142,Starter,Churned,2024-09-14,3,30,29.0,2,2024-12-13
CUST-02143,Growth,Active,2024-10-16,2,94,78.0,6,2024-11-27
CUST-02144,Growth,Active,2022-01-28,35,96,71.0,13,2023-06-24
CUST-02145,Enterprise,Active,2024-12-26,0,999,27.0,11,2024-12-30
CUST-02146,Enterprise,Active,2023-05-22,19,1002,33.0,8,2023-08-22
CUST-02147,Growth,Churned,2024-07-02,6,95,18.0,1,2024-12-18
CUST-02148,Starter,Churned,2024-08-23,4,32,7.0,0,2024-10-08
CUST-02149,Starter,Churned,2024-12-12,0,33,33.0,6,2024-12-29
CUST-02150,Starter,Active,2023-08-29,16,33,65.0,10,2024-04-22
CUST-02151,Professional,Churned,2022-08-12,29,303,7.0,1,2024-06-11
CUST-02152,Growth,Churned,2023-08-21,16,101,29.0,9,2024-04-23
CUST-02153,Growth,Active,2024-06-12,6,96,72.0,2,2024-10-23
CUST-02154,Starter,Active,2022-09-15,27,27,46.0,2,2023-11-07
CUST-02155,Starter,Active,2022-01-08,36,31,42.0,11,2024-08-07
CUST-02156,Starter,Churned,2024-06-22,6,27,15.0,0,2024-10-13
CUST-02157,Professional,Active,2022-08-06,29,297,68.0,1,2024-11-14
CUST-02158,Starter,Active,2023-10-19,14,30,19.0,5,2023-12-12
CUST-02159,Enterprise,Churned,2024-02-25,10,998,26.0,8,2024-12-01
CUST-02160,Growth,Active,2022-09-21,27,103,20.0,4,2023-10-14
CUST-02161,Starter,Active,2022-06-23,30,30,24.0,5,2022-09-08
CUST-02162,Starter,Active,2023-07-29,17,24,23.0,1,2023-10-28
CUST-02163,Professional,Active,2023-04-08,21,302,12.0,3,2024-09-12
CUST-02164,Growth,Active,2022-11-24,25,103,4.0,6,2024-01-18
CUST-02165,Professional,Active,2022-09-05,28,303,57.0,12,2023-10-21
CUST-02166,Growth,Active,2022-01-24,35,99,44.0,12,2023-07-13
CUST-02167,Professional,Churned,2023-08-04,17,294,15.0,7,2024-10-27
CUST-02168,Professional,Active,2024-06-04,7,295,23.0,5,2024-06-29
CUST-02169,Starter,Active,2022-05-16,32,32,58.0,1,2022-11-09
CUST-02170,Growth,Churned,2024-04-22,8,103,9.0,5,2024-08-20
CUST-02171,Enterprise,Active,2022-03-08,34,996,50.0,0,2024-01-03
CUST-02172,Enterprise,Churned,2024-06-13,6,998,33.0,6,2024-09-09
CUST-02173,Professional,Churned,2022-11-12,26,296,37.0,5,2022-11-16
CUST-02174,Professional,Active,2023-03-21,21,301,91.0,12,2024-07-03
CUST-02175,Professional,Active,2022-03-31,33,298,92.0,14,2023-06-09
CUST-02176,Professional,Active,2024-04-27,8,294,52.0,2,2024-06-30
CUST-02177,Starter,Active,2022-01-02,36,31,39.0,2,2023-08-10
CUST-02178,Professional,Active,2023-05-26,19,303,17.0,0,2023-12-05
CUST-02179,Enterprise,Active,2022-10-31,26,997,5.0,6,2023-01-15
CUST-02180,Professional,Churned,2022-10-09,27,294,36.0,3,2023-12-01
CUST-02181,Starter,Churned,2024-04-01,9,26,21.0,4,2024-08-31
CUST-02182,Professional,Active,2024-05-17,7,295,53.0,10,2024-06-21
CUST-02183,Growth,Active,2023-06-20,18,99,28.0,0,2024-07-08
CUST-02184,Professional,Active,2024-12-07,0,297,42.0,14,2024-12-28
CUST-02185,Professional,Active,2024-07-04,6,303,58.0,5,2024-07-23
CUST-02186,Enterprise,Trial,2022-03-08,34,1001,11.0,7,2023-08-27
CUST-02187,Starter,Active,2023-04-27,20,29,88.0,0,2024-03-27
CUST-02188,Professional,Active,2023-06-27,18,296,96.0,13,2023-10-31
CUST-02189,Growth,Active,2022-07-12,30,98,71.0,8,2024-05-29
CUST-02190,Professional,Active,2024-12-28,0,297,56.0,0,2024-12-29
CUST-02191,Enterprise,Active,2022-01-15,36,997,69.0,2,2024-12-28
CUST-02192,Growth,Active,2023-03-09,22,94,93.0,9,2023-07-09
CUST-02193,Starter,Active,2024-01-17,11,29,48.0,13,2024-10-20
CUST-02194,Starter,Active,2023-04-04,21,29,22.0,9,2024-11-06
CUST-02195,Starter,Churned,2024-12-20,0,33,24.0,10,2024-12-20
CUST-02196,Growth,Active,2024-01-06,12,94,85.0,2,2024-06-05
CUST-02197,Growth,Active,2023-09-06,16,100,97.0,7,2024-07-29
CUST-02198,Professional,Active,2023-08-28,16,299,86.0,14,2024-11-21
CUST-02199,Enterprise,Churned,2024-05-30,7,1001,3.0,5,2024-11-13
CUST-02200,Starter,Churned,2023-08-31,16,32,28.0,0,2023-12-02
CUST-02201,Professional,Active,2024-09-20,3,301,4.0,3,2024-12-07
CUST-02202,Growth,Active,2022-04-19,32,101,24.0,8,2023-11-30
CUST-02203,Enterprise,Active,2022-10-18,26,1001,90.0,11,2023-07-06
CUST-02204,Starter,Active,2024-06-23,6,25,72.0,4,2024-11-25
CUST-02205,Professional,Active,2023-08-12,16,297,18.0,1,2024-01-29
CUST-02206,Starter,Active,2022-04-06,33,29,69.0,8,2022-12-07
CUST-02207,Starter,Trial,2023-12-19,12,27,43.0,5,2024-03-14
CUST-02208,Growth,Active,2023-12-01,13,97,95.0,7,2023-12-01
CUST-02209,Growth,Churned,2024-07-27,5,100,14.0,0,2024-08-21
CUST-02210,Professional,Active,2024-02-12,10,303,90.0,10,2024-06-16
CUST-02211,Enterprise,Active,2024-12-10,0,995,10.0,6,2024-12-25
CUST-02212,Starter,Active,2022-01-23,35,32,26.0,9,2023-08-30
CUST-02213,Professional,Active,2023-02-06,23,294,51.0,13,2024-11-02
CUST-02214,Professional,Churned,2023-01-05,24,298,23.0,1,2023-03-01
CUST-02215,Enterprise,Active,2024-01-17,11,997,90.0,13,2024-04-28
CUST-02216,Enterprise,Active,2022-11-06,26,994,28.0,3,2023-05-15
CUST-02217,Growth,Active,2024-11-04,1,96,67.0,0,2024-12-03
CUST-02218,Growth,Churned,2024-02-25,10,97,36.0,13,2024-12-17
CUST-02219,Enterprise,Active,2024-04-11,8,1001,84.0,11,2024-12-05
CUST-02220,Professional,Active,2024-12-09,0,294,56.0,9,2024-12-11
CUST-02221,Growth,Trial,2022-12-20,24,94,86.0,14,2024-07-04
CUST-02222,Professional,Active,2024-09-15,3,303,99.0,5,2024-11-07
CUST-02223,Professional,Active,2023-12-31,12,300,50.0,2,2024-06-10
CUST-02224,Starter,Active,2023-12-26,12,28,1.0,9,2024-04-13
CUST-02225,Professional,Active,2024-09-10,3,296,76.0,4,2024-09-11
CUST-02226,Professional,Trial,2024-08-26,4,298,17.0,8,2024-09-10
CUST-02227,Growth,Churned,2022-01-05,36,94,31.0,0,2023-11-20
CUST-02228,Growth,Active,2023-06-30,18,97,53.0,3,2023-09-08
CUST-02229,Starter,Churned,2023-08-02,17,32,34.0,6,2024-07-08
CUST-02230,Growth,Active,2022-03-03,34,95,45.0,4,2023-02-11
CUST-02231,Starter,Churned,2022-03-13,34,27,3.0,8,2024-06-20
CUST-02232,Growth,Active,2024-05-24,7,94,26.0,7,2024-07-03
CUST-02233,Starter,Active,2022-08-10,29,31,33.0,12,2023-04-02
CUST-02234,Starter,Active,2024-04-13,8,32,35.0,5,2024-10-12
CUST-02235,Growth,Active,2024-03-25,9,101,13.0,3,2024-04-06
CUST-02236,Professional,Active,2024-12-30,0,302,5.0,11,2024-12-31
CUST-02237,Growth,Active,2022-10-10,27,97,5.0,8,2023-12-03
CUST-02238,Starter,Active,2022-03-26,33,30,42.0,12,2022-06-05
CUST-02239,Professional,Active,2024-09-26,3,298,63.0,0,2024-11-11
CUST-02240,Professional,Active,2022-06-20,30,301,31.0,5,2022-10-09
CUST-02241,Professional,Churned,2024-09-30,3,303,2.0,3,2024-11-11
CUST-02242,Enterprise,Trial,2023-05-03,20,1002,79.0,2,2024-10-11
CUST-02243,Enterprise,Active,2023-03-19,21,1001,1.0,14,2023-09-22
CUST-02244,Growth,Active,2022-07-12,30,101,29.0,10,2024-07-30
CUST-02245,Starter,Active,2022-03-17,34,30,90.0,2,2023-08-07
CUST-02246,Growth,Active,2023-06-02,19,95,20.0,0,2024-06-19
CUST-02247,Enterprise,Trial,2022-12-09,25,1002,77.0,7,2023-03-17
CUST-02248,Growth,Active,2022-04-29,32,101,25.0,2,2023-06-05
CUST-02249,Professional,Active,2024-02-19,10,300,81.0,12,2024-04-30
CUST-02250,Enterprise,Active,2024-04-19,8,994,63.0,7,2024-09-04
CUST-02251,Enterprise,Active,2022-10-14,26,1000,57.0,13,2024-01-27
CUST-02252,Enterprise,Active,2024-05-10,7,999,8.0,0,2024-08-09
CUST-02253,Growth,Active,2024-02-10,10,101,11.0,9,2024-05-17
CUST-02254,Starter,Trial,2024-05-01,8,28,73.0,11,2024-06-03
CUST-02255,Enterprise,Active,2024-11-07,1,994,27.0,2,2024-12-15
CUST-02256,Growth,Active,2022-07-21,29,96,67.0,9,2022-12-25
CUST-02257,Professional,Active,2023-05-06,20,299,40.0,2,2023-08-15
CUST-02258,Starter,Active,2024-06-01,7,26,87.0,14,2024-10-31
CUST-02259,Professional,Active,2022-09-23,27,300,8.0,4,2023-11-13
CUST-02260,Enterprise,Active,2022-05-21,31,999,57.0,12,2023-08-24
CUST-02261,Starter,Churned,2023-06-22,18,32,29.0,2,2024-08-07
CUST-02262,Professional,Active,2022-07-13,30,298,23.0,11,2022-10-10
CUST-02263,Growth,Active,2024-07-08,5,94,59.0,13,2024-09-06
CUST-02264,Enterprise,Active,2024-09-19,3,996,87.0,2,2024-10-27
CUST-02265,Growth,Active,2024-07-18,5,99,29.0,7,2024-11-06
CUST-02266,Professional,Active,2024-04-20,8,301,81.0,10,2024-07-06
CUST-02267,Starter,Churned,2023-04-09,21,26,5.0,5,2024-03-23
CUST-02268,Growth,Churned,2022-06-06,31,96,38.0,10,2023-06-29
CUST-02269,Starter,Active,2023-01-17,23,29,66.0,12,2024-02-26
CUST-02270,Enterprise,Active,2024-11-23,1,1003,37.0,2,2024-12-01
CUST-02271,Growth,Active,2023-06-11,18,94,56.0,5,2024-06-07
CUST-02272,Enterprise,Active,2022-12-07,25,1000,28.0,1,2024-09-23
CUST-02273,Growth,Active,2022-03-29,33,99,5.0,10,2024-09-02
CUST-02274,Enterprise,Active,2023-05-21,19,1003,33.0,1,2024-11-30
CUST-02275,Professional,Active,2024-01-08,11,302,69.0,8,2024-11-11
CUST-02276,Professional,Active,2023-03-31,21,300,87.0,4,2024-10-27
CUST-02277,Enterprise,Churned,2024-01-04,12,998,35.0,3,2024-06-24
CUST-02278,Starter,Churned,2024-03-16,9,29,6.0,11,2024-05-03
CUST-02279,Starter,Active,2023-08-10,16,30,38.0,14,2024-10-04
CUST-02280,Professional,Active,2023-09-24,15,299,86.0,2,2023-11-22
CUST-02281,Growth,Active,2022-12-29,24,101,54.0,2,2023-10-19
CUST-02282,Growth,Active,2022-10-06,27,101,,0,2024-12-03
CUST-02283,Enterprise,Active,2024-12-15,0,998,84.0,6,2024-12-19
CUST-02284,Growth,Active,2023-10-25,14,95,43.0,1,2024-02-10
CUST-02285,Growth,Churned,2024-04-27,8,99,32.0,4,2024-10-24
CUST-02286,Growth,Active,2022-05-11,32,101,41.0,11,2024-11-18
CUST-02287,Growth,Active,2023-10-29,14,95,43.0,2,2024-06-07
CUST-02288,Starter,Churned,2024-06-29,6,26,14.0,1,2024-10-08
CUST-02289,Professional,Active,2024-07-12,5,299,,0,2024-08-15
CUST-02290,Growth,Active,2023-09-04,16,97,15.0,1,2024-05-27
CUST-02291,Professional,Active,2023-01-28,23,294,72.0,14,2023-02-19
CUST-02292,Professional,Active,2022-03-21,33,301,52.0,5,2024-02-07
CUST-02293,Starter,Active,2022-06-10,31,27,48.0,7,2023-03-12
CUST-02294,Growth,Active,2023-04-30,20,99,9.0,6,2024-01-25
CUST-02295,Professional,Active,2023-05-13,19,300,55.0,3,2024-09-20
CUST-02296,Professional,Active,2022-07-27,29,303,39.0,8,2024-12-12
CUST-02297,Starter,Active,2023-06-28,18,27,57.0,0,2024-03-10
CUST-02298,Starter,Trial,2023-05-01,20,26,81.0,2,2023-12-22
CUST-02299,Growth,Churned,2023-01-03,24,98,32.0,10,2023-09-28
CUST-02300,Professional,Active,2023-03-12,22,298,77.0,4,2023-10-14
CUST-02301,Enterprise,Active,2024-09-06,3,994,22.0,4,2024-09-06
CUST-02302,Enterprise,Active,2022-10-16,26,997,64.0,0,2024-06-06
CUST-02303,Professional,Trial,2023-07-31,17,298,45.0,10,2024-09-10
CUST-02304,Enterprise,Trial,2022-12-29,24,995,4.0,3,2023-03-29
CUST-02305,Starter,Active,2022-12-24,24,31,50.0,10,2022-12-25
CUST-02306,Starter,Trial,2023-06-02,19,25,69.0,2,2023-11-05
CUST-02307,Enterprise,Active,2023-12-27,12,998,98.0,3,2024-01-06
CUST-02308,Starter,Churned,2024-05-30,7,32,7.0,8,2024-10-08
CUST-02309,Professional,Churned,2024-09-05,3,294,29.0,9,2024-10-04
CUST-02310,Enterprise,Churned,2024-05-29,7,1000,27.0,10,2024-12-26
CUST-02311,Starter,Active,2022-09-06,28,27,68.0,10,2023-07-19
CUST-02312,Growth,Churned,2024-08-09,4,94,14.0,13,2024-11-06
CUST-02313,Professional,Churned,2023-07-17,17,301,36.0,9,2023-07-22
CUST-02314,Starter,Churned,2022-04-10,33,26,5.0,4,2023-04-26
CUST-02315,Growth,Churned,2023-06-23,18,97,5.0,1,2024-02-04
CUST-02316,Growth,Active,2024-01-19,11,100,9.0,1,2024-02-14
CUST-02317,Growth,Active,2024-04-04,9,103,66.0,1,2024-05-04
CUST-02318,Growth,Trial,2022-04-07,33,100,45.0,5,2024-06-29
CUST-02319,Enterprise,Active,2024-02-26,10,997,88.0,1,2024-06-25
CUST-02320,Starter,Churned,2023-04-08,21,29,33.0,4,2023-10-06
CUST-02321,Enterprise,Active,2023-06-02,19,1001,97.0,1,2024-01-05
CUST-02322,Growth,Active,2024-07-22,5,94,46.0,3,2024-10-18
CUST-02323,Starter,Active,2022-03-26,33,32,84.0,6,2023-10-09
CUST-02324,Enterprise,Active,2023-08-09,17,998,94.0,4,2024-12-17
CUST-02325,Growth,Active,2024-04-04,9,99,17.0,14,2024-04-06
CUST-02326,Growth,Active,2022-07-26,29,96,27.0,12,2024-06-02
CUST-02327,Starter,Active,2023-05-12,19,25,87.0,3,2024-11-18
CUST-02328,Enterprise,Active,2023-12-19,12,1002,83.0,6,2024-06-08
CUST-02329,Enterprise,Churned,2023-02-20,22,998,2.0,14,2023-05-28
CUST-02330,Professional,Active,2023-01-26,23,294,26.0,9,2023-02-22
CUST-02331,Professional,Active,2024-12-02,0,298,83.0,14,2024-12-14
CUST-02332,Starter,Churned,2024-09-13,3,30,4.0,8,2024-12-05
CUST-02333,Enterprise,Active,2024-11-07,1,999,97.0,9,2024-11-10
CUST-02334,Professional,Active,2023-07-30,17,300,27.0,2,2024-03-20
CUST-02335,Enterprise,Active,2022-10-27,26,995,65.0,8,2024-06-25
CUST-02336,Starter,Churned,2024-02-09,10,27,19.0,0,2024-06-09
CUST-02337,Starter,Active,2024-07-29,5,27,15.0,9,2024-12-20
CUST-02338,Starter,Active,2023-06-21,18,24,56.0,5,2023-11-14
CUST-02339,Professional,Churned,2024-09-17,3,295,2.0,14,2024-11-19
CUST-02340,Professional,Churned,2023-03-22,21,300,19.0,1,2024-09-04
CUST-02341,Growth,Churned,2023-08-12,16,94,34.0,1,2024-01-05
CUST-02342,Professional,Trial,2023-04-24,20,298,78.0,12,2024-01-05
CUST-02343,Professional,Active,2024-04-15,8,298,,10,2024-07-07
CUST-02344,Enterprise,Active,2024-04-14,8,999,45.0,10,2024-10-21
CUST-02345,Enterprise,Active,2022-01-24,35,1002,62.0,4,2022-07-29
CUST-02346,Enterprise,Churned,2022-03-31,33,999,36.0,3,2023-12-12
CUST-02347,Professional,Active,2023-04-27,20,298,17.0,1,2023-06-15
CUST-02348,Growth,Churned,2023-10-23,14,97,11.0,1,2024-04-21
CUST-02349,Professional,Trial,2022-08-14,29,295,45.0,3,2023-06-28
CUST-02350,Starter,Active,2024-08-21,4,32,25.0,12,2024-10-25
CUST-02351,Growth,Active,2022-04-29,32,98,17.0,7,2022-12-12
CUST-02352,Starter,Active,2022-02-02,35,29,14.0,10,2024-04-16
CUST-02353,Professional,Active,2023-01-30,23,298,33.0,10,2023-07-05
CUST-02354,Starter,Active,2022-11-30,25,29,11.0,12,2023-08-09
CUST-02355,Starter,Active,2022-12-07,25,33,21.0,2,2023-10-16
CUST-02356,Professional,Churned,2023-07-25,17,300,15.0,3,2023-11-07
CUST-02357,Enterprise,Active,2023-01-16,23,1003,62.0,10,2024-10-23
CUST-02358,Growth,Active,2023-04-09,21,95,49.0,14,2024-12-28
CUST-02359,Growth,Churned,2024-01-30,11,95,27.0,6,2024-05-11
CUST-02360,Professional,Trial,2022-08-04,29,302,78.0,13,2023-09-10
CUST-02361,Starter,Churned,2022-12-09,25,24,17.0,0,2022-12-25
CUST-02362,Growth,Active,2023-07-16,17,95,45.0,7,2023-11-10
CUST-02363,Starter,Trial,2024-01-01,12,25,20.0,9,2024-03-07
CUST-02364,Starter,Churned,2022-05-15,32,25,38.0,12,2024-03-02
CUST-02365,Enterprise,Churned,2022-10-29,26,999,1.0,11,2023-12-16
CUST-02366,Starter,Churned,2024-09-14,3,24,37.0,11,2024-09-25
CUST-02367,Growth,Active,2022-12-03,25,98,66.0,5,2024-11-24
CUST-02368,Growth,Active,2022-06-13,31,95,87.0,2,2023-08-23
CUST-02369,Professional,Active,2022-09-05,28,295,64.0,5,2023-10-21
CUST-02370,Growth,Active,2022-07-23,29,103,17.0,4,2023-08-02
CUST-02371,Professional,Active,2022-10-04,27,303,,14,2024-02-04
CUST-02372,Enterprise,Active,2022-08-22,28,999,40.0,14,2023-09-27
CUST-02373,Starter,Active,2022-02-26,34,26,87.0,14,2022-06-22
CUST-02374,Enterprise,Active,2023-09-18,15,994,97.0,6,2024-02-17
CUST-02375,Enterprise,Active,2024-06-09,6,1001,64.0,5,2024-08-31
CUST-02376,Growth,Active,2022-03-06,34,94,72.0,1,2023-05-27
CUST-02377,Professional,Trial,2023-03-18,21,302,15.0,10,2024-03-03
CUST-02378,Professional,Active,2024-06-22,6,294,86.0,4,2024-08-30
CUST-02379,Growth,Active,2022-07-02,30,98,38.0,12,2023-10-16
CUST-02380,Starter,Active,2024-09-20,3,29,11.0,9,2024-09-28
CUST-02381,Growth,Active,2024-07-13,5,101,79.0,3,2024-08-08
CUST-02382,Professional,Churned,2022-06-06,31,302,8.0,0,2024-07-26
CUST-02383,Growth,Churned,2024-12-29,0,97,24.0,7,2024-12-30
CUST-02384,Starter,Trial,2023-06-23,18,27,24.0,2,2023-11-28
CUST-02385,Starter,Churned,2022-04-20,32,26,23.0,5,2024-11-04
CUST-02386,Starter,Active,2023-10-25,14,25,89.0,0,2024-11-10
CUST-02387,Professional,Active,2023-04-27,20,294,41.0,6,2024-12-27
CUST-02388,Professional,Trial,2022-05-02,32,303,39.0,9,2023-05-26
CUST-02389,Starter,Active,2024-12-04,0,33,17.0,11,2024-12-07
CUST-02390,Enterprise,Active,2022-07-31,29,994,28.0,8,2023-06-16
CUST-02391,Enterprise,Active,2022-11-23,25,995,39.0,11,2023-06-18
CUST-02392,Professional,Trial,2022-06-19,30,301,82.0,0,2023-01-08
CUST-02393,Growth,Active,2022-03-19,33,100,49.0,14,2024-08-13
CUST-02394,Enterprise,Trial,2023-09-09,15,995,37.0,13,2024-05-09
CUST-02395,Professional,Active,2024-07-15,5,296,53.0,14,2024-11-12
CUST-02396,Enterprise,Active,2023-01-26,23,1001,30.0,14,2023-03-26
CUST-02397,Professional,Active,2022-10-16,26,298,67.0,1,2023-01-01
CUST-02398,Starter,Churned,2024-09-14,3,28,1.0,10,2024-11-14
CUST-02399,Starter,Active,2024-09-23,3,29,36.0,4,2024-10-14
CUST-02400,Enterprise,Churned,2023-05-11,20,1002,12.0,4,2023-09-28
CUST-02401,Professional,Active,2024-09-19,3,303,99.0,7,2024-10-05
CUST-02402,Starter,Active,2024-12-07,0,31,17.0,7,2024-12-19
CUST-02403,Growth,Active,2022-09-20,27,102,53.0,10,2023-10-29
CUST-02404,Starter,Active,2023-12-06,13,28,26.0,7,2024-06-02
CUST-02405,Professional,Trial,2022-07-01,30,294,96.0,5,2023-07-07
CUST-02406,Professional,Trial,2023-03-10,22,303,83.0,5,2024-08-13
CUST-02407,Professional,Active,2023-01-28,23,302,13.0,8,2023-12-04
CUST-02408,Enterprise,Active,2023-09-22,15,1000,65.0,8,2024-09-23
CUST-02409,Enterprise,Active,2024-04-10,8,997,50.0,14,2024-08-12
CUST-02410,Professional,Churned,2024-06-26,6,303,25.0,9,2024-08-12
CUST-02411,Starter,Active,2023-11-17,13,28,98.0,8,2024-12-14
CUST-02412,Enterprise,Churned,2023-01-07,24,1000,29.0,6,2023-01-12
CUST-02413,Starter,Trial,2024-06-08,6,24,37.0,6,2024-10-14
CUST-02414,Enterprise,Active,2023-05-31,19,999,63.0,6,2023-10-04
CUST-02415,Professional,Active,2024-07-31,5,297,17.0,6,2024-10-17
CUST-02416,Growth,Active,2022-12-24,24,94,54.0,0,2024-03-31
CUST-02417,Starter,Churned,2022-05-27,31,33,2.0,12,2023-01-25
CUST-02418,Enterprise,Active,2024-02-04,11,996,99.0,11,2024-12-06
CUST-02419,Starter,Churned,2023-02-15,22,33,13.0,6,2023-07-10
CUST-02420,Growth,Active,2024-10-26,2,102,37.0,5,2024-12-05
CUST-02421,Professional,Active,2024-04-04,9,301,64.0,5,2024-05-06
CUST-02422,Growth,Churned,2022-05-19,31,99,27.0,5,2024-05-12
CUST-02423,Professional,Active,2022-08-10,29,297,7.0,12,2022-09-23
CUST-02424,Professional,Active,2022-06-20,30,299,31.0,0,2024-03-13
CUST-02425,Enterprise,Trial,2024-05-16,7,1000,13.0,0,2024-10-29
CUST-02426,Enterprise,Trial,2023-07-29,17,999,15.0,10,2024-09-12
CUST-02427,Enterprise,Active,2022-06-19,30,995,95.0,10,2024-01-28
CUST-02428,Enterprise,Active,2022-03-21,33,998,1.0,10,2024-03-19
CUST-02429,Starter,Active,2024-02-21,10,30,63.0,12,2024-11-06
CUST-02430,Starter,Active,2023-09-03,16,24,92.0,9,2024-09-22
CUST-02431,Growth,Active,2024-07-19,5,100,8.0,3,2024-08-16
CUST-02432,Professional,Active,2023-02-26,22,296,49.0,6,2024-12-14
CUST-02433,Growth,Active,2022-11-18,25,95,52.0,3,2024-02-03
CUST-02434,Growth,Active,2024-05-05,8,101,34.0,2,2024-07-20
CUST-02435,Starter,Active,2022-05-24,31,24,56.0,1,2023-02-15
CUST-02436,Starter,Active,2022-12-25,24,25,1.0,0,2023-12-16
CUST-02437,Enterprise,Churned,2023-01-31,23,997,4.0,7,2023-07-09
CUST-02438,Starter,Active,2022-02-05,35,28,36.0,8,2022-06-24
CUST-02439,Starter,Active,2023-07-21,17,29,77.0,0,2024-06-21
CUST-02440,Enterprise,Active,2024-01-12,11,1000,76.0,7,2024-11-05
CUST-02441,Growth,Active,2024-03-23,9,97,3.0,13,2024-10-16
CUST-02442,Enterprise,Active,2024-03-13,9,994,59.0,14,2024-06-17
CUST-02443,Enterprise,Active,2023-09-21,15,1001,25.0,10,2024-03-08
CUST-02444,Enterprise,Active,2023-06-20,18,1003,26.0,11,2023-10-23
CUST-02445,Growth,Active,2022-08-17,28,94,10.0,10,2024-07-01
CUST-02446,Enterprise,Active,2024-09-15,3,1002,90.0,3,2024-12-09
CUST-02447,Starter,Active,2024-01-04,12,28,16.0,12,2024-04-28
CUST-02448,Professional,Trial,2024-03-11,9,295,18.0,10,2024-07-14
CUST-02449,Growth,Active,2024-11-01,2,98,49.0,8,2024-12-16
CUST-02450,Starter,Active,2024-02-29,10,25,30.0,6,2024-08-31
CUST-02451,Starter,Active,2022-03-19,33,25,40.0,11,2023-12-12
CUST-02452,Starter,Active,2023-10-09,14,29,13.0,12,2024-07-21
CUST-02453,Professional,Active,2024-05-05,8,301,26.0,14,2024-06-30
CUST-02454,Professional,Churned,2023-01-21,23,300,11.0,7,2024-07-12
CUST-02455,Enterprise,Active,2022-07-15,30,1002,85.0,14,2023-05-02
CUST-02456,Enterprise,Active,2022-02-04,35,996,14.0,8,2022-04-07
CUST-02457,Growth,Active,2024-04-16,8,101,78.0,11,2024-08-03
CUST-02458,Starter,Active,2023-02-24,22,29,50.0,2,2024-04-18
CUST-02459,Enterprise,Active,2023-07-06,18,994,39.0,7,2024-09-19
CUST-02460,Growth,Active,2022-10-27,26,103,90.0,6,2024-03-10
CUST-02461,Enterprise,Active,2023-10-04,15,998,64.0,8,2024-11-02
CUST-02462,Growth,Active,2024-09-19,3,95,8.0,7,2024-11-18
CUST-02463,Starter,Active,2023-04-24,20,33,89.0,1,2024-01-21
CUST-02464,Professional,Churned,2023-07-17,17,301,38.0,2,2024-10-03
CUST-02465,Professional,Active,2023-05-12,19,300,82.0,1,2023-10-21
CUST-02466,Starter,Active,2022-03-12,34,33,50.0,12,2023-03-10
CUST-02467,Professional,Active,2023-04-09,21,296,34.0,12,2023-11-19
CUST-02468,Growth,Active,2024-02-25,10,99,91.0,12,2024-09-01
CUST-02469,Enterprise,Active,2022-03-22,33,1001,92.0,7,2022-12-27
CUST-02470,Starter,Trial,2023-12-05,13,27,37.0,1,2024-09-06
CUST-02471,Enterprise,Active,2023-12-05,13,994,80.0,4,2024-11-04
CUST-02472,Starter,Churned,2022-10-07,27,33,29.0,8,2023-04-27
CUST-02473,Professional,Active,2024-05-19,7,297,44.0,14,2024-10-04
CUST-02474,Enterprise,Churned,2024-07-02,6,994,1.0,9,2024-09-09
CUST-02475,Growth,Active,2022-05-03,32,97,59.0,1,2023-03-21
CUST-02476,Enterprise,Churned,2023-08-23,16,997,35.0,10,2023-09-24
CUST-02477,Enterprise,Churned,2023-10-08,15,996,3.0,14,2023-11-05
CUST-02478,Professional,Churned,2022-05-16,32,294,39.0,4,2024-03-10
CUST-02479,Professional,Active,2024-08-30,4,300,67.0,8,2024-10-02
CUST-02480,Growth,Active,2023-11-07,14,94,21.0,8,2024-03-26
CUST-02481,Professional,Active,2022-01-03,36,295,25.0,9,2022-01-14
CUST-02482,Enterprise,Active,2024-04-20,8,1000,93.0,6,2024-10-31
CUST-02483,Enterprise,Active,2022-01-28,35,997,60.0,2,2023-10-05
CUST-02484,Starter,Trial,2024-07-18,5,29,1.0,2,2024-08-09
CUST-02485,Enterprise,Active,2022-11-05,26,1002,91.0,12,2024-08-12
CUST-02486,Enterprise,Active,2024-11-12,1,998,91.0,5,2024-12-20
CUST-02487,Professional,Active,2022-12-06,25,301,67.0,8,2023-11-01
CUST-02488,Growth,Active,2023-01-13,23,101,9.0,4,2023-07-28
CUST-02489,Enterprise,Active,2022-07-25,29,1000,22.0,14,2024-06-19
CUST-02490,Growth,Active,2024-10-30,2,95,63.0,10,2024-12-21
CUST-02491,Enterprise,Trial,2024-12-20,0,996,32.0,13,2024-12-28
CUST-02492,Growth,Churned,2023-06-16,18,99,32.0,7,2023-12-31
CUST-02493,Starter,Active,2023-03-06,22,26,79.0,11,2024-07-14
CUST-02494,Growth,Active,2022-06-27,30,94,58.0,5,2022-12-20
CUST-02495,Enterprise,Active,2024-03-07,9,1002,,2,2024-07-17
CUST-02496,Enterprise,Churned,2022-11-04,26,1002,3.0,1,2023-06-30
CUST-02497,Professional,Active,2023-04-04,21,296,68.0,5,2024-12-12
CUST-02498,Growth,Active,2022-09-22,27,102,76.0,1,2024-03-11
CUST-02499,Growth,Active,2023-10-20,14,102,28.0,9,2024-10-16
CUST-02500,Growth,Active,2024-04-07,8,101,22.0,13,2024-05-05
CUST-02501,Growth,Active,2022-08-09,29,98,98.0,10,2023-04-28
CUST-02502,Starter,Active,2023-07-25,17,28,28.0,11,2023-12-27
CUST-02503,Growth,Trial,2023-10-16,14,100,18.0,1,2024-01-18
CUST-02504,Enterprise,Active,2023-10-12,14,999,6.0,11,2024-10-22
CUST-02505,Professional,Active,2022-08-06,29,294,83.0,1,2023-03-02
CUST-02506,Growth,Active,2023-04-10,21,99,49.0,3,2023-11-29
CUST-02507,Enterprise,Churned,2024-10-05,2,997,17.0,7,2024-10-14
CUST-02508,Enterprise,Active,2023-03-12,22,1000,96.0,8,2023-04-19
CUST-02509,Growth,Active,2023-04-14,20,103,15.0,12,2023-12-22
CUST-02510,Starter,Active,2024-12-25,0,26,7.0,12,2024-12-30
CUST-02511,Professional,Churned,2022-06-15,31,297,19.0,10,2024-07-26
CUST-02512,Growth,Active,2023-09-03,16,96,68.0,1,2024-07-31
CUST-02513,Professional,Churned,2022-08-02,29,300,1.0,5,2024-07-04
CUST-02514,Growth,Active,2022-04-04,33,99,19.0,1,2022-11-07
CUST-02515,Enterprise,Active,2024-07-16,5,1002,95.0,10,2024-10-29
CUST-02516,Enterprise,Trial,2022-09-11,28,995,80.0,10,2022-10-22
CUST-02517,Enterprise,Trial,2022-12-29,24,994,19.0,3,2023-01-29
CUST-02518,Growth,Churned,2023-08-10,16,100,4.0,14,2024-03-01
CUST-02519,Starter,Active,2024-08-06,4,30,46.0,8,2024-12-06
CUST-02520,Enterprise,Churned,2024-01-01,12,1002,31.0,13,2024-07-27
CUST-02521,Professional,Trial,2023-06-26,18,302,22.0,0,2024-09-27
CUST-02522,Professional,Active,2024-12-03,0,298,83.0,5,2024-12-16
CUST-02523,Starter,Active,2024-06-28,6,29,14.0,5,2024-12-03
CUST-02524,Starter,Active,2023-07-05,18,24,70.0,1,2024-07-17
CUST-02525,Professional,Churned,2024-03-24,9,298,35.0,14,2024-03-29
CUST-02526,Enterprise,Trial,2024-12-19,0,1003,82.0,14,2024-12-23
CUST-02527,Enterprise,Trial,2023-10-10,14,995,44.0,5,2023-12-10
CUST-02528,Professional,Active,2022-04-27,32,294,59.0,13,2024-04-29
CUST-02529,Starter,Active,2024-10-20,2,28,20.0,9,2024-11-29
CUST-02530,Growth,Active,2023-05-21,19,94,42.0,12,2024-11-17
CUST-02531,Growth,Active,2022-04-30,32,102,14.0,1,2024-04-13
CUST-02532,Professional,Churned,2024-02-09,10,300,15.0,10,2024-06-22
CUST-02533,Starter,Active,2023-03-02,22,24,80.0,10,2024-07-22
CUST-02534,Enterprise,Trial,2024-02-20,10,995,77.0,2,2024-12-17
CUST-02535,Starter,Active,2023-12-03,13,27,2.0,6,2024-07-22
CUST-02536,Enterprise,Trial,2023-04-16,20,1001,27.0,5,2024-01-07
CUST-02537,Professional,Active,2023-07-20,17,294,31.0,12,2024-03-08
CUST-02538,Growth,Active,2024-04-30,8,98,21.0,4,2024-08-16
CUST-02539,Starter,Active,2024-07-01,6,31,27.0,4,2024-08-04
CUST-02540,Growth,Active,2024-09-14,3,97,40.0,3,2024-11-05
CUST-02541,Growth,Churned,2023-05-02,20,99,20.0,11,2024-08-31
CUST-02542,Growth,Trial,2022-05-31,31,94,64.0,3,2024-09-25
CUST-02543,Starter,Active,2022-02-07,35,30,1.0,13,2022-11-08
CUST-02544,Growth,Active,2022-06-14,31,103,72.0,0,2023-11-22
CUST-02545,Professional,Active,2024-02-19,10,295,23.0,3,2024-10-06
CUST-02546,Professional,Active,2023-05-31,19,296,53.0,4,2023-07-04
CUST-02547,Professional,Active,2022-07-14,30,296,65.0,3,2024-12-06
CUST-02548,Starter,Active,2023-10-31,14,29,52.0,14,2023-11-23
CUST-02549,Enterprise,Churned,2024-04-10,8,994,2.0,7,2024-05-26
CUST-02550,Professional,Active,2022-02-18,34,298,12.0,2,2023-09-27
CUST-02551,Growth,Active,2023-08-17,16,95,38.0,11,2024-02-25
CUST-02552,Starter,Active,2022-02-26,34,29,93.0,3,2023-11-27
CUST-02553,Starter,Trial,2023-02-21,22,27,93.0,9,2024-06-19
CUST-02554,Starter,Active,2023-01-25,23,27,62.0,2,2024-01-30
CUST-02555,Professional,Active,2023-11-13,13,294,41.0,8,2024-03-29
CUST-02556,Professional,Active,2023-11-18,13,300,50.0,3,2024-02-01
CUST-02557,Professional,Active,2024-03-03,10,302,89.0,6,2024-07-29
CUST-02558,Growth,Active,2023-02-17,22,97,57.0,5,2024-10-31
CUST-02559,Growth,Active,2022-09-22,27,95,20.0,1,2024-11-14
CUST-02560,Growth,Trial,2024-08-19,4,95,77.0,5,2024-10-25
CUST-02561,Enterprise,Churned,2023-06-18,18,999,9.0,13,2024-09-14
CUST-02562,Professional,Churned,2022-03-20,33,302,10.0,5,2022-10-08
CUST-02563,Growth,Active,2023-09-28,15,94,3.0,1,2023-11-24
CUST-02564,Professional,Active,2023-12-13,12,300,36.0,0,2024-08-09
CUST-02565,Professional,Active,2023-12-16,12,296,52.0,14,2024-12-13
CUST-02566,Professional,Active,2023-12-13,12,299,16.0,10,2024-02-05
CUST-02567,Growth,Active,2024-12-20,0,94,65.0,13,2024-12-20
CUST-02568,Starter,Trial,2023-12-19,12,29,9.0,5,2024-12-23
CUST-02569,Starter,Active,2023-03-08,22,25,98.0,1,2024-09-01
CUST-02570,Professional,Churned,2024-03-18,9,298,1.0,4,2024-04-08
CUST-02571,Growth,Active,2024-05-01,8,101,23.0,10,2024-11-19
CUST-02572,Enterprise,Active,2024-07-10,5,995,,13,2024-09-18
CUST-02573,Starter,Active,2022-12-27,24,28,20.0,10,2023-09-21
CUST-02574,Enterprise,Trial,2023-06-21,18,996,55.0,1,2023-08-24
CUST-02575,Professional,Active,2024-10-29,2,297,27.0,7,2024-11-07
CUST-02576,Growth,Active,2022-12-18,24,95,71.0,12,2023-05-10
CUST-02577,Starter,Active,2024-10-11,2,31,82.0,6,2024-11-27
CUST-02578,Starter,Active,2024-07-11,5,33,58.0,8,2024-07-29
CUST-02579,Enterprise,Churned,2024-05-01,8,1001,2.0,8,2024-10-12
CUST-02580,Starter,Active,2023-02-04,23,30,41.0,5,2024-05-12
CUST-02581,Enterprise,Active,2022-12-23,24,1001,79.0,2,2024-05-20
CUST-02582,Enterprise,Active,2024-12-07,0,1000,48.0,14,2024-12-27
CUST-02583,Enterprise,Active,2024-06-27,6,998,75.0,4,2024-07-15
CUST-02584,Growth,Active,2022-02-11,35,100,18.0,9,2023-12-14
CUST-02585,Professional,Active,2022-11-12,26,303,47.0,4,2023-07-13
CUST-02586,Growth,Churned,2024-08-21,4,99,12.0,5,2024-09-30
CUST-02587,Enterprise,Active,2024-08-24,4,999,12.0,6,2024-12-04
CUST-02588,Professional,Active,2023-04-14,20,295,91.0,8,2023-12-05
CUST-02589,Starter,Churned,2024-03-21,9,26,25.0,7,2024-04-26
CUST-02590,Professional,Active,2023-02-14,22,294,71.0,10,2024-08-17
CUST-02591,Enterprise,Active,2022-08-14,29,999,96.0,8,2023-07-07
CUST-02592,Professional,Active,2023-01-14,23,297,50.0,4,2024-01-10
CUST-02593,Professional,Churned,2023-01-17,23,298,34.0,7,2024-04-03
CUST-02594,Professional,Churned,2024-07-30,5,302,17.0,5,2024-08-22
CUST-02595,Enterprise,Active,2022-08-14,29,999,23.0,5,2023-05-30
CUST-02596,Professional,Active,2024-09-25,3,294,70.0,3,2024-10-19
CUST-02597,Growth,Active,2024-02-11,10,94,26.0,14,2024-03-07
CUST-02598,Growth,Active,2023-06-01,19,99,19.0,3,2023-06-01
CUST-02599,Growth,Active,2023-05-01,20,101,56.0,11,2024-02-01
CUST-02600,Professional,Active,2024-02-08,10,296,92.0,10,2024-06-29
CUST-02601,Enterprise,Active,2022-07-28,29,997,51.0,9,2024-04-18
CUST-02602,Professional,Active,2022-07-15,30,296,94.0,5,2022-08-15
CUST-02603,Starter,Churned,2023-10-16,14,26,32.0,3,2023-10-23
CUST-02604,Enterprise,Active,2022-06-04,31,994,43.0,6,2023-05-09
CUST-02605,Starter,Active,2022-08-01,29,29,49.0,9,2024-04-12
CUST-02606,Enterprise,Active,2024-04-28,8,997,89.0,6,2024-12-19
CUST-02607,Starter,Active,2023-08-20,16,26,46.0,0,2024-06-25
CUST-02608,Professional,Active,2022-10-05,27,298,52.0,1,2023-03-03
CUST-02609,Starter,Active,2024-08-22,4,33,54.0,13,2024-12-17
CUST-02610,Professional,Active,2022-07-28,29,301,57.0,5,2024-11-11
CUST-02611,Starter,Active,2023-05-07,20,26,83.0,12,2024-04-20
CUST-02612,Professional,Active,2024-07-12,5,296,76.0,8,2024-09-21
CUST-02613,Starter,Churned,2023-05-31,19,27,39.0,1,2024-10-06
CUST-02614,Starter,Trial,2022-12-28,24,30,71.0,3,2023-03-20
CUST-02615,Growth,Churned,2022-05-19,31,97,17.0,5,2024-02-25
CUST-02616,Professional,Active,2022-07-09,30,300,87.0,13,2023-08-07
CUST-02617,Growth,Churned,2022-03-28,33,103,1.0,8,2022-11-10
CUST-02618,Starter,Active,2023-03-11,22,32,81.0,7,2023-09-25
CUST-02619,Enterprise,Active,2023-11-05,14,994,56.0,0,2024-11-28
CUST-02620,Starter,Trial,2024-02-04,11,33,82.0,2,2024-08-09
CUST-02621,Enterprise,Active,2023-11-26,13,1003,43.0,3,2024-03-24
CUST-02622,Enterprise,Active,2022-11-05,26,994,39.0,1,2023-01-13
CUST-02623,Growth,Active,2022-05-16,32,102,84.0,5,2022-09-05
CUST-02624,Professional,Active,2024-07-09,5,302,48.0,0,2024-07-30
CUST-02625,Professional,Trial,2022-03-12,34,296,22.0,6,2023-08-22
CUST-02626,Starter,Active,2024-05-08,7,32,7.0,14,2024-12-02
CUST-02627,Enterprise,Active,2022-08-10,29,1001,37.0,9,2024-12-05
CUST-02628,Enterprise,Active,2024-06-15,6,1003,60.0,1,2024-09-01
CUST-02629,Enterprise,Active,2023-10-01,15,996,49.0,6,2024-02-02
CUST-02630,Starter,Active,2024-05-08,7,30,15.0,0,2024-10-16
CUST-02631,Enterprise,Active,2023-01-28,23,1003,56.0,3,2023-03-31
CUST-02632,Starter,Trial,2022-08-10,29,31,63.0,8,2023-07-21
CUST-02633,Professional,Active,2022-01-26,35,294,56.0,12,2024-05-15
CUST-02634,Starter,Active,2023-08-09,17,25,68.0,10,2024-12-11
CUST-02635,Growth,Active,2022-11-18,25,97,15.0,14,2023-05-23
CUST-02636,Starter,Active,2024-08-17,4,25,76.0,13,2024-12-23
CUST-02637,Enterprise,Churned,2023-08-01,17,994,20.0,1,2023-09-24
CUST-02638,Starter,Active,2024-12-24,0,30,65.0,12,2024-12-30
CUST-02639,Professional,Active,2024-01-01,12,297,24.0,13,2024-04-02
CUST-02640,Starter,Active,2023-08-05,17,24,41.0,12,2024-02-05
CUST-02641,Starter,Trial,2022-07-28,29,28,32.0,10,2024-07-17
CUST-02642,Professional,Active,2024-04-21,8,298,87.0,12,2024-09-13
CUST-02643,Professional,Active,2023-03-23,21,300,23.0,0,2024-09-25
CUST-02644,Growth,Active,2023-04-16,20,95,96.0,4,2024-11-07
CUST-02645,Starter,Churned,2023-03-28,21,28,20.0,7,2024-12-18
CUST-02646,Starter,Active,2024-01-21,11,31,88.0,8,2024-06-10
CUST-02647,Professional,Active,2022-07-12,30,300,60.0,11,2022-12-22
CUST-02648,Professional,Active,2023-06-24,18,300,45.0,7,2023-08-12
CUST-02649,Starter,Churned,2024-10-30,2,27,28.0,13,2024-10-31
CUST-02650,Professional,Active,2024-10-29,2,301,34.0,3,2024-11-16
CUST-02651,Enterprise,Active,2024-04-26,8,1003,11.0,0,2024-05-16
CUST-02652,Starter,Trial,2023-11-04,14,28,32.0,10,2024-06-23
CUST-02653,Enterprise,Churned,2023-10-22,14,1000,4.0,1,2023-12-09
CUST-02654,Growth,Trial,2023-08-28,16,97,92.0,5,2024-12-29
CUST-02655,Starter,Active,2023-06-26,18,32,69.0,9,2024-02-04
CUST-02656,Growth,Active,2023-01-01,24,102,3.0,14,2023-04-14
CUST-02657,Starter,Active,2022-08-18,28,26,4.0,6,2024-03-28
CUST-02658,Growth,Churned,2022-12-16,24,100,,11,2023-09-29
CUST-02659,Professional,Active,2024-03-12,9,297,45.0,7,2024-07-20
CUST-02660,Professional,Active,2023-09-25,15,297,24.0,5,2023-11-26
CUST-02661,Enterprise,Active,2022-03-06,34,998,98.0,7,2023-02-15
CUST-02662,Starter,Active,2024-09-25,3,32,88.0,4,2024-11-06
CUST-02663,Starter,Churned,2022-10-28,26,31,18.0,11,2022-11-12
CUST-02664,Growth,Active,2024-03-15,9,102,2.0,0,2024-04-10
CUST-02665,Enterprise,Churned,2023-01-07,24,998,7.0,9,2024-03-19
CUST-02666,Growth,Churned,2024-07-09,5,97,11.0,3,2024-09-11
CUST-02667,Growth,Churned,2024-02-11,10,95,33.0,5,2024-04-12
CUST-02668,Growth,Active,2023-04-27,20,96,10.0,5,2024-12-16
CUST-02669,Growth,Active,2022-07-26,29,94,59.0,10,2023-03-31
CUST-02670,Growth,Active,2022-09-25,27,99,7.0,4,2022-11-06
CUST-02671,Professional,Active,2022-02-28,34,299,26.0,2,2024-08-25
CUST-02672,Enterprise,Active,2022-06-27,30,1000,10.0,4,2024-05-24
CUST-02673,Growth,Active,2022-09-18,27,100,20.0,1,2024-05-26
CUST-02674,Starter,Churned,2024-05-16,7,27,32.0,12,2024-06-14
CUST-02675,Enterprise,Active,2023-10-25,14,1003,18.0,3,2024-06-20
CUST-02676,Enterprise,Active,2024-10-12,2,994,87.0,11,2024-10-31
CUST-02677,Enterprise,Active,2022-06-16,30,997,73.0,4,2024-12-07
CUST-02678,Starter,Trial,2024-11-28,1,25,50.0,8,2024-12-03
CUST-02679,Professional,Churned,2024-11-24,1,298,21.0,1,2024-12-15
CUST-02680,Starter,Active,2022-03-05,34,27,36.0,6,2023-05-04
CUST-02681,Starter,Active,2022-11-20,25,28,73.0,0,2024-02-12
CUST-02682,Enterprise,Active,2024-03-03,10,1000,88.0,13,2024-07-27
CUST-02683,Starter,Active,2024-10-14,2,31,10.0,6,2024-11-24
CUST-02684,Professional,Churned,2024-02-09,10,301,33.0,6,2024-05-28
CUST-02685,Professional,Churned,2022-02-04,35,299,8.0,0,2022-03-14
CUST-02686,Growth,Active,2023-06-29,18,98,68.0,14,2024-12-01
CUST-02687,Professional,Active,2024-12-29,0,296,1.0,14,2024-12-31
CUST-02688,Professional,Active,2023-04-08,21,299,18.0,4,2023-06-29
CUST-02689,Enterprise,Active,2024-07-31,5,1002,10.0,0,2024-12-19
CUST-02690,Professional,Active,2023-12-07,13,300,19.0,0,2024-07-15
CUST-02691,Growth,Active,2022-06-03,31,100,42.0,6,2022-08-18
CUST-02692,Enterprise,Active,2024-09-03,3,999,41.0,13,2024-10-23
CUST-02693,Growth,Active,2024-01-12,11,95,70.0,11,2024-04-28
CUST-02694,Growth,Churned,2022-08-04,29,95,28.0,1,2023-06-21
CUST-02695,Starter,Active,2022-10-23,26,30,77.0,11,2024-02-25
CUST-02696,Professional,Churned,2024-03-11,9,297,24.0,12,2024-08-12
CUST-02697,Professional,Active,2023-10-17,14,298,2.0,9,2024-05-18
CUST-02698,Growth,Active,2024-02-02,11,95,51.0,4,2024-03-05
CUST-02699,Professional,Active,2022-11-02,26,301,73.0,11,2024-04-12
CUST-02700,Enterprise,Churned,2022-05-09,32,1001,18.0,4,2024-01-24
CUST-02701,Growth,Churned,2022-08-20,28,96,20.0,2,2022-08-30
CUST-02702,Growth,Churned,2023-10-05,15,96,15.0,1,2024-06-12
CUST-02703,Growth,Active,2023-01-29,23,96,60.0,9,2023-12-29
CUST-02704,Professional,Active,2023-02-20,22,301,72.0,9,2024-04-20
CUST-02705,Starter,Active,2023-11-17,13,28,28.0,8,2024-03-08
CUST-02706,Enterprise,Active,2024-11-14,1,994,81.0,12,2024-12-06
CUST-02707,Enterprise,Churned,2023-07-31,17,1000,19.0,13,2024-04-05
CUST-02708,Starter,Active,2023-03-06,22,30,53.0,0,2024-09-28
CUST-02709,Professional,Trial,2023-10-16,14,298,11.0,0,2023-11-18
CUST-02710,Professional,Active,2022-08-12,29,294,22.0,0,2023-06-03
CUST-02711,Enterprise,Trial,2022-10-01,27,1003,48.0,14,2024-08-20
CUST-02712,Growth,Active,2022-01-03,36,99,19.0,6,2022-03-10
CUST-02713,Starter,Churned,2022-04-18,32,25,16.0,6,2022-06-14
CUST-02714,Growth,Active,2023-05-22,19,98,45.0,0,2023-06-14
CUST-02715,Enterprise,Active,2023-07-12,17,1000,42.0,6,2023-09-18
CUST-02716,Growth,Active,2023-04-30,20,103,84.0,11,2024-10-30
CUST-02717,Growth,Active,2024-10-05,2,102,56.0,13,2024-11-09
CUST-02718,Enterprise,Churned,2024-01-19,11,999,37.0,11,2024-11-19
CUST-02719,Enterprise,Active,2024-10-10,2,1003,79.0,1,2024-11-20
CUST-02720,Professional,Active,2022-10-08,27,294,87.0,2,2023-03-25
CUST-02721,Starter,Active,2023-09-19,15,26,29.0,5,2024-01-19
CUST-02722,Enterprise,Active,2023-04-02,21,1002,63.0,11,2023-04-20
CUST-02723,Growth,Active,2022-03-22,33,97,6.0,8,2023-10-31
CUST-02724,Growth,Active,2022-10-20,26,98,38.0,5,2024-10-04
CUST-02725,Enterprise,Trial,2023-06-28,18,1000,20.0,7,2024-09-26
CUST-02726,Starter,Active,2022-02-26,34,31,91.0,3,2023-02-20
CUST-02727,Growth,Active,2023-08-20,16,103,74.0,4,2024-06-09
CUST-02728,Growth,Active,2022-03-04,34,97,75.0,0,2024-09-28
CUST-02729,Enterprise,Active,2022-10-10,27,995,89.0,10,2024-08-22
CUST-02730,Starter,Active,2023-07-09,18,33,61.0,0,2024-04-30
CUST-02731,Professional,Active,2023-02-10,23,299,14.0,13,2024-05-21
CUST-02732,Starter,Active,2023-04-01,21,25,99.0,9,2024-08-22
CUST-02733,Professional,Active,2024-07-20,5,300,12.0,7,2024-08-10
CUST-02734,Growth,Active,2022-05-17,31,101,56.0,14,2023-09-11
CUST-02735,Growth,Churned,2023-01-21,23,97,14.0,6,2023-10-17
CUST-02736,Professional,Churned,2024-12-19,0,301,3.0,4,2024-12-20
CUST-02737,Starter,Churned,2024-04-29,8,24,31.0,12,2024-11-07
CUST-02738,Professional,Churned,2024-07-19,5,298,13.0,6,2024-12-24
CUST-02739,Growth,Active,2024-12-24,0,103,55.0,5,2024-12-25
CUST-02740,Starter,Active,2023-04-18,20,33,50.0,7,2024-11-19
CUST-02741,Professional,Active,2023-11-16,13,298,44.0,10,2024-01-08
CUST-02742,Growth,Churned,2024-04-20,8,96,9.0,7,2024-11-27
CUST-02743,Growth,Active,2023-07-09,18,100,32.0,4,2023-09-04
CUST-02744,Professional,Active,2024-04-02,9,300,93.0,7,2024-09-05
CUST-02745,Professional,Active,2024-07-20,5,303,24.0,7,2024-08-07
CUST-02746,Professional,Active,2024-08-02,5,302,27.0,12,2024-11-29
CUST-02747,Starter,Churned,2022-03-19,33,29,7.0,10,2024-07-15
CUST-02748,Enterprise,Trial,2023-02-21,22,1003,3.0,5,2024-02-08
CUST-02749,Starter,Active,2022-07-24,29,33,46.0,3,2023-01-23
CUST-02750,Enterprise,Trial,2023-05-18,19,995,85.0,14,2023-07-25
CUST-02751,Growth,Churned,2023-05-05,20,97,36.0,7,2024-12-01
CUST-02752,Professional,Active,2022-12-13,24,296,55.0,13,2024-12-11
CUST-02753,Growth,Churned,2023-02-22,22,103,10.0,4,2023-05-17
CUST-02754,Professional,Active,2024-06-15,6,297,59.0,14,2024-09-16
CUST-02755,Starter,Churned,2023-11-11,13,26,27.0,9,2024-04-08
CUST-02756,Enterprise,Active,2022-09-15,27,996,87.0,4,2023-06-05
CUST-02757,Professional,Active,2024-12-12,0,298,72.0,11,2024-12-13
CUST-02758,Enterprise,Active,2023-04-14,20,999,90.0,14,2023-07-03
CUST-02759,Enterprise,Active,2023-06-04,19,1001,95.0,2,2023-07-17
CUST-02760,Starter,Churned,2022-10-24,26,30,18.0,11,2024-04-06
CUST-02761,Starter,Active,2024-09-15,3,33,31.0,13,2024-11-28
CUST-02762,Growth,Active,2023-06-11,18,101,99.0,12,2023-11-08
CUST-02763,Starter,Active,2024-10-04,2,28,84.0,1,2024-11-30
CUST-02764,Professional,Churned,2024-02-26,10,295,37.0,9,2024-06-08
CUST-02765,Enterprise,Active,2022-10-21,26,998,34.0,7,2023-06-05
CUST-02766,Professional,Active,2023-01-28,23,294,83.0,1,2023-08-10
CUST-02767,Enterprise,Active,2022-06-17,30,1003,70.0,6,2023-05-07
CUST-02768,Enterprise,Churned,2022-03-31,33,999,4.0,1,2022-10-06
CUST-02769,Professional,Active,2022-01-12,36,303,68.0,8,2022-08-04
CUST-02770,Growth,Active,2022-09-02,28,95,87.0,3,2024-12-24
CUST-02771,Growth,Active,2023-04-23,20,96,19.0,4,2024-12-06
CUST-02772,Growth,Active,2024-06-13,6,102,11.0,2,2024-06-17
CUST-02773,Starter,Active,2022-02-14,35,33,41.0,10,2023-10-15
CUST-02774,Growth,Active,2023-06-05,19,99,21.0,13,2024-05-28
CUST-02775,Enterprise,Active,2022-10-03,27,995,39.0,6,2023-04-29
CUST-02776,Growth,Active,2022-11-21,25,95,39.0,2,2023-12-23
CUST-02777,Starter,Active,2024-06-26,6,33,74.0,5,2024-08-26
CUST-02778,Starter,Churned,2022-04-28,32,32,12.0,0,2024-06-07
CUST-02779,Starter,Active,2024-01-28,11,33,36.0,12,2024-02-28
CUST-02780,Growth,Active,2022-12-04,25,96,56.0,14,2024-07-03
CUST-02781,Enterprise,Active,2024-06-14,6,996,53.0,11,2024-11-22
CUST-02782,Starter,Active,2023-04-21,20,31,21.0,7,2024-07-17
CUST-02783,Professional,Churned,2022-05-02,32,299,39.0,14,2022-12-24
CUST-02784,Starter,Active,2022-07-17,29,26,13.0,1,2024-05-24
CUST-02785,Growth,Active,2022-11-04,26,95,42.0,1,2023-03-28
CUST-02786,Enterprise,Active,2024-02-01,11,995,27.0,0,2024-12-07
CUST-02787,Professional,Active,2024-03-13,9,297,92.0,6,2024-10-12
CUST-02788,Growth,Churned,2023-11-08,13,103,26.0,1,2024-04-01
CUST-02789,Starter,Active,2023-01-16,23,32,21.0,0,2023-11-15
CUST-02790,Starter,Active,2024-05-16,7,25,90.0,11,2024-11-13
CUST-02791,Growth,Active,2023-01-19,23,98,40.0,6,2024-05-01
CUST-02792,Starter,Trial,2023-07-16,17,26,90.0,9,2024-03-21
CUST-02793,Starter,Active,2024-11-07,1,28,6.0,1,2024-11-15
CUST-02794,Growth,Active,2022-02-23,34,95,14.0,5,2023-02-10
CUST-02795,Professional,Churned,2022-07-10,30,295,23.0,4,2023-01-13
CUST-02796,Enterprise,Churned,2023-03-19,21,999,16.0,1,2024-09-12
CUST-02797,Professional,Active,2022-06-12,31,295,66.0,12,2023-03-17
CUST-02798,Growth,Trial,2024-11-02,1,98,52.0,12,2024-11-23
CUST-02799,Enterprise,Active,2024-09-10,3,1000,56.0,1,2024-12-16
CUST-02800,Starter,Active,2022-12-28,24,27,10.0,3,2023-11-08
CUST-02801,Professional,Active,2023-04-03,21,295,22.0,10,2024-10-26
CUST-02802,Growth,Active,2023-11-08,13,94,40.0,7,2024-03-31
CUST-02803,Professional,Active,2024-03-31,9,302,41.0,10,2024-07-03
CUST-02804,Enterprise,Active,2022-11-13,25,1000,12.0,6,2024-10-12
CUST-02805,Enterprise,Active,2022-07-04,30,999,4.0,5,2023-12-19
CUST-02806,Professional,Active,2022-08-16,28,295,75.0,12,2023-12-05
CUST-02807,Enterprise,Active,2023-04-09,21,994,56.0,10,2023-06-02
CUST-02808,Professional,Trial,2023-05-30,19,302,41.0,7,2024-05-23
CUST-02809,Professional,Active,2023-08-12,16,299,23.0,3,2024-11-25
CUST-02810,Professional,Active,2023-10-30,14,301,65.0,7,2024-08-08
CUST-02811,Starter,Active,2023-08-01,17,25,7.0,7,2024-07-13
CUST-02812,Professional,Active,2022-04-12,33,297,84.0,13,2024-12-16
CUST-02813,Growth,Active,2022-02-10,35,103,71.0,6,2023-10-26
CUST-02814,Starter,Active,2023-03-23,21,32,83.0,11,2024-02-03
CUST-02815,Enterprise,Active,2022-10-10,27,1001,84.0,12,2023-06-30
CUST-02816,Professional,Churned,2024-02-22,10,298,30.0,11,2024-11-30
CUST-02817,Enterprise,Active,2022-07-20,29,1000,52.0,12,2024-05-22
CUST-02818,Starter,Active,2022-02-21,34,24,92.0,11,2023-09-20
CUST-02819,Enterprise,Active,2023-09-22,15,1003,1.0,10,2024-08-08
CUST-02820,Growth,Active,2024-10-22,2,94,45.0,13,2024-11-15
CUST-02821,Growth,Active,2023-04-02,21,98,65.0,13,2024-09-20
CUST-02822,Enterprise,Churned,2022-01-15,36,1003,26.0,2,2023-04-05
CUST-02823,Enterprise,Active,2024-07-17,5,998,84.0,2,2024-11-17
CUST-02824,Growth,Active,2022-01-26,35,102,50.0,7,2024-11-18
CUST-02825,Starter,Active,2022-08-06,29,26,70.0,11,2022-12-02
CUST-02826,Enterprise,Churned,2022-09-21,27,995,30.0,3,2024-08-23
CUST-02827,Enterprise,Active,2024-09-02,4,997,98.0,3,2024-12-28
CUST-02828,Growth,Active,2022-03-23,33,96,18.0,4,2022-06-27
CUST-02829,Starter,Churned,2022-07-08,30,28,15.0,7,2024-02-20
CUST-02830,Professional,Active,2023-01-27,23,295,40.0,5,2024-03-25
CUST-02831,Professional,Active,2023-07-30,17,296,64.0,4,2024-01-12
CUST-02832,Enterprise,Active,2022-09-27,27,997,21.0,14,2024-07-02
CUST-02833,Professional,Active,2024-04-29,8,299,,9,2024-11-19
CUST-02834,Professional,Active,2023-07-12,17,301,82.0,3,2024-04-26
CUST-02835,Enterprise,Trial,2022-03-11,34,1002,18.0,10,2023-10-17
CUST-02836,Starter,Churned,2022-04-13,33,33,13.0,1,2024-11-15
CUST-02837,Professional,Churned,2023-12-06,13,303,14.0,10,2024-05-06
CUST-02838,Enterprise,Active,2023-06-12,18,996,44.0,0,2023-09-07
CUST-02839,Enterprise,Active,2023-08-31,16,995,36.0,3,2024-12-03
CUST-02840,Professional,Active,2023-07-19,17,300,74.0,11,2024-03-04
CUST-02841,Enterprise,Trial,2024-09-22,3,1000,57.0,12,2024-10-06
CUST-02842,Starter,Churned,2024-09-09,3,32,21.0,13,2024-09-10
CUST-02843,Starter,Active,2022-05-01,32,31,8.0,1,2022-07-21
CUST-02844,Starter,Churned,2023-04-08,21,24,39.0,9,2024-01-06
CUST-02845,Professional,Active,2024-02-22,10,299,69.0,3,2024-08-10
CUST-02846,Starter,Active,2024-08-30,4,33,96.0,11,2024-09-09
CUST-02847,Enterprise,Active,2024-03-24,9,998,98.0,4,2024-11-16
CUST-02848,Enterprise,Active,2024-12-01,1,1000,16.0,14,2024-12-25
CUST-02849,Professional,Churned,2022-11-10,26,294,18.0,2,2023-07-23
CUST-02850,Starter,Trial,2023-11-24,13,32,56.0,0,2024-06-03
CUST-02851,Starter,Active,2023-04-07,21,32,10.0,14,2023-11-17
CUST-02852,Professional,Trial,2023-09-20,15,300,57.0,14,2024-04-11
CUST-02853,Growth,Churned,2022-04-26,32,98,21.0,0,2024-11-24
CUST-02854,Starter,Active,2023-06-21,18,30,88.0,12,2024-08-17
CUST-02855,Professional,Churned,2022-07-15,30,294,26.0,13,2024-10-18
CUST-02856,Starter,Active,2022-05-25,31,28,87.0,2,2024-11-08
CUST-02857,Professional,Trial,2024-02-24,10,295,46.0,0,2024-08-01
CUST-02858,Growth,Churned,2022-12-12,25,103,,13,2023-03-21
CUST-02859,Starter,Active,2022-07-28,29,31,29.0,2,2023-02-24
CUST-02860,Growth,Active,2022-08-13,29,96,68.0,2,2024-10-07
CUST-02861,Starter,Active,2024-06-26,6,26,45.0,10,2024-08-30
CUST-02862,Enterprise,Active,2022-04-15,33,996,50.0,3,2022-11-08
CUST-02863,Starter,Active,2023-12-18,12,26,25.0,3,2024-07-14
CUST-02864,Starter,Active,2024-11-20,1,28,75.0,5,2024-12-30
CUST-02865,Starter,Active,2023-09-19,15,33,74.0,4,2024-09-29
CUST-02866,Starter,Active,2024-05-03,8,30,5.0,0,2024-12-31
CUST-02867,Enterprise,Trial,2022-06-10,31,1001,24.0,12,2023-09-06
CUST-02868,Professional,Active,2024-01-13,11,297,91.0,5,2024-06-25
CUST-02869,Professional,Active,2022-06-13,31,294,15.0,8,2024-08-22
CUST-02870,Professional,Active,2023-10-27,14,299,71.0,0,2024-06-08
CUST-02871,Enterprise,Active,2022-11-29,25,997,48.0,6,2023-11-25
CUST-02872,Enterprise,Active,2024-02-14,10,997,30.0,2,2024-05-23
CUST-02873,Starter,Active,2024-06-04,7,28,67.0,5,2024-12-23
CUST-02874,Enterprise,Churned,2024-12-24,0,1001,39.0,6,2024-12-24
CUST-02875,Growth,Churned,2022-02-28,34,96,16.0,10,2024-02-25
CUST-02876,Growth,Churned,2024-02-25,10,102,8.0,9,2024-07-31
CUST-02877,Starter,Active,2024-11-01,2,26,10.0,0,2024-12-15
CUST-02878,Enterprise,Active,2022-07-06,30,996,34.0,12,2024-08-14
CUST-02879,Professional,Active,2022-03-02,34,296,25.0,5,2023-05-17
CUST-02880,Starter,Active,2023-07-09,18,33,91.0,6,2024-10-20
CUST-02881,Enterprise,Active,2024-03-02,10,1003,15.0,4,2024-04-18
CUST-02882,Starter,Active,2024-11-24,1,24,1.0,14,2024-12-29
CUST-02883,Growth,Active,2024-05-23,7,100,7.0,8,2024-06-23
CUST-02884,Enterprise,Active,2022-05-01,32,1002,83.0,12,2022-05-21
CUST-02885,Enterprise,Trial,2022-05-11,32,998,81.0,6,2024-12-10
CUST-02886,Starter,Churned,2024-09-08,3,30,25.0,8,2024-11-03
CUST-02887,Professional,Churned,2022-02-24,34,294,11.0,4,2023-01-17
CUST-02888,Starter,Active,2024-12-13,0,27,36.0,12,2024-12-19
CUST-02889,Professional,Active,2022-03-11,34,299,6.0,8,2023-05-22
CUST-02890,Starter,Active,2024-01-24,11,26,45.0,9,2024-03-10
CUST-02891,Growth,Active,2022-08-17,28,96,10.0,5,2022-11-15
CUST-02892,Enterprise,Churned,2023-04-02,21,1003,10.0,13,2023-07-20
CUST-02893,Starter,Active,2022-08-12,29,30,31.0,5,2024-05-21
CUST-02894,Starter,Active,2024-03-10,9,31,79.0,14,2024-11-07
CUST-02895,Growth,Active,2024-08-06,4,96,34.0,14,2024-08-14
CUST-02896,Starter,Active,2024-07-05,5,26,30.0,1,2024-10-24
CUST-02897,Growth,Active,2024-08-29,4,97,62.0,4,2024-12-28
CUST-02898,Enterprise,Active,2024-12-07,0,996,,0,2024-12-19
CUST-02899,Starter,Trial,2024-02-14,10,25,55.0,1,2024-02-24
CUST-02900,Starter,Active,2023-09-14,15,26,1.0,6,2023-12-06
CUST-02901,Starter,Trial,2024-03-06,10,29,33.0,4,2024-05-11
CUST-02902,Starter,Active,2023-10-23,14,25,70.0,2,2023-12-09
CUST-02903,Starter,Active,2024-02-14,10,25,35.0,14,2024-04-19
CUST-02904,Professional,Active,2023-09-10,15,303,34.0,2,2024-12-15
CUST-02905,Starter,Active,2024-09-15,3,28,41.0,10,2024-11-25
CUST-02906,Starter,Active,2024-10-25,2,28,60.0,5,2024-12-29
CUST-02907,Professional,Trial,2022-02-16,34,295,18.0,0,2022-09-18
CUST-02908,Professional,Active,2022-02-21,34,302,24.0,13,2022-07-10
CUST-02909,Growth,Active,2023-11-07,14,95,16.0,1,2023-11-13
CUST-02910,Growth,Active,2023-09-01,16,94,11.0,6,2024-02-18
CUST-02911,Starter,Active,2022-04-02,33,33,9.0,4,2024-02-15
CUST-02912,Starter,Active,2024-01-27,11,30,17.0,2,2024-07-05
CUST-02913,Professional,Active,2023-05-29,19,296,74.0,3,2023-07-16
CUST-02914,Growth,Active,2023-08-17,16,94,79.0,4,2024-04-16
CUST-02915,Enterprise,Active,2024-04-07,8,1002,73.0,10,2024-07-29
CUST-02916,Enterprise,Active,2022-10-31,26,999,42.0,12,2023-03-19
CUST-02917,Enterprise,Churned,2023-10-16,14,998,32.0,7,2024-11-15
CUST-02918,Starter,Active,2024-08-15,4,24,65.0,13,2024-12-08
CUST-02919,Enterprise,Active,2022-03-23,33,1001,13.0,4,2024-12-09
CUST-02920,Professional,Active,2022-05-12,32,297,29.0,9,2024-11-18
CUST-02921,Professional,Active,2022-06-24,30,300,43.0,13,2023-03-10
CUST-02922,Starter,Active,2023-05-15,19,26,71.0,11,2024-01-10
CUST-02923,Starter,Active,2023-03-14,21,24,82.0,12,2024-09-10
CUST-02924,Growth,Active,2023-08-26,16,98,34.0,14,2024-11-06
CUST-02925,Growth,Active,2024-11-06,1,95,45.0,12,2024-12-26
CUST-02926,Professional,Trial,2023-10-21,14,299,90.0,8,2024-11-25
CUST-02927,Starter,Active,2022-04-25,32,29,2.0,0,2024-06-06
CUST-02928,Enterprise,Active,2024-09-02,4,999,43.0,10,2024-11-04
CUST-02929,Growth,Churned,2022-01-19,35,101,21.0,7,2023-02-26
CUST-02930,Growth,Trial,2022-11-10,26,95,95.0,5,2024-05-11
CUST-02931,Starter,Churned,2023-04-03,21,29,6.0,12,2024-08-31
CUST-02932,Professional,Trial,2023-03-21,21,300,58.0,1,2024-10-15
CUST-02933,Growth,Churned,2024-05-19,7,98,7.0,2,2024-08-05
CUST-02934,Growth,Active,2022-05-14,32,98,47.0,9,2022-08-14
CUST-02935,Enterprise,Active,2022-01-24,35,996,79.0,7,2024-08-21
CUST-02936,Professional,Trial,2024-09-28,3,300,80.0,14,2024-11-26
CUST-02937,Enterprise,Active,2023-09-05,16,1003,49.0,4,2024-02-09
CUST-02938,Enterprise,Active,2022-01-14,36,996,73.0,13,2024-03-11
CUST-02939,Starter,Active,2022-04-03,33,27,60.0,10,2024-10-28
CUST-02940,Starter,Active,2022-04-27,32,25,96.0,4,2024-08-11
CUST-02941,Professional,Active,2024-01-30,11,294,65.0,6,2024-02-01
CUST-02942,Starter,Churned,2023-10-30,14,27,4.0,14,2024-10-05
CUST-02943,Growth,Active,2022-10-16,26,100,63.0,8,2024-02-18
CUST-02944,Enterprise,Active,2022-03-28,33,1002,36.0,3,2022-10-27
CUST-02945,Professional,Active,2024-07-14,5,296,19.0,4,2024-11-26
CUST-02946,Starter,Churned,2022-01-25,35,27,15.0,11,2023-07-15
CUST-02947,Enterprise,Active,2023-06-11,18,994,60.0,4,2024-06-23
CUST-02948,Enterprise,Active,2024-03-26,9,999,98.0,0,2024-12-03
CUST-02949,Enterprise,Active,2022-01-15,36,998,15.0,6,2024-07-14
CUST-02950,Growth,Active,2022-04-21,32,102,1.0,2,2022-06-25
CUST-02951,Professional,Trial,2024-06-05,6,299,26.0,5,2024-09-09
CUST-02952,Starter,Active,2024-07-17,5,30,66.0,14,2024-12-03
CUST-02953,Professional,Active,2024-01-10,11,301,99.0,1,2024-06-19
CUST-02954,Growth,Churned,2024-03-24,9,98,26.0,8,2024-05-07
CUST-02955,Starter,Active,2023-08-05,17,27,99.0,3,2024-10-29
CUST-02956,Starter,Active,2023-12-27,12,28,29.0,6,2024-08-26
CUST-02957,Growth,Churned,2023-11-25,13,101,23.0,1,2024-08-18
CUST-02958,Enterprise,Active,2022-07-15,30,1001,10.0,6,2024-03-17
CUST-02959,Enterprise,Active,2023-11-13,13,998,54.0,3,2024-02-22
CUST-02960,Enterprise,Active,2023-02-16,22,996,38.0,3,2024-10-25
CUST-02961,Professional,Active,2024-02-14,10,297,16.0,5,2024-08-26
CUST-02962,Starter,Active,2024-01-11,11,26,64.0,12,2024-10-11
CUST-02963,Growth,Active,2022-01-11,36,103,30.0,9,2024-01-31
CUST-02964,Growth,Active,2022-06-30,30,94,75.0,7,2024-05-05
CUST-02965,Growth,Active,2022-09-10,28,103,55.0,8,2024-01-13
CUST-02966,Professional,Active,2022-11-13,25,302,97.0,0,2024-10-07
CUST-02967,Enterprise,Trial,2022-06-03,31,994,48.0,4,2024-12-13
CUST-02968,Professional,Active,2023-02-01,23,299,45.0,3,2023-11-24
CUST-02969,Professional,Active,2023-03-08,22,300,31.0,11,2024-04-12
CUST-02970,Enterprise,Churned,2023-09-30,15,1003,16.0,5,2023-12-21
CUST-02971,Growth,Churned,2023-05-10,20,102,17.0,8,2024-06-05
CUST-02972,Starter,Active,2024-07-07,5,31,38.0,8,2024-11-15
CUST-02973,Enterprise,Churned,2022-07-01,30,1002,4.0,9,2023-03-14
CUST-02974,Starter,Active,2023-07-16,17,29,93.0,12,2024-05-01
CUST-02975,Enterprise,Churned,2024-06-03,7,994,9.0,0,2024-08-15
CUST-02976,Professional,Active,2023-02-08,23,295,69.0,13,2024-11-24
CUST-02977,Enterprise,Active,2024-09-21,3,997,11.0,1,2024-11-07
CUST-02978,Growth,Active,2024-12-31,0,95,48.0,5,2024-12-31
CUST-02979,Starter,Active,2023-01-15,23,32,25.0,7,2023-02-04
CUST-02980,Enterprise,Active,2024-07-22,5,1003,89.0,3,2024-07-28
CUST-02981,Growth,Active,2024-10-16,2,96,62.0,13,2024-12-06
CUST-02982,Starter,Active,2024-12-05,0,24,38.0,5,2024-12-25
CUST-02983,Starter,Active,2022-07-02,30,25,27.0,13,2023-11-08
CUST-02984,Starter,Churned,2024-11-01,2,24,26.0,1,2024-12-03
CUST-02985,Growth,Active,2022-04-24,32,96,26.0,1,2023-06-27
CUST-02986,Enterprise,Churned,2024-06-09,6,996,4.0,4,2024-12-24
CUST-02987,Enterprise,Active,2022-03-26,33,1001,70.0,0,2024-10-21
CUST-02988,Enterprise,Trial,2022-06-09,31,999,61.0,1,2024-01-28
CUST-02989,Enterprise,Active,2022-07-11,30,999,54.0,10,2023-08-13
CUST-02990,Starter,Active,2022-04-04,33,24,32.0,14,2022-06-09
CUST-02991,Professional,Churned,2022-01-26,35,297,26.0,14,2024-02-10
CUST-02992,Starter,Churned,2023-07-19,17,26,36.0,11,2024-01-10
CUST-02993,Growth,Active,2022-09-26,27,103,94.0,6,2022-12-15
CUST-02994,Professional,Active,2023-12-24,12,296,,6,2024-09-08
CUST-02995,Professional,Trial,2022-08-25,28,295,29.0,12,2024-11-06
CUST-02996,Professional,Active,2024-07-25,5,298,21.0,3,2024-10-02
CUST-02997,Enterprise,Churned,2024-01-02,12,997,14.0,5,2024-10-19
CUST-02998,Starter,Active,2023-12-12,12,25,83.0,12,2024-07-10
CUST-02999,Professional,Active,2023-12-07,13,303,7.0,13,2023-12-18
CUST-03000,Professional,Churned,2024-01-22,11,303,32.0,4,2024-10-23
CUST-03001,Professional,Active,2022-07-07,30,297,80.0,8,2023-05-15
CUST-03002,Growth,Active,2022-10-14,26,101,41.0,7,2023-01-24
CUST-03003,Growth,Active,2022-04-28,32,95,4.0,2,2024-07-24
CUST-03004,Enterprise,Churned,2024-05-11,7,1003,10.0,0,2024-06-05
CUST-03005,Enterprise,Active,2024-01-08,11,997,80.0,6,2024-12-31
CUST-03006,Enterprise,Active,2022-11-14,25,998,5.0,12,2023-05-03
CUST-03007,Starter,Churned,2024-08-18,4,29,26.0,2,2024-08-25
CUST-03008,Starter,Active,2024-12-02,0,25,43.0,14,2024-12-30
CUST-03009,Professional,Churned,2024-10-25,2,300,19.0,11,2024-11-11
CUST-03010,Growth,Active,2024-11-08,1,94,18.0,7,2024-11-29
CUST-03011,Starter,Trial,2022-04-24,32,28,89.0,2,2024-10-13
CUST-03012,Starter,Active,2022-01-10,36,24,15.0,10,2023-05-29
CUST-03013,Growth,Active,2024-08-31,4,96,36.0,14,2024-09-11
CUST-03014,Enterprise,Trial,2024-02-28,10,999,77.0,0,2024-10-04
CUST-03015,Enterprise,Active,2022-06-27,30,994,6.0,4,2023-09-08
CUST-03016,Growth,Active,2023-02-24,22,101,72.0,7,2023-03-28
CUST-03017,Enterprise,Active,2022-08-25,28,997,96.0,3,2024-04-08
CUST-03018,Professional,Active,2023-07-10,18,296,38.0,9,2024-12-15
CUST-03019,Starter,Active,2024-09-11,3,31,91.0,6,2024-10-10
CUST-03020,Enterprise,Active,2024-05-11,7,998,20.0,2,2024-12-14
CUST-03021,Starter,Active,2024-04-07,8,26,40.0,3,2024-07-14
CUST-03022,Growth,Active,2022-05-01,32,94,21.0,1,2023-01-22
CUST-03023,Growth,Active,2024-07-01,6,103,30.0,12,2024-10-27
CUST-03024,Enterprise,Active,2023-11-14,13,996,12.0,12,2024-07-12
CUST-03025,Growth,Active,2024-04-17,8,98,84.0,11,2024-05-11
CUST-03026,Professional,Active,2023-07-13,17,296,18.0,9,2023-11-10
CUST-03027,Growth,Active,2022-05-14,32,101,39.0,8,2024-02-18
CUST-03028,Starter,Active,2024-04-16,8,24,97.0,13,2024-07-09
CUST-03029,Growth,Active,2023-09-29,15,103,64.0,7,2024-12-15
CUST-03030,Growth,Active,2024-12-02,0,97,22.0,4,2024-12-27
CUST-03031,Enterprise,Active,2024-07-06,5,1003,70.0,14,2024-12-17
CUST-03032,Starter,Active,2022-08-23,28,28,15.0,12,2022-09-25
CUST-03033,Growth,Churned,2024-10-22,2,96,20.0,2,2024-11-11
CUST-03034,Starter,Active,2024-11-09,1,26,98.0,11,2024-11-26
CUST-03035,Starter,Active,2022-06-13,31,29,94.0,0,2022-07-07
CUST-03036,Growth,Churned,2023-08-18,16,96,19.0,0,2024-10-30
CUST-03037,Professional,Churned,2022-08-13,29,294,26.0,10,2023-12-15
CUST-03038,Growth,Trial,2023-05-10,20,103,54.0,13,2023-07-19
CUST-03039,Enterprise,Active,2023-06-22,18,1002,19.0,8,2024-08-21
CUST-03040,Growth,Active,2024-07-05,5,100,11.0,12,2024-10-31
CUST-03041,Starter,Churned,2022-07-01,30,26,17.0,4,2024-06-22
CUST-03042,Growth,Trial,2023-08-21,16,103,28.0,13,2024-08-02
CUST-03043,Starter,Active,2024-03-09,9,25,2.0,12,2024-08-27
CUST-03044,Growth,Active,2024-04-01,9,98,42.0,4,2024-07-24
CUST-03045,Growth,Churned,2022-07-08,30,103,23.0,5,2024-02-12
CUST-03046,Enterprise,Active,2023-01-04,24,996,76.0,2,2023-11-08
CUST-03047,Enterprise,Churned,2024-08-09,4,998,34.0,2,2024-10-19
CUST-03048,Enterprise,Active,2024-11-15,1,1003,43.0,0,2024-12-08
CUST-03049,Starter,Churned,2024-06-07,6,24,9.0,11,2024-07-22
CUST-03050,Enterprise,Active,2023-07-21,17,996,94.0,4,2024-12-26
CUST-03051,Starter,Active,2022-09-04,28,26,96.0,14,2023-05-17
CUST-03052,Starter,Active,2023-11-18,13,33,63.0,2,2024-10-16
CUST-03053,Starter,Active,2022-04-11,33,32,63.0,6,2023-12-30
CUST-03054,Professional,Active,2022-06-17,30,303,60.0,12,2023-05-25
CUST-03055,Starter,Active,2024-10-14,2,24,47.0,1,2024-11-15
CUST-03056,Professional,Trial,2023-11-04,14,300,17.0,0,2023-11-12
CUST-03057,Starter,Active,2024-02-13,10,29,31.0,9,2024-04-03
CUST-03058,Starter,Trial,2022-03-20,33,25,73.0,11,2024-08-25
CUST-03059,Growth,Active,2023-07-20,17,100,71.0,9,2023-08-12
CUST-03060,Professional,Active,2024-09-17,3,298,96.0,12,2024-12-11
CUST-03061,Starter,Churned,2023-10-26,14,26,27.0,14,2024-04-02
CUST-03062,Enterprise,Active,2022-08-13,29,1003,68.0,13,2023-07-03
CUST-03063,Professional,Active,2024-11-08,1,295,46.0,12,2024-12-15
CUST-03064,Growth,Active,2022-03-11,34,94,84.0,1,2024-03-08
CUST-03065,Enterprise,Active,2023-05-13,19,1003,61.0,10,2024-01-02
CUST-03066,Growth,Active,2024-04-30,8,103,62.0,14,2024-07-20
CUST-03067,Professional,Active,2024-11-16,1,303,64.0,6,2024-12-20
CUST-03068,Professional,Active,2023-11-11,13,301,1.0,10,2024-05-17
CUST-03069,Professional,Active,2023-01-17,23,302,94.0,11,2024-02-08
CUST-03070,Starter,Churned,2023-08-23,16,32,4.0,14,2023-12-17
CUST-03071,Professional,Active,2022-10-31,26,294,40.0,2,2023-07-12
CUST-03072,Starter,Active,2024-04-09,8,24,34.0,9,2024-05-12
CUST-03073,Starter,Churned,2022-12-27,24,30,2.0,10,2024-05-09
CUST-03074,Growth,Active,2024-07-14,5,101,35.0,4,2024-09-05
CUST-03075,Growth,Churned,2022-10-24,26,102,9.0,0,2024-10-14
CUST-03076,Enterprise,Churned,2022-02-24,34,995,22.0,12,2024-10-06
CUST-03077,Enterprise,Churned,2023-12-06,13,994,2.0,9,2024-09-10
CUST-03078,Starter,Active,2024-12-16,0,31,90.0,0,2024-12-26
CUST-03079,Enterprise,Active,2022-01-19,35,996,22.0,0,2022-05-22
CUST-03080,Starter,Active,2023-01-17,23,30,70.0,5,2023-08-13
CUST-03081,Professional,Active,2023-02-25,22,303,40.0,11,2023-07-25
CUST-03082,Growth,Active,2024-01-30,11,94,33.0,6,2024-07-28
CUST-03083,Enterprise,Active,2022-08-10,29,994,25.0,9,2023-06-03
CUST-03084,Growth,Churned,2023-04-11,21,99,30.0,1,2023-12-14
CUST-03085,Growth,Active,2022-01-28,35,99,48.0,5,2024-12-06
CUST-03086,Professional,Active,2023-04-26,20,295,21.0,13,2024-06-23
CUST-03087,Enterprise,Active,2024-11-10,1,1000,59.0,8,2024-12-23
CUST-03088,Professional,Trial,2024-10-06,2,302,77.0,7,2024-11-30
CUST-03089,Professional,Active,2023-10-05,15,296,77.0,4,2024-07-11
CUST-03090,Enterprise,Churned,2024-05-11,7,996,7.0,0,2024-11-30
CUST-03091,Professional,Active,2022-06-20,30,294,75.0,9,2024-03-29
CUST-03092,Enterprise,Active,2022-06-11,31,998,21.0,6,2022-12-04
CUST-03093,Enterprise,Active,2023-07-30,17,1002,39.0,6,2024-08-01
CUST-03094,Professional,Active,2023-07-23,17,302,61.0,7,2023-10-30
CUST-03095,Growth,Active,2023-08-03,17,94,60.0,13,2024-04-09
CUST-03096,Growth,Active,2022-02-14,35,98,91.0,1,2024-11-06
CUST-03097,Enterprise,Active,2023-08-21,16,1003,10.0,2,2024-03-13
CUST-03098,Growth,Active,2023-03-24,21,95,58.0,13,2024-01-19
CUST-03099,Enterprise,Active,2023-11-14,13,997,65.0,5,2024-12-20
CUST-03100,Starter,Active,2022-10-30,26,33,30.0,11,2023-02-20
CUST-03101,Professional,Active,2022-04-08,33,301,7.0,0,2024-06-06
CUST-03102,Starter,Active,2023-03-02,22,33,12.0,4,2024-01-28
CUST-03103,Growth,Active,2022-03-14,34,94,9.0,12,2024-05-19
CUST-03104,Growth,Trial,2023-05-14,19,103,88.0,4,2024-12-05
CUST-03105,Enterprise,Churned,2022-04-28,32,1003,26.0,3,2024-08-18
CUST-03106,Starter,Trial,2022-04-21,32,27,91.0,14,2022-07-15
CUST-03107,Growth,Trial,2024-02-07,10,102,76.0,14,2024-03-09
CUST-03108,Professional,Active,2022-02-05,35,294,42.0,13,2024-01-14
CUST-03109,Enterprise,Active,2024-08-05,4,996,10.0,4,2024-10-17
CUST-03110,Starter,Active,2022-09-07,28,27,59.0,6,2024-06-03
CUST-03111,Professional,Active,2023-09-23,15,301,80.0,2,2024-04-07
CUST-03112,Professional,Active,2023-05-23,19,300,48.0,2,2024-10-12
CUST-03113,Professional,Active,2024-11-25,1,303,15.0,1,2024-12-25
CUST-03114,Starter,Active,2022-10-09,27,30,12.0,5,2024-03-17
CUST-03115,Growth,Active,2022-12-19,24,99,96.0,6,2024-04-11
CUST-03116,Professional,Active,2024-08-02,5,302,,14,2024-09-09
CUST-03117,Starter,Churned,2023-04-02,21,26,39.0,4,2024-02-12
CUST-03118,Growth,Active,2022-05-09,32,97,84.0,13,2022-08-16
CUST-03119,Growth,Active,2024-08-06,4,103,53.0,5,2024-09-19
CUST-03120,Growth,Churned,2024-05-05,8,100,10.0,9,2024-12-22
CUST-03121,Starter,Churned,2022-08-19,28,32,4.0,5,2024-06-22
CUST-03122,Growth,Churned,2023-06-06,19,100,11.0,8,2024-03-01
CUST-03123,Enterprise,Trial,2022-01-19,35,994,8.0,10,2023-09-30
CUST-03124,Professional,Active,2022-11-01,26,299,67.0,2,2023-09-30
CUST-03125,Growth,Churned,2022-08-23,28,96,6.0,5,2024-07-06
CUST-03126,Professional,Active,2023-08-12,16,297,13.0,10,2023-11-04
CUST-03127,Growth,Churned,2023-02-04,23,98,30.0,6,2023-02-25
CUST-03128,Starter,Trial,2023-08-29,16,28,61.0,3,2023-12-29
CUST-03129,Growth,Active,2022-01-09,36,96,89.0,1,2023-10-15
CUST-03130,Growth,Active,2023-05-31,19,101,4.0,12,2024-05-04
CUST-03131,Growth,Trial,2022-12-06,25,101,67.0,10,2024-03-31
CUST-03132,Enterprise,Churned,2023-03-30,21,998,20.0,1,2023-09-01
CUST-03133,Starter,Active,2024-11-17,1,31,56.0,13,2024-12-08
CUST-03134,Starter,Churned,2023-04-27,20,33,23.0,11,2023-12-25
CUST-03135,Growth,Active,2023-01-28,23,99,8.0,6,2023-10-21
CUST-03136,Growth,Active,2024-11-24,1,102,22.0,5,2024-12-11
CUST-03137,Professional,Active,2023-09-04,16,303,11.0,13,2024-12-24
CUST-03138,Growth,Churned,2023-08-29,16,95,8.0,5,2024-05-13
CUST-03139,Growth,Active,2023-12-04,13,95,11.0,10,2024-11-29
CUST-03140,Enterprise,Active,2023-09-29,15,995,66.0,1,2024-10-03
CUST-03141,Starter,Active,2024-06-15,6,26,54.0,4,2024-12-21
CUST-03142,Growth,Active,2024-08-03,5,96,55.0,3,2024-09-10
CUST-03143,Starter,Active,2024-05-20,7,25,78.0,9,2024-10-24
CUST-03144,Professional,Churned,2022-01-16,36,294,20.0,7,2024-03-06
CUST-03145,Enterprise,Active,2023-10-16,14,995,91.0,2,2024-10-09
CUST-03146,Starter,Active,2024-07-19,5,29,3.0,8,2024-11-05
CUST-03147,Professional,Active,2023-07-03,18,303,35.0,2,2024-04-30
CUST-03148,Growth,Trial,2024-03-08,9,100,78.0,2,2024-11-04
CUST-03149,Professional,Active,2022-04-04,33,297,10.0,3,2022-09-10
CUST-03150,Growth,Active,2024-02-09,10,100,9.0,5,2024-05-02
CUST-03151,Professional,Trial,2022-07-09,30,303,11.0,7,2023-05-13
CUST-03152,Enterprise,Active,2024-11-19,1,1000,80.0,10,2024-12-13
CUST-03153,Growth,Active,2024-12-30,0,97,85.0,11,2024-12-30
CUST-03154,Enterprise,Trial,2024-10-03,2,998,58.0,9,2024-12-03
CUST-03155,Professional,Active,2023-02-05,23,295,16.0,7,2024-09-13
CUST-03156,Growth,Active,2022-01-28,35,94,82.0,5,2023-04-10
CUST-03157,Professional,Churned,2024-03-12,9,297,13.0,7,2024-07-28
CUST-03158,Enterprise,Churned,2022-08-22,28,1003,38.0,12,2024-05-28
CUST-03159,Starter,Active,2022-11-12,26,26,82.0,6,2023-08-24
CUST-03160,Enterprise,Active,2023-06-05,19,999,48.0,13,2023-07-13
CUST-03161,Starter,Churned,2022-02-03,35,32,1.0,2,2024-02-25
CUST-03162,Enterprise,Active,2022-08-08,29,999,47.0,12,2024-01-26
CUST-03163,Professional,Active,2024-12-12,0,298,45.0,1,2024-12-26
CUST-03164,Starter,Churned,2024-06-18,6,28,15.0,13,2024-11-25
CUST-03165,Starter,Active,2024-11-17,1,32,41.0,5,2024-12-23
CUST-03166,Enterprise,Churned,2024-12-21,0,1002,37.0,1,2024-12-26
CUST-03167,Growth,Active,2022-09-17,27,99,95.0,8,2024-06-04
CUST-03168,Enterprise,Active,2023-03-29,21,1002,58.0,0,2023-12-23
CUST-03169,Starter,Active,2022-08-18,28,26,87.0,10,2022-08-30
CUST-03170,Professional,Active,2023-02-25,22,296,6.0,1,2024-08-27
CUST-03171,Professional,Churned,2024-02-25,10,300,28.0,5,2024-08-22
CUST-03172,Starter,Active,2023-04-28,20,27,2.0,0,2023-07-04
CUST-03173,Starter,Active,2022-03-07,34,26,47.0,10,2023-09-21
CUST-03174,Enterprise,Active,2023-12-10,12,999,9.0,4,2024-08-13
CUST-03175,Growth,Active,2023-09-23,15,95,70.0,4,2024-05-15
CUST-03176,Enterprise,Active,2024-03-29,9,1003,53.0,5,2024-04-04
CUST-03177,Starter,Churned,2023-06-23,18,28,5.0,8,2024-11-15
CUST-03178,Professional,Trial,2022-08-22,28,299,73.0,11,2022-12-01
CUST-03179,Growth,Churned,2024-05-15,7,96,26.0,0,2024-08-26
CUST-03180,Growth,Active,2022-01-24,35,96,29.0,12,2023-03-08
CUST-03181,Growth,Active,2024-06-20,6,100,31.0,2,2024-08-07
CUST-03182,Enterprise,Active,2023-01-14,23,1001,63.0,4,2023-08-19
CUST-03183,Enterprise,Active,2024-10-05,2,999,1.0,9,2024-11-07
CUST-03184,Enterprise,Churned,2024-12-21,0,1002,39.0,14,2024-12-28
CUST-03185,Growth,Churned,2022-12-10,25,98,28.0,14,2024-09-23
CUST-03186,Professional,Trial,2024-06-28,6,298,20.0,0,2024-11-24
CUST-03187,Professional,Trial,2023-08-20,16,294,63.0,0,2023-11-21
CUST-03188,Growth,Active,2022-12-26,24,96,4.0,3,2023-07-20
CUST-03189,Enterprise,Trial,2023-11-26,13,998,44.0,3,2024-06-20
CUST-03190,Enterprise,Active,2023-10-28,14,998,,13,2024-03-21
CUST-03191,Growth,Active,2022-02-03,35,96,12.0,5,2023-11-11
CUST-03192,Growth,Active,2024-01-04,12,97,12.0,0,2024-05-14
CUST-03193,Professional,Churned,2023-01-12,23,299,24.0,0,2024-11-30
CUST-03194,Enterprise,Active,2023-08-23,16,996,69.0,6,2024-05-06
CUST-03195,Growth,Active,2024-09-14,3,102,42.0,12,2024-10-27
CUST-03196,Enterprise,Active,2023-03-13,21,1001,82.0,14,2024-12-14
CUST-03197,Professional,Active,2022-07-01,30,302,82.0,13,2023-01-14
CUST-03198,Growth,Churned,2022-06-13,31,103,22.0,3,2023-03-06
CUST-03199,Starter,Active,2022-12-20,24,33,88.0,3,2023-06-16
CUST-03200,Starter,Active,2024-03-14,9,32,84.0,6,2024-11-07
CUST-03201,Starter,Active,2023-11-29,13,25,17.0,1,2024-08-15
CUST-03202,Enterprise,Trial,2023-05-13,19,995,38.0,2,2024-02-24
CUST-03203,Enterprise,Active,2023-05-17,19,1000,91.0,13,2023-10-14
CUST-03204,Growth,Active,2023-04-24,20,97,58.0,1,2024-05-25
CUST-03205,Growth,Active,2024-03-08,9,103,66.0,10,2024-08-16
CUST-03206,Growth,Churned,2022-01-04,36,95,31.0,3,2024-12-02
CUST-03207,Professional,Active,2024-02-02,11,301,90.0,10,2024-06-30
CUST-03208,Starter,Active,2024-08-28,4,26,38.0,13,2024-09-19
CUST-03209,Enterprise,Active,2022-02-04,35,997,60.0,1,2023-01-20
CUST-03210,Enterprise,Churned,2023-05-18,19,996,4.0,11,2023-08-19
CUST-03211,Starter,Active,2023-09-21,15,32,43.0,12,2024-07-10
CUST-03212,Professional,Active,2024-03-29,9,298,23.0,12,2024-06-16
CUST-03213,Professional,Active,2023-07-26,17,294,65.0,5,2024-06-02
CUST-03214,Professional,Active,2024-09-08,3,300,14.0,0,2024-11-04
CUST-03215,Enterprise,Active,2024-06-12,6,997,38.0,1,2024-07-05
CUST-03216,Professional,Active,2022-08-26,28,302,30.0,9,2024-07-01
CUST-03217,Professional,Churned,2022-07-30,29,295,26.0,4,2024-03-14
CUST-03218,Enterprise,Active,2024-02-05,11,994,86.0,10,2024-08-20
CUST-03219,Enterprise,Active,2022-01-30,35,996,62.0,12,2024-03-16
CUST-03220,Starter,Trial,2022-04-27,32,29,28.0,8,2024-06-26
CUST-03221,Growth,Churned,2024-08-05,4,101,18.0,8,2024-12-14
CUST-03222,Starter,Active,2022-07-23,29,24,83.0,9,2023-08-20
CUST-03223,Starter,Active,2023-07-21,17,33,36.0,4,2024-06-04
CUST-03224,Enterprise,Active,2022-07-05,30,1000,19.0,5,2024-09-19
CUST-03225,Starter,Active,2024-12-23,0,31,91.0,4,2024-12-23
CUST-03226,Starter,Active,2024-06-01,7,24,51.0,3,2024-10-31
CUST-03227,Growth,Active,2024-04-24,8,103,39.0,2,2024-09-28
CUST-03228,Growth,Active,2022-02-22,34,94,24.0,3,2023-07-01
CUST-03229,Growth,Active,2022-01-19,35,96,22.0,9,2023-01-29
CUST-03230,Professional,Active,2022-06-02,31,297,23.0,10,2024-08-18
CUST-03231,Growth,Churned,2022-03-28,33,100,32.0,3,2023-01-26
CUST-03232,Enterprise,Active,2023-02-14,22,1003,59.0,9,2023-08-13
CUST-03233,Professional,Trial,2023-04-16,20,296,57.0,9,2024-05-26
CUST-03234,Growth,Active,2024-08-23,4,100,31.0,11,2024-12-12
CUST-03235,Growth,Active,2024-03-29,9,99,84.0,3,2024-04-23
CUST-03236,Professional,Churned,2023-12-16,12,297,9.0,11,2024-06-30
CUST-03237,Starter,Active,2023-07-14,17,33,19.0,14,2024-12-02
CUST-03238,Starter,Active,2024-06-19,6,26,91.0,6,2024-06-26
CUST-03239,Growth,Active,2023-09-03,16,96,96.0,14,2024-12-22
CUST-03240,Professional,Active,2022-04-05,33,303,36.0,7,2022-09-15
CUST-03241,Growth,Active,2023-01-25,23,98,36.0,4,2024-09-14
CUST-03242,Enterprise,Active,2022-09-18,27,1002,83.0,8,2022-12-02
CUST-03243,Starter,Active,2023-06-12,18,26,88.0,13,2023-11-17
CUST-03244,Enterprise,Churned,2022-12-20,24,999,15.0,4,2024-03-05
CUST-03245,Growth,Active,2024-01-31,11,99,4.0,3,2024-04-19
CUST-03246,Growth,Churned,2024-11-22,1,102,24.0,9,2024-12-27
CUST-03247,Growth,Churned,2023-07-21,17,98,38.0,14,2024-11-12
CUST-03248,Enterprise,Active,2024-10-21,2,1002,12.0,3,2024-10-27
CUST-03249,Starter,Active,2024-12-01,1,25,38.0,8,2024-12-09
CUST-03250,Enterprise,Active,2024-11-18,1,999,39.0,13,2024-12-05
CUST-03251,Starter,Active,2022-10-01,27,28,41.0,10,2023-03-24
CUST-03252,Enterprise,Active,2023-06-10,19,1001,41.0,0,2023-09-08
CUST-03253,Starter,Trial,2022-08-09,29,33,19.0,11,2024-03-14
CUST-03254,Starter,Active,2024-12-06,0,30,17.0,13,2024-12-09
CUST-03255,Growth,Active,2022-08-10,29,96,76.0,6,2023-09-20
CUST-03256,Starter,Active,2023-04-16,20,24,63.0,5,2023-05-26
CUST-03257,Professional,Active,2023-09-26,15,298,25.0,7,2024-07-24
CUST-03258,Enterprise,Trial,2024-08-16,4,1000,94.0,3,2024-12-25
CUST-03259,Growth,Active,2022-05-18,31,102,15.0,2,2024-10-11
CUST-03260,Professional,Active,2024-07-08,5,303,63.0,6,2024-11-13
CUST-03261,Growth,Active,2022-08-07,29,102,23.0,10,2023-01-05
CUST-03262,Enterprise,Active,2022-11-05,26,998,95.0,6,2023-11-04
CUST-03263,Enterprise,Active,2024-12-31,0,994,71.0,0,2024-12-31
CUST-03264,Starter,Active,2022-03-21,33,27,99.0,1,2024-08-22
CUST-03265,Professional,Churned,2023-07-03,18,301,5.0,0,2024-06-20
CUST-03266,Enterprise,Active,2024-09-27,3,1000,43.0,2,2024-10-28
CUST-03267,Professional,Active,2024-09-13,3,299,44.0,9,2024-11-15
CUST-03268,Starter,Active,2022-09-26,27,24,13.0,9,2024-01-30
CUST-03269,Growth,Active,2022-04-15,33,100,76.0,11,2024-08-23
CUST-03270,Enterprise,Trial,2023-12-09,12,1001,32.0,9,2024-01-28
CUST-03271,Enterprise,Active,2022-09-10,28,996,80.0,5,2024-12-22
CUST-03272,Growth,Trial,2024-12-05,0,95,18.0,5,2024-12-05
CUST-03273,Starter,Active,2024-07-23,5,30,99.0,6,2024-12-15
CUST-03274,Starter,Churned,2024-02-01,11,31,5.0,12,2024-08-17
CUST-03275,Enterprise,Active,2024-02-16,10,998,26.0,12,2024-11-02
CUST-03276,Professional,Churned,2024-01-11,11,302,17.0,13,2024-05-11
CUST-03277,Starter,Active,2023-12-28,12,25,93.0,12,2024-12-11
CUST-03278,Enterprise,Churned,2024-07-04,6,998,7.0,13,2024-08-13
CUST-03279,Starter,Active,2022-07-29,29,27,16.0,14,2024-03-23
CUST-03280,Enterprise,Active,2024-06-09,6,1001,71.0,13,2024-09-12
CUST-03281,Starter,Trial,2024-08-22,4,27,97.0,12,2024-09-15
CUST-03282,Growth,Active,2024-10-21,2,103,43.0,5,2024-12-24
CUST-03283,Professional,Active,2023-06-15,18,294,87.0,2,2023-07-25
CUST-03284,Professional,Active,2022-09-11,28,300,6.0,9,2023-09-06
CUST-03285,Starter,Active,2023-08-27,16,28,12.0,6,2024-09-07
CUST-03286,Enterprise,Active,2022-06-23,30,998,42.0,1,2023-11-01
CUST-03287,Enterprise,Active,2024-06-13,6,1002,97.0,9,2024-08-14
CUST-03288,Starter,Trial,2022-10-07,27,29,26.0,9,2024-01-06
CUST-03289,Professional,Active,2023-05-14,19,301,89.0,6,2023-10-13
CUST-03290,Growth,Churned,2022-02-03,35,99,17.0,9,2022-06-26
CUST-03291,Professional,Active,2023-02-27,22,296,80.0,12,2024-05-06
CUST-03292,Professional,Active,2022-05-24,31,302,96.0,8,2022-10-03
CUST-03293,Professional,Active,2024-03-21,9,296,32.0,7,2024-08-20
CUST-03294,Professional,Active,2023-07-28,17,296,60.0,5,2023-11-28
CUST-03295,Growth,Active,2023-12-25,12,96,11.0,5,2024-04-27
CUST-03296,Starter,Trial,2022-01-21,35,27,47.0,12,2022-10-22
CUST-03297,Enterprise,Trial,2023-06-10,19,999,61.0,2,2024-09-30
CUST-03298,Enterprise,Active,2022-07-28,29,999,19.0,10,2022-07-28
CUST-03299,Professional,Churned,2024-05-15,7,303,10.0,4,2024-11-26
CUST-03300,Professional,Churned,2022-10-13,27,299,37.0,3,2024-10-31
CUST-03301,Starter,Active,2024-09-17,3,26,13.0,6,2024-12-02
CUST-03302,Professional,Churned,2023-11-28,13,300,3.0,1,2024-10-10
CUST-03303,Starter,Active,2024-11-25,1,24,58.0,5,2024-12-24
CUST-03304,Growth,Active,2023-01-10,24,98,7.0,2,2024-09-22
CUST-03305,Starter,Churned,2024-03-26,9,27,11.0,0,2024-09-06
CUST-03306,Growth,Active,2022-03-18,33,96,59.0,11,2022-12-07
CUST-03307,Starter,Active,2024-06-04,7,25,6.0,6,2024-12-07
CUST-03308,Enterprise,Active,2023-06-04,19,995,16.0,6,2023-11-09
CUST-03309,Enterprise,Active,2024-09-03,3,996,6.0,7,2024-12-22
CUST-03310,Starter,Active,2024-11-07,1,25,9.0,13,2024-11-07
CUST-03311,Enterprise,Active,2022-02-02,35,1001,33.0,9,2022-04-25
CUST-03312,Growth,Churned,2022-07-25,29,94,31.0,10,2024-08-12
CUST-03313,Enterprise,Churned,2022-12-26,24,1003,4.0,7,2023-07-30
CUST-03314,Enterprise,Active,2024-01-30,11,1001,87.0,13,2024-08-03
CUST-03315,Enterprise,Active,2023-12-30,12,1000,83.0,1,2024-05-10
CUST-03316,Growth,Active,2023-12-22,12,97,52.0,6,2024-12-25
CUST-03317,Starter,Trial,2023-04-01,21,33,11.0,2,2023-05-09
CUST-03318,Professional,Active,2024-04-06,8,302,50.0,3,2024-11-30
CUST-03319,Growth,Active,2023-09-21,15,95,62.0,6,2024-03-13
CUST-03320,Growth,Churned,2022-10-06,27,94,13.0,8,2024-07-09
CUST-03321,Professional,Active,2022-07-23,29,302,52.0,2,2022-08-25
CUST-03322,Growth,Active,2022-07-23,29,97,75.0,3,2024-07-16
CUST-03323,Enterprise,Churned,2022-09-20,27,1003,28.0,6,2024-02-26
CUST-03324,Enterprise,Active,2024-12-18,0,994,56.0,11,2024-12-31
CUST-03325,Enterprise,Churned,2022-03-23,33,999,2.0,13,2023-05-19
CUST-03326,Growth,Trial,2024-11-07,1,100,57.0,6,2024-11-27
CUST-03327,Growth,Active,2022-10-12,27,96,95.0,0,2024-11-10
CUST-03328,Enterprise,Active,2022-01-21,35,1003,68.0,7,2022-10-24
CUST-03329,Starter,Active,2024-09-25,3,27,29.0,9,2024-10-28
CUST-03330,Growth,Active,2023-08-21,16,99,49.0,12,2024-06-11
CUST-03331,Enterprise,Active,2023-02-25,22,999,33.0,0,2023-05-20
CUST-03332,Professional,Trial,2024-05-12,7,296,62.0,9,2024-09-28
CUST-03333,Growth,Active,2022-03-07,34,97,34.0,5,2022-12-29
CUST-03334,Starter,Active,2023-01-31,23,33,59.0,4,2023-06-01
CUST-03335,Professional,Active,2022-08-27,28,301,43.0,1,2024-10-23
CUST-03336,Professional,Active,2022-10-10,27,300,30.0,3,2024-04-01
CUST-03337,Starter,Active,2022-03-23,33,27,27.0,3,2024-09-13
CUST-03338,Enterprise,Active,2023-04-15,20,995,83.0,7,2024-12-14
CUST-03339,Growth,Active,2022-12-16,24,103,21.0,9,2024-10-11
CUST-03340,Enterprise,Active,2024-04-26,8,998,21.0,6,2024-11-07
CUST-03341,Starter,Active,2023-06-21,18,32,81.0,1,2024-02-27
CUST-03342,Starter,Active,2023-11-26,13,31,61.0,10,2024-12-15
CUST-03343,Professional,Active,2022-05-19,31,297,60.0,14,2022-08-13
CUST-03344,Growth,Active,2023-03-05,22,96,17.0,12,2024-03-25
CUST-03345,Starter,Churned,2024-02-19,10,25,35.0,2,2024-02-23
CUST-03346,Enterprise,Active,2022-09-13,28,994,84.0,4,2023-04-12
CUST-03347,Starter,Active,2023-06-01,19,25,39.0,6,2023-12-23
CUST-03348,Enterprise,Active,2022-09-15,27,1002,14.0,11,2023-08-21
CUST-03349,Enterprise,Churned,2023-04-01,21,1001,8.0,14,2024-07-07
CUST-03350,Growth,Active,2023-11-09,13,103,17.0,9,2024-11-17
CUST-03351,Growth,Churned,2024-03-21,9,102,3.0,6,2024-10-25
CUST-03352,Enterprise,Active,2022-01-13,36,998,20.0,5,2023-03-06
CUST-03353,Starter,Trial,2022-06-13,31,31,5.0,13,2022-06-24
CUST-03354,Growth,Active,2022-01-06,36,102,9.0,7,2024-10-08
CUST-03355,Enterprise,Active,2022-04-07,33,995,85.0,7,2024-06-27
CUST-03356,Starter,Active,2024-08-09,4,29,3.0,9,2024-09-27
CUST-03357,Growth,Active,2023-05-01,20,98,61.0,8,2024-02-02
CUST-03358,Growth,Active,2022-02-21,34,102,60.0,13,2023-04-18
CUST-03359,Starter,Trial,2023-11-25,13,25,34.0,1,2024-10-16
CUST-03360,Starter,Active,2024-08-04,4,26,92.0,9,2024-10-08
CUST-03361,Starter,Active,2024-09-17,3,30,76.0,2,2024-10-30
CUST-03362,Professional,Active,2024-02-06,10,294,36.0,6,2024-12-22
CUST-03363,Professional,Active,2024-04-08,8,296,63.0,7,2024-12-20
CUST-03364,Professional,Active,2023-03-16,21,297,74.0,10,2024-07-06
CUST-03365,Growth,Active,2024-06-25,6,102,83.0,13,2024-10-11
CUST-03366,Professional,Trial,2024-05-24,7,298,41.0,11,2024-05-29
CUST-03367,Growth,Active,2023-06-25,18,103,57.0,13,2023-08-05
CUST-03368,Starter,Active,2023-07-19,17,30,12.0,8,2024-01-20
CUST-03369,Growth,Active,2022-09-02,28,101,10.0,13,2023-08-13
CUST-03370,Professional,Churned,2024-04-23,8,301,3.0,2,2024-07-17
CUST-03371,Professional,Active,2023-11-10,13,303,98.0,0,2024-08-28
CUST-03372,Growth,Churned,2024-02-09,10,96,26.0,13,2024-08-10
CUST-03373,Growth,Active,2024-05-09,7,97,37.0,9,2024-07-23
CUST-03374,Growth,Active,2023-03-31,21,101,62.0,14,2024-01-06
CUST-03375,Starter,Active,2024-10-03,2,30,31.0,13,2024-11-05
CUST-03376,Growth,Active,2022-08-29,28,103,59.0,13,2022-12-27
CUST-03377,Enterprise,Active,2022-08-03,29,999,96.0,13,2024-08-13
CUST-03378,Professional,Active,2023-05-13,19,302,56.0,7,2023-07-17
CUST-03379,Professional,Churned,2023-03-20,21,299,14.0,0,2024-01-05
CUST-03380,Growth,Active,2024-11-11,1,94,53.0,7,2024-11-24
CUST-03381,Professional,Active,2023-08-30,16,298,27.0,6,2023-11-15
CUST-03382,Enterprise,Active,2022-07-09,30,998,28.0,14,2023-07-12
CUST-03383,Enterprise,Churned,2023-07-09,18,1003,35.0,0,2023-08-08
CUST-03384,Starter,Active,2024-04-17,8,32,42.0,6,2024-04-25
CUST-03385,Growth,Churned,2024-07-30,5,101,36.0,2,2024-08-16
CUST-03386,Growth,Churned,2022-01-05,36,98,17.0,5,2024-08-27
CUST-03387,Enterprise,Active,2023-09-19,15,994,56.0,4,2023-11-08
CUST-03388,Growth,Active,2024-04-10,8,103,44.0,6,2024-06-05
CUST-03389,Starter,Active,2023-03-08,22,27,37.0,1,2024-05-20
CUST-03390,Enterprise,Active,2022-02-22,34,1000,41.0,6,2024-05-07
CUST-03391,Starter,Churned,2022-04-06,33,27,29.0,7,2022-07-11
CUST-03392,Professional,Churned,2022-10-03,27,299,6.0,2,2023-09-11
CUST-03393,Enterprise,Active,2024-08-24,4,995,51.0,10,2024-12-13
CUST-03394,Enterprise,Active,2024-11-18,1,1000,99.0,6,2024-12-20
CUST-03395,Professional,Active,2022-11-04,26,296,,10,2023-01-19
CUST-03396,Growth,Active,2024-07-23,5,98,2.0,4,2024-08-05
CUST-03397,Professional,Churned,2024-12-04,0,303,22.0,8,2024-12-22
CUST-03398,Professional,Active,2024-06-05,6,303,36.0,14,2024-12-14
CUST-03399,Professional,Active,2024-09-24,3,303,16.0,4,2024-11-20
CUST-03400,Enterprise,Churned,2023-04-24,20,997,21.0,12,2023-06-22
CUST-03401,Professional,Churned,2023-01-20,23,294,3.0,13,2023-03-21
CUST-03402,Professional,Churned,2022-08-17,28,303,35.0,8,2022-10-10
CUST-03403,Starter,Churned,2022-06-07,31,32,13.0,6,2022-06-19
CUST-03404,Growth,Active,2022-12-29,24,98,49.0,8,2023-12-28
CUST-03405,Starter,Active,2024-04-28,8,29,3.0,4,2024-11-28
CUST-03406,Growth,Trial,2023-04-09,21,102,46.0,14,2023-07-21
CUST-03407,Enterprise,Churned,2024-05-06,7,994,14.0,9,2024-07-01
CUST-03408,Growth,Active,2024-07-30,5,94,26.0,13,2024-08-30
CUST-03409,Professional,Active,2023-02-06,23,297,22.0,2,2024-07-05
CUST-03410,Starter,Active,2022-10-03,27,26,79.0,3,2023-10-05
CUST-03411,Professional,Active,2023-03-18,21,294,37.0,7,2023-05-08
CUST-03412,Enterprise,Active,2022-06-05,31,999,3.0,3,2023-09-20
CUST-03413,Growth,Active,2022-12-08,25,98,46.0,10,2024-11-12
CUST-03414,Growth,Active,2024-06-05,6,98,66.0,2,2024-09-07
CUST-03415,Starter,Active,2024-07-27,5,33,16.0,13,2024-12-18
CUST-03416,Growth,Active,2022-07-17,29,101,49.0,3,2022-10-13
CUST-03417,Enterprise,Active,2023-03-28,21,995,91.0,11,2024-09-12
CUST-03418,Professional,Active,2024-11-14,1,300,86.0,3,2024-11-18
CUST-03419,Enterprise,Active,2024-10-04,2,994,35.0,12,2024-12-16
CUST-03420,Starter,Active,2023-10-14,14,26,22.0,12,2024-01-16
CUST-03421,Professional,Churned,2022-05-07,32,299,11.0,3,2024-03-19
CUST-03422,Growth,Churned,2023-04-12,20,98,11.0,5,2023-12-29
CUST-03423,Starter,Churned,2023-05-22,19,26,9.0,6,2024-05-16
CUST-03424,Starter,Active,2024-12-22,0,27,35.0,11,2024-12-22
CUST-03425,Starter,Active,2023-06-28,18,33,91.0,4,2024-11-18
CUST-03426,Starter,Active,2024-08-11,4,25,54.0,2,2024-10-24
CUST-03427,Professional,Active,2022-06-06,31,300,61.0,13,2023-04-01
CUST-03428,Enterprise,Trial,2024-01-27,11,1003,37.0,6,2024-12-24
CUST-03429,Professional,Churned,2024-01-23,11,297,12.0,0,2024-04-14
CUST-03430,Growth,Active,2023-01-12,23,94,,10,2024-04-04
CUST-03431,Professional,Active,2023-02-12,22,302,16.0,12,2023-08-03
CUST-03432,Professional,Active,2022-12-25,24,296,64.0,8,2023-08-31
CUST-03433,Growth,Active,2022-04-15,33,102,93.0,11,2023-05-30
CUST-03434,Enterprise,Churned,2022-04-26,32,994,37.0,2,2023-10-15
CUST-03435,Professional,Active,2022-02-12,35,302,55.0,3,2023-03-08
CUST-03436,Starter,Active,2024-04-08,8,28,89.0,11,2024-06-18
CUST-03437,Starter,Active,2024-12-17,0,27,7.0,4,2024-12-21
CUST-03438,Starter,Active,2024-01-02,12,24,17.0,5,2024-05-09
CUST-03439,Growth,Churned,2022-09-08,28,95,27.0,4,2022-12-08
CUST-03440,Enterprise,Active,2022-12-12,25,995,58.0,0,2024-04-10
CUST-03441,Enterprise,Active,2024-07-17,5,1001,84.0,9,2024-08-26
CUST-03442,Enterprise,Active,2023-08-25,16,998,38.0,5,2023-09-18
CUST-03443,Growth,Active,2023-10-06,15,97,50.0,11,2024-04-19
CUST-03444,Growth,Active,2022-08-17,28,95,64.0,0,2023-05-27
CUST-03445,Professional,Active,2024-11-07,1,298,22.0,11,2024-12-27
CUST-03446,Professional,Active,2023-05-07,20,303,80.0,1,2023-06-07
CUST-03447,Starter,Active,2023-03-24,21,26,59.0,2,2023-11-23
CUST-03448,Professional,Active,2023-05-05,20,300,40.0,10,2024-10-15
CUST-03449,Enterprise,Active,2023-03-19,21,995,5.0,6,2023-11-30
CUST-03450,Starter,Churned,2023-07-04,18,31,26.0,2,2023-10-01
CUST-03451,Enterprise,Churned,2024-05-27,7,999,4.0,5,2024-08-07
CUST-03452,Professional,Trial,2024-06-18,6,297,3.0,12,2024-11-01
CUST-03453,Enterprise,Active,2024-07-21,5,997,4.0,5,2024-11-23
CUST-03454,Enterprise,Active,2023-07-08,18,995,76.0,9,2024-11-19
CUST-03455,Starter,Active,2023-09-17,15,24,88.0,2,2024-11-05
CUST-03456,Growth,Active,2022-11-30,25,97,95.0,3,2023-09-10
CUST-03457,Professional,Churned,2022-09-13,28,297,36.0,2,2022-12-02
CUST-03458,Growth,Active,2023-02-24,22,99,29.0,1,2023-03-14
CUST-03459,Starter,Churned,2023-05-23,19,33,12.0,8,2024-07-04
CUST-03460,Professional,Churned,2023-09-06,16,298,23.0,0,2024-04-06
CUST-03461,Enterprise,Active,2023-11-22,13,995,30.0,2,2024-07-25
CUST-03462,Growth,Active,2024-01-10,11,97,90.0,2,2024-12-20
CUST-03463,Professional,Trial,2022-10-03,27,295,46.0,5,2024-02-17
CUST-03464,Starter,Churned,2023-11-29,13,24,24.0,0,2024-01-29
CUST-03465,Professional,Churned,2024-07-08,5,303,34.0,13,2024-07-27
CUST-03466,Enterprise,Churned,2022-07-22,29,996,20.0,4,2024-12-30
CUST-03467,Growth,Active,2023-09-30,15,97,6.0,2,2024-08-06
CUST-03468,Starter,Active,2022-04-07,33,31,91.0,1,2023-08-15
CUST-03469,Starter,Active,2022-09-19,27,32,87.0,7,2023-06-19
CUST-03470,Growth,Active,2023-10-28,14,99,14.0,4,2024-08-30
CUST-03471,Professional,Active,2023-10-24,14,298,39.0,3,2023-11-04
CUST-03472,Enterprise,Churned,2022-08-05,29,994,1.0,6,2024-06-28
CUST-03473,Professional,Active,2022-09-25,27,303,59.0,1,2024-03-17
CUST-03474,Professional,Churned,2022-12-09,25,296,23.0,1,2024-11-24
CUST-03475,Growth,Active,2022-06-20,30,97,62.0,13,2024-02-04
CUST-03476,Starter,Active,2023-06-29,18,32,54.0,10,2024-09-16
CUST-03477,Enterprise,Churned,2024-10-14,2,1001,27.0,14,2024-12-03
CUST-03478,Growth,Active,2022-10-17,26,102,28.0,8,2023-06-30
CUST-03479,Starter,Active,2023-08-12,16,30,75.0,13,2023-11-05
CUST-03480,Starter,Trial,2022-11-04,26,33,34.0,11,2022-12-10
CUST-03481,Growth,Active,2023-05-10,20,99,45.0,3,2023-12-16
CUST-03482,Growth,Active,2022-02-24,34,102,72.0,0,2023-04-08
CUST-03483,Growth,Active,2023-09-13,15,101,13.0,8,2024-09-18
CUST-03484,Growth,Active,2024-04-27,8,94,57.0,0,2024-08-05
CUST-03485,Growth,Churned,2024-09-15,3,103,34.0,14,2024-11-20
CUST-03486,Growth,Active,2024-02-10,10,97,63.0,14,2024-09-05
CUST-03487,Growth,Churned,2023-06-14,18,101,39.0,3,2024-06-06
CUST-03488,Enterprise,Trial,2022-01-11,36,997,86.0,9,2023-07-17
CUST-03489,Professional,Churned,2024-07-22,5,298,25.0,4,2024-12-05
CUST-03490,Professional,Churned,2024-10-23,2,299,8.0,9,2024-11-29
CUST-03491,Growth,Trial,2022-08-27,28,97,74.0,9,2022-11-22
CUST-03492,Starter,Active,2022-12-29,24,25,13.0,10,2024-08-27
CUST-03493,Professional,Active,2024-11-22,1,303,29.0,4,2024-12-31
CUST-03494,Professional,Active,2024-10-09,2,295,29.0,1,2024-12-22
CUST-03495,Growth,Active,2024-09-14,3,97,23.0,0,2024-12-12
CUST-03496,Starter,Active,2022-02-05,35,28,31.0,2,2024-06-13
CUST-03497,Enterprise,Active,2022-04-14,33,996,44.0,12,2023-04-03
CUST-03498,Professional,Trial,2024-09-01,4,297,27.0,11,2024-10-17
CUST-03499,Enterprise,Active,2023-01-15,23,999,74.0,0,2024-05-22
CUST-03500,Enterprise,Active,2022-08-21,28,995,24.0,14,2023-02-09
CUST-03501,Enterprise,Active,2022-10-13,27,999,87.0,12,2023-04-11
CUST-03502,Growth,Active,2023-08-22,16,99,3.0,4,2023-11-04
CUST-03503,Growth,Churned,2024-09-20,3,100,36.0,5,2024-11-20
CUST-03504,Growth,Churned,2024-09-04,3,94,,7,2024-10-27
CUST-03505,Enterprise,Active,2022-04-05,33,999,42.0,14,2023-07-07
CUST-03506,Professional,Churned,2024-05-19,7,299,24.0,7,2024-10-01
CUST-03507,Starter,Active,2022-03-02,34,24,36.0,1,2024-04-26
CUST-03508,Growth,Active,2023-11-20,13,96,7.0,8,2024-01-27
CUST-03509,Professional,Active,2022-12-19,24,300,49.0,5,2023-10-25
CUST-03510,Starter,Trial,2022-07-24,29,29,47.0,4,2024-09-13
CUST-03511,Starter,Active,2022-03-18,33,24,85.0,10,2024-09-18
CUST-03512,Professional,Active,2023-05-05,20,301,21.0,8,2024-07-06
CUST-03513,Starter,Churned,2023-10-26,14,29,28.0,9,2024-05-09
CUST-03514,Growth,Churned,2022-07-10,30,102,4.0,11,2024-01-09
CUST-03515,Enterprise,Active,2022-07-15,30,996,7.0,3,2023-05-15
CUST-03516,Professional,Active,2024-02-29,10,299,54.0,7,2024-10-27
CUST-03517,Growth,Churned,2022-10-09,27,102,22.0,13,2023-12-08
CUST-03518,Professional,Trial,2024-02-08,10,294,2.0,5,2024-04-05
CUST-03519,Enterprise,Active,2022-04-17,32,995,5.0,6,2022-10-17
CUST-03520,Growth,Active,2022-05-10,32,99,20.0,4,2023-02-01
CUST-03521,Growth,Active,2023-12-15,12,99,27.0,14,2024-05-15
CUST-03522,Starter,Active,2022-05-20,31,27,13.0,5,2023-02-19
CUST-03523,Enterprise,Active,2022-07-23,29,1002,25.0,3,2024-06-25
CUST-03524,Professional,Active,2024-12-03,0,300,11.0,11,2024-12-14
CUST-03525,Growth,Active,2023-10-11,14,99,68.0,13,2024-09-14
CUST-03526,Enterprise,Active,2023-07-26,17,1003,72.0,6,2023-09-30
CUST-03527,Starter,Churned,2023-04-24,20,32,25.0,12,2023-12-12
CUST-03528,Growth,Trial,2023-03-29,21,99,6.0,12,2023-12-28
CUST-03529,Professional,Active,2023-02-17,22,302,12.0,7,2024-04-29
CUST-03530,Starter,Active,2023-09-19,15,31,92.0,5,2024-06-15
CUST-03531,Growth,Churned,2022-09-07,28,96,18.0,9,2024-03-09
CUST-03532,Professional,Active,2023-06-09,19,297,85.0,12,2024-06-08
CUST-03533,Growth,Trial,2022-11-24,25,95,75.0,13,2024-02-02
CUST-03534,Growth,Active,2024-10-11,2,94,99.0,0,2024-10-11
CUST-03535,Growth,Churned,2023-09-23,15,97,27.0,3,2024-04-05
CUST-03536,Growth,Churned,2022-11-13,25,100,24.0,8,2023-08-19
CUST-03537,Professional,Active,2023-03-01,22,294,76.0,6,2023-05-16
CUST-03538,Growth,Active,2022-07-07,30,98,41.0,4,2024-05-16
CUST-03539,Growth,Trial,2023-04-25,20,95,37.0,8,2023-08-27
CUST-03540,Professional,Trial,2022-10-25,26,294,7.0,2,2024-03-16
CUST-03541,Enterprise,Trial,2023-01-31,23,1003,68.0,3,2024-12-20
CUST-03542,Professional,Active,2022-01-13,36,303,82.0,2,2023-12-10
CUST-03543,Growth,Active,2022-07-06,30,96,28.0,12,2023-01-30
CUST-03544,Growth,Churned,2024-07-24,5,100,26.0,12,2024-08-27
CUST-03545,Enterprise,Churned,2024-08-17,4,1001,24.0,8,2024-10-07
CUST-03546,Professional,Churned,2024-05-13,7,295,26.0,7,2024-09-30
CUST-03547,Starter,Active,2023-11-29,13,29,,14,2024-10-06
CUST-03548,Growth,Active,2022-02-13,35,97,89.0,11,2022-12-24
CUST-03549,Growth,Active,2024-12-25,0,97,66.0,13,2024-12-26
CUST-03550,Enterprise,Active,2023-12-02,13,998,34.0,4,2024-12-18
CUST-03551,Starter,Active,2023-05-27,19,30,34.0,8,2024-01-09
CUST-03552,Growth,Churned,2023-01-16,23,94,16.0,10,2024-10-18
CUST-03553,Professional,Active,2022-09-18,27,302,36.0,14,2024-09-19
CUST-03554,Professional,Trial,2023-01-03,24,296,58.0,2,2023-10-23
CUST-03555,Starter,Active,2023-06-17,18,32,39.0,1,2024-07-12
CUST-03556,Growth,Trial,2024-06-02,7,96,62.0,13,2024-08-04
CUST-03557,Enterprise,Active,2024-04-21,8,1002,79.0,9,2024-06-01
CUST-03558,Enterprise,Active,2023-01-05,24,996,44.0,5,2023-04-28
CUST-03559,Growth,Active,2022-11-01,26,102,67.0,6,2024-08-05
CUST-03560,Starter,Active,2024-10-03,2,25,6.0,10,2024-12-11
CUST-03561,Enterprise,Active,2023-03-22,21,1000,56.0,1,2024-01-24
CUST-03562,Professional,Active,2024-07-21,5,294,24.0,6,2024-08-28
CUST-03563,Enterprise,Trial,2023-11-03,14,1001,19.0,6,2024-09-18
CUST-03564,Growth,Trial,2022-10-16,26,100,68.0,10,2024-05-04
CUST-03565,Enterprise,Active,2024-02-23,10,1002,79.0,4,2024-06-02
CUST-03566,Enterprise,Active,2023-04-09,21,1001,50.0,1,2023-04-22
CUST-03567,Starter,Active,2024-07-15,5,33,85.0,11,2024-11-03
CUST-03568,Professional,Active,2022-09-15,27,297,76.0,8,2023-02-17
CUST-03569,Growth,Active,2023-08-04,17,98,18.0,6,2023-12-26
CUST-03570,Growth,Active,2023-09-28,15,102,65.0,12,2024-11-22
CUST-03571,Professional,Active,2022-02-26,34,299,40.0,2,2022-08-03
CUST-03572,Starter,Active,2022-10-01,27,27,20.0,14,2023-06-12
CUST-03573,Professional,Churned,2022-02-11,35,299,12.0,5,2023-02-03
CUST-03574,Starter,Active,2022-07-21,29,26,38.0,5,2022-12-07
CUST-03575,Professional,Active,2023-12-06,13,297,58.0,3,2024-10-14
CUST-03576,Starter,Active,2024-07-24,5,30,66.0,13,2024-12-31
CUST-03577,Growth,Active,2024-07-16,5,95,46.0,8,2024-10-30
CUST-03578,Enterprise,Churned,2024-04-21,8,997,3.0,11,2024-12-19
CUST-03579,Professional,Active,2024-03-01,10,295,81.0,0,2024-12-03
CUST-03580,Starter,Active,2024-11-14,1,28,56.0,9,2024-11-23
CUST-03581,Enterprise,Active,2023-11-02,14,997,64.0,7,2024-02-29
CUST-03582,Starter,Active,2022-07-07,30,32,49.0,4,2023-08-08
CUST-03583,Professional,Churned,2023-02-01,23,299,30.0,6,2024-12-12
CUST-03584,Growth,Trial,2022-06-12,31,103,89.0,2,2024-08-05
CUST-03585,Growth,Active,2022-05-18,31,96,72.0,1,2022-12-24
CUST-03586,Professional,Active,2022-02-13,35,303,38.0,4,2024-12-17
CUST-03587,Professional,Trial,2024-10-19,2,295,82.0,10,2024-11-24
CUST-03588,Enterprise,Active,2024-06-21,6,994,34.0,1,2024-06-22
CUST-03589,Professional,Active,2024-02-25,10,299,31.0,1,2024-12-03
CUST-03590,Enterprise,Active,2022-12-24,24,996,84.0,9,2024-03-27
CUST-03591,Growth,Active,2022-10-05,27,96,58.0,8,2022-10-05
CUST-03592,Starter,Active,2023-06-13,18,29,3.0,12,2023-08-30
CUST-03593,Growth,Active,2024-02-08,10,95,12.0,10,2024-10-15
CUST-03594,Enterprise,Active,2023-09-14,15,1002,44.0,5,2023-10-13
CUST-03595,Professional,Active,2023-07-01,18,303,50.0,8,2023-08-08
CUST-03596,Enterprise,Active,2023-07-12,17,999,90.0,10,2024-07-19
CUST-03597,Growth,Active,2022-10-16,26,95,,6,2023-07-30
CUST-03598,Growth,Active,2023-01-27,23,103,79.0,1,2023-05-12
CUST-03599,Starter,Active,2023-01-31,23,30,38.0,6,2023-02-23
CUST-03600,Growth,Active,2024-06-12,6,99,4.0,13,2024-11-22
CUST-03601,Enterprise,Churned,2022-07-12,30,994,4.0,0,2023-12-05
CUST-03602,Professional,Active,2024-05-26,7,299,36.0,7,2024-06-06
CUST-03603,Enterprise,Churned,2022-03-27,33,995,7.0,5,2022-10-10
CUST-03604,Starter,Trial,2024-06-10,6,28,24.0,0,2024-08-08
CUST-03605,Professional,Active,2022-08-09,29,302,25.0,13,2024-01-04
CUST-03606,Enterprise,Active,2023-09-15,15,1003,12.0,7,2024-06-19
CUST-03607,Growth,Active,2024-10-17,2,102,11.0,4,2024-12-31
CUST-03608,Growth,Trial,2024-10-04,2,95,52.0,1,2024-12-12
CUST-03609,Growth,Active,2024-06-14,6,95,12.0,4,2024-09-24
CUST-03610,Professional,Churned,2023-01-31,23,294,10.0,4,2023-09-13
CUST-03611,Professional,Active,2024-08-30,4,294,35.0,12,2024-09-17
CUST-03612,Growth,Active,2024-12-28,0,100,49.0,9,2024-12-29
CUST-03613,Growth,Trial,2022-04-21,32,102,63.0,14,2024-11-14
CUST-03614,Starter,Active,2024-04-07,8,29,73.0,12,2024-04-14
CUST-03615,Starter,Churned,2023-12-11,12,33,2.0,1,2024-03-26
CUST-03616,Starter,Trial,2024-04-02,9,29,76.0,0,2024-09-28
CUST-03617,Professional,Active,2024-07-16,5,295,85.0,13,2024-10-05
CUST-03618,Growth,Churned,2022-03-24,33,99,21.0,2,2023-03-03
CUST-03619,Enterprise,Active,2024-01-31,11,999,89.0,3,2024-02-16
CUST-03620,Starter,Active,2022-03-01,34,26,,9,2024-09-29
CUST-03621,Growth,Active,2022-02-19,34,100,88.0,9,2022-04-11
CUST-03622,Enterprise,Active,2022-08-25,28,1002,91.0,14,2024-06-07
CUST-03623,Growth,Active,2024-02-26,10,100,70.0,4,2024-09-07
CUST-03624,Professional,Churned,2022-11-13,25,298,13.0,9,2024-02-21
CUST-03625,Professional,Churned,2024-12-15,0,294,11.0,13,2024-12-20
CUST-03626,Starter,Trial,2024-04-27,8,30,22.0,6,2024-06-28
CUST-03627,Enterprise,Active,2024-10-14,2,1003,95.0,8,2024-10-23
CUST-03628,Enterprise,Churned,2023-06-22,18,1002,35.0,9,2024-07-18
CUST-03629,Professional,Active,2022-02-11,35,302,99.0,13,2023-10-12
CUST-03630,Growth,Active,2024-06-26,6,97,69.0,9,2024-11-15
CUST-03631,Growth,Active,2022-06-21,30,99,64.0,11,2023-09-25
CUST-03632,Professional,Trial,2024-12-19,0,303,26.0,1,2024-12-26
CUST-03633,Enterprise,Churned,2023-02-13,22,999,19.0,12,2024-03-29
CUST-03634,Enterprise,Trial,2024-07-20,5,1000,41.0,12,2024-08-27
CUST-03635,Professional,Active,2023-01-22,23,298,88.0,5,2023-11-26
CUST-03636,Professional,Active,2023-02-16,22,301,20.0,6,2024-06-10
CUST-03637,Enterprise,Active,2024-08-23,4,1002,28.0,6,2024-11-15
CUST-03638,Professional,Churned,2022-11-01,26,295,21.0,8,2023-04-26
CUST-03639,Growth,Active,2024-01-22,11,94,68.0,8,2024-12-19
CUST-03640,Growth,Trial,2024-08-30,4,102,58.0,4,2024-11-16
CUST-03641,Enterprise,Churned,2023-10-08,15,994,25.0,0,2024-07-02
CUST-03642,Enterprise,Active,2023-07-31,17,1003,46.0,4,2024-06-13
CUST-03643,Starter,Churned,2023-04-21,20,26,36.0,0,2023-10-06
CUST-03644,Starter,Churned,2022-10-04,27,33,17.0,5,2024-10-17
CUST-03645,Growth,Active,2023-10-20,14,100,52.0,6,2024-09-11
CUST-03646,Professional,Churned,2024-07-06,5,296,11.0,3,2024-10-14
CUST-03647,Enterprise,Active,2022-08-22,28,998,19.0,5,2023-11-22
CUST-03648,Growth,Active,2022-05-31,31,94,18.0,6,2024-02-19
CUST-03649,Growth,Active,2024-10-22,2,103,53.0,13,2024-11-17
CUST-03650,Enterprise,Churned,2022-06-26,30,998,23.0,10,2023-09-13
CUST-03651,Professional,Churned,2024-10-19,2,298,26.0,10,2024-12-11
CUST-03652,Growth,Active,2023-03-28,21,97,78.0,6,2024-06-28
CUST-03653,Professional,Active,2024-03-20,9,303,37.0,13,2024-04-29
CUST-03654,Starter,Active,2022-06-14,31,31,28.0,8,2024-05-08
CUST-03655,Starter,Active,2024-10-13,2,28,33.0,14,2024-12-16
CUST-03656,Starter,Active,2023-03-31,21,27,56.0,9,2024-09-01
CUST-03657,Growth,Active,2023-10-09,14,100,57.0,1,2024-02-01
CUST-03658,Professional,Churned,2022-06-15,31,296,24.0,6,2024-03-24
CUST-03659,Enterprise,Active,2022-03-09,34,1000,46.0,8,2022-06-25
CUST-03660,Professional,Active,2022-01-26,35,300,9.0,1,2023-01-19
CUST-03661,Professional,Active,2022-02-05,35,302,4.0,12,2023-10-25
CUST-03662,Professional,Active,2023-07-24,17,297,38.0,13,2024-11-02
CUST-03663,Professional,Active,2022-06-23,30,295,41.0,3,2024-12-14
CUST-03664,Enterprise,Trial,2024-03-22,9,996,83.0,10,2024-05-09
CUST-03665,Enterprise,Active,2024-02-18,10,999,13.0,0,2024-10-29
CUST-03666,Starter,Active,2023-06-12,18,27,35.0,2,2024-06-04
CUST-03667,Professional,Active,2023-09-13,15,300,32.0,9,2024-02-06
CUST-03668,Professional,Churned,2024-07-23,5,300,5.0,0,2024-11-22
CUST-03669,Growth,Active,2023-02-21,22,101,,0,2024-02-05
CUST-03670,Professional,Active,2023-08-15,16,294,25.0,8,2024-12-18
CUST-03671,Professional,Churned,2023-04-18,20,301,28.0,13,2024-12-06
CUST-03672,Starter,Churned,2022-09-30,27,32,19.0,7,2024-12-20
CUST-03673,Enterprise,Active,2023-12-22,12,1002,18.0,5,2024-03-10
CUST-03674,Enterprise,Active,2023-05-16,19,996,91.0,1,2024-08-01
CUST-03675,Growth,Active,2022-10-01,27,100,48.0,14,2024-05-10
CUST-03676,Enterprise,Active,2023-08-26,16,997,74.0,3,2024-10-11
CUST-03677,Starter,Active,2023-01-23,23,30,93.0,8,2024-01-15
CUST-03678,Enterprise,Active,2022-10-19,26,1001,49.0,14,2024-08-21
CUST-03679,Professional,Active,2024-01-21,11,294,5.0,1,2024-07-28
CUST-03680,Enterprise,Active,2023-06-21,18,1002,88.0,12,2024-07-10
CUST-03681,Growth,Active,2022-11-22,25,101,18.0,14,2024-08-03
CUST-03682,Growth,Active,2023-05-11,20,95,22.0,13,2024-01-28
CUST-03683,Enterprise,Churned,2024-03-05,10,997,9.0,3,2024-08-02
CUST-03684,Professional,Active,2023-01-23,23,301,52.0,13,2024-08-22
CUST-03685,Growth,Active,2023-01-16,23,100,52.0,0,2024-05-01
CUST-03686,Growth,Active,2022-01-22,35,103,63.0,14,2022-10-28
CUST-03687,Enterprise,Churned,2024-10-10,2,994,8.0,6,2024-11-03
CUST-03688,Starter,Active,2024-05-26,7,32,54.0,9,2024-11-21
CUST-03689,Growth,Active,2022-09-12,28,101,99.0,2,2023-11-19
CUST-03690,Starter,Active,2022-04-12,33,33,93.0,9,2023-04-11
CUST-03691,Starter,Active,2023-05-04,20,33,49.0,1,2024-09-12
CUST-03692,Enterprise,Active,2022-02-16,34,995,11.0,6,2022-08-19
CUST-03693,Starter,Active,2022-07-31,29,31,76.0,10,2024-01-04
CUST-03694,Starter,Active,2022-05-03,32,24,33.0,4,2024-04-13
CUST-03695,Starter,Churned,2022-02-04,35,24,34.0,2,2023-05-07
CUST-03696,Enterprise,Churned,2024-08-03,5,994,9.0,3,2024-08-10
CUST-03697,Growth,Churned,2023-02-12,22,99,22.0,2,2024-02-01
CUST-03698,Growth,Trial,2022-06-01,31,101,78.0,5,2023-09-15
CUST-03699,Enterprise,Active,2022-07-29,29,999,17.0,11,2024-10-09
CUST-03700,Growth,Trial,2024-05-20,7,100,60.0,3,2024-07-12
CUST-03701,Enterprise,Trial,2024-08-19,4,1001,51.0,14,2024-09-20
CUST-03702,Professional,Active,2024-06-04,7,297,28.0,13,2024-08-26
CUST-03703,Starter,Active,2023-03-30,21,24,17.0,11,2024-06-05
CUST-03704,Growth,Active,2023-06-08,19,96,89.0,5,2023-06-09
CUST-03705,Enterprise,Active,2022-11-01,26,995,66.0,6,2023-07-17
CUST-03706,Starter,Active,2022-11-30,25,28,15.0,12,2023-08-22
CUST-03707,Starter,Active,2023-10-20,14,33,4.0,0,2023-12-08
CUST-03708,Professional,Active,2023-04-15,20,296,52.0,12,2023-11-28
CUST-03709,Professional,Trial,2023-08-26,16,302,11.0,9,2024-04-28
CUST-03710,Professional,Churned,2023-05-17,19,298,8.0,4,2024-12-11
CUST-03711,Professional,Active,2024-09-08,3,298,64.0,7,2024-10-12
CUST-03712,Starter,Active,2023-07-19,17,26,5.0,12,2024-01-19
CUST-03713,Enterprise,Churned,2024-08-22,4,998,33.0,2,2024-10-23
CUST-03714,Growth,Active,2024-06-29,6,97,42.0,5,2024-10-21
CUST-03715,Professional,Active,2022-11-24,25,299,80.0,4,2022-12-22
CUST-03716,Starter,Active,2022-08-15,28,25,68.0,10,2024-05-03
CUST-03717,Enterprise,Active,2023-08-27,16,998,7.0,12,2024-04-28
CUST-03718,Starter,Trial,2024-01-20,11,29,63.0,1,2024-02-05
CUST-03719,Enterprise,Active,2023-09-24,15,1001,90.0,12,2024-07-23
CUST-03720,Starter,Active,2023-10-18,14,33,8.0,3,2023-11-11
CUST-03721,Enterprise,Active,2023-02-18,22,994,,8,2024-06-09
CUST-03722,Starter,Active,2024-01-14,11,29,1.0,2,2024-06-08
CUST-03723,Starter,Active,2023-06-02,19,31,76.0,1,2024-04-12
CUST-03724,Professional,Active,2023-02-23,22,302,57.0,3,2024-05-31
CUST-03725,Growth,Active,2023-02-11,22,97,37.0,12,2024-11-17
CUST-03726,Growth,Active,2024-11-27,1,101,52.0,8,2024-12-13
CUST-03727,Starter,Trial,2024-09-19,3,26,45.0,0,2024-12-23
CUST-03728,Enterprise,Churned,2024-02-04,11,1001,23.0,9,2024-12-23
CUST-03729,Growth,Active,2024-10-20,2,101,15.0,1,2024-11-24
CUST-03730,Professional,Churned,2022-03-05,34,303,23.0,3,2022-12-11
CUST-03731,Starter,Active,2024-10-01,3,24,12.0,3,2024-11-30
CUST-03732,Enterprise,Active,2023-01-02,24,1001,82.0,7,2024-11-08
CUST-03733,Enterprise,Active,2022-06-30,30,1003,58.0,4,2023-07-05
CUST-03734,Starter,Active,2022-07-25,29,25,92.0,9,2024-09-07
CUST-03735,Growth,Churned,2024-09-20,3,101,33.0,13,2024-09-28
CUST-03736,Starter,Active,2024-01-17,11,28,65.0,0,2024-09-05
CUST-03737,Starter,Active,2022-12-30,24,25,72.0,9,2024-05-29
CUST-03738,Starter,Active,2022-05-27,31,27,63.0,11,2024-11-13
CUST-03739,Starter,Active,2024-03-23,9,28,65.0,13,2024-05-15
CUST-03740,Growth,Active,2023-10-30,14,102,53.0,13,2023-11-08
CUST-03741,Starter,Active,2024-04-17,8,33,64.0,13,2024-09-15
CUST-03742,Growth,Active,2023-11-13,13,95,10.0,6,2024-06-21
CUST-03743,Professional,Churned,2024-11-10,1,303,6.0,3,2024-12-10
CUST-03744,Starter,Active,2024-10-04,2,31,10.0,9,2024-12-06
CUST-03745,Professional,Active,2023-10-17,14,302,91.0,12,2024-03-17
CUST-03746,Professional,Churned,2022-08-10,29,300,6.0,12,2023-11-20
CUST-03747,Starter,Churned,2024-06-23,6,30,23.0,14,2024-12-05
CUST-03748,Professional,Trial,2023-03-05,22,297,56.0,12,2023-12-29
CUST-03749,Professional,Churned,2024-02-26,10,298,5.0,4,2024-11-17
CUST-03750,Growth,Trial,2024-06-28,6,99,20.0,1,2024-10-09
CUST-03751,Professional,Active,2022-07-24,29,299,28.0,11,2024-09-13
CUST-03752,Growth,Active,2024-07-23,5,94,14.0,3,2024-12-23
CUST-03753,Growth,Active,2022-07-21,29,99,94.0,0,2024-12-11
CUST-03754,Growth,Active,2023-06-13,18,99,6.0,13,2024-11-26
CUST-03755,Professional,Churned,2023-08-20,16,296,17.0,2,2024-03-27
CUST-03756,Growth,Active,2024-01-16,11,94,24.0,6,2024-07-15
CUST-03757,Enterprise,Churned,2023-03-03,22,996,16.0,7,2024-02-19
CUST-03758,Enterprise,Active,2022-11-15,25,997,74.0,1,2023-08-31
CUST-03759,Growth,Active,2022-12-24,24,99,39.0,4,2023-01-08
CUST-03760,Enterprise,Active,2023-05-14,19,996,53.0,6,2024-01-13
CUST-03761,Enterprise,Churned,2023-01-30,23,996,2.0,5,2024-07-18
CUST-03762,Enterprise,Churned,2022-06-22,30,1001,15.0,6,2022-10-11
CUST-03763,Starter,Active,2024-04-28,8,27,78.0,10,2024-12-29
CUST-03764,Starter,Churned,2023-02-22,22,27,36.0,4,2023-12-27
CUST-03765,Professional,Active,2023-07-25,17,300,90.0,8,2024-11-02
CUST-03766,Starter,Active,2023-05-11,20,31,33.0,7,2023-12-01
CUST-03767,Enterprise,Trial,2022-01-28,35,994,94.0,11,2023-11-22
CUST-03768,Growth,Active,2023-10-24,14,98,60.0,8,2024-01-08
CUST-03769,Growth,Active,2022-05-24,31,97,49.0,0,2023-01-22
CUST-03770,Professional,Active,2023-10-10,14,299,7.0,14,2024-05-07
CUST-03771,Growth,Active,2023-01-30,23,100,32.0,7,2023-06-29
CUST-03772,Growth,Churned,2024-07-29,5,94,30.0,3,2024-08-01
CUST-03773,Enterprise,Active,2023-01-14,23,995,46.0,2,2023-03-04
CUST-03774,Starter,Active,2022-07-24,29,24,60.0,9,2023-08-20
CUST-03775,Starter,Active,2022-02-26,34,29,23.0,3,2023-11-11
CUST-03776,Growth,Active,2022-10-19,26,102,68.0,10,2024-05-31
CUST-03777,Professional,Active,2022-09-21,27,303,45.0,4,2023-03-20
CUST-03778,Starter,Churned,2023-01-17,23,24,21.0,2,2023-04-09
CUST-03779,Professional,Active,2024-01-26,11,296,61.0,6,2024-10-23
CUST-03780,Growth,Active,2022-11-21,25,96,52.0,3,2024-07-25
CUST-03781,Professional,Trial,2022-02-06,35,296,96.0,13,2023-05-05
CUST-03782,Starter,Active,2022-10-15,26,31,26.0,0,2024-07-26
CUST-03783,Growth,Churned,2022-09-25,27,102,5.0,9,2023-06-30
CUST-03784,Starter,Active,2024-11-07,1,27,7.0,7,2024-11-28
CUST-03785,Starter,Trial,2023-06-04,19,31,,7,2024-02-03
CUST-03786,Starter,Active,2023-06-22,18,33,33.0,10,2023-08-30
CUST-03787,Growth,Churned,2023-08-20,16,97,8.0,6,2024-01-09
CUST-03788,Starter,Active,2024-02-16,10,26,2.0,11,2024-05-26
CUST-03789,Professional,Active,2024-10-27,2,302,68.0,2,2024-12-17
CUST-03790,Enterprise,Trial,2024-10-19,2,1000,41.0,2,2024-12-13
CUST-03791,Growth,Active,2024-01-25,11,97,82.0,8,2024-04-24
CUST-03792,Starter,Active,2023-10-07,15,25,8.0,6,2024-05-20
CUST-03793,Professional,Active,2022-11-17,25,300,8.0,4,2023-10-02
CUST-03794,Enterprise,Active,2024-10-07,2,999,54.0,7,2024-10-15
CUST-03795,Growth,Active,2022-07-22,29,102,84.0,13,2023-08-04
CUST-03796,Starter,Churned,2024-09-20,3,33,38.0,14,2024-11-08
CUST-03797,Growth,Churned,2023-06-11,18,103,12.0,10,2024-06-29
CUST-03798,Growth,Active,2024-07-06,5,103,57.0,13,2024-11-03
CUST-03799,Growth,Active,2022-12-09,25,97,24.0,9,2023-04-27
CUST-03800,Growth,Active,2023-06-25,18,98,59.0,13,2024-12-10
CUST-03801,Enterprise,Churned,2023-03-13,21,999,39.0,12,2023-03-19
CUST-03802,Professional,Churned,2024-02-09,10,302,18.0,3,2024-09-22
CUST-03803,Growth,Active,2022-04-10,33,102,18.0,6,2022-06-21
CUST-03804,Starter,Active,2022-08-14,29,24,65.0,4,2023-03-03
CUST-03805,Growth,Active,2023-01-26,23,100,56.0,1,2024-09-13
CUST-03806,Growth,Churned,2024-11-15,1,96,38.0,3,2024-11-29
CUST-03807,Starter,Active,2022-07-23,29,32,5.0,6,2022-07-30
CUST-03808,Enterprise,Active,2022-01-04,36,1002,19.0,0,2023-08-08
CUST-03809,Professional,Churned,2024-02-06,10,297,5.0,1,2024-08-15
CUST-03810,Enterprise,Active,2023-01-27,23,1002,53.0,11,2023-10-07
CUST-03811,Growth,Active,2023-07-12,17,94,16.0,0,2024-09-26
CUST-03812,Starter,Active,2023-02-03,23,33,27.0,10,2023-03-06
CUST-03813,Growth,Active,2024-11-30,1,94,45.0,6,2024-12-19
CUST-03814,Growth,Active,2022-05-15,32,96,37.0,1,2024-10-19
CUST-03815,Professional,Active,2023-03-29,21,295,65.0,10,2024-10-15
CUST-03816,Growth,Active,2022-05-29,31,101,88.0,4,2023-04-16
CUST-03817,Growth,Active,2022-03-17,34,101,82.0,4,2024-04-28
CUST-03818,Starter,Active,2024-12-14,0,32,41.0,1,2024-12-15
CUST-03819,Enterprise,Active,2023-11-28,13,1000,18.0,8,2024-10-24
CUST-03820,Professional,Churned,2024-07-06,5,294,10.0,13,2024-11-16
CUST-03821,Professional,Active,2024-09-13,3,302,84.0,8,2024-11-15
CUST-03822,Growth,Churned,2024-08-27,4,100,16.0,11,2024-09-06
CUST-03823,Growth,Active,2024-03-22,9,97,55.0,10,2024-10-09
CUST-03824,Enterprise,Active,2022-09-01,28,1003,90.0,9,2023-02-25
CUST-03825,Enterprise,Active,2022-11-10,26,999,7.0,3,2024-10-03
CUST-03826,Growth,Active,2022-06-13,31,97,52.0,8,2023-08-28
CUST-03827,Starter,Active,2024-07-10,5,31,39.0,13,2024-10-17
CUST-03828,Enterprise,Churned,2023-11-27,13,998,37.0,8,2024-11-05
CUST-03829,Professional,Active,2024-04-25,8,300,93.0,4,2024-06-01
CUST-03830,Starter,Active,2023-11-07,14,28,97.0,7,2024-10-31
CUST-03831,Growth,Active,2022-10-21,26,96,77.0,6,2023-08-15
CUST-03832,Growth,Active,2023-04-11,21,94,26.0,1,2024-02-26
CUST-03833,Professional,Active,2022-03-12,34,299,91.0,5,2023-05-09
CUST-03834,Enterprise,Active,2023-10-18,14,999,9.0,13,2024-03-31
CUST-03835,Enterprise,Active,2023-04-12,20,995,58.0,12,2024-11-11
CUST-03836,Enterprise,Trial,2024-11-06,1,994,22.0,13,2024-11-20
CUST-03837,Growth,Active,2023-01-24,23,94,13.0,9,2023-09-08
CUST-03838,Professional,Active,2024-02-25,10,303,90.0,0,2024-04-17
CUST-03839,Starter,Trial,2022-06-16,30,24,23.0,6,2024-03-18
CUST-03840,Enterprise,Active,2023-12-23,12,996,28.0,10,2024-11-29
CUST-03841,Growth,Active,2024-09-28,3,102,,11,2024-10-23
CUST-03842,Growth,Active,2024-11-29,1,98,2.0,6,2024-12-10
CUST-03843,Enterprise,Active,2023-07-11,17,1001,95.0,0,2023-09-13
CUST-03844,Growth,Active,2024-11-06,1,98,37.0,5,2024-12-22
CUST-03845,Starter,Active,2024-07-22,5,29,16.0,7,2024-10-19
CUST-03846,Growth,Active,2024-11-16,1,99,86.0,10,2024-12-07
CUST-03847,Growth,Trial,2023-01-16,23,98,72.0,6,2024-06-03
CUST-03848,Starter,Active,2022-09-18,27,31,82.0,10,2024-04-28
CUST-03849,Enterprise,Active,2023-10-24,14,1000,64.0,6,2023-12-05
CUST-03850,Starter,Active,2024-04-14,8,28,89.0,12,2024-12-04
CUST-03851,Starter,Active,2022-09-07,28,26,60.0,14,2024-10-02
CUST-03852,Starter,Active,2024-08-03,5,30,40.0,13,2024-11-28
CUST-03853,Starter,Active,2023-10-05,15,26,63.0,4,2024-07-07
CUST-03854,Enterprise,Active,2022-06-04,31,1002,43.0,2,2023-06-22
CUST-03855,Professional,Active,2022-03-18,33,296,15.0,2,2024-11-23
CUST-03856,Professional,Active,2023-10-28,14,303,78.0,12,2024-04-05
CUST-03857,Starter,Active,2024-07-17,5,28,19.0,13,2024-11-04
CUST-03858,Professional,Active,2023-08-19,16,303,92.0,11,2024-07-08
CUST-03859,Enterprise,Churned,2024-07-08,5,1003,38.0,11,2024-12-04
CUST-03860,Growth,Trial,2024-02-26,10,98,55.0,3,2024-11-13
CUST-03861,Enterprise,Active,2024-11-08,1,996,94.0,7,2024-12-07
CUST-03862,Enterprise,Active,2023-08-27,16,994,2.0,8,2024-09-25
CUST-03863,Growth,Active,2022-02-12,35,99,2.0,9,2024-11-25
CUST-03864,Starter,Churned,2023-06-22,18,25,31.0,5,2023-06-28
CUST-03865,Professional,Active,2024-09-18,3,301,53.0,1,2024-11-09
CUST-03866,Professional,Churned,2024-09-13,3,301,38.0,10,2024-11-10
CUST-03867,Starter,Churned,2024-04-27,8,29,1.0,8,2024-05-20
CUST-03868,Professional,Active,2023-03-17,21,296,56.0,13,2024-03-23
CUST-03869,Professional,Churned,2024-09-29,3,300,2.0,6,2024-11-15
CUST-03870,Enterprise,Active,2024-01-02,12,1000,5.0,10,2024-06-18
CUST-03871,Growth,Churned,2024-12-09,0,96,8.0,6,2024-12-24
CUST-03872,Professional,Active,2024-11-30,1,299,31.0,2,2024-12-31
CUST-03873,Enterprise,Active,2024-08-22,4,1003,92.0,8,2024-10-09
CUST-03874,Growth,Churned,2023-06-24,18,102,33.0,5,2024-01-17
CUST-03875,Professional,Active,2024-10-04,2,300,58.0,13,2024-10-14
CUST-03876,Growth,Active,2022-07-06,30,95,12.0,8,2024-04-23
CUST-03877,Professional,Active,2022-07-16,29,301,4.0,8,2023-01-19
CUST-03878,Professional,Active,2023-12-20,12,302,62.0,0,2024-12-08
CUST-03879,Growth,Active,2024-10-05,2,94,79.0,3,2024-10-12
CUST-03880,Professional,Trial,2023-08-22,16,300,10.0,8,2024-06-05
CUST-03881,Growth,Active,2022-05-07,32,98,16.0,1,2022-05-09
CUST-03882,Starter,Active,2024-11-16,1,30,2.0,3,2024-11-21
CUST-03883,Professional,Active,2022-02-19,34,298,20.0,1,2024-07-07
CUST-03884,Enterprise,Active,2023-08-12,16,1002,62.0,13,2024-08-04
CUST-03885,Starter,Active,2022-05-09,32,29,52.0,1,2023-08-09
CUST-03886,Growth,Active,2022-09-30,27,103,30.0,14,2024-02-08
CUST-03887,Professional,Active,2024-04-22,8,303,43.0,13,2024-05-02
CUST-03888,Growth,Active,2024-01-10,11,94,78.0,11,2024-02-08
CUST-03889,Growth,Active,2023-12-30,12,102,96.0,7,2024-04-03
CUST-03890,Starter,Active,2024-11-15,1,27,60.0,11,2024-11-19
CUST-03891,Growth,Active,2023-07-23,17,99,63.0,7,2024-03-18
CUST-03892,Growth,Trial,2024-09-15,3,97,2.0,2,2024-09-22
CUST-03893,Professional,Active,2022-06-14,31,299,6.0,1,2023-05-08
CUST-03894,Enterprise,Churned,2022-12-09,25,995,10.0,9,2023-08-14
CUST-03895,Starter,Churned,2023-05-04,20,27,37.0,12,2024-09-02
CUST-03896,Growth,Active,2024-07-26,5,100,6.0,3,2024-08-06
CUST-03897,Professional,Churned,2022-06-07,31,298,10.0,7,2022-07-15
CUST-03898,Starter,Active,2023-09-06,16,33,34.0,5,2023-10-15
CUST-03899,Professional,Active,2022-01-21,35,294,70.0,9,2023-04-28
CUST-03900,Growth,Active,2023-01-05,24,95,78.0,10,2023-07-28
CUST-03901,Enterprise,Active,2024-05-27,7,1003,24.0,0,2024-07-28
CUST-03902,Starter,Active,2023-01-02,24,25,7.0,9,2023-03-19
CUST-03903,Starter,Trial,2024-09-05,3,31,80.0,2,2024-12-04
CUST-03904,Growth,Active,2024-12-26,0,103,48.0,8,2024-12-31
CUST-03905,Professional,Churned,2023-11-09,13,297,38.0,11,2024-03-27
CUST-03906,Starter,Active,2022-01-13,36,28,61.0,8,2024-10-12
CUST-03907,Starter,Active,2023-07-22,17,25,92.0,11,2023-09-28
CUST-03908,Starter,Trial,2022-04-08,33,32,87.0,6,2022-12-23
CUST-03909,Enterprise,Active,2023-08-24,16,995,8.0,8,2024-09-22
CUST-03910,Starter,Active,2023-11-27,13,33,73.0,8,2023-12-02
CUST-03911,Growth,Active,2024-11-11,1,100,84.0,4,2024-12-31
CUST-03912,Enterprise,Churned,2024-07-14,5,1002,14.0,8,2024-10-17
CUST-03913,Growth,Active,2024-03-03,10,95,96.0,4,2024-05-11
CUST-03914,Starter,Active,2022-03-09,34,30,,5,2022-07-14
CUST-03915,Growth,Active,2022-04-21,32,94,98.0,6,2022-10-27
CUST-03916,Enterprise,Churned,2024-03-05,10,997,18.0,7,2024-07-25
CUST-03917,Professional,Active,2022-05-25,31,302,58.0,9,2024-09-28
CUST-03918,Enterprise,Active,2024-08-06,4,994,48.0,11,2024-11-07
CUST-03919,Enterprise,Active,2023-03-10,22,999,52.0,5,2024-08-25
CUST-03920,Professional,Churned,2024-02-10,10,301,29.0,7,2024-06-09
CUST-03921,Enterprise,Churned,2024-02-18,10,1001,35.0,3,2024-11-22
CUST-03922,Enterprise,Trial,2022-09-02,28,998,82.0,8,2022-11-23
CUST-03923,Growth,Active,2023-08-22,16,94,95.0,7,2024-04-11
CUST-03924,Enterprise,Active,2022-04-26,32,996,5.0,10,2023-02-08
CUST-03925,Enterprise,Active,2023-09-07,16,999,61.0,9,2024-09-13
CUST-03926,Enterprise,Active,2023-01-12,23,1000,69.0,5,2023-11-01
CUST-03927,Growth,Active,2023-07-27,17,94,69.0,11,2024-12-16
CUST-03928,Enterprise,Churned,2024-02-12,10,999,37.0,3,2024-07-03
CUST-03929,Enterprise,Active,2023-03-13,21,996,72.0,7,2024-04-21
CUST-03930,Growth,Trial,2023-09-14,15,100,94.0,14,2023-10-26
CUST-03931,Professional,Trial,2023-01-01,24,296,83.0,8,2023-09-23
CUST-03932,Enterprise,Active,2023-11-30,13,996,60.0,0,2024-04-05
CUST-03933,Professional,Active,2023-02-27,22,300,65.0,8,2024-08-17
CUST-03934,Starter,Churned,2024-02-02,11,30,35.0,11,2024-06-24
CUST-03935,Starter,Active,2023-02-22,22,28,64.0,6,2024-07-05
CUST-03936,Professional,Active,2024-06-17,6,294,90.0,6,2024-09-27
CUST-03937,Starter,Active,2024-07-24,5,29,77.0,3,2024-12-04
CUST-03938,Growth,Active,2024-03-06,10,94,74.0,6,2024-11-06
CUST-03939,Professional,Active,2024-01-18,11,297,38.0,1,2024-04-27
CUST-03940,Enterprise,Active,2022-08-29,28,995,75.0,10,2024-01-27
CUST-03941,Growth,Active,2022-10-03,27,100,15.0,13,2023-09-20
CUST-03942,Starter,Churned,2023-11-07,14,30,11.0,1,2024-01-20
CUST-03943,Enterprise,Churned,2022-07-01,30,1002,25.0,7,2023-03-15
CUST-03944,Growth,Churned,2023-03-27,21,95,22.0,13,2024-12-01
CUST-03945,Enterprise,Active,2023-10-14,14,1003,70.0,10,2024-04-22
CUST-03946,Growth,Active,2022-03-12,34,97,2.0,12,2024-06-15
CUST-03947,Starter,Churned,2024-09-02,4,33,7.0,10,2024-11-27
CUST-03948,Growth,Active,2022-10-31,26,102,32.0,12,2024-02-18
CUST-03949,Growth,Churned,2022-03-04,34,98,36.0,12,2022-06-07
CUST-03950,Professional,Active,2024-01-28,11,300,53.0,9,2024-02-26
CUST-03951,Starter,Active,2022-08-06,29,31,52.0,3,2024-10-26
CUST-03952,Growth,Active,2022-06-08,31,100,1.0,9,2024-07-21
CUST-03953,Growth,Trial,2022-02-18,34,96,60.0,7,2023-12-25
CUST-03954,Professional,Active,2023-11-24,13,297,95.0,9,2024-04-14
CUST-03955,Growth,Active,2023-12-20,12,102,76.0,0,2024-08-13
CUST-03956,Professional,Active,2023-11-02,14,298,18.0,1,2024-07-04
CUST-03957,Professional,Active,2023-07-15,17,299,48.0,11,2024-06-02
CUST-03958,Starter,Active,2023-11-19,13,32,35.0,12,2024-12-19
CUST-03959,Growth,Churned,2024-09-09,3,103,34.0,12,2024-10-05
CUST-03960,Enterprise,Trial,2023-03-15,21,996,,3,2024-06-26
CUST-03961,Enterprise,Active,2024-07-25,5,999,59.0,7,2024-09-15
CUST-03962,Professional,Active,2023-08-20,16,296,5.0,7,2023-09-18
CUST-03963,Enterprise,Churned,2022-03-01,34,998,23.0,11,2022-04-09
CUST-03964,Growth,Active,2024-10-01,3,95,71.0,11,2024-11-17
CUST-03965,Professional,Active,2023-08-18,16,302,10.0,4,2024-09-28
CUST-03966,Professional,Active,2024-08-01,5,296,25.0,1,2024-09-10
CUST-03967,Enterprise,Active,2024-01-08,11,999,38.0,4,2024-10-13
CUST-03968,Growth,Active,2024-06-15,6,101,54.0,12,2024-07-28
CUST-03969,Enterprise,Active,2023-07-07,18,996,37.0,2,2024-08-15
CUST-03970,Enterprise,Trial,2022-07-16,29,995,79.0,11,2024-10-15
CUST-03971,Professional,Active,2023-05-23,19,294,89.0,9,2024-08-25
CUST-03972,Starter,Active,2023-03-27,21,31,98.0,7,2023-06-05
CUST-03973,Professional,Active,2024-04-10,8,298,61.0,1,2024-06-01
CUST-03974,Growth,Active,2022-04-26,32,102,2.0,14,2023-10-23
CUST-03975,Growth,Active,2022-11-08,26,98,82.0,12,2024-02-15
CUST-03976,Enterprise,Active,2022-06-19,30,1002,87.0,5,2022-10-08
CUST-03977,Enterprise,Active,2024-10-16,2,1000,16.0,7,2024-10-25
CUST-03978,Growth,Active,2023-04-30,20,101,52.0,14,2024-12-12
CUST-03979,Starter,Churned,2022-01-14,36,32,38.0,10,2024-12-13
CUST-03980,Starter,Active,2022-07-26,29,28,26.0,9,2024-04-22
CUST-03981,Starter,Active,2022-05-03,32,26,45.0,9,2023-04-22
CUST-03982,Growth,Churned,2024-06-08,6,97,3.0,9,2024-09-16
CUST-03983,Professional,Active,2024-10-01,3,300,23.0,8,2024-11-05
CUST-03984,Growth,Active,2023-12-14,12,100,19.0,12,2024-11-05
CUST-03985,Growth,Churned,2023-11-11,13,100,1.0,5,2024-06-30
CUST-03986,Growth,Active,2024-03-27,9,101,92.0,11,2024-04-21
CUST-03987,Starter,Active,2022-12-11,25,28,96.0,6,2023-03-18
CUST-03988,Starter,Active,2022-09-10,28,29,71.0,6,2023-04-22
CUST-03989,Professional,Active,2024-10-25,2,302,90.0,14,2024-11-12
CUST-03990,Growth,Churned,2024-04-19,8,96,27.0,8,2024-08-08
CUST-03991,Starter,Trial,2022-07-22,29,28,28.0,14,2024-09-07
CUST-03992,Enterprise,Active,2023-12-12,12,997,72.0,0,2024-10-21
CUST-03993,Growth,Churned,2023-09-18,15,102,7.0,5,2023-12-12
CUST-03994,Enterprise,Active,2023-10-24,14,995,80.0,1,2024-05-06
CUST-03995,Growth,Churned,2023-11-25,13,102,19.0,3,2024-04-22
CUST-03996,Starter,Active,2022-09-23,27,28,69.0,10,2023-07-07
CUST-03997,Enterprise,Active,2024-02-01,11,1003,20.0,7,2024-07-07
CUST-03998,Professional,Active,2022-06-12,31,300,23.0,14,2023-04-14
CUST-03999,Enterprise,Active,2024-11-09,1,1002,7.0,4,2024-12-14
CUST-04000,Enterprise,Active,2024-12-22,0,996,88.0,4,2024-12-27
CUST-04001,Growth,Active,2023-07-09,18,95,58.0,12,2024-05-09
CUST-04002,Starter,Active,2024-10-13,2,25,81.0,0,2024-12-10
CUST-04003,Starter,Active,2023-03-09,22,33,62.0,3,2024-06-02
CUST-04004,Starter,Active,2024-04-09,8,28,79.0,10,2024-08-22
CUST-04005,Starter,Active,2023-11-15,13,33,14.0,8,2024-09-01
CUST-04006,Enterprise,Churned,2022-04-07,33,1000,9.0,12,2023-06-23
CUST-04007,Professional,Trial,2024-12-24,0,294,54.0,0,2024-12-29
CUST-04008,Professional,Active,2023-09-27,15,296,51.0,1,2023-11-12
CUST-04009,Starter,Active,2023-10-21,14,32,4.0,4,2023-12-25
CUST-04010,Enterprise,Active,2022-05-28,31,999,8.0,9,2023-12-16
CUST-04011,Growth,Churned,2023-08-25,16,101,24.0,14,2023-12-02
CUST-04012,Growth,Active,2024-01-01,12,98,78.0,6,2024-05-11
CUST-04013,Growth,Active,2024-05-25,7,96,26.0,11,2024-08-04
CUST-04014,Professional,Active,2022-07-19,29,296,13.0,10,2024-12-18
CUST-04015,Enterprise,Churned,2022-12-25,24,998,1.0,6,2024-01-26
CUST-04016,Growth,Active,2022-05-14,32,99,9.0,4,2024-04-12
CUST-04017,Growth,Active,2024-07-26,5,94,72.0,5,2024-12-05
CUST-04018,Professional,Active,2023-02-13,22,303,63.0,11,2024-12-01
CUST-04019,Starter,Active,2023-09-18,15,24,61.0,8,2023-09-19
CUST-04020,Starter,Active,2022-09-01,28,28,92.0,1,2024-01-19
CUST-04021,Starter,Churned,2024-10-30,2,24,29.0,14,2024-11-29
CUST-04022,Growth,Active,2024-06-20,6,99,59.0,13,2024-12-11
CUST-04023,Enterprise,Active,2023-04-25,20,996,97.0,5,2024-07-18
CUST-04024,Enterprise,Active,2024-10-30,2,999,20.0,5,2024-12-01
CUST-04025,Enterprise,Active,2022-12-06,25,994,29.0,4,2023-08-11
CUST-04026,Starter,Active,2023-01-22,23,28,54.0,4,2024-03-18
CUST-04027,Enterprise,Active,2024-06-30,6,994,35.0,9,2024-08-20
CUST-04028,Starter,Active,2023-03-09,22,30,37.0,10,2024-06-18
CUST-04029,Starter,Active,2022-08-22,28,30,38.0,1,2023-02-15
CUST-04030,Enterprise,Active,2022-08-01,29,995,30.0,2,2022-09-08
CUST-04031,Professional,Churned,2024-08-06,4,294,18.0,1,2024-10-30
CUST-04032,Professional,Active,2023-03-04,22,296,64.0,9,2023-06-04
CUST-04033,Growth,Active,2022-05-16,32,94,45.0,3,2023-01-06
CUST-04034,Growth,Active,2023-06-11,18,94,37.0,5,2023-12-03
CUST-04035,Starter,Churned,2024-07-18,5,31,31.0,5,2024-12-31
CUST-04036,Growth,Active,2024-04-03,9,99,85.0,5,2024-08-14
CUST-04037,Enterprise,Active,2023-06-25,18,996,,2,2024-10-18
CUST-04038,Enterprise,Active,2022-08-30,28,1001,62.0,0,2024-12-08
CUST-04039,Starter,Active,2022-07-04,30,27,45.0,1,2022-12-26
CUST-04040,Professional,Active,2024-12-07,0,300,74.0,4,2024-12-10
CUST-04041,Starter,Active,2024-11-09,1,28,27.0,3,2024-12-18
CUST-04042,Enterprise,Churned,2022-08-09,29,999,6.0,5,2024-02-16
CUST-04043,Enterprise,Active,2023-09-05,16,1003,88.0,13,2024-01-03
CUST-04044,Starter,Active,2024-07-13,5,25,68.0,13,2024-08-25
CUST-04045,Starter,Churned,2024-08-27,4,25,32.0,5,2024-10-24
CUST-04046,Starter,Active,2022-04-14,33,33,65.0,9,2024-03-28
CUST-04047,Starter,Churned,2022-11-16,25,30,29.0,8,2024-10-09
CUST-04048,Starter,Active,2022-05-31,31,28,8.0,13,2024-01-10
CUST-04049,Growth,Active,2023-03-04,22,100,43.0,7,2024-11-20
CUST-04050,Professional,Active,2023-01-19,23,299,13.0,11,2023-08-12
CUST-04051,Enterprise,Trial,2024-08-22,4,998,19.0,1,2024-09-18
CUST-04052,Professional,Active,2023-11-14,13,298,19.0,1,2024-04-18
CUST-04053,Enterprise,Active,2024-02-13,10,997,9.0,10,2024-10-07
CUST-04054,Enterprise,Active,2024-12-18,0,1001,31.0,14,2024-12-24
CUST-04055,Starter,Trial,2022-05-15,32,31,14.0,10,2024-09-12
CUST-04056,Starter,Active,2024-08-14,4,30,71.0,4,2024-11-23
CUST-04057,Professional,Active,2022-05-24,31,301,68.0,7,2022-10-31
CUST-04058,Professional,Active,2024-04-10,8,302,75.0,7,2024-07-06
CUST-04059,Enterprise,Active,2024-08-02,5,1002,81.0,1,2024-12-31
CUST-04060,Professional,Active,2023-04-26,20,298,95.0,8,2023-09-08
CUST-04061,Growth,Active,2022-01-22,35,95,81.0,4,2023-12-26
CUST-04062,Starter,Active,2022-08-18,28,30,44.0,12,2023-06-13
CUST-04063,Growth,Churned,2023-01-09,24,97,34.0,9,2023-10-19
CUST-04064,Growth,Active,2024-11-28,1,97,32.0,10,2024-12-03
CUST-04065,Starter,Trial,2023-07-10,18,31,65.0,0,2024-05-04
CUST-04066,Starter,Active,2024-11-16,1,32,82.0,5,2024-12-04
CUST-04067,Enterprise,Active,2024-05-17,7,1001,42.0,6,2024-06-23
CUST-04068,Starter,Active,2022-12-03,25,27,12.0,14,2023-11-30
CUST-04069,Starter,Churned,2023-08-16,16,28,26.0,0,2023-12-30
CUST-04070,Professional,Trial,2024-02-17,10,299,99.0,12,2024-06-19
CUST-04071,Enterprise,Active,2022-12-27,24,995,64.0,6,2023-09-24
CUST-04072,Professional,Active,2024-04-12,8,297,43.0,2,2024-12-23
CUST-04073,Professional,Active,2024-12-05,0,303,73.0,2,2024-12-12
CUST-04074,Growth,Active,2022-11-30,25,95,19.0,0,2023-11-11
CUST-04075,Growth,Active,2023-07-01,18,98,71.0,9,2023-09-08
CUST-04076,Enterprise,Active,2022-07-03,30,995,69.0,7,2022-07-14
CUST-04077,Professional,Churned,2023-09-09,15,300,38.0,3,2024-06-30
CUST-04078,Starter,Active,2023-08-16,16,33,24.0,5,2024-04-18
CUST-04079,Growth,Trial,2024-02-21,10,103,39.0,6,2024-11-20
CUST-04080,Professional,Active,2024-10-21,2,300,94.0,10,2024-12-20
CUST-04081,Professional,Active,2022-02-16,34,294,67.0,9,2022-09-30
CUST-04082,Professional,Churned,2022-07-19,29,300,4.0,11,2023-02-08
CUST-04083,Enterprise,Active,2023-02-22,22,998,69.0,5,2023-07-29
CUST-04084,Starter,Active,2024-09-10,3,31,45.0,5,2024-09-27
CUST-04085,Starter,Active,2024-11-06,1,32,72.0,13,2024-12-25
CUST-04086,Enterprise,Active,2023-01-28,23,997,70.0,14,2023-06-01
CUST-04087,Growth,Active,2024-10-23,2,103,85.0,0,2024-11-07
CUST-04088,Enterprise,Churned,2023-04-07,21,997,33.0,1,2023-12-27
CUST-04089,Growth,Churned,2023-12-17,12,100,38.0,5,2024-12-11
CUST-04090,Starter,Active,2022-04-03,33,28,90.0,1,2024-04-27
CUST-04091,Professional,Churned,2023-07-11,17,297,27.0,12,2024-12-21
CUST-04092,Enterprise,Churned,2022-09-11,28,997,24.0,2,2024-11-09
CUST-04093,Enterprise,Active,2022-12-02,25,1001,11.0,7,2023-01-05
CUST-04094,Growth,Active,2022-06-18,30,94,39.0,6,2024-04-26
CUST-04095,Growth,Active,2024-03-24,9,100,69.0,8,2024-12-13
CUST-04096,Starter,Active,2023-06-22,18,30,62.0,13,2024-12-24
CUST-04097,Professional,Active,2023-11-26,13,300,61.0,1,2024-06-07
CUST-04098,Starter,Active,2024-02-28,10,31,64.0,13,2024-07-10
CUST-04099,Growth,Active,2024-11-12,1,103,93.0,13,2024-12-28
CUST-04100,Growth,Churned,2023-02-05,23,102,11.0,6,2023-12-25
CUST-04101,Enterprise,Active,2024-05-04,8,996,94.0,8,2024-07-16
CUST-04102,Professional,Active,2023-08-05,17,299,7.0,5,2023-10-20
CUST-04103,Starter,Active,2024-06-05,6,27,14.0,7,2024-09-12
CUST-04104,Enterprise,Active,2024-05-08,7,998,75.0,6,2024-07-18
CUST-04105,Starter,Active,2024-08-22,4,33,80.0,1,2024-12-25
CUST-04106,Growth,Active,2024-12-28,0,102,73.0,7,2024-12-29
CUST-04107,Growth,Active,2023-04-09,21,101,38.0,10,2024-08-21
CUST-04108,Growth,Churned,2023-07-11,17,97,22.0,5,2023-08-20
CUST-04109,Enterprise,Active,2023-12-18,12,994,33.0,8,2024-10-27
CUST-04110,Enterprise,Churned,2024-10-03,2,998,31.0,6,2024-10-19
CUST-04111,Enterprise,Active,2022-06-25,30,999,33.0,5,2024-02-22
CUST-04112,Growth,Trial,2022-09-19,27,99,18.0,5,2024-05-16
CUST-04113,Professional,Active,2022-03-07,34,303,63.0,11,2023-06-30
CUST-04114,Enterprise,Active,2024-12-02,0,1003,90.0,9,2024-12-25
CUST-04115,Professional,Active,2024-01-20,11,295,8.0,5,2024-01-30
CUST-04116,Growth,Active,2023-02-15,22,100,90.0,14,2023-03-21
CUST-04117,Enterprise,Active,2022-03-11,34,994,93.0,2,2023-11-18
CUST-04118,Starter,Churned,2023-08-19,16,25,4.0,6,2024-11-05
CUST-04119,Professional,Trial,2022-12-07,25,301,,4,2023-01-20
CUST-04120,Starter,Churned,2023-09-10,15,32,14.0,10,2024-01-05
CUST-04121,Professional,Active,2022-11-25,25,299,14.0,3,2024-09-10
CUST-04122,Professional,Active,2024-05-27,7,294,21.0,2,2024-11-07
CUST-04123,Growth,Active,2022-12-19,24,102,92.0,4,2023-05-29
CUST-04124,Enterprise,Active,2023-10-23,14,1001,36.0,1,2024-07-22
CUST-04125,Professional,Active,2023-09-04,16,301,29.0,13,2024-11-14
CUST-04126,Professional,Active,2023-02-04,23,302,5.0,8,2023-12-24
CUST-04127,Growth,Active,2024-05-08,7,102,5.0,13,2024-07-17
CUST-04128,Starter,Active,2024-08-07,4,32,49.0,2,2024-10-24
CUST-04129,Starter,Active,2022-06-04,31,28,96.0,7,2024-07-28
CUST-04130,Professional,Active,2024-03-31,9,296,3.0,6,2024-05-27
CUST-04131,Professional,Active,2023-09-22,15,303,84.0,5,2024-08-21
CUST-04132,Professional,Active,2022-09-10,28,298,19.0,13,2024-09-26
CUST-04133,Professional,Active,2024-06-28,6,295,96.0,9,2024-07-30
CUST-04134,Growth,Churned,2024-02-16,10,98,28.0,7,2024-09-28
CUST-04135,Enterprise,Active,2023-07-15,17,995,17.0,10,2023-08-27
CUST-04136,Growth,Churned,2024-09-05,3,98,19.0,12,2024-09-15
CUST-04137,Professional,Active,2024-10-15,2,297,81.0,10,2024-12-26
CUST-04138,Starter,Active,2023-06-18,18,26,4.0,14,2024-11-15
CUST-04139,Enterprise,Active,2023-02-10,23,1003,37.0,0,2024-08-21
CUST-04140,Enterprise,Churned,2023-09-04,16,1003,16.0,10,2023-10-04
CUST-04141,Enterprise,Active,2022-11-20,25,995,88.0,8,2024-07-30
CUST-04142,Growth,Churned,2024-10-03,2,101,37.0,9,2024-11-28
CUST-04143,Enterprise,Churned,2024-06-04,7,997,8.0,10,2024-11-07
CUST-04144,Professional,Trial,2023-07-21,17,294,9.0,8,2024-04-04
CUST-04145,Enterprise,Active,2023-01-23,23,1001,39.0,0,2024-09-19
CUST-04146,Enterprise,Active,2024-03-10,9,996,9.0,13,2024-07-07
CUST-04147,Professional,Active,2024-04-24,8,298,47.0,3,2024-05-05
CUST-04148,Enterprise,Active,2022-04-10,33,1003,11.0,0,2023-01-02
CUST-04149,Starter,Churned,2023-03-18,21,32,3.0,1,2024-05-29
CUST-04150,Professional,Trial,2022-02-21,34,296,80.0,13,2023-10-18
CUST-04151,Starter,Active,2022-08-09,29,27,67.0,1,2023-08-18
CUST-04152,Professional,Active,2022-05-12,32,299,16.0,3,2024-08-06
CUST-04153,Enterprise,Active,2023-08-20,16,1001,32.0,1,2024-06-22
CUST-04154,Enterprise,Active,2024-09-10,3,994,77.0,11,2024-11-24
CUST-04155,Growth,Active,2024-02-19,10,95,,4,2024-03-29
CUST-04156,Growth,Trial,2023-05-05,20,101,1.0,12,2024-09-24
CUST-04157,Starter,Active,2022-09-02,28,31,79.0,9,2022-11-01
CUST-04158,Enterprise,Active,2022-11-13,25,1001,16.0,14,2023-08-13
CUST-04159,Growth,Active,2022-03-16,34,102,36.0,10,2022-08-30
CUST-04160,Professional,Trial,2024-09-13,3,296,16.0,8,2024-09-17
CUST-04161,Growth,Active,2023-10-08,15,98,91.0,1,2024-07-04
CUST-04162,Growth,Active,2023-03-23,21,96,72.0,10,2023-12-21
CUST-04163,Enterprise,Active,2024-06-11,6,1000,84.0,8,2024-08-29
CUST-04164,Starter,Active,2022-12-30,24,24,43.0,10,2023-04-01
CUST-04165,Enterprise,Active,2023-04-24,20,1000,54.0,1,2024-06-18
CUST-04166,Growth,Active,2023-11-17,13,102,91.0,8,2024-07-25
CUST-04167,Professional,Active,2022-07-28,29,300,55.0,3,2023-04-04
CUST-04168,Enterprise,Active,2022-03-31,33,1000,9.0,9,2024-07-18
CUST-04169,Professional,Active,2023-02-12,22,302,,9,2023-10-06
CUST-04170,Starter,Churned,2022-07-09,30,28,3.0,7,2024-11-08
CUST-04171,Starter,Active,2023-09-28,15,31,9.0,1,2023-10-03
CUST-04172,Growth,Trial,2023-07-25,17,94,14.0,2,2023-07-28
CUST-04173,Starter,Active,2023-01-19,23,31,70.0,2,2024-12-01
CUST-04174,Professional,Churned,2022-06-27,30,294,5.0,13,2022-12-04
CUST-04175,Starter,Trial,2024-08-19,4,29,16.0,6,2024-10-12
CUST-04176,Growth,Active,2022-05-15,32,103,10.0,3,2024-08-13
CUST-04177,Enterprise,Trial,2022-02-27,34,1003,78.0,0,2024-06-18
CUST-04178,Professional,Active,2023-12-02,13,300,41.0,11,2024-07-02
CUST-04179,Starter,Trial,2024-10-10,2,29,82.0,14,2024-11-06
CUST-04180,Growth,Active,2024-07-27,5,94,2.0,8,2024-08-20
CUST-04181,Professional,Churned,2024-10-24,2,298,14.0,8,2024-12-02
CUST-04182,Starter,Trial,2023-01-29,23,25,91.0,1,2024-11-08
CUST-04183,Starter,Active,2023-04-18,20,28,37.0,12,2023-12-25
CUST-04184,Growth,Active,2022-11-09,26,103,7.0,2,2024-10-10
CUST-04185,Enterprise,Active,2024-11-20,1,1001,61.0,2,2024-11-27
CUST-04186,Starter,Active,2023-10-04,15,30,65.0,9,2023-11-26
CUST-04187,Growth,Trial,2022-04-18,32,98,84.0,2,2024-09-01
CUST-04188,Starter,Active,2024-01-11,11,28,61.0,1,2024-08-08
CUST-04189,Enterprise,Active,2022-07-14,30,1000,89.0,3,2023-10-14
CUST-04190,Growth,Active,2022-12-22,24,98,62.0,14,2024-04-10
CUST-04191,Growth,Active,2023-03-23,21,98,48.0,6,2023-07-07
CUST-04192,Starter,Active,2023-10-17,14,32,32.0,6,2024-03-31
CUST-04193,Starter,Active,2023-08-12,16,31,76.0,3,2024-06-19
CUST-04194,Starter,Trial,2024-10-24,2,28,98.0,4,2024-10-24
CUST-04195,Professional,Active,2023-02-17,22,303,82.0,12,2024-04-27
CUST-04196,Growth,Active,2022-07-23,29,94,56.0,1,2023-11-24
CUST-04197,Starter,Active,2023-01-29,23,24,89.0,5,2023-04-16
CUST-04198,Professional,Churned,2022-08-22,28,302,21.0,6,2023-10-29
CUST-04199,Enterprise,Active,2024-03-07,9,999,83.0,14,2024-07-15
CUST-04200,Starter,Active,2023-02-11,22,24,28.0,1,2023-09-10
CUST-04201,Enterprise,Trial,2024-07-30,5,999,21.0,6,2024-09-14
CUST-04202,Enterprise,Active,2023-03-17,21,999,3.0,8,2024-03-15
CUST-04203,Starter,Churned,2022-06-25,30,28,11.0,6,2023-02-18
CUST-04204,Starter,Trial,2022-02-19,34,28,91.0,2,2024-07-09
CUST-04205,Growth,Active,2022-01-01,36,98,31.0,6,2023-07-20
CUST-04206,Growth,Active,2023-04-09,21,101,32.0,6,2024-10-11
CUST-04207,Starter,Active,2024-11-17,1,28,3.0,5,2024-12-02
CUST-04208,Enterprise,Active,2024-06-28,6,1003,57.0,8,2024-12-06
CUST-04209,Starter,Active,2024-10-08,2,29,23.0,6,2024-10-26
CUST-04210,Starter,Active,2022-06-13,31,28,43.0,7,2023-03-16
CUST-04211,Growth,Active,2022-02-21,34,96,38.0,0,2022-03-28
CUST-04212,Enterprise,Churned,2022-01-02,36,997,11.0,10,2024-06-05
CUST-04213,Professional,Churned,2022-01-31,35,296,4.0,14,2023-07-05
CUST-04214,Starter,Active,2024-02-12,10,27,51.0,1,2024-04-02
CUST-04215,Starter,Active,2022-03-01,34,25,55.0,0,2022-12-19
CUST-04216,Starter,Active,2023-06-30,18,26,70.0,9,2023-08-09
CUST-04217,Starter,Active,2022-09-07,28,26,1.0,12,2023-08-03
CUST-04218,Starter,Active,2024-04-26,8,26,77.0,3,2024-08-24
CUST-04219,Enterprise,Churned,2022-05-07,32,994,20.0,8,2023-06-30
CUST-04220,Growth,Active,2023-12-12,12,103,98.0,2,2024-12-30
CUST-04221,Growth,Active,2024-09-15,3,98,15.0,5,2024-11-03
CUST-04222,Enterprise,Active,2022-06-09,31,998,24.0,4,2024-09-05
CUST-04223,Starter,Active,2024-02-07,10,28,33.0,14,2024-06-28
CUST-04224,Growth,Active,2023-08-03,17,99,27.0,6,2024-11-29
CUST-04225,Growth,Active,2023-11-14,13,98,19.0,10,2023-11-28
CUST-04226,Professional,Churned,2022-05-02,32,300,27.0,7,2022-12-28
CUST-04227,Growth,Active,2023-02-07,23,102,87.0,2,2023-11-05
CUST-04228,Growth,Churned,2023-04-08,21,98,22.0,5,2023-11-14
CUST-04229,Professional,Active,2022-07-09,30,296,75.0,4,2024-02-07
CUST-04230,Enterprise,Active,2024-09-13,3,1001,89.0,12,2024-10-12
CUST-04231,Professional,Active,2022-03-31,33,295,50.0,2,2022-11-28
CUST-04232,Professional,Churned,2022-06-18,30,300,10.0,1,2023-05-13
CUST-04233,Professional,Active,2023-11-13,13,303,88.0,3,2024-04-16
CUST-04234,Professional,Churned,2024-07-01,6,294,36.0,6,2024-10-21
CUST-04235,Starter,Churned,2023-07-30,17,32,8.0,5,2024-05-26
CUST-04236,Enterprise,Active,2023-11-17,13,999,96.0,8,2024-09-01
CUST-04237,Growth,Active,2024-02-04,11,101,33.0,1,2024-08-07
CUST-04238,Growth,Active,2022-04-14,33,101,67.0,1,2023-10-22
CUST-04239,Enterprise,Active,2022-03-05,34,1003,69.0,13,2022-11-13
CUST-04240,Growth,Active,2022-05-26,31,94,33.0,14,2023-08-16
CUST-04241,Starter,Active,2024-01-03,12,33,86.0,3,2024-11-24
CUST-04242,Professional,Active,2023-07-09,18,301,19.0,9,2024-08-19
CUST-04243,Professional,Churned,2024-12-28,0,296,8.0,1,2024-12-31
CUST-04244,Enterprise,Churned,2024-08-07,4,995,39.0,9,2024-12-15
CUST-04245,Enterprise,Active,2024-01-02,12,997,94.0,6,2024-10-20
CUST-04246,Growth,Active,2022-12-31,24,102,14.0,9,2023-02-14
CUST-04247,Enterprise,Churned,2022-10-20,26,994,,7,2023-07-15
CUST-04248,Starter,Active,2023-01-23,23,26,21.0,5,2023-11-14
CUST-04249,Growth,Active,2022-03-23,33,96,60.0,14,2022-09-15
CUST-04250,Growth,Trial,2022-01-24,35,96,68.0,14,2024-06-15
CUST-04251,Professional,Active,2024-05-07,7,296,77.0,1,2024-07-06
CUST-04252,Enterprise,Active,2023-02-21,22,1003,17.0,7,2024-05-14
CUST-04253,Enterprise,Active,2023-12-18,12,996,52.0,14,2024-05-14
CUST-04254,Growth,Active,2022-02-08,35,94,6.0,10,2022-02-26
CUST-04255,Starter,Churned,2023-09-15,15,29,34.0,7,2024-07-16
CUST-04256,Starter,Active,2022-08-19,28,24,36.0,2,2023-01-24
CUST-04257,Starter,Active,2023-11-06,14,27,1.0,10,2024-07-02
CUST-04258,Growth,Active,2024-08-02,5,102,76.0,12,2024-12-26
CUST-04259,Growth,Active,2022-01-11,36,103,72.0,7,2024-10-27
CUST-04260,Professional,Active,2024-06-11,6,297,47.0,13,2024-09-06
CUST-04261,Growth,Churned,2024-12-01,1,97,1.0,7,2024-12-02
CUST-04262,Enterprise,Churned,2022-11-25,25,1003,24.0,6,2022-12-17
CUST-04263,Professional,Churned,2023-05-26,19,303,34.0,8,2024-08-12
CUST-04264,Growth,Active,2023-07-21,17,103,60.0,2,2024-05-10
CUST-04265,Starter,Active,2024-11-22,1,29,97.0,12,2024-12-06
CUST-04266,Professional,Active,2022-02-19,34,299,9.0,0,2024-09-22
CUST-04267,Enterprise,Active,2023-01-04,24,998,21.0,10,2023-02-10
CUST-04268,Growth,Active,2022-07-15,30,98,77.0,6,2023-04-28
CUST-04269,Growth,Active,2023-11-15,13,95,65.0,4,2024-05-08
CUST-04270,Starter,Active,2022-10-05,27,28,,4,2023-02-12
CUST-04271,Starter,Active,2024-05-18,7,28,4.0,3,2024-12-31
CUST-04272,Enterprise,Churned,2024-04-10,8,995,2.0,10,2024-07-18
CUST-04273,Growth,Churned,2022-04-28,32,97,23.0,14,2024-12-09
CUST-04274,Growth,Active,2022-02-21,34,96,54.0,4,2024-11-10
CUST-04275,Growth,Trial,2024-09-26,3,95,93.0,13,2024-10-05
CUST-04276,Starter,Churned,2024-12-17,0,29,23.0,2,2024-12-21
CUST-04277,Enterprise,Active,2024-10-03,2,1001,20.0,13,2024-12-18
CUST-04278,Growth,Active,2022-10-27,26,96,67.0,3,2024-04-22
CUST-04279,Starter,Active,2024-04-28,8,25,12.0,1,2024-06-01
CUST-04280,Enterprise,Active,2024-06-26,6,998,47.0,6,2024-10-05
CUST-04281,Growth,Trial,2024-02-10,10,103,53.0,8,2024-07-24
CUST-04282,Professional,Active,2024-10-16,2,295,88.0,7,2024-11-21
CUST-04283,Growth,Trial,2023-06-18,18,100,10.0,3,2023-10-14
CUST-04284,Enterprise,Active,2024-10-31,2,1000,54.0,9,2024-11-24
CUST-04285,Growth,Churned,2023-07-12,17,100,5.0,13,2024-11-24
CUST-04286,Growth,Active,2022-12-15,24,96,64.0,6,2023-09-06
CUST-04287,Starter,Active,2023-06-01,19,31,51.0,3,2023-12-14
CUST-04288,Starter,Active,2023-01-29,23,24,38.0,13,2024-08-18
CUST-04289,Enterprise,Churned,2023-03-31,21,1000,24.0,8,2024-05-13
CUST-04290,Professional,Active,2023-09-23,15,302,54.0,7,2024-01-24
CUST-04291,Starter,Active,2023-10-02,15,33,9.0,3,2024-08-18
CUST-04292,Professional,Active,2023-01-01,24,301,12.0,6,2023-07-15
CUST-04293,Growth,Active,2023-05-31,19,102,96.0,8,2023-08-22
CUST-04294,Starter,Active,2024-07-24,5,24,7.0,6,2024-07-24
CUST-04295,Growth,Active,2022-01-20,35,97,60.0,1,2022-07-09
CUST-04296,Starter,Trial,2022-05-29,31,28,97.0,5,2022-09-06
CUST-04297,Growth,Active,2023-11-15,13,101,15.0,11,2024-01-02
CUST-04298,Enterprise,Active,2024-07-28,5,996,59.0,11,2024-12-08
CUST-04299,Starter,Active,2024-04-27,8,31,55.0,6,2024-07-08
CUST-04300,Enterprise,Active,2022-06-07,31,999,58.0,2,2023-09-19
CUST-04301,Growth,Active,2022-12-10,25,101,95.0,9,2023-07-09
CUST-04302,Starter,Active,2024-02-14,10,29,63.0,2,2024-11-04
CUST-04303,Enterprise,Active,2023-02-18,22,996,86.0,6,2023-07-09
CUST-04304,Starter,Active,2023-01-23,23,28,84.0,0,2023-05-09
CUST-04305,Professional,Active,2024-02-20,10,300,84.0,5,2024-12-06
CUST-04306,Professional,Active,2024-01-22,11,297,19.0,3,2024-10-06
CUST-04307,Growth,Active,2024-02-15,10,100,75.0,12,2024-07-22
CUST-04308,Enterprise,Churned,2022-06-02,31,994,3.0,2,2024-10-24
CUST-04309,Starter,Active,2024-07-03,6,30,47.0,4,2024-07-23
CUST-04310,Professional,Active,2024-08-15,4,294,10.0,13,2024-09-14
CUST-04311,Starter,Churned,2022-11-04,26,27,38.0,4,2023-01-06
CUST-04312,Professional,Active,2022-05-20,31,302,43.0,6,2023-10-27
CUST-04313,Professional,Active,2024-05-21,7,302,62.0,12,2024-06-26
CUST-04314,Starter,Active,2022-03-04,34,32,22.0,4,2023-05-03
CUST-04315,Professional,Trial,2022-04-14,33,302,30.0,0,2023-06-08
CUST-04316,Growth,Active,2023-11-29,13,94,22.0,9,2024-03-23
CUST-04317,Growth,Trial,2023-12-03,13,101,67.0,13,2024-12-11
CUST-04318,Enterprise,Active,2022-11-08,26,1003,17.0,7,2023-03-02
CUST-04319,Starter,Churned,2022-06-29,30,24,33.0,2,2022-11-03
CUST-04320,Professional,Active,2023-08-24,16,300,6.0,0,2024-04-20
CUST-04321,Enterprise,Trial,2024-09-24,3,994,64.0,12,2024-11-13
CUST-04322,Starter,Active,2022-12-30,24,33,19.0,14,2023-10-18
CUST-04323,Growth,Active,2022-09-27,27,95,33.0,1,2024-04-01
CUST-04324,Growth,Trial,2022-05-01,32,102,23.0,10,2024-10-05
CUST-04325,Professional,Active,2023-06-01,19,298,16.0,10,2024-03-12
CUST-04326,Growth,Active,2022-06-30,30,97,29.0,8,2023-07-03
CUST-04327,Enterprise,Churned,2024-11-16,1,995,18.0,8,2024-12-14
CUST-04328,Growth,Active,2024-01-28,11,99,27.0,5,2024-07-29
CUST-04329,Starter,Active,2022-06-20,30,27,91.0,10,2024-04-10
CUST-04330,Starter,Churned,2023-12-05,13,33,38.0,8,2024-03-03
CUST-04331,Professional,Trial,2022-10-26,26,295,82.0,0,2024-02-07
CUST-04332,Professional,Active,2022-12-09,25,301,87.0,4,2024-05-17
CUST-04333,Professional,Active,2023-08-02,17,299,27.0,1,2024-07-09
CUST-04334,Growth,Churned,2024-07-05,5,101,16.0,10,2024-08-19
CUST-04335,Growth,Active,2024-01-10,11,99,53.0,8,2024-06-05
CUST-04336,Growth,Active,2024-01-24,11,94,43.0,0,2024-11-10
CUST-04337,Professional,Active,2024-01-01,12,294,10.0,5,2024-08-26
CUST-04338,Growth,Active,2023-11-02,14,102,24.0,5,2024-05-03
CUST-04339,Starter,Active,2024-08-12,4,32,33.0,14,2024-11-06
CUST-04340,Growth,Active,2022-12-06,25,99,8.0,1,2023-10-04
CUST-04341,Professional,Churned,2022-10-18,26,303,7.0,9,2024-12-09
CUST-04342,Starter,Active,2024-05-11,7,25,26.0,3,2024-06-21
CUST-04343,Professional,Active,2024-10-17,2,302,72.0,8,2024-11-17
CUST-04344,Professional,Trial,2022-11-30,25,295,5.0,3,2023-08-15
CUST-04345,Starter,Active,2022-06-29,30,31,2.0,2,2024-07-19
CUST-04346,Professional,Active,2024-04-02,9,297,30.0,6,2024-10-11
CUST-04347,Enterprise,Active,2024-06-11,6,995,44.0,7,2024-11-16
CUST-04348,Starter,Active,2024-05-09,7,29,7.0,3,2024-12-31
CUST-04349,Enterprise,Active,2024-10-20,2,994,30.0,1,2024-11-17
CUST-04350,Growth,Active,2024-10-29,2,103,61.0,5,2024-12-18
CUST-04351,Growth,Active,2023-09-19,15,94,90.0,6,2023-11-25
CUST-04352,Starter,Churned,2023-01-24,23,31,2.0,10,2023-10-12
CUST-04353,Growth,Trial,2023-09-28,15,97,61.0,13,2023-12-07
CUST-04354,Growth,Churned,2022-07-20,29,102,38.0,13,2024-12-23
CUST-04355,Enterprise,Active,2023-08-13,16,1000,53.0,10,2023-08-26
CUST-04356,Starter,Trial,2024-10-18,2,32,36.0,6,2024-11-06
CUST-04357,Growth,Churned,2022-12-28,24,101,33.0,5,2023-10-29
CUST-04358,Growth,Active,2023-09-30,15,100,80.0,3,2024-03-11
CUST-04359,Starter,Active,2022-07-14,30,24,,6,2023-07-25
CUST-04360,Starter,Churned,2023-08-27,16,26,22.0,5,2024-07-27
CUST-04361,Enterprise,Active,2022-07-14,30,996,18.0,4,2023-03-22
CUST-04362,Professional,Active,2022-05-27,31,303,99.0,2,2023-12-04
CUST-04363,Professional,Active,2022-10-20,26,301,90.0,3,2023-08-06
CUST-04364,Enterprise,Active,2023-10-06,15,998,48.0,7,2024-05-29
CUST-04365,Professional,Active,2022-02-26,34,294,71.0,4,2022-08-31
CUST-04366,Enterprise,Active,2024-01-07,11,995,18.0,7,2024-11-02
CUST-04367,Starter,Churned,2022-03-20,33,33,2.0,9,2024-11-29
CUST-04368,Starter,Active,2023-03-28,21,33,59.0,7,2024-09-28
CUST-04369,Starter,Active,2024-01-28,11,29,21.0,0,2024-04-19
CUST-04370,Enterprise,Active,2024-11-12,1,996,37.0,9,2024-12-21
CUST-04371,Professional,Active,2022-02-01,35,298,55.0,4,2022-06-05
CUST-04372,Enterprise,Churned,2023-08-23,16,1002,24.0,4,2024-12-09
CUST-04373,Enterprise,Active,2023-07-06,18,999,31.0,14,2024-09-30
CUST-04374,Starter,Active,2022-05-12,32,30,78.0,8,2023-02-28
CUST-04375,Growth,Churned,2024-07-26,5,96,27.0,4,2024-12-19
CUST-04376,Growth,Active,2023-12-31,12,100,68.0,3,2024-07-30
CUST-04377,Starter,Active,2024-09-01,4,28,,12,2024-12-22
CUST-04378,Enterprise,Active,2023-12-25,12,996,69.0,14,2024-11-02
CUST-04379,Professional,Active,2023-02-21,22,295,18.0,11,2023-10-05
CUST-04380,Starter,Active,2022-07-17,29,31,28.0,13,2023-04-16
CUST-04381,Growth,Active,2024-12-26,0,98,18.0,6,2024-12-29
CUST-04382,Professional,Active,2024-08-25,4,295,19.0,2,2024-08-27
CUST-04383,Growth,Active,2024-06-15,6,101,32.0,10,2024-10-21
CUST-04384,Growth,Active,2023-06-17,18,95,93.0,6,2023-12-28
CUST-04385,Professional,Active,2024-05-21,7,302,90.0,4,2024-09-10
CUST-04386,Professional,Churned,2022-08-18,28,294,37.0,14,2023-11-06
CUST-04387,Professional,Trial,2024-06-03,7,296,31.0,6,2024-11-16
CUST-04388,Enterprise,Active,2024-10-10,2,1003,39.0,7,2024-12-08
CUST-04389,Professional,Active,2024-09-23,3,296,15.0,8,2024-11-25
CUST-04390,Professional,Active,2022-09-11,28,301,30.0,8,2023-08-15
CUST-04391,Enterprise,Active,2024-01-31,11,994,56.0,12,2024-04-16
CUST-04392,Enterprise,Trial,2022-12-09,25,1002,46.0,2,2023-07-06
CUST-04393,Starter,Active,2024-08-21,4,29,36.0,5,2024-11-06
CUST-04394,Enterprise,Churned,2022-12-18,24,998,7.0,10,2024-01-10
CUST-04395,Professional,Active,2024-03-23,9,301,90.0,2,2024-05-17
CUST-04396,Professional,Churned,2022-09-22,27,298,27.0,4,2023-06-13
CUST-04397,Growth,Active,2023-06-18,18,95,5.0,5,2024-08-05
CUST-04398,Enterprise,Active,2022-07-21,29,1000,21.0,8,2024-10-23
CUST-04399,Growth,Churned,2022-12-10,25,98,23.0,7,2023-06-06
CUST-04400,Enterprise,Active,2024-07-20,5,1001,69.0,14,2024-11-05
CUST-04401,Enterprise,Active,2024-01-01,12,995,29.0,4,2024-03-05
CUST-04402,Growth,Active,2022-08-04,29,96,25.0,4,2023-11-22
CUST-04403,Starter,Trial,2023-08-28,16,30,68.0,9,2024-09-27
CUST-04404,Starter,Active,2023-02-12,22,29,47.0,11,2023-07-09
CUST-04405,Growth,Churned,2023-10-11,14,97,36.0,1,2024-01-14
CUST-04406,Growth,Active,2023-11-29,13,102,47.0,13,2024-03-08
CUST-04407,Starter,Active,2022-12-26,24,31,20.0,5,2023-04-08
CUST-04408,Starter,Active,2023-09-26,15,29,19.0,4,2023-12-30
CUST-04409,Enterprise,Active,2022-06-03,31,997,92.0,12,2024-04-27
CUST-04410,Enterprise,Active,2024-09-08,3,1000,5.0,5,2024-11-04
CUST-04411,Starter,Active,2023-03-16,21,25,46.0,4,2023-05-01
CUST-04412,Professional,Trial,2023-04-20,20,302,15.0,2,2023-05-15
CUST-04413,Starter,Active,2022-08-07,29,27,90.0,3,2024-03-11
CUST-04414,Professional,Active,2023-11-28,13,300,55.0,7,2024-08-24
CUST-04415,Starter,Active,2022-11-01,26,24,64.0,13,2023-12-30
CUST-04416,Enterprise,Active,2024-10-04,2,996,47.0,8,2024-11-21
CUST-04417,Starter,Active,2023-09-19,15,27,5.0,12,2023-11-18
CUST-04418,Enterprise,Active,2024-07-16,5,996,25.0,1,2024-08-18
CUST-04419,Starter,Active,2022-02-14,35,28,47.0,0,2024-10-23
CUST-04420,Enterprise,Active,2022-08-29,28,1003,34.0,12,2024-11-08
CUST-04421,Enterprise,Active,2022-06-22,30,998,41.0,12,2022-08-02
CUST-04422,Growth,Churned,2024-11-10,1,103,18.0,6,2024-12-02
CUST-04423,Enterprise,Active,2024-06-16,6,1002,,7,2024-07-11
CUST-04424,Growth,Active,2022-12-27,24,99,31.0,14,2023-12-02
CUST-04425,Starter,Active,2023-09-28,15,30,16.0,4,2023-11-06
CUST-04426,Enterprise,Churned,2024-03-02,10,998,10.0,2,2024-10-19
CUST-04427,Enterprise,Churned,2022-12-19,24,1001,28.0,0,2023-01-31
CUST-04428,Professional,Active,2023-02-04,23,303,90.0,1,2024-07-18
CUST-04429,Starter,Active,2024-09-06,3,28,57.0,0,2024-10-25
CUST-04430,Starter,Active,2024-02-08,10,25,93.0,9,2024-03-30
CUST-04431,Starter,Churned,2024-09-01,4,29,35.0,8,2024-12-16
CUST-04432,Enterprise,Active,2024-05-30,7,996,20.0,8,2024-07-22
CUST-04433,Starter,Active,2024-10-21,2,30,56.0,5,2024-11-14
CUST-04434,Professional,Active,2022-02-18,34,299,4.0,4,2022-07-08
CUST-04435,Starter,Active,2023-12-05,13,29,52.0,0,2024-04-15
CUST-04436,Starter,Active,2024-12-28,0,29,80.0,2,2024-12-28
CUST-04437,Professional,Active,2022-05-01,32,300,80.0,12,2022-07-01
CUST-04438,Growth,Active,2022-11-02,26,100,58.0,0,2024-04-24
CUST-04439,Starter,Trial,2023-09-06,16,31,66.0,6,2024-04-14
CUST-04440,Professional,Churned,2024-02-22,10,296,22.0,3,2024-07-07
CUST-04441,Starter,Trial,2023-06-14,18,29,13.0,14,2023-08-16
CUST-04442,Professional,Active,2022-10-30,26,296,1.0,9,2023-08-25
CUST-04443,Enterprise,Churned,2024-12-28,0,996,20.0,4,2024-12-31
CUST-04444,Growth,Active,2024-03-23,9,96,60.0,1,2024-11-20
CUST-04445,Professional,Active,2023-09-29,15,300,72.0,4,2024-10-20
CUST-04446,Starter,Churned,2024-10-24,2,33,29.0,12,2024-12-13
CUST-04447,Starter,Active,2024-09-24,3,28,61.0,7,2024-11-01
CUST-04448,Growth,Trial,2024-06-27,6,101,87.0,14,2024-07-10
CUST-04449,Starter,Trial,2024-12-14,0,26,24.0,1,2024-12-28
CUST-04450,Starter,Active,2024-06-22,6,26,47.0,5,2024-07-16
CUST-04451,Enterprise,Active,2022-07-16,29,995,99.0,10,2023-04-25
CUST-04452,Starter,Active,2023-05-23,19,32,67.0,6,2024-06-24
CUST-04453,Professional,Trial,2023-10-20,14,303,47.0,11,2023-10-25
CUST-04454,Enterprise,Churned,2022-11-22,25,999,34.0,1,2024-08-18
CUST-04455,Starter,Active,2023-08-28,16,33,28.0,1,2024-11-08
CUST-04456,Starter,Active,2022-09-12,28,31,32.0,7,2023-01-22
CUST-04457,Enterprise,Active,2024-11-04,1,1003,20.0,13,2024-11-11
CUST-04458,Starter,Trial,2022-04-09,33,26,,8,2024-04-26
CUST-04459,Professional,Active,2022-03-08,34,296,80.0,5,2024-11-12
CUST-04460,Growth,Active,2022-05-18,31,97,35.0,9,2024-08-08
CUST-04461,Starter,Active,2024-12-01,1,32,73.0,13,2024-12-10
CUST-04462,Growth,Active,2022-04-06,33,103,73.0,10,2022-06-22
CUST-04463,Growth,Active,2023-01-21,23,98,69.0,14,2023-08-26
CUST-04464,Professional,Churned,2023-02-10,23,295,34.0,5,2023-12-16
CUST-04465,Starter,Active,2024-09-09,3,31,40.0,10,2024-10-11
CUST-04466,Starter,Churned,2023-02-02,23,31,29.0,0,2024-11-24
CUST-04467,Growth,Active,2023-06-30,18,95,26.0,10,2023-12-11
CUST-04468,Enterprise,Active,2022-04-21,32,998,79.0,9,2024-08-25
CUST-04469,Starter,Active,2024-01-02,12,29,9.0,0,2024-03-06
CUST-04470,Enterprise,Active,2022-10-04,27,995,11.0,5,2022-10-30
CUST-04471,Enterprise,Active,2022-10-08,27,1003,90.0,8,2024-02-01
CUST-04472,Professional,Active,2022-08-23,28,299,30.0,1,2023-03-25
CUST-04473,Professional,Churned,2023-08-26,16,296,15.0,7,2024-05-13
CUST-04474,Professional,Trial,2023-06-28,18,302,60.0,13,2024-07-06
CUST-04475,Professional,Churned,2022-02-23,34,296,29.0,13,2023-01-18
CUST-04476,Professional,Churned,2024-08-15,4,299,10.0,3,2024-09-01
CUST-04477,Enterprise,Churned,2022-02-22,34,1000,39.0,9,2022-09-04
CUST-04478,Professional,Active,2022-05-16,32,295,7.0,11,2023-03-19
CUST-04479,Professional,Active,2024-04-18,8,299,93.0,8,2024-05-21
CUST-04480,Professional,Churned,2022-06-13,31,295,23.0,11,2023-04-02
CUST-04481,Starter,Active,2023-01-16,23,27,41.0,4,2024-08-12
CUST-04482,Enterprise,Active,2023-11-19,13,994,61.0,8,2023-12-09
CUST-04483,Starter,Active,2023-12-28,12,27,82.0,12,2024-05-16
CUST-04484,Professional,Active,2023-04-18,20,300,63.0,3,2023-06-23
CUST-04485,Growth,Active,2023-04-15,20,98,5.0,13,2023-07-03
CUST-04486,Enterprise,Active,2022-12-07,25,994,16.0,5,2024-03-31
CUST-04487,Starter,Active,2022-07-12,30,31,24.0,7,2023-08-02
CUST-04488,Starter,Active,2023-08-29,16,25,29.0,8,2024-12-02
CUST-04489,Professional,Churned,2022-12-13,24,302,36.0,9,2022-12-25
CUST-04490,Starter,Active,2023-07-06,18,32,3.0,10,2024-07-29
CUST-04491,Enterprise,Churned,2023-09-22,15,997,23.0,7,2024-07-07
CUST-04492,Professional,Active,2023-06-05,19,299,48.0,11,2023-10-09
CUST-04493,Starter,Active,2024-04-14,8,28,83.0,11,2024-05-07
CUST-04494,Enterprise,Active,2024-03-01,10,998,62.0,9,2024-09-09
CUST-04495,Enterprise,Active,2023-04-10,21,1003,76.0,0,2023-09-26
CUST-04496,Starter,Active,2023-10-07,15,26,42.0,2,2024-08-04
CUST-04497,Professional,Trial,2024-04-03,9,294,90.0,10,2024-04-08
CUST-04498,Enterprise,Active,2022-11-26,25,1000,44.0,8,2024-04-01
CUST-04499,Professional,Active,2023-03-18,21,299,3.0,10,2024-04-08
CUST-04500,Growth,Active,2022-01-02,36,98,47.0,7,2024-02-26
CUST-04501,Enterprise,Churned,2024-05-29,7,999,15.0,13,2024-11-06
CUST-04502,Growth,Active,2022-07-06,30,100,34.0,2,2024-07-12
CUST-04503,Starter,Active,2022-07-09,30,33,66.0,5,2023-10-31
CUST-04504,Starter,Active,2022-01-19,35,27,24.0,12,2024-03-02
CUST-04505,Enterprise,Churned,2022-01-11,36,994,19.0,11,2024-10-02
CUST-04506,Growth,Active,2024-09-03,3,97,16.0,6,2024-10-15
CUST-04507,Enterprise,Active,2023-08-12,16,998,50.0,8,2024-07-19
CUST-04508,Growth,Active,2022-02-17,34,94,66.0,0,2023-11-15
CUST-04509,Professional,Trial,2024-05-03,8,295,17.0,7,2024-12-13
CUST-04510,Professional,Churned,2022-06-11,31,303,33.0,11,2024-04-26
CUST-04511,Professional,Trial,2023-07-06,18,301,5.0,8,2023-11-12
CUST-04512,Professional,Churned,2022-09-30,27,296,12.0,3,2023-01-15
CUST-04513,Starter,Trial,2023-05-18,19,27,65.0,2,2024-03-07
CUST-04514,Professional,Active,2024-03-06,10,297,83.0,7,2024-04-17
CUST-04515,Enterprise,Churned,2023-06-17,18,999,11.0,12,2023-10-28
CUST-04516,Growth,Active,2022-05-28,31,97,66.0,13,2023-01-31
CUST-04517,Starter,Churned,2023-11-24,13,31,14.0,11,2023-12-11
CUST-04518,Starter,Trial,2022-01-25,35,26,34.0,0,2022-02-20
CUST-04519,Enterprise,Active,2023-11-14,13,1000,1.0,11,2023-12-02
CUST-04520,Starter,Active,2024-06-03,7,25,96.0,9,2024-11-08
CUST-04521,Professional,Active,2022-07-02,30,300,99.0,11,2023-01-12
CUST-04522,Growth,Active,2023-11-26,13,98,80.0,14,2024-05-16
CUST-04523,Enterprise,Active,2024-02-26,10,997,52.0,3,2024-08-26
CUST-04524,Starter,Churned,2023-08-26,16,24,5.0,11,2024-11-06
CUST-04525,Starter,Active,2023-09-21,15,32,20.0,4,2024-08-18
CUST-04526,Professional,Active,2022-12-20,24,296,96.0,8,2024-10-20
CUST-04527,Enterprise,Active,2024-11-24,1,995,50.0,0,2024-12-08
CUST-04528,Growth,Active,2023-03-31,21,95,74.0,1,2024-05-04
CUST-04529,Starter,Churned,2022-12-22,24,29,7.0,14,2023-12-15
CUST-04530,Starter,Trial,2022-07-20,29,25,43.0,6,2023-11-28
CUST-04531,Professional,Churned,2023-06-23,18,298,4.0,13,2024-02-16
CUST-04532,Starter,Churned,2022-09-25,27,32,8.0,12,2024-06-12
CUST-04533,Professional,Churned,2022-12-28,24,295,4.0,11,2023-07-29
CUST-04534,Growth,Active,2023-03-31,21,99,30.0,12,2023-04-28
CUST-04535,Growth,Active,2023-04-03,21,94,80.0,2,2024-12-21
CUST-04536,Growth,Active,2023-09-07,16,94,89.0,14,2024-06-25
CUST-04537,Growth,Churned,2023-05-16,19,100,4.0,7,2023-12-26
CUST-04538,Professional,Active,2022-11-24,25,302,83.0,1,2023-10-30
CUST-04539,Enterprise,Churned,2022-02-08,35,1000,35.0,2,2022-10-06
CUST-04540,Professional,Active,2024-08-07,4,296,75.0,4,2024-10-06
CUST-04541,Enterprise,Churned,2022-01-07,36,1001,1.0,5,2024-06-27
CUST-04542,Starter,Active,2022-09-03,28,30,43.0,0,2023-12-09
CUST-04543,Professional,Active,2022-06-02,31,300,14.0,1,2023-04-13
CUST-04544,Enterprise,Active,2024-05-30,7,994,26.0,3,2024-06-07
CUST-04545,Starter,Active,2023-09-11,15,25,60.0,8,2024-04-09
CUST-04546,Starter,Active,2023-02-13,22,31,7.0,7,2023-07-21
CUST-04547,Enterprise,Active,2024-06-23,6,1002,95.0,4,2024-11-19
CUST-04548,Enterprise,Active,2023-06-15,18,997,93.0,14,2023-10-08
CUST-04549,Growth,Active,2022-04-16,33,101,67.0,12,2024-02-26
CUST-04550,Professional,Active,2023-01-06,24,295,59.0,12,2024-10-27
CUST-04551,Professional,Active,2023-06-27,18,296,6.0,7,2024-04-22
CUST-04552,Enterprise,Active,2022-10-27,26,996,13.0,9,2024-04-06
CUST-04553,Enterprise,Churned,2024-11-15,1,995,11.0,12,2024-11-15
CUST-04554,Starter,Active,2023-09-25,15,33,62.0,4,2024-09-14
CUST-04555,Enterprise,Trial,2022-12-03,25,1001,44.0,11,2024-09-06
CUST-04556,Growth,Active,2022-08-19,28,97,86.0,12,2024-04-01
CUST-04557,Growth,Active,2024-02-27,10,99,49.0,4,2024-08-28
CUST-04558,Starter,Churned,2023-09-05,16,25,2.0,7,2024-08-23
CUST-04559,Starter,Churned,2024-11-24,1,25,33.0,7,2024-12-16
CUST-04560,Professional,Active,2022-03-06,34,298,12.0,9,2023-06-27
CUST-04561,Professional,Active,2022-10-31,26,295,27.0,14,2023-04-10
CUST-04562,Professional,Active,2024-06-13,6,301,91.0,10,2024-10-11
CUST-04563,Growth,Churned,2023-03-12,22,95,25.0,0,2024-06-10
CUST-04564,Growth,Active,2023-10-19,14,96,88.0,8,2024-11-24
CUST-04565,Growth,Active,2023-08-06,17,94,25.0,1,2024-02-27
CUST-04566,Growth,Churned,2024-09-19,3,98,13.0,12,2024-12-08
CUST-04567,Growth,Active,2024-03-14,9,95,15.0,5,2024-04-01
CUST-04568,Growth,Churned,2022-09-17,27,95,28.0,4,2022-09-19
CUST-04569,Starter,Active,2024-12-12,0,29,8.0,7,2024-12-13
CUST-04570,Growth,Active,2023-02-25,22,101,12.0,7,2023-11-28
CUST-04571,Enterprise,Trial,2024-07-10,5,994,28.0,7,2024-09-16
CUST-04572,Professional,Active,2022-06-06,31,296,81.0,8,2024-11-17
CUST-04573,Growth,Active,2024-10-29,2,97,59.0,2,2024-12-14
CUST-04574,Starter,Active,2022-04-10,33,32,34.0,3,2024-09-13
CUST-04575,Enterprise,Churned,2024-12-13,0,996,34.0,10,2024-12-29
CUST-04576,Starter,Active,2022-09-06,28,32,83.0,5,2023-12-27
CUST-04577,Enterprise,Active,2024-02-27,10,1002,28.0,0,2024-06-21
CUST-04578,Professional,Active,2023-10-16,14,299,14.0,9,2024-10-15
CUST-04579,Professional,Active,2024-06-06,6,302,95.0,8,2024-06-18
CUST-04580,Professional,Active,2024-09-01,4,303,14.0,1,2024-11-08
CUST-04581,Growth,Churned,2022-11-22,25,99,26.0,1,2023-03-10
CUST-04582,Enterprise,Churned,2022-07-01,30,1000,20.0,8,2023-10-29
CUST-04583,Growth,Trial,2023-01-24,23,101,54.0,3,2023-03-17
CUST-04584,Professional,Active,2022-01-19,35,296,57.0,5,2024-04-27
CUST-04585,Enterprise,Active,2022-10-16,26,996,27.0,7,2023-10-02
CUST-04586,Enterprise,Trial,2024-06-18,6,997,93.0,3,2024-08-09
CUST-04587,Professional,Churned,2022-01-31,35,302,10.0,1,2022-05-11
CUST-04588,Starter,Active,2024-06-25,6,30,33.0,2,2024-10-29
CUST-04589,Professional,Active,2022-05-09,32,303,83.0,6,2023-06-17
CUST-04590,Enterprise,Churned,2024-09-13,3,1003,39.0,8,2024-11-04
CUST-04591,Enterprise,Active,2024-08-28,4,995,86.0,9,2024-10-22
CUST-04592,Enterprise,Active,2024-07-13,5,1000,33.0,11,2024-10-29
CUST-04593,Enterprise,Active,2024-08-27,4,996,,12,2024-10-21
CUST-04594,Starter,Active,2023-01-27,23,33,67.0,1,2024-03-05
CUST-04595,Enterprise,Active,2024-06-02,7,1003,15.0,9,2024-08-03
CUST-04596,Growth,Active,2023-08-10,16,99,98.0,4,2023-09-18
CUST-04597,Growth,Active,2022-05-31,31,103,57.0,8,2023-03-29
CUST-04598,Professional,Churned,2024-03-02,10,297,35.0,0,2024-09-09
CUST-04599,Enterprise,Active,2024-11-07,1,1003,16.0,9,2024-12-25
CUST-04600,Professional,Active,2022-02-16,34,296,25.0,4,2022-10-31
CUST-04601,Enterprise,Churned,2023-09-23,15,998,15.0,1,2023-11-12
CUST-04602,Enterprise,Active,2024-12-30,0,998,83.0,8,2024-12-31
CUST-04603,Professional,Active,2023-06-10,19,295,97.0,4,2024-08-18
CUST-04604,Professional,Trial,2024-11-25,1,301,81.0,11,2024-12-19
CUST-04605,Professional,Active,2023-08-10,16,302,95.0,8,2024-10-24
CUST-04606,Starter,Churned,2023-10-03,15,30,20.0,14,2024-03-22
CUST-04607,Starter,Trial,2024-01-17,11,31,44.0,6,2024-03-07
CUST-04608,Enterprise,Trial,2022-01-01,36,999,16.0,2,2022-06-14
CUST-04609,Growth,Active,2023-04-29,20,94,91.0,10,2023-06-16
CUST-04610,Starter,Churned,2022-07-14,30,26,23.0,13,2023-03-24
CUST-04611,Starter,Active,2023-07-30,17,30,72.0,0,2024-10-08
CUST-04612,Growth,Active,2024-05-23,7,103,90.0,14,2024-07-02
CUST-04613,Starter,Active,2022-09-29,27,31,21.0,9,2022-10-09
CUST-04614,Growth,Active,2022-11-10,26,97,60.0,14,2023-11-10
CUST-04615,Starter,Active,2022-01-05,36,29,38.0,10,2023-10-07
CUST-04616,Professional,Active,2024-02-20,10,296,8.0,9,2024-12-14
CUST-04617,Enterprise,Trial,2024-08-27,4,998,34.0,12,2024-12-04
CUST-04618,Professional,Churned,2022-01-10,36,296,24.0,14,2024-04-04
CUST-04619,Enterprise,Churned,2023-04-12,20,995,16.0,0,2024-04-11
CUST-04620,Starter,Active,2024-07-27,5,24,,2,2024-11-10
CUST-04621,Starter,Active,2024-05-01,8,28,75.0,8,2024-06-29
CUST-04622,Professional,Active,2022-08-15,28,297,72.0,12,2024-05-20
CUST-04623,Professional,Active,2023-12-30,12,300,67.0,11,2024-06-27
CUST-04624,Enterprise,Active,2022-12-15,24,1002,6.0,3,2024-07-16
CUST-04625,Enterprise,Trial,2024-11-26,1,997,98.0,4,2024-12-11
CUST-04626,Professional,Churned,2023-12-18,12,301,30.0,8,2024-06-20
CUST-04627,Professional,Active,2024-02-04,11,297,12.0,7,2024-08-02
CUST-04628,Growth,Active,2024-07-18,5,96,99.0,0,2024-11-22
CUST-04629,Growth,Churned,2022-12-06,25,99,2.0,9,2024-11-17
CUST-04630,Enterprise,Active,2022-06-08,31,997,12.0,9,2023-11-14
CUST-04631,Growth,Churned,2023-07-04,18,100,8.0,1,2024-09-24
CUST-04632,Starter,Trial,2022-02-24,34,26,49.0,2,2022-11-07
CUST-04633,Professional,Active,2023-06-06,19,297,39.0,10,2024-08-20
CUST-04634,Professional,Active,2024-05-13,7,296,70.0,14,2024-12-16
CUST-04635,Starter,Trial,2023-10-23,14,25,18.0,5,2024-01-28
CUST-04636,Enterprise,Churned,2022-12-14,24,997,31.0,10,2023-05-01
CUST-04637,Professional,Active,2024-12-04,0,295,60.0,7,2024-12-27
CUST-04638,Professional,Active,2022-05-06,32,300,71.0,3,2024-10-18
CUST-04639,Starter,Active,2023-06-06,19,31,32.0,3,2024-11-13
CUST-04640,Enterprise,Active,2022-07-19,29,998,81.0,11,2023-07-09
CUST-04641,Starter,Active,2024-02-02,11,32,51.0,14,2024-10-16
CUST-04642,Enterprise,Active,2022-01-06,36,994,81.0,0,2023-08-12
CUST-04643,Growth,Active,2024-05-15,7,101,38.0,0,2024-11-27
CUST-04644,Professional,Active,2024-08-03,5,297,54.0,8,2024-08-17
CUST-04645,Growth,Active,2024-12-15,0,99,27.0,5,2024-12-18
CUST-04646,Growth,Trial,2022-08-04,29,96,27.0,6,2024-02-18
CUST-04647,Professional,Trial,2023-12-23,12,295,9.0,2,2024-01-28
CUST-04648,Professional,Active,2023-03-13,21,301,28.0,14,2023-03-19
CUST-04649,Starter,Active,2024-12-21,0,26,15.0,1,2024-12-27
CUST-04650,Growth,Churned,2024-09-09,3,94,14.0,1,2024-12-23
CUST-04651,Enterprise,Churned,2022-09-03,28,1003,6.0,14,2023-05-22
CUST-04652,Professional,Active,2022-04-09,33,298,23.0,0,2024-12-02
CUST-04653,Professional,Churned,2023-11-18,13,300,34.0,6,2024-12-16
CUST-04654,Starter,Active,2023-07-26,17,29,65.0,1,2024-08-30
CUST-04655,Starter,Active,2024-11-25,1,26,47.0,2,2024-12-05
CUST-04656,Enterprise,Active,2024-04-09,8,994,3.0,1,2024-04-28
CUST-04657,Growth,Active,2024-08-07,4,98,17.0,11,2024-11-16
CUST-04658,Growth,Active,2024-04-10,8,96,,12,2024-12-02
CUST-04659,Growth,Churned,2023-02-14,22,96,24.0,3,2024-06-18
CUST-04660,Professional,Active,2024-11-26,1,298,23.0,5,2024-12-13
CUST-04661,Growth,Active,2022-10-18,26,97,72.0,14,2023-11-28
CUST-04662,Enterprise,Active,2022-08-20,28,1000,61.0,4,2023-08-27
CUST-04663,Starter,Active,2022-08-28,28,33,17.0,11,2023-03-16
CUST-04664,Enterprise,Churned,2023-08-31,16,995,17.0,5,2024-09-21
CUST-04665,Growth,Active,2024-01-07,11,103,24.0,1,2024-11-05
CUST-04666,Starter,Active,2024-04-16,8,25,96.0,0,2024-08-19
CUST-04667,Starter,Active,2023-11-03,14,31,94.0,13,2024-06-14
CUST-04668,Enterprise,Active,2023-03-11,22,1003,86.0,13,2024-03-18
CUST-04669,Starter,Active,2022-12-16,24,27,84.0,7,2022-12-31
CUST-04670,Enterprise,Active,2022-02-10,35,995,88.0,1,2022-03-28
CUST-04671,Professional,Active,2023-03-11,22,303,4.0,9,2023-04-25
CUST-04672,Growth,Churned,2022-04-16,33,96,23.0,13,2024-09-24
CUST-04673,Professional,Active,2023-01-20,23,301,74.0,14,2023-06-28
CUST-04674,Enterprise,Active,2024-03-26,9,1003,15.0,10,2024-08-22
CUST-04675,Professional,Trial,2023-01-29,23,298,78.0,6,2024-03-16
CUST-04676,Enterprise,Active,2022-08-01,29,1000,70.0,2,2024-04-11
CUST-04677,Professional,Active,2023-08-29,16,303,68.0,12,2023-10-06
CUST-04678,Professional,Active,2022-07-04,30,303,26.0,12,2024-11-22
CUST-04679,Growth,Active,2022-06-11,31,98,72.0,10,2022-10-24
CUST-04680,Enterprise,Active,2024-01-18,11,1003,32.0,1,2024-12-18
CUST-04681,Enterprise,Active,2024-06-18,6,996,22.0,6,2024-12-12
CUST-04682,Growth,Churned,2024-09-15,3,95,11.0,7,2024-12-30
CUST-04683,Starter,Churned,2024-03-20,9,26,39.0,3,2024-10-26
CUST-04684,Starter,Active,2024-06-28,6,30,63.0,12,2024-11-21
CUST-04685,Enterprise,Churned,2023-06-20,18,997,17.0,2,2024-01-06
CUST-04686,Growth,Active,2023-06-10,19,95,25.0,9,2024-06-09
CUST-04687,Professional,Active,2024-08-10,4,299,37.0,9,2024-11-26
CUST-04688,Professional,Active,2022-05-25,31,299,80.0,9,2023-03-23
CUST-04689,Professional,Churned,2024-06-12,6,294,9.0,10,2024-12-23
CUST-04690,Starter,Churned,2022-01-22,35,31,32.0,14,2023-07-16
CUST-04691,Enterprise,Churned,2023-09-19,15,995,24.0,7,2024-03-25
CUST-04692,Enterprise,Active,2022-09-12,28,994,12.0,1,2024-07-09
CUST-04693,Growth,Active,2023-02-19,22,96,52.0,0,2023-04-26
CUST-04694,Growth,Active,2024-12-05,0,98,38.0,4,2024-12-22
CUST-04695,Professional,Trial,2024-02-17,10,295,94.0,3,2024-09-02
CUST-04696,Growth,Trial,2024-12-09,0,101,43.0,7,2024-12-26
CUST-04697,Starter,Active,2023-02-22,22,28,2.0,14,2024-05-31
CUST-04698,Professional,Churned,2023-10-21,14,303,30.0,6,2024-06-25
CUST-04699,Growth,Churned,2023-06-30,18,95,37.0,2,2024-07-12
CUST-04700,Professional,Active,2022-04-19,32,296,1.0,0,2023-04-26
CUST-04701,Enterprise,Trial,2024-04-21,8,997,9.0,4,2024-05-31
CUST-04702,Professional,Trial,2022-10-29,26,302,12.0,9,2023-03-22
CUST-04703,Enterprise,Active,2024-09-28,3,999,83.0,10,2024-11-18
CUST-04704,Growth,Active,2022-05-17,31,97,39.0,3,2023-12-14
CUST-04705,Growth,Trial,2023-10-13,14,95,60.0,3,2024-06-23
CUST-04706,Professional,Active,2022-12-16,24,303,88.0,13,2023-04-27
CUST-04707,Professional,Churned,2023-12-31,12,303,35.0,3,2024-01-11
CUST-04708,Starter,Churned,2023-03-31,21,30,21.0,1,2024-02-06
CUST-04709,Enterprise,Active,2023-03-12,22,997,8.0,13,2023-08-21
CUST-04710,Growth,Active,2023-11-29,13,95,23.0,1,2024-02-01
CUST-04711,Starter,Churned,2022-08-26,28,28,16.0,9,2023-05-01
CUST-04712,Enterprise,Churned,2024-06-27,6,1003,18.0,2,2024-11-22
CUST-04713,Professional,Active,2022-01-18,35,296,20.0,10,2023-11-12
CUST-04714,Starter,Trial,2022-02-18,34,27,32.0,10,2023-12-01
CUST-04715,Starter,Active,2024-09-15,3,25,13.0,3,2024-11-10
CUST-04716,Growth,Churned,2023-09-13,15,100,33.0,5,2024-09-13
CUST-04717,Starter,Active,2022-12-11,25,31,70.0,7,2024-09-02
CUST-04718,Growth,Active,2022-12-16,24,100,35.0,13,2023-08-23
CUST-04719,Growth,Active,2022-08-20,28,100,69.0,2,2023-06-05
CUST-04720,Professional,Active,2022-02-14,35,303,39.0,11,2022-11-22
CUST-04721,Enterprise,Trial,2024-09-15,3,996,79.0,1,2024-11-01
CUST-04722,Growth,Churned,2023-03-05,22,100,31.0,0,2024-05-07
CUST-04723,Starter,Trial,2024-02-23,10,24,14.0,4,2024-10-02
CUST-04724,Growth,Active,2022-02-22,34,95,49.0,12,2024-06-05
CUST-04725,Enterprise,Active,2023-04-19,20,1001,77.0,0,2023-07-14
CUST-04726,Growth,Churned,2024-12-09,0,102,33.0,6,2024-12-23
CUST-04727,Enterprise,Churned,2024-07-02,6,996,13.0,5,2024-12-25
CUST-04728,Growth,Trial,2022-11-20,25,103,34.0,10,2023-01-23
CUST-04729,Growth,Active,2022-05-29,31,94,85.0,6,2024-08-28
CUST-04730,Enterprise,Active,2024-08-24,4,1001,85.0,6,2024-10-23
CUST-04731,Professional,Active,2023-08-17,16,295,75.0,0,2024-07-04
CUST-04732,Growth,Active,2022-12-05,25,94,42.0,0,2023-02-05
CUST-04733,Enterprise,Churned,2022-11-19,25,996,5.0,7,2024-09-03
CUST-04734,Professional,Churned,2023-12-21,12,300,32.0,1,2024-03-19
CUST-04735,Starter,Active,2023-01-12,23,32,54.0,12,2023-05-22
CUST-04736,Enterprise,Active,2022-05-07,32,1001,48.0,3,2023-12-26
CUST-04737,Starter,Churned,2023-11-23,13,25,8.0,1,2024-11-16
CUST-04738,Professional,Active,2022-09-07,28,297,43.0,1,2023-06-06
CUST-04739,Starter,Active,2024-08-29,4,28,74.0,2,2024-11-09
CUST-04740,Growth,Active,2022-10-01,27,95,34.0,5,2024-01-11
CUST-04741,Starter,Active,2023-03-28,21,26,21.0,13,2024-02-18
CUST-04742,Growth,Trial,2022-05-05,32,95,16.0,5,2022-12-11
CUST-04743,Growth,Active,2024-05-19,7,96,55.0,7,2024-12-05
CUST-04744,Enterprise,Trial,2024-09-24,3,997,53.0,4,2024-11-10
CUST-04745,Enterprise,Active,2023-01-02,24,996,69.0,7,2023-12-10
CUST-04746,Professional,Active,2022-05-15,32,297,85.0,13,2023-10-24
CUST-04747,Starter,Active,2023-10-25,14,31,87.0,9,2024-08-02
CUST-04748,Growth,Trial,2022-05-06,32,103,56.0,3,2023-02-02
CUST-04749,Professional,Churned,2022-11-13,25,295,2.0,8,2024-11-29
CUST-04750,Enterprise,Active,2023-05-23,19,995,65.0,14,2024-11-26
CUST-04751,Growth,Active,2024-04-02,9,98,73.0,8,2024-04-06
CUST-04752,Growth,Churned,2023-08-12,16,99,20.0,5,2024-09-06
CUST-04753,Professional,Active,2023-07-17,17,294,62.0,1,2023-10-14
CUST-04754,Starter,Active,2024-09-29,3,25,63.0,14,2024-12-12
CUST-04755,Enterprise,Active,2023-09-21,15,994,9.0,0,2024-01-02
CUST-04756,Growth,Active,2023-06-30,18,94,4.0,10,2024-01-31
CUST-04757,Professional,Trial,2024-05-04,8,294,9.0,7,2024-08-24
CUST-04758,Professional,Active,2022-06-17,30,301,74.0,8,2023-01-21
CUST-04759,Professional,Active,2024-10-14,2,300,74.0,10,2024-11-05
CUST-04760,Growth,Active,2022-12-17,24,101,1.0,5,2024-02-19
CUST-04761,Starter,Active,2023-05-23,19,26,34.0,0,2024-10-22
CUST-04762,Professional,Active,2024-05-07,7,294,60.0,14,2024-12-28
CUST-04763,Starter,Active,2024-09-23,3,24,75.0,12,2024-10-25
CUST-04764,Enterprise,Active,2022-12-21,24,996,60.0,11,2023-09-18
CUST-04765,Growth,Churned,2022-12-23,24,97,16.0,5,2024-12-10
CUST-04766,Growth,Active,2024-03-26,9,95,85.0,3,2024-06-28
CUST-04767,Enterprise,Active,2023-01-27,23,999,35.0,3,2023-11-06
CUST-04768,Enterprise,Churned,2022-12-05,25,994,37.0,6,2024-05-19
CUST-04769,Professional,Active,2023-02-27,22,299,35.0,6,2024-05-11
CUST-04770,Starter,Churned,2024-12-10,0,29,1.0,14,2024-12-17
CUST-04771,Growth,Churned,2023-11-09,13,101,1.0,9,2024-02-26
CUST-04772,Growth,Active,2024-01-02,12,103,3.0,5,2024-12-17
CUST-04773,Enterprise,Active,2024-04-06,8,996,79.0,13,2024-04-10
CUST-04774,Enterprise,Trial,2024-06-04,7,1002,98.0,8,2024-08-09
CUST-04775,Enterprise,Trial,2023-02-10,23,994,55.0,7,2023-09-01
CUST-04776,Professional,Active,2022-07-17,29,295,6.0,6,2024-07-21
CUST-04777,Growth,Trial,2023-09-01,16,95,77.0,0,2023-10-10
CUST-04778,Professional,Active,2024-12-15,0,303,35.0,8,2024-12-30
CUST-04779,Starter,Active,2024-05-22,7,29,77.0,4,2024-09-27
CUST-04780,Enterprise,Churned,2023-12-03,13,999,12.0,6,2024-06-04
CUST-04781,Enterprise,Active,2022-07-16,29,994,47.0,12,2023-11-22
CUST-04782,Professional,Churned,2024-02-17,10,295,22.0,1,2024-03-21
CUST-04783,Professional,Active,2023-06-05,19,301,14.0,5,2024-06-09
CUST-04784,Starter,Trial,2024-11-29,1,32,34.0,0,2024-12-28
CUST-04785,Growth,Active,2023-12-21,12,97,74.0,7,2024-05-19
CUST-04786,Growth,Active,2024-02-28,10,99,91.0,14,2024-04-25
CUST-04787,Growth,Churned,2024-02-01,11,96,39.0,12,2024-05-24
CUST-04788,Growth,Active,2024-07-13,5,103,49.0,7,2024-09-30
CUST-04789,Growth,Active,2023-10-29,14,101,92.0,14,2024-07-14
CUST-04790,Professional,Active,2024-05-19,7,296,29.0,0,2024-08-05
CUST-04791,Enterprise,Active,2024-08-20,4,996,87.0,1,2024-09-09
CUST-04792,Enterprise,Active,2024-06-19,6,1000,37.0,12,2024-12-31
CUST-04793,Enterprise,Churned,2024-04-16,8,994,8.0,12,2024-12-04
CUST-04794,Starter,Churned,2022-01-08,36,26,17.0,10,2023-04-22
CUST-04795,Growth,Active,2024-05-27,7,96,50.0,12,2024-07-05
CUST-04796,Enterprise,Active,2024-10-10,2,995,22.0,3,2024-12-02
CUST-04797,Professional,Churned,2023-08-24,16,297,31.0,14,2024-10-02
CUST-04798,Starter,Active,2022-02-17,34,25,92.0,3,2023-01-09
CUST-04799,Starter,Active,2022-06-23,30,25,22.0,9,2023-01-17
CUST-04800,Growth,Active,2023-10-27,14,95,72.0,7,2024-06-08
CUST-04801,Growth,Active,2023-02-24,22,99,3.0,10,2023-04-26
CUST-04802,Growth,Active,2023-04-21,20,95,73.0,8,2024-07-27
CUST-04803,Growth,Churned,2024-09-26,3,103,1.0,12,2024-12-06
CUST-04804,Professional,Active,2022-02-04,35,302,53.0,8,2022-11-25
CUST-04805,Enterprise,Trial,2022-02-01,35,995,39.0,14,2022-02-15
CUST-04806,Starter,Active,2022-06-25,30,24,46.0,0,2023-02-22
CUST-04807,Enterprise,Active,2022-03-24,33,1001,,7,2023-08-08
CUST-04808,Starter,Active,2022-02-14,35,30,56.0,13,2022-06-08
CUST-04809,Starter,Active,2023-07-17,17,30,48.0,13,2024-03-27
CUST-04810,Starter,Active,2023-06-25,18,31,66.0,4,2023-08-14
CUST-04811,Starter,Active,2024-09-10,3,29,97.0,3,2024-10-13
CUST-04812,Professional,Active,2022-09-03,28,300,8.0,12,2024-02-02
CUST-04813,Professional,Active,2023-07-27,17,298,38.0,13,2024-06-04
CUST-04814,Growth,Trial,2022-07-03,30,101,60.0,11,2023-03-17
CUST-04815,Enterprise,Trial,2024-10-26,2,1001,72.0,10,2024-11-28
CUST-04816,Starter,Active,2024-11-19,1,26,67.0,7,2024-11-20
CUST-04817,Professional,Churned,2024-07-06,5,300,16.0,1,2024-08-17
CUST-04818,Starter,Trial,2022-01-24,35,33,50.0,11,2022-06-29
CUST-04819,Professional,Churned,2022-10-05,27,301,14.0,1,2023-05-24
CUST-04820,Enterprise,Trial,2022-07-31,29,1001,87.0,14,2023-08-20
CUST-04821,Growth,Active,2023-05-20,19,99,67.0,14,2024-04-16
CUST-04822,Starter,Active,2024-05-12,7,30,40.0,9,2024-10-28
CUST-04823,Growth,Active,2022-07-25,29,100,96.0,8,2024-09-25
CUST-04824,Professional,Churned,2022-12-01,25,302,22.0,1,2024-09-19
CUST-04825,Starter,Churned,2024-11-01,2,33,33.0,10,2024-12-12
CUST-04826,Growth,Active,2023-08-30,16,101,26.0,13,2024-10-08
CUST-04827,Starter,Trial,2023-07-26,17,24,89.0,7,2024-05-22
CUST-04828,Growth,Churned,2022-01-17,35,101,10.0,9,2023-09-15
CUST-04829,Enterprise,Active,2024-01-29,11,998,29.0,6,2024-03-07
CUST-04830,Professional,Active,2023-11-10,13,299,41.0,11,2024-07-30
CUST-04831,Professional,Churned,2024-08-18,4,298,9.0,1,2024-11-06
CUST-04832,Starter,Active,2022-08-15,28,24,,2,2022-12-03
CUST-04833,Enterprise,Churned,2022-06-09,31,995,17.0,6,2023-04-30
CUST-04834,Growth,Active,2024-10-26,2,98,16.0,1,2024-12-15
CUST-04835,Professional,Trial,2024-04-15,8,297,38.0,2,2024-11-04
CUST-04836,Growth,Active,2024-02-22,10,103,32.0,11,2024-05-20
CUST-04837,Growth,Active,2023-04-26,20,102,14.0,2,2024-02-26
CUST-04838,Starter,Trial,2022-06-13,31,33,4.0,1,2023-12-31
CUST-04839,Enterprise,Churned,2023-05-08,20,994,2.0,5,2024-09-12
CUST-04840,Enterprise,Active,2023-11-04,14,997,94.0,3,2023-11-08
CUST-04841,Growth,Active,2022-05-30,31,97,73.0,14,2023-10-19
CUST-04842,Growth,Active,2023-08-09,17,100,28.0,4,2024-02-03
CUST-04843,Growth,Active,2022-07-21,29,94,39.0,13,2023-04-27
CUST-04844,Professional,Active,2022-07-01,30,302,,6,2023-07-02
CUST-04845,Starter,Active,2023-08-25,16,26,5.0,7,2024-05-29
CUST-04846,Growth,Active,2022-10-30,26,100,96.0,12,2024-06-10
CUST-04847,Enterprise,Active,2024-10-25,2,998,94.0,9,2024-12-03
CUST-04848,Growth,Active,2022-03-16,34,102,42.0,13,2023-04-22
CUST-04849,Growth,Active,2023-04-11,21,97,6.0,2,2023-10-28
CUST-04850,Professional,Trial,2024-07-02,6,295,21.0,13,2024-09-23
CUST-04851,Starter,Active,2022-07-06,30,30,14.0,12,2023-08-16
CUST-04852,Professional,Churned,2023-05-20,19,302,29.0,12,2024-07-14
CUST-04853,Growth,Active,2022-12-28,24,94,50.0,0,2024-02-06
CUST-04854,Professional,Trial,2022-12-14,24,297,78.0,8,2023-07-09
CUST-04855,Professional,Active,2022-04-25,32,301,29.0,9,2022-05-09
CUST-04856,Enterprise,Churned,2023-05-16,19,999,38.0,11,2023-08-02
CUST-04857,Growth,Active,2024-08-17,4,96,97.0,14,2024-09-23
CUST-04858,Enterprise,Trial,2024-06-04,7,1001,95.0,5,2024-10-20
CUST-04859,Growth,Active,2022-11-05,26,98,85.0,10,2024-08-02
CUST-04860,Enterprise,Active,2024-10-16,2,1002,9.0,4,2024-10-27
CUST-04861,Professional,Churned,2023-09-30,15,300,2.0,4,2024-08-28
CUST-04862,Professional,Churned,2024-01-08,11,299,20.0,12,2024-01-19
CUST-04863,Professional,Active,2022-09-06,28,296,44.0,5,2024-01-03
CUST-04864,Starter,Active,2024-05-08,7,32,25.0,2,2024-12-13
CUST-04865,Professional,Trial,2024-04-05,9,303,77.0,11,2024-12-18
CUST-04866,Growth,Active,2024-02-09,10,97,90.0,12,2024-09-30
CUST-04867,Starter,Active,2024-02-23,10,26,65.0,9,2024-05-07
CUST-04868,Enterprise,Trial,2023-02-06,23,996,13.0,2,2024-02-14
CUST-04869,Enterprise,Active,2023-05-23,19,994,69.0,13,2023-06-07
CUST-04870,Enterprise,Active,2024-04-04,9,1002,68.0,1,2024-11-20
CUST-04871,Enterprise,Active,2022-10-16,26,998,78.0,2,2023-08-04
CUST-04872,Growth,Active,2023-01-03,24,97,,6,2023-12-27
CUST-04873,Growth,Active,2024-03-13,9,97,92.0,3,2024-10-15
CUST-04874,Enterprise,Active,2022-08-05,29,994,17.0,5,2024-02-24
CUST-04875,Enterprise,Active,2022-08-25,28,996,44.0,2,2024-05-31
CUST-04876,Enterprise,Active,2023-12-27,12,999,52.0,1,2024-02-13
CUST-04877,Growth,Active,2023-06-18,18,94,5.0,5,2024-05-16
CUST-04878,Growth,Active,2023-10-31,14,97,21.0,1,2024-02-11
CUST-04879,Growth,Churned,2022-12-01,25,99,9.0,7,2023-03-03
CUST-04880,Growth,Active,2022-08-25,28,97,5.0,9,2024-06-09
CUST-04881,Starter,Churned,2023-11-27,13,32,21.0,10,2024-02-04
CUST-04882,Professional,Trial,2024-01-27,11,300,87.0,7,2024-03-03
CUST-04883,Starter,Churned,2022-03-25,33,30,34.0,12,2023-06-25
CUST-04884,Enterprise,Active,2022-06-14,31,1001,55.0,10,2023-09-15
CUST-04885,Growth,Active,2023-05-20,19,100,21.0,1,2024-06-28
CUST-04886,Professional,Active,2023-11-14,13,294,6.0,0,2023-12-27
CUST-04887,Enterprise,Active,2022-10-18,26,1000,9.0,9,2022-10-20
CUST-04888,Starter,Active,2022-08-21,28,29,38.0,0,2024-07-12
CUST-04889,Growth,Active,2023-07-07,18,103,93.0,13,2024-04-10
CUST-04890,Enterprise,Active,2023-02-12,22,1001,46.0,12,2024-08-03
CUST-04891,Professional,Churned,2022-04-20,32,295,20.0,6,2024-10-25
CUST-04892,Professional,Active,2023-04-20,20,295,18.0,4,2023-12-08
CUST-04893,Professional,Active,2022-05-29,31,303,68.0,8,2022-06-19
CUST-04894,Professional,Active,2022-03-30,33,300,95.0,11,2024-09-08
CUST-04895,Enterprise,Active,2022-05-19,31,997,45.0,13,2022-12-12
CUST-04896,Professional,Active,2022-11-03,26,302,11.0,1,2024-03-18
CUST-04897,Professional,Active,2023-05-28,19,302,77.0,7,2023-12-23
CUST-04898,Starter,Churned,2024-04-06,8,33,16.0,1,2024-08-11
CUST-04899,Growth,Active,2022-04-27,32,98,29.0,12,2023-02-11
CUST-04900,Growth,Active,2024-02-27,10,95,91.0,13,2024-09-02
CUST-04901,Starter,Active,2022-12-03,25,32,98.0,10,2023-08-15
CUST-04902,Enterprise,Active,2023-12-30,12,1000,,1,2024-12-30
CUST-04903,Starter,Active,2023-03-25,21,31,,0,2024-01-21
CUST-04904,Starter,Active,2024-07-07,5,30,93.0,5,2024-12-12
CUST-04905,Starter,Active,2023-10-08,15,27,81.0,9,2024-02-19
CUST-04906,Growth,Active,2022-07-09,30,94,28.0,4,2024-04-16
CUST-04907,Starter,Trial,2023-12-21,12,25,74.0,14,2024-01-04
CUST-04908,Enterprise,Active,2023-01-14,23,998,83.0,8,2023-02-24
CUST-04909,Starter,Active,2024-05-11,7,29,58.0,3,2024-08-14
CUST-04910,Growth,Active,2024-05-17,7,94,90.0,14,2024-11-15
CUST-04911,Enterprise,Active,2023-08-26,16,997,98.0,1,2024-04-12
CUST-04912,Enterprise,Active,2023-05-23,19,995,11.0,13,2024-11-23
CUST-04913,Professional,Active,2023-06-10,19,295,81.0,13,2023-07-01
CUST-04914,Enterprise,Active,2024-03-03,10,996,64.0,10,2024-04-30
CUST-04915,Growth,Trial,2022-07-23,29,96,59.0,11,2024-11-14
CUST-04916,Growth,Active,2023-09-16,15,95,37.0,3,2024-01-15
CUST-04917,Growth,Churned,2022-04-17,32,96,3.0,7,2022-06-10
CUST-04918,Growth,Active,2022-10-13,27,95,37.0,11,2024-05-17
CUST-04919,Growth,Active,2022-06-23,30,95,73.0,14,2023-03-16
CUST-04920,Growth,Active,2024-06-20,6,94,48.0,12,2024-09-18
CUST-04921,Growth,Active,2024-06-03,7,103,30.0,3,2024-10-31
CUST-04922,Enterprise,Active,2024-10-23,2,996,81.0,12,2024-12-08
CUST-04923,Starter,Active,2024-06-26,6,30,42.0,5,2024-06-29
CUST-04924,Growth,Churned,2024-10-17,2,94,16.0,3,2024-11-13
CUST-04925,Enterprise,Active,2023-10-16,14,1003,65.0,2,2023-12-29
CUST-04926,Professional,Trial,2023-08-03,17,294,50.0,0,2024-10-11
CUST-04927,Enterprise,Active,2023-02-15,22,998,86.0,11,2023-05-27
CUST-04928,Professional,Active,2023-07-10,18,295,35.0,1,2024-04-28
CUST-04929,Starter,Active,2024-11-23,1,30,48.0,11,2024-12-10
CUST-04930,Starter,Active,2023-04-21,20,24,39.0,4,2024-02-18
CUST-04931,Growth,Active,2024-05-14,7,102,55.0,13,2024-10-29
CUST-04932,Growth,Churned,2022-03-10,34,94,38.0,1,2024-10-22
CUST-04933,Professional,Churned,2022-11-02,26,297,15.0,0,2023-09-24
CUST-04934,Starter,Active,2024-09-18,3,31,57.0,8,2024-11-20
CUST-04935,Enterprise,Active,2023-11-12,13,1001,11.0,12,2024-08-14
CUST-04936,Professional,Active,2023-04-13,20,302,68.0,2,2023-12-20
CUST-04937,Enterprise,Active,2023-10-08,15,999,19.0,0,2024-01-21
CUST-04938,Professional,Active,2024-05-18,7,298,74.0,12,2024-10-27
CUST-04939,Growth,Active,2023-11-25,13,97,96.0,8,2024-04-14
CUST-04940,Growth,Trial,2023-11-17,13,98,96.0,10,2024-03-11
CUST-04941,Starter,Active,2024-10-30,2,25,79.0,8,2024-12-12
CUST-04942,Enterprise,Active,2024-07-01,6,995,45.0,5,2024-12-30
CUST-04943,Starter,Active,2023-01-27,23,28,34.0,11,2024-09-21
CUST-04944,Growth,Active,2023-12-12,12,101,22.0,7,2024-03-31
CUST-04945,Enterprise,Active,2022-03-20,33,997,58.0,5,2022-11-27
CUST-04946,Starter,Active,2022-11-17,25,32,19.0,10,2024-03-08
CUST-04947,Growth,Active,2022-12-22,24,102,62.0,5,2024-07-15
CUST-04948,Starter,Active,2024-04-08,8,24,36.0,4,2024-04-30
CUST-04949,Enterprise,Trial,2023-01-23,23,995,71.0,3,2024-07-09
CUST-04950,Growth,Active,2024-03-27,9,102,42.0,3,2024-07-11
CUST-04951,Growth,Trial,2022-01-26,35,102,85.0,5,2023-06-15
CUST-04952,Enterprise,Churned,2022-10-08,27,1002,13.0,9,2024-01-08
CUST-04953,Enterprise,Active,2023-05-15,19,1000,13.0,3,2024-10-09
CUST-04954,Starter,Active,2024-10-21,2,32,84.0,4,2024-11-30
CUST-04955,Growth,Active,2024-08-02,5,102,72.0,14,2024-09-20
CUST-04956,Enterprise,Active,2024-09-12,3,1003,38.0,10,2024-11-11
CUST-04957,Starter,Active,2022-10-11,27,29,87.0,14,2024-01-15
CUST-04958,Growth,Active,2022-11-06,26,94,62.0,7,2023-04-20
CUST-04959,Professional,Active,2023-08-13,16,303,15.0,9,2024-02-11
CUST-04960,Starter,Active,2024-01-01,12,30,34.0,6,2024-09-24
CUST-04961,Professional,Active,2023-11-22,13,298,74.0,5,2024-03-21
CUST-04962,Professional,Active,2024-11-05,1,303,29.0,0,2024-12-10
CUST-04963,Starter,Trial,2023-06-11,18,24,28.0,7,2024-09-17
CUST-04964,Professional,Churned,2023-05-13,19,303,23.0,11,2024-06-05
CUST-04965,Growth,Churned,2024-07-17,5,94,2.0,0,2024-11-03
CUST-04966,Growth,Churned,2024-05-24,7,95,13.0,6,2024-08-27
CUST-04967,Starter,Churned,2024-04-14,8,33,28.0,6,2024-08-26
CUST-04968,Growth,Active,2024-10-05,2,102,89.0,13,2024-10-24
CUST-04969,Growth,Trial,2022-05-05,32,102,44.0,7,2022-10-15
CUST-04970,Enterprise,Active,2023-05-28,19,1000,70.0,9,2024-11-13
CUST-04971,Professional,Churned,2023-09-06,16,297,3.0,4,2024-08-24
CUST-04972,Professional,Churned,2022-08-11,29,298,20.0,11,2023-05-07
CUST-04973,Starter,Active,2024-11-02,1,26,52.0,1,2024-12-09
CUST-04974,Enterprise,Active,2024-12-14,0,1000,60.0,11,2024-12-20
CUST-04975,Starter,Active,2023-06-23,18,31,80.0,9,2024-06-17
CUST-04976,Professional,Churned,2023-02-21,22,294,1.0,4,2023-06-21
CUST-04977,Growth,Active,2024-07-17,5,100,69.0,6,2024-09-09
CUST-04978,Starter,Trial,2023-07-23,17,25,35.0,3,2024-07-07
CUST-04979,Enterprise,Active,2023-08-20,16,998,93.0,3,2024-06-29
CUST-04980,Growth,Active,2023-07-18,17,100,69.0,4,2023-12-29
CUST-04981,Starter,Churned,2023-12-14,12,25,29.0,0,2024-10-01
CUST-04982,Growth,Active,2023-05-18,19,94,95.0,10,2023-06-06
CUST-04983,Starter,Active,2022-06-21,30,31,,8,2022-10-06
CUST-04984,Enterprise,Active,2024-03-02,10,995,96.0,7,2024-08-27
CUST-04985,Starter,Active,2024-08-15,4,25,8.0,12,2024-10-22
CUST-04986,Enterprise,Churned,2022-11-27,25,1002,13.0,5,2024-07-25
CUST-04987,Professional,Active,2022-09-22,27,300,96.0,14,2022-12-16
CUST-04988,Enterprise,Active,2022-03-30,33,997,36.0,10,2022-10-27
CUST-04989,Starter,Active,2023-07-02,18,26,26.0,8,2023-09-10
CUST-04990,Growth,Active,2023-08-13,16,98,15.0,7,2024-08-28
CUST-04991,Professional,Churned,2023-03-24,21,296,12.0,3,2024-07-08
CUST-04992,Growth,Active,2024-04-25,8,96,76.0,8,2024-06-15
CUST-04993,Enterprise,Churned,2024-10-07,2,994,10.0,8,2024-11-04
CUST-04994,Professional,Active,2023-02-06,23,301,64.0,0,2024-01-16
CUST-04995,Professional,Active,2023-06-09,19,303,42.0,3,2024-01-02
CUST-04996,Enterprise,Active,2023-12-05,13,1003,45.0,0,2024-12-06
CUST-04997,Professional,Active,2023-02-11,22,295,16.0,9,2024-06-29
CUST-04998,Starter,Active,2024-01-14,11,25,91.0,4,2024-12-04
CUST-04999,Professional,Active,2023-12-05,13,296,40.0,1,2024-10-04
CUST-05000,Enterprise,Churned,2022-09-01,28,1003,21.0,5,2023-05-29
CUST-05001,Professional,Active,2024-01-14,11,303,69.0,0,2024-01-19
CUST-05002,Starter,Active,2022-04-19,32,30,54.0,9,2024-05-19
CUST-05003,Starter,Churned,2022-09-16,27,27,26.0,6,2023-09-30
CUST-05004,Professional,Active,2024-05-15,7,303,55.0,10,2024-07-22
CUST-05005,Enterprise,Active,2023-01-28,23,1003,57.0,0,2023-06-28
CUST-05006,Enterprise,Active,2023-10-18,14,999,60.0,5,2024-10-04
CUST-05007,Enterprise,Active,2023-08-11,16,999,92.0,7,2024-07-18
CUST-05008,Professional,Active,2024-02-08,10,302,93.0,5,2024-09-24
CUST-05009,Growth,Active,2023-07-05,18,94,29.0,4,2024-03-09
CUST-05010,Professional,Active,2022-06-25,30,295,12.0,5,2024-11-03
CUST-05011,Enterprise,Active,2024-12-22,0,1003,8.0,10,2024-12-22
CUST-05012,Enterprise,Active,2023-09-17,15,1000,70.0,7,2024-12-23
CUST-05013,Professional,Churned,2022-07-17,29,296,26.0,0,2023-03-24
CUST-05014,Starter,Active,2024-04-14,8,30,53.0,1,2024-06-24
CUST-05015,Enterprise,Trial,2022-03-30,33,997,48.0,9,2023-09-23
CUST-05016,Growth,Trial,2023-03-16,21,103,15.0,1,2024-12-08
CUST-05017,Professional,Churned,2023-06-15,18,295,23.0,9,2023-07-23
CUST-05018,Enterprise,Active,2023-06-05,19,999,17.0,0,2024-08-08
CUST-05019,Professional,Active,2023-05-20,19,303,49.0,2,2023-11-28
CUST-05020,Starter,Trial,2022-04-09,33,24,10.0,3,2023-03-06
CUST-05021,Starter,Active,2022-11-11,26,28,61.0,12,2023-12-19
CUST-05022,Starter,Active,2023-12-17,12,24,35.0,0,2024-10-22
CUST-05023,Growth,Active,2023-01-13,23,97,78.0,4,2024-06-04
CUST-05024,Enterprise,Trial,2024-10-20,2,994,12.0,1,2024-12-17
CUST-05025,Professional,Active,2023-03-30,21,299,45.0,14,2024-04-28
CUST-05026,Starter,Active,2024-09-15,3,25,40.0,12,2024-12-29
CUST-05027,Growth,Active,2024-12-11,0,101,10.0,3,2024-12-13
CUST-05028,Growth,Active,2024-04-23,8,96,2.0,7,2024-05-19
CUST-05029,Growth,Churned,2023-11-16,13,95,13.0,14,2024-07-11
CUST-05030,Enterprise,Active,2022-02-28,34,1001,65.0,13,2024-05-26
CUST-05031,Growth,Churned,2024-01-17,11,98,25.0,10,2024-07-25
CUST-05032,Enterprise,Active,2022-01-19,35,999,7.0,13,2023-05-04
CUST-05033,Professional,Active,2022-08-30,28,294,88.0,5,2023-03-04
CUST-05034,Enterprise,Trial,2022-04-11,33,994,81.0,5,2022-09-09
CUST-05035,Professional,Churned,2024-12-09,0,302,9.0,2,2024-12-20
CUST-05036,Enterprise,Churned,2022-11-05,26,1003,32.0,2,2024-12-21
CUST-05037,Growth,Active,2024-12-31,0,94,8.0,13,2024-12-31
CUST-05038,Starter,Active,2024-12-11,0,26,91.0,6,2024-12-23
CUST-05039,Starter,Active,2024-02-07,10,31,77.0,5,2024-12-27
CUST-05040,Enterprise,Trial,2022-08-14,29,996,68.0,11,2024-11-14
CUST-05041,Professional,Active,2023-09-17,15,300,13.0,6,2024-05-12
CUST-05042,Professional,Active,2023-09-10,15,296,38.0,4,2024-01-04
CUST-05043,Starter,Trial,2023-02-07,23,31,12.0,8,2023-02-23
CUST-05044,Growth,Trial,2022-08-11,29,94,20.0,7,2023-08-23
CUST-05045,Starter,Churned,2023-12-17,12,24,32.0,4,2024-02-14
CUST-05046,Growth,Active,2022-10-06,27,97,90.0,10,2024-08-06
CUST-05047,Professional,Active,2022-08-01,29,295,53.0,11,2023-01-02
CUST-05048,Starter,Active,2022-09-14,27,30,8.0,6,2022-10-08
CUST-05049,Professional,Active,2022-07-04,30,300,24.0,6,2024-04-20
CUST-05050,Enterprise,Active,2023-08-11,16,995,88.0,12,2023-11-09
CUST-05051,Professional,Active,2024-06-03,7,301,45.0,6,2024-08-22
CUST-05052,Professional,Active,2023-08-29,16,302,19.0,2,2024-12-21
CUST-05053,Enterprise,Active,2023-05-26,19,1003,35.0,9,2024-06-27
CUST-05054,Starter,Active,2022-07-05,30,31,44.0,11,2022-09-10
CUST-05055,Professional,Active,2024-02-18,10,303,24.0,6,2024-06-06
CUST-05056,Starter,Active,2024-08-09,4,29,66.0,3,2024-08-11
CUST-05057,Growth,Active,2024-05-29,7,97,15.0,2,2024-06-21
CUST-05058,Starter,Active,2023-04-22,20,25,41.0,5,2024-09-19
CUST-05059,Enterprise,Churned,2023-03-30,21,1002,21.0,0,2023-09-30
CUST-05060,Enterprise,Trial,2022-09-23,27,1003,15.0,4,2024-10-31
CUST-05061,Starter,Active,2022-10-21,26,25,19.0,5,2023-04-14
CUST-05062,Growth,Active,2022-08-23,28,103,17.0,11,2023-02-02
CUST-05063,Professional,Churned,2024-11-26,1,295,26.0,4,2024-12-14
CUST-05064,Professional,Active,2023-04-10,21,303,34.0,1,2024-03-19
CUST-05065,Growth,Active,2022-04-15,33,103,63.0,4,2022-12-28
CUST-05066,Professional,Churned,2024-04-17,8,303,20.0,11,2024-12-21
CUST-05067,Growth,Active,2023-04-07,21,97,42.0,0,2024-10-30
CUST-05068,Enterprise,Active,2024-02-18,10,994,82.0,3,2024-06-26
CUST-05069,Professional,Trial,2022-05-17,31,296,97.0,11,2022-12-01
CUST-05070,Growth,Active,2024-06-30,6,99,40.0,4,2024-08-19
CUST-05071,Enterprise,Active,2022-08-02,29,994,87.0,2,2024-06-22
CUST-05072,Enterprise,Active,2024-01-26,11,996,32.0,8,2024-09-20
CUST-05073,Professional,Active,2022-05-19,31,295,49.0,12,2023-08-26
CUST-05074,Growth,Active,2022-01-04,36,97,57.0,12,2024-05-10
CUST-05075,Enterprise,Active,2023-05-18,19,995,10.0,14,2024-04-15
CUST-05076,Enterprise,Active,2023-02-28,22,1002,19.0,7,2023-04-14
CUST-05077,Enterprise,Active,2023-01-22,23,1001,60.0,0,2024-09-02
CUST-05078,Growth,Trial,2023-09-23,15,99,79.0,2,2024-10-16
CUST-05079,Enterprise,Trial,2024-02-05,11,1002,65.0,4,2024-04-26
CUST-05080,Professional,Active,2024-11-02,1,295,25.0,5,2024-12-26
CUST-05081,Enterprise,Churned,2023-02-04,23,1000,22.0,12,2023-02-21
CUST-05082,Enterprise,Active,2022-06-19,30,999,97.0,7,2023-07-01
CUST-05083,Growth,Active,2022-09-22,27,96,43.0,9,2024-06-27
CUST-05084,Starter,Active,2022-08-04,29,26,1.0,14,2024-04-21
CUST-05085,Enterprise,Active,2024-08-10,4,996,36.0,13,2024-09-08
CUST-05086,Professional,Active,2023-08-12,16,298,48.0,10,2024-09-27
CUST-05087,Growth,Active,2023-05-02,20,95,76.0,5,2024-06-13
CUST-05088,Growth,Active,2022-01-26,35,94,43.0,0,2024-02-28
CUST-05089,Growth,Active,2024-06-23,6,97,28.0,8,2024-07-31
CUST-05090,Growth,Active,2023-10-03,15,96,52.0,5,2023-12-01
CUST-05091,Growth,Trial,2022-10-29,26,98,78.0,14,2024-05-01
CUST-05092,Professional,Churned,2023-05-10,20,300,20.0,4,2023-12-23
CUST-05093,Enterprise,Active,2024-02-15,10,1000,54.0,13,2024-04-19
CUST-05094,Enterprise,Active,2022-08-17,28,995,7.0,4,2023-02-06
CUST-05095,Enterprise,Active,2022-10-26,26,999,42.0,3,2023-05-16
CUST-05096,Growth,Churned,2023-02-07,23,95,1.0,0,2023-08-04
CUST-05097,Starter,Trial,2024-09-16,3,32,77.0,8,2024-11-24
CUST-05098,Enterprise,Churned,2024-08-15,4,1002,12.0,13,2024-11-26
CUST-05099,Starter,Active,2022-05-15,32,31,25.0,9,2024-03-20
CUST-05100,Starter,Active,2023-10-14,14,24,46.0,1,2024-03-09
CUST-05101,Starter,Active,2024-01-31,11,27,40.0,7,2024-04-03
CUST-05102,Enterprise,Active,2023-08-25,16,997,40.0,10,2024-04-01
CUST-05103,Growth,Active,2022-09-29,27,95,12.0,3,2024-06-14
CUST-05104,Starter,Trial,2022-12-08,25,32,19.0,14,2024-11-06
CUST-05105,Starter,Active,2024-04-08,8,31,19.0,9,2024-10-11
CUST-05106,Growth,Churned,2022-06-08,31,98,22.0,4,2024-06-23
CUST-05107,Starter,Active,2024-04-03,9,30,12.0,3,2024-10-20
CUST-05108,Growth,Churned,2023-05-18,19,97,36.0,8,2023-06-13
CUST-05109,Enterprise,Active,2024-11-22,1,994,58.0,6,2024-12-08
CUST-05110,Enterprise,Churned,2024-12-08,0,996,12.0,12,2024-12-16
CUST-05111,Starter,Active,2024-12-27,0,32,72.0,14,2024-12-28
CUST-05112,Professional,Active,2022-11-17,25,302,80.0,6,2024-10-12
CUST-05113,Growth,Trial,2023-01-01,24,100,46.0,8,2024-06-07
CUST-05114,Growth,Trial,2022-09-05,28,94,69.0,13,2023-08-06
CUST-05115,Starter,Churned,2023-01-25,23,25,34.0,13,2023-05-10
CUST-05116,Starter,Trial,2023-06-18,18,33,39.0,9,2024-04-30
CUST-05117,Growth,Active,2023-12-24,12,98,,7,2024-10-25
CUST-05118,Growth,Trial,2022-08-03,29,100,25.0,14,2023-05-06
CUST-05119,Professional,Active,2023-11-14,13,298,56.0,6,2024-12-29
CUST-05120,Starter,Churned,2023-06-22,18,28,25.0,12,2024-04-06
CUST-05121,Enterprise,Trial,2022-12-10,25,995,99.0,3,2023-02-17
CUST-05122,Growth,Churned,2024-12-31,0,103,6.0,9,2024-12-31
CUST-05123,Starter,Active,2022-07-30,29,24,78.0,2,2023-05-22
CUST-05124,Growth,Active,2024-10-16,2,94,26.0,5,2024-10-25
CUST-05125,Professional,Trial,2024-02-20,10,297,62.0,11,2024-12-08
CUST-05126,Professional,Churned,2023-08-17,16,295,23.0,8,2024-07-26
CUST-05127,Starter,Active,2022-02-13,35,26,42.0,10,2023-11-04
CUST-05128,Growth,Active,2022-02-06,35,102,95.0,10,2023-06-18
CUST-05129,Enterprise,Active,2024-11-30,1,994,90.0,5,2024-12-21
CUST-05130,Professional,Active,2024-08-11,4,294,77.0,10,2024-10-01
CUST-05131,Enterprise,Churned,2022-04-21,32,999,36.0,2,2022-09-14
CUST-05132,Professional,Trial,2022-10-14,26,298,27.0,5,2024-06-13
CUST-05133,Starter,Active,2023-01-10,24,26,2.0,1,2023-08-28
CUST-05134,Growth,Active,2023-03-11,22,102,36.0,2,2023-06-14
CUST-05135,Starter,Churned,2023-02-02,23,33,25.0,6,2024-09-25
CUST-05136,Professional,Active,2024-04-27,8,298,38.0,7,2024-07-28
CUST-05137,Growth,Active,2023-10-26,14,100,29.0,10,2023-11-26
CUST-05138,Enterprise,Active,2024-10-05,2,998,79.0,9,2024-11-05
CUST-05139,Professional,Active,2024-11-05,1,295,62.0,12,2024-12-27
CUST-05140,Enterprise,Trial,2022-03-22,33,997,98.0,4,2024-06-28
CUST-05141,Growth,Active,2022-09-30,27,96,74.0,1,2024-05-17
CUST-05142,Growth,Active,2024-01-02,12,101,94.0,4,2024-09-10
CUST-05143,Professional,Churned,2024-01-28,11,298,10.0,2,2024-12-19
CUST-05144,Growth,Active,2024-01-27,11,100,17.0,12,2024-11-18
CUST-05145,Enterprise,Active,2023-05-03,20,994,56.0,8,2024-11-23
CUST-05146,Professional,Active,2022-01-05,36,297,70.0,3,2024-03-16
CUST-05147,Growth,Active,2024-04-01,9,98,94.0,12,2024-11-14
CUST-05148,Enterprise,Active,2023-08-12,16,996,13.0,2,2023-09-14
CUST-05149,Starter,Churned,2023-04-05,21,24,23.0,12,2024-11-15
CUST-05150,Growth,Active,2023-02-24,22,95,80.0,4,2024-08-18
CUST-05151,Starter,Active,2022-11-25,25,24,22.0,12,2022-12-04
CUST-05152,Enterprise,Churned,2023-07-14,17,1002,25.0,6,2024-02-03
CUST-05153,Growth,Churned,2022-03-31,33,98,26.0,1,2022-04-18
CUST-05154,Professional,Active,2023-10-25,14,294,51.0,7,2023-12-07
CUST-05155,Professional,Active,2023-05-29,19,303,13.0,14,2023-11-16
CUST-05156,Growth,Trial,2022-06-10,31,95,11.0,9,2022-10-07
CUST-05157,Starter,Active,2022-10-10,27,28,41.0,11,2022-11-09
CUST-05158,Enterprise,Churned,2022-04-25,32,996,26.0,13,2023-08-20
CUST-05159,Growth,Active,2024-09-07,3,101,8.0,0,2024-10-05
CUST-05160,Enterprise,Churned,2023-07-07,18,997,22.0,8,2024-08-30
CUST-05161,Growth,Active,2024-10-05,2,98,56.0,2,2024-11-24
CUST-05162,Growth,Active,2022-09-19,27,96,58.0,14,2023-02-19
CUST-05163,Starter,Active,2022-04-23,32,30,39.0,10,2024-08-26
CUST-05164,Growth,Active,2023-07-24,17,98,57.0,11,2024-09-19
CUST-05165,Professional,Churned,2024-04-22,8,298,38.0,12,2024-09-08
CUST-05166,Starter,Active,2023-01-17,23,31,43.0,8,2023-10-13
CUST-05167,Enterprise,Active,2023-09-11,15,994,50.0,7,2024-06-14
CUST-05168,Enterprise,Trial,2023-07-25,17,997,55.0,4,2024-07-11
CUST-05169,Professional,Active,2023-04-29,20,297,41.0,3,2024-11-10
CUST-05170,Professional,Active,2022-04-20,32,303,38.0,4,2022-05-03
CUST-05171,Growth,Active,2022-10-09,27,97,23.0,9,2023-12-25
CUST-05172,Enterprise,Active,2024-07-17,5,997,67.0,10,2024-09-15
CUST-05173,Starter,Active,2023-04-16,20,33,77.0,9,2024-03-23
CUST-05174,Professional,Churned,2022-10-08,27,298,25.0,12,2023-12-31
CUST-05175,Starter,Churned,2022-09-25,27,28,15.0,9,2023-05-29
CUST-05176,Growth,Active,2022-07-29,29,100,11.0,1,2024-03-29
CUST-05177,Growth,Active,2022-05-26,31,94,75.0,12,2023-03-21
CUST-05178,Professional,Churned,2022-07-29,29,301,34.0,8,2022-12-10
CUST-05179,Growth,Active,2023-05-17,19,103,21.0,3,2024-05-08
CUST-05180,Enterprise,Trial,2024-03-28,9,995,24.0,1,2024-05-06
CUST-05181,Growth,Active,2024-01-17,11,103,41.0,2,2024-02-20
CUST-05182,Growth,Churned,2023-07-23,17,102,37.0,3,2024-06-12
CUST-05183,Growth,Churned,2023-08-31,16,96,15.0,3,2024-10-19
CUST-05184,Starter,Active,2024-10-28,2,29,40.0,11,2024-11-16
CUST-05185,Growth,Churned,2022-06-06,31,96,26.0,8,2024-05-17
CUST-05186,Professional,Active,2022-01-19,35,299,79.0,3,2024-11-03
CUST-05187,Enterprise,Active,2022-08-09,29,996,5.0,7,2023-02-02
CUST-05188,Professional,Trial,2023-05-26,19,300,77.0,10,2024-10-05
CUST-05189,Growth,Active,2023-10-09,14,100,53.0,7,2024-06-09
CUST-05190,Starter,Active,2022-09-13,28,31,27.0,8,2023-11-25
CUST-05191,Growth,Active,2024-05-19,7,97,36.0,5,2024-12-08
CUST-05192,Starter,Active,2023-06-16,18,30,75.0,8,2024-01-30
CUST-05193,Starter,Active,2022-04-27,32,27,7.0,6,2022-12-21
CUST-05194,Professional,Active,2023-10-18,14,298,15.0,13,2024-10-12
CUST-05195,Growth,Trial,2022-01-04,36,101,47.0,10,2023-01-16
CUST-05196,Enterprise,Churned,2024-08-23,4,1002,23.0,8,2024-10-05
CUST-05197,Enterprise,Active,2024-08-15,4,1001,22.0,1,2024-09-09
CUST-05198,Growth,Active,2023-04-29,20,95,84.0,10,2023-08-29
CUST-05199,Growth,Active,2023-05-14,19,100,20.0,7,2023-07-29
CUST-05200,Starter,Trial,2022-09-17,27,29,99.0,0,2023-02-25
CUST-05201,Starter,Trial,2024-10-23,2,32,14.0,0,2024-12-02
CUST-05202,Professional,Active,2023-05-24,19,301,59.0,2,2024-08-17
CUST-05203,Professional,Churned,2023-10-30,14,298,16.0,5,2024-11-10
CUST-05204,Growth,Active,2024-08-02,5,99,67.0,5,2024-08-18
CUST-05205,Growth,Trial,2022-06-17,30,103,45.0,0,2023-07-22
CUST-05206,Professional,Active,2024-09-25,3,302,78.0,3,2024-12-25
CUST-05207,Professional,Active,2024-04-17,8,303,8.0,8,2024-07-02
CUST-05208,Enterprise,Active,2022-06-17,30,1001,13.0,13,2024-03-25
CUST-05209,Growth,Active,2022-03-21,33,98,55.0,3,2023-05-03
CUST-05210,Starter,Active,2024-03-17,9,28,39.0,12,2024-09-20
CUST-05211,Professional,Active,2023-12-28,12,296,97.0,2,2024-01-29
CUST-05212,Enterprise,Churned,2022-04-18,32,998,2.0,8,2024-08-26
CUST-05213,Professional,Trial,2024-02-29,10,295,5.0,5,2024-05-14
CUST-05214,Professional,Active,2023-01-01,24,294,58.0,1,2024-06-02
CUST-05215,Growth,Active,2024-07-21,5,97,38.0,1,2024-08-04
CUST-05216,Growth,Active,2024-05-21,7,94,28.0,7,2024-10-19
CUST-05217,Growth,Active,2023-10-24,14,94,2.0,1,2024-08-20
CUST-05218,Starter,Active,2022-11-05,26,30,51.0,5,2024-06-10
CUST-05219,Professional,Churned,2024-07-29,5,303,15.0,0,2024-10-28
CUST-05220,Enterprise,Active,2022-10-27,26,1000,99.0,11,2024-03-03
CUST-05221,Growth,Active,2022-05-21,31,98,35.0,3,2023-01-12
CUST-05222,Starter,Active,2024-12-13,0,33,84.0,10,2024-12-14
CUST-05223,Professional,Churned,2024-04-03,9,297,9.0,10,2024-07-30
CUST-05224,Professional,Churned,2022-06-07,31,298,24.0,4,2023-04-12
CUST-05225,Growth,Active,2022-08-07,29,102,59.0,13,2024-12-19
CUST-05226,Growth,Active,2023-04-07,21,101,73.0,12,2023-12-03
CUST-05227,Professional,Churned,2022-07-19,29,303,14.0,5,2024-05-13
CUST-05228,Starter,Churned,2024-12-26,0,29,8.0,11,2024-12-31
CUST-05229,Starter,Active,2024-03-15,9,26,26.0,3,2024-08-21
CUST-05230,Starter,Active,2022-04-29,32,24,31.0,12,2022-04-29
CUST-05231,Growth,Active,2023-04-09,21,103,50.0,5,2023-09-04
CUST-05232,Starter,Active,2024-12-20,0,25,32.0,10,2024-12-27
CUST-05233,Professional,Churned,2023-03-26,21,294,11.0,11,2023-11-13
CUST-05234,Starter,Churned,2022-03-31,33,28,21.0,9,2023-09-06
CUST-05235,Growth,Active,2022-04-21,32,102,12.0,4,2022-07-08
CUST-05236,Starter,Churned,2024-04-06,8,25,39.0,4,2024-10-21
CUST-05237,Professional,Active,2022-06-27,30,298,71.0,7,2024-07-17
CUST-05238,Enterprise,Active,2023-03-24,21,1002,22.0,0,2024-09-07
CUST-05239,Professional,Churned,2022-07-26,29,296,29.0,10,2023-10-03
CUST-05240,Growth,Active,2024-02-19,10,95,8.0,0,2024-04-17
CUST-05241,Professional,Trial,2022-08-05,29,300,35.0,1,2022-11-04
CUST-05242,Growth,Churned,2022-12-05,25,97,37.0,12,2023-11-28
CUST-05243,Starter,Active,2023-11-04,14,32,11.0,2,2024-05-13
CUST-05244,Professional,Active,2023-05-04,20,295,87.0,12,2023-12-19
CUST-05245,Professional,Churned,2022-11-25,25,296,23.0,13,2024-05-15
CUST-05246,Starter,Active,2024-02-09,10,27,4.0,9,2024-08-14
CUST-05247,Enterprise,Active,2022-08-23,28,1003,34.0,13,2024-09-17
CUST-05248,Enterprise,Active,2024-12-31,0,1000,37.0,3,2024-12-31
CUST-05249,Starter,Active,2024-06-18,6,26,29.0,0,2024-09-21
CUST-05250,Growth,Active,2022-04-22,32,97,71.0,7,2023-07-09
CUST-05251,Enterprise,Active,2022-02-20,34,998,57.0,14,2022-10-07
CUST-05252,Starter,Trial,2024-09-30,3,29,45.0,5,2024-12-06
CUST-05253,Professional,Churned,2022-03-22,33,300,2.0,7,2024-04-25
CUST-05254,Starter,Churned,2022-06-04,31,31,36.0,0,2024-12-13
CUST-05255,Professional,Active,2024-04-07,8,299,72.0,7,2024-07-21
CUST-05256,Enterprise,Active,2024-02-03,11,999,48.0,1,2024-02-20
CUST-05257,Enterprise,Active,2024-03-06,10,1001,75.0,12,2024-10-04
CUST-05258,Growth,Active,2023-02-20,22,103,98.0,10,2024-05-05
CUST-05259,Growth,Active,2023-04-26,20,103,98.0,10,2024-03-10
CUST-05260,Professional,Trial,2023-12-14,12,296,62.0,3,2024-05-18
CUST-05261,Growth,Active,2023-05-22,19,101,10.0,3,2024-12-09
CUST-05262,Professional,Churned,2022-11-05,26,300,4.0,2,2024-10-10
CUST-05263,Growth,Active,2024-01-12,11,95,67.0,6,2024-08-12
CUST-05264,Growth,Active,2023-03-10,22,102,21.0,8,2023-12-15
CUST-05265,Starter,Active,2022-01-12,36,31,53.0,2,2024-03-18
CUST-05266,Growth,Churned,2022-03-18,33,101,13.0,8,2023-02-14
CUST-05267,Starter,Active,2024-10-30,2,28,74.0,5,2024-12-31
CUST-05268,Starter,Active,2022-04-23,32,27,98.0,3,2023-06-12
CUST-05269,Growth,Active,2023-11-01,14,102,99.0,5,2024-11-07
CUST-05270,Growth,Active,2023-06-01,19,100,24.0,9,2023-07-02
CUST-05271,Starter,Active,2024-09-28,3,26,11.0,11,2024-12-28
CUST-05272,Starter,Active,2024-02-04,11,25,16.0,9,2024-05-16
CUST-05273,Professional,Active,2022-07-01,30,296,43.0,2,2023-06-06
CUST-05274,Starter,Active,2024-05-15,7,29,52.0,4,2024-07-01
CUST-05275,Professional,Active,2022-10-16,26,294,50.0,14,2023-11-20
CUST-05276,Growth,Active,2024-09-12,3,103,81.0,5,2024-12-27
CUST-05277,Professional,Active,2023-05-20,19,301,87.0,10,2024-05-11
CUST-05278,Starter,Churned,2022-08-28,28,33,19.0,1,2023-02-22
CUST-05279,Enterprise,Trial,2022-07-29,29,997,1.0,11,2024-05-02
CUST-05280,Starter,Active,2022-02-01,35,31,74.0,11,2024-07-04
CUST-05281,Starter,Churned,2024-05-05,8,27,18.0,7,2024-08-30
CUST-05282,Growth,Churned,2024-12-17,0,96,16.0,11,2024-12-26
CUST-05283,Starter,Active,2024-03-08,9,24,,14,2024-12-20
CUST-05284,Growth,Churned,2022-03-09,34,102,16.0,3,2024-04-25
CUST-05285,Starter,Active,2023-08-13,16,30,21.0,14,2024-05-23
CUST-05286,Growth,Churned,2024-04-26,8,103,12.0,13,2024-10-22
CUST-05287,Enterprise,Active,2024-04-03,9,996,27.0,1,2024-06-20
CUST-05288,Growth,Active,2024-10-24,2,98,55.0,1,2024-11-13
CUST-05289,Starter,Churned,2023-12-10,12,28,37.0,3,2024-06-05
CUST-05290,Enterprise,Active,2024-05-27,7,1000,98.0,5,2024-10-03
CUST-05291,Enterprise,Active,2023-12-30,12,1002,33.0,0,2024-07-30
CUST-05292,Enterprise,Active,2023-01-18,23,994,38.0,12,2024-10-04
CUST-05293,Growth,Churned,2023-09-12,15,100,12.0,3,2024-10-02
CUST-05294,Enterprise,Active,2024-01-04,12,1003,10.0,7,2024-04-06
CUST-05295,Professional,Active,2022-04-20,32,295,25.0,5,2022-08-23
CUST-05296,Starter,Trial,2023-11-29,13,29,27.0,2,2024-01-31
CUST-05297,Starter,Active,2023-03-01,22,29,67.0,5,2024-04-13
CUST-05298,Enterprise,Churned,2023-10-05,15,998,18.0,11,2024-02-17
CUST-05299,Starter,Active,2024-04-07,8,28,49.0,7,2024-05-04
CUST-05300,Starter,Churned,2022-08-28,28,27,18.0,6,2023-01-27
CUST-05301,Professional,Active,2024-07-22,5,300,32.0,3,2024-10-25
CUST-05302,Growth,Trial,2023-03-18,21,103,24.0,2,2024-08-03
CUST-05303,Professional,Active,2024-09-22,3,299,2.0,7,2024-12-12
CUST-05304,Enterprise,Active,2022-11-04,26,1001,1.0,12,2023-05-03
CUST-05305,Professional,Active,2024-01-28,11,298,46.0,3,2024-10-24
CUST-05306,Growth,Active,2023-10-30,14,101,89.0,14,2024-02-01
CUST-05307,Professional,Churned,2023-10-25,14,298,13.0,7,2024-03-28
CUST-05308,Professional,Active,2024-02-22,10,296,33.0,3,2024-08-31
CUST-05309,Starter,Churned,2022-09-23,27,26,22.0,9,2022-10-01
CUST-05310,Starter,Trial,2023-04-29,20,25,99.0,0,2023-12-01
CUST-05311,Growth,Active,2024-11-26,1,103,15.0,4,2024-12-21
CUST-05312,Growth,Active,2023-11-09,13,97,94.0,2,2024-07-27
CUST-05313,Starter,Churned,2024-04-24,8,33,17.0,0,2024-10-09
CUST-05314,Starter,Active,2023-09-19,15,25,5.0,3,2023-10-26
CUST-05315,Starter,Active,2024-01-30,11,29,47.0,12,2024-02-11
CUST-05316,Starter,Trial,2022-06-03,31,24,24.0,11,2024-06-21
CUST-05317,Starter,Active,2023-09-12,15,24,93.0,0,2024-05-27
CUST-05318,Growth,Active,2024-09-14,3,95,34.0,13,2024-09-17
CUST-05319,Professional,Churned,2023-07-28,17,295,22.0,2,2024-01-12
CUST-05320,Starter,Active,2023-11-23,13,33,15.0,11,2024-01-21
CUST-05321,Professional,Active,2024-04-05,9,298,39.0,2,2024-05-02
CUST-05322,Professional,Churned,2022-01-29,35,297,7.0,9,2022-05-12
CUST-05323,Starter,Churned,2023-02-19,22,28,14.0,12,2023-03-25
CUST-05324,Starter,Active,2023-10-23,14,27,44.0,6,2024-01-25
CUST-05325,Growth,Churned,2023-08-31,16,95,16.0,1,2024-01-28
CUST-05326,Starter,Churned,2022-12-21,24,24,33.0,14,2023-11-30
CUST-05327,Professional,Trial,2024-01-06,12,303,89.0,9,2024-05-02
CUST-05328,Enterprise,Active,2022-07-07,30,996,60.0,6,2023-02-14
CUST-05329,Enterprise,Active,2024-06-18,6,1003,69.0,0,2024-09-25
CUST-05330,Enterprise,Churned,2024-04-22,8,1001,34.0,6,2024-04-28
CUST-05331,Starter,Trial,2023-09-19,15,28,76.0,5,2024-04-04
CUST-05332,Growth,Active,2023-09-10,15,98,22.0,13,2024-03-26
CUST-05333,Starter,Active,2023-07-28,17,28,84.0,5,2024-10-04
CUST-05334,Professional,Churned,2024-03-06,10,298,2.0,6,2024-04-15
CUST-05335,Enterprise,Active,2024-02-21,10,999,57.0,0,2024-05-03
CUST-05336,Starter,Active,2023-08-05,17,24,92.0,11,2023-10-23
CUST-05337,Growth,Churned,2023-05-13,19,99,6.0,13,2023-05-17
CUST-05338,Professional,Trial,2022-11-11,26,297,74.0,5,2023-08-22
CUST-05339,Enterprise,Churned,2022-05-23,31,996,6.0,1,2023-03-07
CUST-05340,Starter,Churned,2022-07-07,30,31,6.0,8,2024-03-30
CUST-05341,Enterprise,Active,2023-01-09,24,1002,15.0,5,2023-04-13
CUST-05342,Starter,Active,2022-08-03,29,27,73.0,5,2022-09-14
CUST-05343,Starter,Active,2024-01-29,11,31,18.0,12,2024-10-24
CUST-05344,Growth,Active,2022-09-12,28,101,99.0,2,2024-10-11
CUST-05345,Growth,Active,2024-10-03,2,95,89.0,3,2024-12-31
CUST-05346,Professional,Churned,2023-02-25,22,300,25.0,12,2023-04-29
CUST-05347,Starter,Active,2022-03-20,33,24,77.0,13,2022-08-19
CUST-05348,Growth,Active,2024-01-06,12,101,28.0,13,2024-06-28
CUST-05349,Starter,Active,2024-02-14,10,26,33.0,1,2024-12-02
CUST-05350,Growth,Active,2024-10-15,2,95,64.0,3,2024-11-15
CUST-05351,Growth,Trial,2022-06-19,30,100,73.0,13,2023-01-03
CUST-05352,Growth,Active,2022-09-09,28,98,99.0,5,2023-09-13
CUST-05353,Growth,Active,2024-01-13,11,94,7.0,13,2024-03-24
CUST-05354,Starter,Active,2024-05-23,7,24,51.0,12,2024-12-04
CUST-05355,Growth,Trial,2023-10-16,14,96,38.0,1,2024-09-20
CUST-05356,Starter,Churned,2023-06-02,19,24,4.0,9,2023-08-29
CUST-05357,Professional,Active,2022-10-03,27,296,59.0,11,2024-04-12
CUST-05358,Growth,Active,2022-10-20,26,95,62.0,6,2024-03-20
CUST-05359,Growth,Active,2023-04-07,21,98,21.0,4,2024-08-17
CUST-05360,Starter,Active,2023-03-18,21,30,15.0,0,2024-01-18
CUST-05361,Starter,Active,2023-12-09,12,27,19.0,0,2024-11-23
CUST-05362,Professional,Trial,2023-10-19,14,301,70.0,9,2024-10-20
CUST-05363,Starter,Active,2022-12-22,24,30,18.0,6,2024-10-13
CUST-05364,Growth,Active,2022-01-19,35,103,92.0,10,2022-07-18
CUST-05365,Enterprise,Churned,2023-12-29,12,1000,34.0,9,2024-01-16
CUST-05366,Growth,Active,2022-03-11,34,95,91.0,9,2023-09-29
CUST-05367,Enterprise,Churned,2023-09-02,16,994,3.0,6,2024-09-05
CUST-05368,Enterprise,Churned,2023-10-12,14,995,15.0,6,2024-11-08
CUST-05369,Enterprise,Active,2023-11-07,14,996,53.0,0,2024-11-19
CUST-05370,Growth,Active,2022-12-21,24,96,90.0,5,2024-08-01
CUST-05371,Starter,Active,2024-12-07,0,27,62.0,3,2024-12-24
CUST-05372,Enterprise,Active,2024-06-07,6,997,99.0,13,2024-07-24
CUST-05373,Enterprise,Active,2022-11-18,25,999,22.0,6,2023-11-23
CUST-05374,Starter,Active,2024-02-04,11,24,,1,2024-02-29
CUST-05375,Professional,Churned,2024-12-23,0,303,14.0,8,2024-12-28
CUST-05376,Enterprise,Active,2024-08-21,4,997,80.0,4,2024-09-07
CUST-05377,Enterprise,Active,2022-01-01,36,1001,91.0,3,2024-09-12
CUST-05378,Professional,Churned,2024-12-14,0,303,2.0,7,2024-12-16
CUST-05379,Enterprise,Trial,2022-09-28,27,1001,72.0,6,2022-10-07
CUST-05380,Enterprise,Trial,2022-09-02,28,1000,93.0,10,2023-01-29
CUST-05381,Starter,Churned,2022-05-09,32,32,34.0,0,2022-10-28
CUST-05382,Starter,Churned,2022-11-01,26,33,29.0,13,2024-05-01
CUST-05383,Professional,Churned,2024-09-16,3,303,31.0,3,2024-10-21
CUST-05384,Enterprise,Active,2023-03-02,22,999,39.0,12,2024-03-14
CUST-05385,Starter,Active,2024-10-14,2,32,91.0,1,2024-12-18
CUST-05386,Enterprise,Active,2023-06-19,18,996,18.0,6,2024-09-20
CUST-05387,Growth,Active,2023-04-02,21,96,42.0,10,2024-09-05
CUST-05388,Starter,Active,2024-07-03,6,30,2.0,13,2024-08-25
CUST-05389,Growth,Churned,2023-02-07,23,99,30.0,13,2024-04-03
CUST-05390,Growth,Active,2023-08-12,16,96,73.0,3,2023-12-18
CUST-05391,Starter,Active,2024-02-15,10,29,89.0,13,2024-12-21
CUST-05392,Enterprise,Active,2024-01-10,11,1001,60.0,9,2024-03-30
CUST-05393,Professional,Active,2022-07-23,29,297,21.0,2,2024-09-23
CUST-05394,Starter,Active,2022-11-15,25,26,39.0,13,2024-08-19
CUST-05395,Starter,Churned,2022-10-16,26,26,26.0,9,2022-11-09
CUST-05396,Growth,Trial,2023-11-14,13,97,69.0,12,2024-12-18
CUST-05397,Professional,Active,2024-11-01,2,303,14.0,9,2024-12-28
CUST-05398,Enterprise,Churned,2022-02-20,34,1002,38.0,2,2023-06-02
CUST-05399,Growth,Active,2023-08-10,16,96,48.0,5,2024-01-07
CUST-05400,Enterprise,Churned,2022-11-24,25,1000,14.0,2,2024-01-28
CUST-05401,Enterprise,Active,2022-04-17,32,999,46.0,9,2023-05-13
CUST-05402,Enterprise,Active,2024-10-15,2,1002,44.0,9,2024-11-25
CUST-05403,Professional,Active,2024-01-27,11,294,27.0,5,2024-11-28
CUST-05404,Growth,Churned,2024-09-09,3,99,11.0,4,2024-12-16
CUST-05405,Enterprise,Active,2022-10-30,26,996,83.0,4,2024-05-08
CUST-05406,Starter,Active,2024-02-05,11,31,94.0,7,2024-10-08
CUST-05407,Growth,Churned,2023-04-21,20,101,37.0,12,2024-06-08
CUST-05408,Growth,Churned,2023-07-13,17,95,36.0,3,2024-07-01
CUST-05409,Starter,Active,2023-09-11,15,30,12.0,12,2024-01-07
CUST-05410,Enterprise,Active,2023-04-08,21,1003,44.0,10,2023-11-18
CUST-05411,Enterprise,Active,2023-12-18,12,1001,24.0,4,2024-03-25
CUST-05412,Growth,Churned,2023-07-07,18,102,8.0,12,2024-01-16
CUST-05413,Enterprise,Active,2023-09-13,15,996,73.0,7,2023-10-03
CUST-05414,Growth,Churned,2022-03-14,34,103,19.0,11,2022-07-24
CUST-05415,Starter,Active,2023-03-18,21,25,82.0,7,2024-05-01
CUST-05416,Professional,Active,2022-09-11,28,302,8.0,10,2023-09-09
CUST-05417,Enterprise,Churned,2022-02-14,35,997,32.0,4,2024-07-20
CUST-05418,Enterprise,Active,2024-09-03,3,996,88.0,2,2024-10-22
CUST-05419,Growth,Churned,2024-06-10,6,100,22.0,5,2024-07-29
CUST-05420,Enterprise,Active,2022-10-28,26,994,77.0,11,2023-10-07
CUST-05421,Starter,Active,2024-03-06,10,31,9.0,3,2024-09-30
CUST-05422,Starter,Active,2022-01-06,36,27,24.0,12,2024-06-02
CUST-05423,Professional,Active,2022-12-17,24,299,64.0,6,2024-03-22
CUST-05424,Growth,Active,2022-02-05,35,101,15.0,13,2024-04-08
CUST-05425,Growth,Active,2023-06-08,19,97,27.0,10,2023-12-05
CUST-05426,Starter,Active,2024-02-24,10,25,97.0,4,2024-08-23
CUST-05427,Growth,Trial,2022-02-12,35,103,10.0,8,2022-03-18
CUST-05428,Starter,Trial,2023-05-16,19,31,78.0,6,2024-03-07
CUST-05429,Growth,Trial,2023-06-03,19,94,74.0,3,2024-09-02
CUST-05430,Enterprise,Active,2024-10-14,2,995,94.0,8,2024-11-06
CUST-05431,Enterprise,Active,2023-06-20,18,1003,43.0,13,2024-03-09
CUST-05432,Enterprise,Active,2023-08-16,16,996,73.0,4,2023-12-25
CUST-05433,Growth,Active,2024-10-19,2,95,22.0,7,2024-11-19
CUST-05434,Enterprise,Churned,2022-10-01,27,996,36.0,14,2024-04-03
CUST-05435,Starter,Churned,2023-08-04,17,33,15.0,12,2024-06-30
CUST-05436,Professional,Active,2023-02-22,22,300,99.0,10,2023-08-01
CUST-05437,Enterprise,Active,2022-05-22,31,1003,98.0,8,2022-11-04
CUST-05438,Starter,Active,2023-05-15,19,32,64.0,11,2023-05-20
CUST-05439,Growth,Churned,2022-02-14,35,99,4.0,1,2022-05-16
CUST-05440,Professional,Active,2023-06-25,18,300,14.0,3,2024-01-10
CUST-05441,Growth,Active,2023-06-04,19,96,77.0,9,2023-10-19
CUST-05442,Growth,Active,2022-05-21,31,95,34.0,9,2023-07-26
CUST-05443,Growth,Active,2022-02-01,35,100,56.0,9,2023-10-25
CUST-05444,Starter,Active,2022-10-31,26,27,78.0,14,2023-06-10
CUST-05445,Starter,Active,2023-12-24,12,26,87.0,7,2024-07-24
CUST-05446,Starter,Active,2024-08-16,4,33,78.0,13,2024-10-14
CUST-05447,Starter,Active,2022-10-14,26,28,58.0,5,2024-07-29
CUST-05448,Starter,Active,2022-12-25,24,26,94.0,3,2024-03-26
CUST-05449,Professional,Churned,2024-05-30,7,296,33.0,12,2024-07-12
CUST-05450,Enterprise,Trial,2024-06-15,6,995,75.0,9,2024-08-07
CUST-05451,Growth,Active,2023-05-09,20,100,90.0,2,2024-07-28
CUST-05452,Professional,Active,2023-04-28,20,294,17.0,11,2024-11-27
CUST-05453,Starter,Churned,2022-12-10,25,24,38.0,8,2024-12-09
CUST-05454,Starter,Active,2022-01-15,36,24,82.0,9,2024-08-12
CUST-05455,Professional,Active,2022-02-14,35,301,23.0,10,2023-01-28
CUST-05456,Starter,Active,2023-01-15,23,25,27.0,8,2024-01-23
CUST-05457,Professional,Churned,2024-07-20,5,300,15.0,1,2024-08-25
CUST-05458,Starter,Active,2022-12-20,24,28,69.0,14,2023-10-15
CUST-05459,Enterprise,Trial,2022-09-22,27,1002,49.0,14,2024-02-03
CUST-05460,Enterprise,Active,2024-05-21,7,998,35.0,2,2024-06-22
CUST-05461,Starter,Churned,2023-09-21,15,28,28.0,1,2023-10-19
CUST-05462,Growth,Churned,2022-04-29,32,97,20.0,1,2024-07-17
CUST-05463,Starter,Active,2024-06-09,6,26,59.0,2,2024-07-27
CUST-05464,Professional,Churned,2023-11-27,13,301,30.0,11,2024-08-10
CUST-05465,Professional,Active,2024-05-11,7,294,17.0,1,2024-12-26
CUST-05466,Enterprise,Active,2022-08-15,28,998,23.0,6,2023-06-11
CUST-05467,Professional,Trial,2022-08-04,29,302,19.0,11,2022-10-17
CUST-05468,Growth,Churned,2024-06-11,6,103,2.0,0,2024-06-24
CUST-05469,Enterprise,Active,2022-03-25,33,1001,23.0,13,2022-09-01
CUST-05470,Starter,Active,2022-01-15,36,32,98.0,8,2023-05-08
CUST-05471,Growth,Active,2024-06-30,6,103,62.0,7,2024-11-23
CUST-05472,Starter,Active,2024-09-10,3,27,46.0,9,2024-09-24
CUST-05473,Professional,Active,2022-11-15,25,297,53.0,12,2024-05-07
CUST-05474,Starter,Active,2023-05-24,19,24,53.0,8,2023-08-02
CUST-05475,Growth,Active,2023-11-22,13,102,25.0,14,2023-12-18
CUST-05476,Starter,Churned,2023-01-07,24,26,17.0,1,2024-07-19
CUST-05477,Professional,Trial,2024-09-11,3,300,16.0,4,2024-09-21
CUST-05478,Growth,Active,2024-09-17,3,103,18.0,6,2024-12-27
CUST-05479,Professional,Active,2023-07-07,18,301,82.0,7,2023-12-07
CUST-05480,Starter,Churned,2024-08-10,4,24,25.0,3,2024-08-14
CUST-05481,Growth,Active,2023-10-25,14,102,1.0,13,2024-05-23
CUST-05482,Growth,Active,2022-06-16,30,101,13.0,10,2024-11-17
CUST-05483,Starter,Active,2024-11-14,1,27,97.0,13,2024-12-07
CUST-05484,Starter,Active,2024-10-15,2,33,81.0,8,2024-12-18
CUST-05485,Starter,Churned,2024-05-29,7,28,39.0,5,2024-08-24
CUST-05486,Professional,Active,2024-05-30,7,296,79.0,9,2024-08-06
CUST-05487,Professional,Churned,2023-07-06,18,299,1.0,13,2024-10-08
CUST-05488,Professional,Active,2022-07-04,30,303,42.0,12,2024-07-21
CUST-05489,Professional,Active,2023-05-25,19,298,79.0,2,2024-12-02
CUST-05490,Professional,Active,2024-07-19,5,298,19.0,13,2024-11-17
CUST-05491,Growth,Active,2024-01-04,12,96,83.0,10,2024-04-30
CUST-05492,Growth,Active,2024-07-18,5,96,53.0,6,2024-09-03
CUST-05493,Professional,Active,2023-09-09,15,300,36.0,1,2023-11-11
CUST-05494,Professional,Active,2023-06-19,18,301,71.0,8,2024-07-24
CUST-05495,Growth,Active,2023-05-29,19,100,69.0,8,2023-10-06
CUST-05496,Enterprise,Active,2022-09-16,27,1001,84.0,4,2024-04-03
CUST-05497,Professional,Active,2022-09-30,27,297,74.0,8,2022-11-28
CUST-05498,Growth,Trial,2022-11-08,26,100,46.0,0,2024-10-31
CUST-05499,Growth,Trial,2023-06-04,19,99,15.0,1,2023-12-18
CUST-05500,Professional,Active,2024-11-10,1,298,9.0,10,2024-11-16
CUST-05501,Enterprise,Active,2022-09-14,27,1003,60.0,11,2024-03-01
CUST-05502,Professional,Active,2022-11-06,26,302,50.0,3,2024-02-06
CUST-05503,Growth,Active,2024-03-14,9,102,31.0,10,2024-11-11
CUST-05504,Growth,Active,2023-06-17,18,100,78.0,14,2024-07-29
CUST-05505,Starter,Active,2022-04-03,33,28,41.0,1,2023-02-11
CUST-05506,Professional,Trial,2024-05-01,8,300,96.0,3,2024-07-19
CUST-05507,Enterprise,Active,2022-06-26,30,1002,60.0,7,2024-11-04
CUST-05508,Enterprise,Trial,2023-04-28,20,1000,14.0,11,2024-07-20
CUST-05509,Professional,Active,2022-08-25,28,301,20.0,6,2024-08-14
CUST-05510,Professional,Churned,2022-03-12,34,296,5.0,1,2024-07-29
CUST-05511,Growth,Trial,2024-02-26,10,101,50.0,6,2024-04-27
CUST-05512,Starter,Active,2022-06-01,31,31,60.0,5,2024-08-14
CUST-05513,Enterprise,Active,2023-04-04,21,997,27.0,3,2023-04-13
CUST-05514,Enterprise,Active,2022-10-21,26,999,8.0,8,2023-03-02
CUST-05515,Professional,Churned,2023-04-28,20,299,35.0,9,2024-07-16
CUST-05516,Professional,Active,2022-03-02,34,297,93.0,4,2024-09-24
CUST-05517,Growth,Active,2023-05-09,20,96,27.0,4,2024-10-15
CUST-05518,Professional,Active,2024-09-03,3,301,60.0,3,2024-11-28
CUST-05519,Professional,Churned,2023-02-25,22,300,32.0,11,2024-04-23
CUST-05520,Growth,Active,2022-03-30,33,94,55.0,0,2022-04-21
CUST-05521,Professional,Active,2024-11-10,1,295,80.0,10,2024-12-05
CUST-05522,Starter,Active,2024-04-26,8,24,51.0,11,2024-09-27
CUST-05523,Enterprise,Active,2022-10-19,26,1001,44.0,6,2024-10-22
CUST-05524,Starter,Active,2022-10-29,26,30,16.0,4,2024-09-27
CUST-05525,Professional,Churned,2023-10-14,14,303,33.0,3,2024-06-11
CUST-05526,Enterprise,Active,2023-10-21,14,999,36.0,1,2024-04-14
CUST-05527,Professional,Churned,2024-03-16,9,295,12.0,1,2024-07-25
CUST-05528,Starter,Active,2022-05-21,31,30,53.0,14,2023-08-10
CUST-05529,Growth,Churned,2022-11-12,26,95,34.0,11,2024-09-20
CUST-05530,Growth,Active,2022-05-16,32,100,17.0,5,2024-04-16
CUST-05531,Growth,Churned,2023-04-28,20,99,37.0,6,2023-08-23
CUST-05532,Starter,Trial,2022-01-02,36,33,48.0,14,2022-02-25
CUST-05533,Starter,Active,2022-08-02,29,31,31.0,13,2024-02-12
CUST-05534,Starter,Churned,2024-02-04,11,25,3.0,7,2024-12-19
CUST-05535,Starter,Active,2024-09-22,3,28,17.0,11,2024-09-22
CUST-05536,Growth,Active,2024-08-29,4,101,94.0,3,2024-11-04
CUST-05537,Professional,Churned,2023-06-21,18,302,18.0,7,2024-04-25
CUST-05538,Growth,Active,2023-12-02,13,102,12.0,14,2024-02-23
CUST-05539,Enterprise,Active,2022-06-09,31,997,26.0,0,2022-06-09
CUST-05540,Growth,Churned,2024-12-08,0,95,17.0,8,2024-12-27
CUST-05541,Starter,Active,2022-11-11,26,28,22.0,7,2023-02-18
CUST-05542,Enterprise,Trial,2024-09-30,3,1002,99.0,1,2024-11-09
CUST-05543,Growth,Active,2023-05-23,19,96,22.0,10,2023-07-13
CUST-05544,Growth,Trial,2022-08-24,28,94,66.0,7,2024-02-09
CUST-05545,Growth,Active,2024-02-12,10,101,86.0,7,2024-06-23
CUST-05546,Professional,Active,2022-08-17,28,301,69.0,10,2024-01-14
CUST-05547,Professional,Active,2024-10-04,2,297,87.0,13,2024-12-14
CUST-05548,Growth,Active,2023-01-07,24,103,95.0,0,2023-02-03
CUST-05549,Professional,Churned,2023-04-14,20,300,27.0,7,2023-08-14
CUST-05550,Professional,Active,2022-04-30,32,296,59.0,10,2024-10-31
CUST-05551,Professional,Active,2023-11-27,13,301,54.0,2,2024-07-09
CUST-05552,Starter,Churned,2022-04-06,33,29,6.0,3,2022-09-24
CUST-05553,Starter,Active,2022-07-28,29,28,21.0,13,2024-07-22
CUST-05554,Enterprise,Churned,2022-01-13,36,999,22.0,2,2022-07-04
CUST-05555,Enterprise,Churned,2024-02-27,10,995,33.0,0,2024-10-15
CUST-05556,Professional,Active,2023-06-22,18,301,52.0,12,2024-03-05
CUST-05557,Enterprise,Active,2022-08-11,29,998,60.0,7,2024-05-11
CUST-05558,Professional,Active,2022-06-21,30,303,12.0,6,2023-11-12
CUST-05559,Growth,Active,2022-06-18,30,97,76.0,6,2023-03-26
CUST-05560,Enterprise,Active,2023-04-13,20,996,66.0,5,2024-10-07
CUST-05561,Growth,Active,2023-04-25,20,99,67.0,9,2023-10-16
CUST-05562,Growth,Active,2024-12-09,0,102,21.0,4,2024-12-12
CUST-05563,Professional,Active,2024-10-21,2,294,1.0,9,2024-10-30
CUST-05564,Enterprise,Churned,2024-11-15,1,994,7.0,4,2024-12-17
CUST-05565,Growth,Active,2023-01-21,23,101,63.0,3,2024-07-30
CUST-05566,Professional,Active,2024-01-26,11,302,76.0,10,2024-11-18
CUST-05567,Enterprise,Active,2024-06-24,6,1003,52.0,12,2024-10-06
CUST-05568,Growth,Trial,2023-08-06,17,95,46.0,2,2024-09-25
CUST-05569,Enterprise,Active,2022-02-16,34,1002,99.0,0,2023-05-21
CUST-05570,Growth,Active,2024-09-23,3,102,28.0,1,2024-10-25
CUST-05571,Professional,Active,2024-01-05,12,295,24.0,2,2024-03-19
CUST-05572,Enterprise,Active,2022-05-21,31,996,31.0,14,2024-04-01
CUST-05573,Growth,Active,2024-09-19,3,99,29.0,3,2024-12-05
CUST-05574,Starter,Active,2023-09-10,15,25,68.0,13,2023-12-31
CUST-05575,Starter,Active,2024-11-15,1,26,7.0,9,2024-12-21
CUST-05576,Starter,Active,2023-08-25,16,27,33.0,6,2023-10-21
CUST-05577,Starter,Active,2023-02-10,23,27,46.0,8,2023-12-15
CUST-05578,Professional,Active,2022-03-07,34,297,15.0,10,2023-05-24
CUST-05579,Starter,Trial,2022-07-15,30,30,43.0,13,2024-11-27
CUST-05580,Growth,Active,2022-01-11,36,99,86.0,11,2022-12-28
CUST-05581,Growth,Active,2023-07-18,17,95,46.0,14,2023-08-07
CUST-05582,Professional,Active,2024-06-02,7,298,76.0,10,2024-12-30
CUST-05583,Professional,Active,2023-02-28,22,294,25.0,2,2023-11-09
CUST-05584,Professional,Trial,2024-01-26,11,302,81.0,6,2024-12-30
CUST-05585,Professional,Active,2024-12-30,0,302,,2,2024-12-30
CUST-05586,Starter,Active,2022-09-18,27,33,76.0,1,2024-10-11
CUST-05587,Starter,Churned,2023-09-09,15,30,14.0,7,2024-07-26
CUST-05588,Professional,Active,2024-02-28,10,299,76.0,13,2024-08-31
CUST-05589,Enterprise,Trial,2023-03-12,22,994,1.0,11,2024-03-18
CUST-05590,Growth,Active,2023-08-20,16,96,80.0,1,2024-08-03
CUST-05591,Enterprise,Churned,2023-04-01,21,1003,1.0,6,2023-10-13
CUST-05592,Starter,Active,2022-12-04,25,30,62.0,3,2023-04-28
CUST-05593,Starter,Active,2024-02-01,11,25,68.0,3,2024-07-03
CUST-05594,Professional,Active,2023-10-24,14,302,89.0,4,2024-09-12
CUST-05595,Enterprise,Active,2024-11-20,1,1000,55.0,2,2024-12-23
CUST-05596,Enterprise,Active,2023-03-19,21,1002,99.0,10,2024-01-17
CUST-05597,Professional,Churned,2024-01-14,11,300,39.0,8,2024-09-07
CUST-05598,Professional,Active,2023-09-13,15,300,85.0,9,2023-11-01
CUST-05599,Enterprise,Active,2024-01-04,12,995,29.0,14,2024-08-10
CUST-05600,Starter,Active,2022-03-31,33,33,30.0,12,2024-03-24
CUST-05601,Starter,Active,2024-07-30,5,24,38.0,14,2024-10-10
CUST-05602,Starter,Active,2022-08-30,28,32,19.0,11,2024-06-10
CUST-05603,Growth,Churned,2023-12-15,12,94,33.0,8,2024-02-10
CUST-05604,Starter,Active,2023-02-24,22,32,78.0,12,2023-07-18
CUST-05605,Growth,Active,2023-12-17,12,99,99.0,13,2024-02-19
CUST-05606,Growth,Churned,2022-11-18,25,102,21.0,11,2024-12-07
CUST-05607,Professional,Active,2023-07-01,18,301,84.0,14,2024-09-04
CUST-05608,Growth,Churned,2023-07-19,17,94,14.0,1,2024-11-23
CUST-05609,Professional,Active,2023-03-29,21,301,11.0,3,2024-05-12
CUST-05610,Enterprise,Active,2022-06-09,31,994,12.0,3,2022-09-18
CUST-05611,Enterprise,Churned,2022-04-30,32,1003,21.0,2,2022-11-05
CUST-05612,Starter,Trial,2024-08-13,4,27,88.0,5,2024-08-27
CUST-05613,Enterprise,Active,2022-01-28,35,998,27.0,14,2024-12-05
CUST-05614,Enterprise,Active,2023-11-24,13,1003,68.0,11,2024-11-23
CUST-05615,Professional,Active,2024-10-23,2,303,34.0,0,2024-12-07
CUST-05616,Professional,Active,2024-08-27,4,297,45.0,1,2024-10-30
CUST-05617,Starter,Active,2024-09-26,3,32,50.0,1,2024-10-08
CUST-05618,Starter,Active,2022-09-16,27,29,54.0,3,2023-09-18
CUST-05619,Growth,Active,2022-06-09,31,96,30.0,3,2023-09-19
CUST-05620,Professional,Active,2023-08-15,16,298,24.0,1,2023-12-12
CUST-05621,Professional,Churned,2022-05-31,31,303,7.0,13,2023-02-22
CUST-05622,Growth,Trial,2022-09-06,28,96,45.0,4,2023-11-16
CUST-05623,Enterprise,Churned,2023-05-07,20,995,34.0,9,2023-09-22
CUST-05624,Professional,Active,2023-08-28,16,294,40.0,2,2023-11-17
CUST-05625,Professional,Churned,2023-10-24,14,300,35.0,6,2024-09-05
CUST-05626,Enterprise,Active,2024-05-16,7,1001,28.0,13,2024-12-30
CUST-05627,Starter,Active,2024-05-25,7,29,49.0,0,2024-09-18
CUST-05628,Starter,Active,2023-06-13,18,25,14.0,14,2024-03-11
CUST-05629,Enterprise,Churned,2022-01-30,35,997,13.0,5,2024-06-30
CUST-05630,Starter,Active,2024-04-09,8,32,85.0,8,2024-06-13
CUST-05631,Starter,Trial,2024-12-23,0,28,82.0,8,2024-12-28
CUST-05632,Starter,Trial,2023-09-01,16,32,95.0,3,2024-04-10
CUST-05633,Professional,Active,2023-03-04,22,298,31.0,0,2024-06-09
CUST-05634,Starter,Active,2022-07-29,29,29,57.0,14,2023-12-08
CUST-05635,Growth,Active,2022-12-22,24,103,29.0,5,2023-08-30
CUST-05636,Enterprise,Active,2024-10-28,2,1002,91.0,1,2024-11-19
CUST-05637,Starter,Trial,2022-08-20,28,28,76.0,2,2024-11-29
CUST-05638,Starter,Churned,2022-09-27,27,30,34.0,0,2024-12-24
CUST-05639,Starter,Active,2023-09-22,15,33,87.0,7,2023-11-08
CUST-05640,Enterprise,Active,2024-02-24,10,999,83.0,9,2024-06-04
CUST-05641,Starter,Active,2024-11-15,1,26,99.0,10,2024-11-24
CUST-05642,Starter,Active,2024-04-18,8,28,30.0,12,2024-08-18
CUST-05643,Enterprise,Active,2022-01-19,35,997,92.0,9,2022-12-17
CUST-05644,Starter,Trial,2023-03-27,21,33,25.0,13,2024-03-04
CUST-05645,Enterprise,Active,2024-09-14,3,994,30.0,12,2024-11-25
CUST-05646,Starter,Active,2024-03-04,10,32,12.0,7,2024-12-13
CUST-05647,Enterprise,Churned,2024-10-17,2,999,9.0,5,2024-10-22
CUST-05648,Starter,Active,2023-02-02,23,30,52.0,5,2023-06-01
CUST-05649,Professional,Trial,2024-06-14,6,296,28.0,4,2024-12-13
CUST-05650,Growth,Active,2022-08-19,28,103,84.0,3,2023-12-23
CUST-05651,Professional,Churned,2024-04-01,9,295,22.0,2,2024-08-03
CUST-05652,Enterprise,Active,2024-12-04,0,1000,76.0,14,2024-12-10
CUST-05653,Enterprise,Active,2023-04-18,20,994,39.0,8,2024-04-26
CUST-05654,Professional,Trial,2024-10-15,2,297,47.0,6,2024-12-31
CUST-05655,Starter,Active,2023-04-11,21,31,21.0,1,2024-12-19
CUST-05656,Growth,Active,2022-06-05,31,94,76.0,13,2024-06-06
CUST-05657,Starter,Active,2023-04-07,21,26,80.0,7,2024-06-17
CUST-05658,Enterprise,Trial,2023-12-02,13,998,76.0,9,2024-04-19
CUST-05659,Starter,Active,2024-05-29,7,28,73.0,8,2024-09-25
CUST-05660,Starter,Active,2024-05-04,8,31,58.0,7,2024-10-02
CUST-05661,Enterprise,Active,2023-07-04,18,995,50.0,4,2024-06-21
CUST-05662,Growth,Churned,2024-05-23,7,99,30.0,7,2024-09-25
CUST-05663,Growth,Active,2022-05-16,32,94,70.0,13,2022-09-03
CUST-05664,Enterprise,Active,2023-08-21,16,1003,26.0,13,2024-08-11
CUST-05665,Professional,Active,2024-08-28,4,298,2.0,10,2024-11-23
CUST-05666,Enterprise,Active,2024-01-24,11,1001,7.0,9,2024-04-03
CUST-05667,Growth,Active,2022-07-03,30,98,18.0,1,2024-12-03
CUST-05668,Growth,Active,2022-12-23,24,94,91.0,7,2024-04-24
CUST-05669,Growth,Active,2023-01-16,23,99,2.0,5,2023-04-10
CUST-05670,Enterprise,Active,2024-01-17,11,997,78.0,2,2024-09-05
CUST-05671,Professional,Active,2023-11-20,13,302,67.0,7,2024-09-08
CUST-05672,Starter,Trial,2023-07-12,17,33,24.0,14,2024-12-31
CUST-05673,Growth,Active,2023-03-16,21,98,38.0,14,2023-11-04
CUST-05674,Growth,Active,2024-03-02,10,98,99.0,7,2024-11-27
CUST-05675,Growth,Trial,2024-12-06,0,99,81.0,7,2024-12-27
CUST-05676,Professional,Active,2023-07-07,18,297,95.0,1,2023-11-13
CUST-05677,Professional,Churned,2023-08-03,17,298,2.0,1,2024-06-28
CUST-05678,Professional,Trial,2023-01-13,23,303,38.0,4,2024-05-02
CUST-05679,Professional,Active,2024-03-18,9,303,91.0,7,2024-05-06
CUST-05680,Starter,Active,2022-05-27,31,33,99.0,7,2024-09-18
CUST-05681,Growth,Churned,2024-06-02,7,101,31.0,3,2024-09-12
CUST-05682,Professional,Active,2023-03-09,22,301,14.0,3,2024-04-25
CUST-05683,Starter,Trial,2023-05-19,19,33,12.0,3,2023-09-21
CUST-05684,Professional,Active,2023-08-24,16,297,27.0,5,2023-10-23
CUST-05685,Professional,Active,2022-05-21,31,299,49.0,3,2023-11-26
CUST-05686,Professional,Churned,2023-07-07,18,296,9.0,9,2024-06-27
CUST-05687,Starter,Active,2023-06-27,18,32,49.0,1,2024-11-20
CUST-05688,Professional,Active,2024-09-02,4,302,27.0,10,2024-12-20
CUST-05689,Starter,Active,2024-09-14,3,25,22.0,1,2024-11-29
CUST-05690,Growth,Active,2022-04-23,32,98,1.0,5,2022-11-14
CUST-05691,Starter,Active,2023-09-02,16,31,39.0,9,2024-07-01
CUST-05692,Starter,Trial,2024-08-23,4,31,12.0,4,2024-11-27
CUST-05693,Starter,Active,2023-11-21,13,24,3.0,4,2023-12-18
CUST-05694,Growth,Trial,2024-03-07,9,98,45.0,8,2024-07-03
CUST-05695,Enterprise,Active,2023-03-12,22,996,5.0,1,2023-09-29
CUST-05696,Professional,Active,2024-10-24,2,295,85.0,12,2024-11-19
CUST-05697,Growth,Churned,2023-09-23,15,102,14.0,12,2024-12-26
CUST-05698,Professional,Active,2023-12-27,12,295,61.0,7,2024-07-14
CUST-05699,Professional,Active,2023-12-23,12,296,3.0,12,2024-11-26
CUST-05700,Enterprise,Active,2023-07-23,17,995,32.0,3,2024-12-28
CUST-05701,Professional,Active,2024-02-08,10,300,37.0,2,2024-12-14
CUST-05702,Enterprise,Active,2024-11-23,1,1001,24.0,7,2024-12-02
CUST-05703,Enterprise,Trial,2024-10-11,2,997,99.0,7,2024-12-11
CUST-05704,Enterprise,Active,2022-10-26,26,999,71.0,13,2023-09-23
CUST-05705,Professional,Active,2022-09-20,27,294,61.0,10,2023-09-20
CUST-05706,Enterprise,Churned,2024-07-27,5,1003,6.0,2,2024-09-21
CUST-05707,Professional,Active,2023-07-11,17,300,35.0,1,2024-08-22
CUST-05708,Professional,Active,2022-10-10,27,296,87.0,0,2023-08-16
CUST-05709,Enterprise,Active,2022-04-21,32,1002,9.0,2,2023-02-23
CUST-05710,Starter,Active,2024-08-27,4,32,12.0,2,2024-10-01
CUST-05711,Enterprise,Trial,2023-03-31,21,998,85.0,8,2024-03-18
CUST-05712,Enterprise,Active,2022-07-07,30,994,98.0,10,2023-11-01
CUST-05713,Starter,Active,2024-10-01,3,29,60.0,13,2024-12-07
CUST-05714,Enterprise,Churned,2023-11-15,13,997,35.0,0,2024-05-26
CUST-05715,Growth,Churned,2022-01-06,36,102,1.0,6,2023-09-20
CUST-05716,Starter,Active,2022-05-17,31,28,82.0,3,2022-06-08
CUST-05717,Starter,Active,2024-12-31,0,33,27.0,14,2024-12-31
CUST-05718,Professional,Active,2023-05-17,19,295,55.0,3,2023-09-04
CUST-05719,Enterprise,Churned,2023-05-24,19,1001,33.0,8,2023-07-23
CUST-05720,Growth,Active,2022-08-19,28,101,15.0,12,2024-08-04
CUST-05721,Professional,Active,2023-11-20,13,300,94.0,12,2024-06-22
CUST-05722,Enterprise,Churned,2023-09-18,15,1001,20.0,6,2024-05-08
CUST-05723,Starter,Churned,2024-04-06,8,28,7.0,4,2024-04-22
CUST-05724,Enterprise,Active,2022-03-23,33,995,74.0,12,2022-05-27
CUST-05725,Starter,Active,2022-09-24,27,28,3.0,4,2023-09-05
CUST-05726,Enterprise,Active,2024-06-06,6,998,80.0,14,2024-10-18
CUST-05727,Enterprise,Active,2023-12-08,12,999,72.0,7,2024-05-30
CUST-05728,Professional,Active,2022-08-29,28,295,6.0,7,2022-10-04
CUST-05729,Growth,Active,2022-10-15,26,103,34.0,11,2023-07-08
CUST-05730,Starter,Trial,2022-12-12,25,28,98.0,9,2024-12-19
CUST-05731,Professional,Active,2024-02-28,10,295,77.0,2,2024-06-06
CUST-05732,Professional,Active,2023-07-26,17,298,86.0,4,2024-08-06
CUST-05733,Enterprise,Churned,2024-06-20,6,1001,39.0,4,2024-08-29
CUST-05734,Enterprise,Active,2022-07-21,29,1001,68.0,3,2024-02-06
CUST-05735,Starter,Active,2022-02-28,34,29,95.0,4,2023-01-02
CUST-05736,Professional,Churned,2023-10-20,14,299,2.0,0,2024-02-26
CUST-05737,Enterprise,Active,2024-02-16,10,1000,18.0,2,2024-08-03
CUST-05738,Starter,Active,2022-11-21,25,26,80.0,3,2024-09-27
CUST-05739,Professional,Trial,2022-08-14,29,299,8.0,5,2024-02-12
CUST-05740,Growth,Active,2023-02-27,22,99,29.0,9,2024-09-28
CUST-05741,Enterprise,Active,2023-10-03,15,995,56.0,10,2024-12-18
CUST-05742,Professional,Active,2023-10-06,15,294,78.0,6,2024-02-14
CUST-05743,Growth,Active,2022-11-27,25,102,26.0,11,2024-04-08
CUST-05744,Growth,Active,2024-03-28,9,96,49.0,14,2024-09-29
CUST-05745,Starter,Active,2023-07-20,17,31,19.0,7,2024-05-07
CUST-05746,Enterprise,Active,2022-08-29,28,1003,91.0,6,2023-11-15
CUST-05747,Growth,Churned,2022-02-06,35,101,18.0,2,2023-04-03
CUST-05748,Enterprise,Active,2023-02-08,23,995,13.0,1,2023-07-15
CUST-05749,Growth,Active,2023-07-09,18,97,22.0,14,2023-11-22
CUST-05750,Growth,Active,2024-11-07,1,97,7.0,11,2024-12-28
CUST-05751,Starter,Churned,2022-10-23,26,31,23.0,3,2024-08-14
CUST-05752,Growth,Churned,2024-06-18,6,94,5.0,2,2024-12-23
CUST-05753,Starter,Active,2022-07-17,29,30,68.0,9,2024-11-17
CUST-05754,Enterprise,Active,2022-06-28,30,998,9.0,2,2023-01-17
CUST-05755,Starter,Churned,2024-02-23,10,32,1.0,10,2024-06-12
CUST-05756,Starter,Churned,2023-01-06,24,27,18.0,6,2023-02-20
CUST-05757,Professional,Trial,2022-08-24,28,296,52.0,6,2022-10-01
CUST-05758,Professional,Churned,2022-10-21,26,299,27.0,13,2024-04-05
CUST-05759,Professional,Active,2024-07-18,5,297,87.0,13,2024-12-22
CUST-05760,Starter,Churned,2024-04-25,8,33,24.0,10,2024-09-11
CUST-05761,Growth,Churned,2022-05-03,32,103,16.0,10,2023-02-28
CUST-05762,Enterprise,Trial,2023-11-17,13,1002,53.0,13,2024-02-27
CUST-05763,Enterprise,Active,2022-01-18,35,999,89.0,3,2022-02-17
CUST-05764,Professional,Trial,2024-01-22,11,303,1.0,11,2024-08-11
CUST-05765,Growth,Churned,2022-06-22,30,97,12.0,11,2024-09-11
CUST-05766,Growth,Active,2024-05-12,7,103,56.0,10,2024-06-10
CUST-05767,Growth,Trial,2024-01-09,11,96,2.0,11,2024-05-23
CUST-05768,Growth,Active,2024-12-10,0,96,96.0,6,2024-12-19
CUST-05769,Professional,Active,2023-07-04,18,298,24.0,12,2023-09-18
CUST-05770,Growth,Trial,2024-01-15,11,94,39.0,4,2024-07-25
CUST-05771,Starter,Active,2023-03-14,21,28,13.0,4,2023-06-02
CUST-05772,Growth,Trial,2023-11-06,14,101,51.0,0,2023-12-21
CUST-05773,Starter,Churned,2023-01-29,23,24,30.0,11,2023-11-20
CUST-05774,Professional,Churned,2022-08-27,28,298,36.0,3,2024-04-17
CUST-05775,Starter,Churned,2022-06-02,31,28,7.0,13,2024-04-21
CUST-05776,Growth,Active,2024-02-08,10,99,7.0,10,2024-02-16
CUST-05777,Enterprise,Active,2024-03-12,9,997,33.0,14,2024-11-26
CUST-05778,Starter,Active,2022-11-24,25,27,51.0,9,2023-10-02
CUST-05779,Professional,Active,2024-12-07,0,299,40.0,2,2024-12-23
CUST-05780,Growth,Churned,2024-01-21,11,101,2.0,6,2024-11-26
CUST-05781,Professional,Active,2023-04-24,20,296,59.0,9,2024-07-20
CUST-05782,Enterprise,Active,2024-06-11,6,996,8.0,9,2024-08-18
CUST-05783,Starter,Churned,2024-01-15,11,25,9.0,7,2024-07-26
CUST-05784,Professional,Active,2023-07-28,17,297,9.0,0,2024-03-07
CUST-05785,Professional,Active,2022-10-08,27,303,41.0,13,2024-01-22
CUST-05786,Growth,Active,2024-04-23,8,101,24.0,0,2024-12-21
CUST-05787,Starter,Active,2023-08-07,17,31,81.0,9,2024-07-02
CUST-05788,Growth,Active,2024-04-11,8,94,2.0,1,2024-10-17
CUST-05789,Enterprise,Active,2024-11-25,1,998,87.0,5,2024-11-30
CUST-05790,Professional,Active,2023-08-15,16,297,65.0,12,2024-01-01
CUST-05791,Enterprise,Active,2024-04-28,8,998,36.0,8,2024-08-06
CUST-05792,Growth,Active,2024-08-12,4,99,69.0,12,2024-09-13
CUST-05793,Starter,Active,2023-09-07,16,27,67.0,7,2024-01-24
CUST-05794,Professional,Active,2023-08-02,17,302,97.0,11,2023-12-18
CUST-05795,Growth,Active,2022-06-11,31,98,80.0,10,2023-07-19
CUST-05796,Starter,Churned,2022-06-27,30,29,19.0,5,2022-08-30
CUST-05797,Growth,Active,2022-12-30,24,101,82.0,11,2023-09-09
CUST-05798,Starter,Active,2023-06-22,18,33,76.0,0,2023-07-26
CUST-05799,Professional,Active,2022-02-14,35,294,64.0,14,2023-02-24
CUST-05800,Growth,Trial,2024-03-07,9,95,5.0,0,2024-07-06
